Symbol,Price,Price Time,Status,High Date,High,Low Date,Low,Entry Date,Entry,SL,Target,Distance %
BANKA.NS,68.51000213623047,2026-10-01T23:11:23.693897+05:30,OPEN,2025-10-21,94.0,2026-03-30,41.0,2026-05-04,82.658,67.5,107.78,-17.116307996527297
ELGIRUBCO.NS,51.380001068115234,2026-10-01T23:11:23.693897+05:30,OPEN,2025-11-06,68.2699966430664,2026-03-30,32.720001220703125,2026-07-06,60.66229762268067,50.494998931884766,77.51299545288086,-15.301590804063
NIITLTD.NS,84.94000244140625,2026-10-01T23:11:23.693897+05:30,OPEN,2025-10-03,110.9000015258789,2026-03-30,49.0,2026-06-09,97.65340119934082,79.95000076293945,126.99400192260742,-13.018900111817496
INDIGOPNTS.NS,1053.5,2026-10-01T23:11:23.693897+05:30,OPEN,2025-11-18,1345.9000244140625,2026-03-30,708.0499877929688,2026-08-14,1209.4001165771485,1026.9750061035156,1511.741033935547,-12.890697994835488
BLUEJET.NS,541.7999877929688,2026-10-01T23:11:23.693897+05:30,OPEN,2025-10-10,692.9000244140625,2026-03-30,325.0,2026-07-10,614.1694191894532,508.95001220703125,788.5540307617188,-11.783301013585726
VERANDA.NS,213.8000030517578,2026-10-01T23:11:23.693897+05:30,OPEN,2025-10-28,272.5,2026-03-19,130.02000427246094,2026-05-13,242.00928091430666,201.26000213623047,309.5447988891601,-11.656279360847115
GEEKAYWIRE.NS,29.209999084472656,2026-10-01T23:11:23.693897+05:30,OPEN,2025-10-28,36.79999923706055,2026-03-30,18.510000228881836,2026-09-17,32.8859394493103,27.65499973297119,41.55539897918701,-11.177848121090356
TOTAL.NS,70.23999786376953,2026-10-01T23:11:23.693897+05:30,OPEN,2025-12-04,87.88999938964844,2026-07-21,45.0,2026-09-09,78.71153952026367,66.44499969482422,99.04139923095704,-10.762769611834624
GANESHHOU.NS,699.0999755859375,2026-10-01T23:11:23.693897+05:30,OPEN,2025-11-28,860.0,2026-03-30,500.0,2026-06-05,782.96,680.0,953.6,-10.71063967687526
UMIYA-MRO.NS,91.76000213623047,2026-10-01T23:11:23.693897+05:30,OPEN,2025-10-16,110.9000015258789,2026-01-21,70.0,2026-09-02,102.14740119934082,90.45000076293945,121.53400192260742,-10.169029207937777
SPLPETRO.NS,780.4500122070312,2026-10-01T23:11:23.693897+05:30,OPEN,2025-09-29,979.0,2026-01-21,462.29998779296875,2026-09-18,868.4261973876953,720.6499938964844,1113.3420031738283,-10.130531004857337
21STCENMGM.NS,38.0,2026-10-01T23:11:23.693897+05:30,OPEN,2026-01-14,46.09000015258789,2026-04-06,28.25,2026-08-05,42.27224011993408,37.170000076293945,50.72840019226074,-10.106490944915517
DEEPAKFERT.NS,1300.9000244140625,2026-10-01T23:11:23.693897+05:30,OPEN,2025-10-06,1593.5999755859375,2026-03-23,866.4000244140625,2026-05-22,1437.9791860351563,1230.0,1782.6719628906249,-9.532763961560043
SMARTWORKS.NS,510.6499938964844,2026-10-01T23:11:23.693897+05:30,OPEN,2025-11-04,619.0,2026-03-30,361.5,2026-08-25,563.895,490.25,685.95,-9.442361805569407
STARTECK.NS,290.95001220703125,2026-10-01T23:11:23.693897+05:30,OPEN,2026-01-02,349.95001220703125,2026-03-30,215.10000610351562,2026-09-29,321.0921109008789,282.52500915527344,385.0110137939453,-9.387368194527985
KIRLOSIND.NS,3471.39990234375,2026-10-01T23:11:23.693897+05:30,OPEN,2025-10-03,4199.89990234375,2026-03-30,2463.0,2026-06-18,3828.2033232421873,3331.449951171875,4651.493876953125,-9.320388463490827
PFOCUS.NS,301.54998779296875,2026-10-01T23:11:23.693897+05:30,OPEN,2026-04-17,367.0,2026-06-24,202.5399932861328,2026-09-16,331.80555856323247,284.7699966430664,409.75960174560544,-9.11846410930391
TTKHLTCARE.NS,1013.0,2026-10-01T23:11:23.693897+05:30,OPEN,2025-10-28,1216.0,2026-03-30,735.0,2026-07-27,1113.066,975.5,1341.06,-8.990122777984416
STARPAPER.NS,151.80999755859375,2026-10-01T23:11:23.693897+05:30,OPEN,2025-10-03,177.8000030517578,2026-03-30,119.05000305175781,2026-09-07,165.22750305175782,148.4250030517578,193.07500305175782,-8.120624741851248
SUPRIYA.NS,931.0,2026-10-01T23:11:23.693897+05:30,OPEN,2026-06-01,1085.0,2026-08-14,740.4500122070312,2026-09-29,1011.2663026123047,912.7250061035156,1174.582996826172,-7.937207282093811
ENDURANCE.NS,2601.39990234375,2026-10-01T23:11:23.693897+05:30,OPEN,2025-10-07,3011.0,2026-04-02,2142.800048828125,2026-07-30,2825.2052104492186,2576.9000244140625,3236.731987304687,-7.921736349547603
KRBL.NS,375.8999938964844,2026-10-01T23:11:23.693897+05:30,OPEN,2025-11-17,443.8999938964844,2026-03-20,274.6499938964844,2026-08-19,407.6804938964844,359.2749938964844,487.90499389648437,-7.795442871512395
JKPAPER.NS,382.6000061035156,2026-10-01T23:11:23.693897+05:30,OPEN,2025-10-03,444.79998779296875,2026-03-30,304.8500061035156,2026-07-23,414.8506917114258,374.8249969482422,481.1869830322265,-7.774046482811231
MUKKA.NS,25.700000762939453,2026-10-01T23:11:23.693897+05:30,OPEN,2025-12-04,30.260000228881836,2026-03-30,18.270000457763672,2026-08-13,27.69414027786255,24.265000343322754,33.37740016937256,-7.20058284862926
GODREJAGRO.NS,631.9000244140625,2026-10-01T23:11:23.693897+05:30,OPEN,2025-09-29,727.0,2026-01-27,506.1000061035156,2026-09-01,679.7274013061524,616.5500030517578,784.4339984130859,-7.036258476587178
JAYAGROGN.NS,211.22000122070312,2026-10-01T23:11:23.693897+05:30,OPEN,2025-10-01,248.77999877929688,2026-03-30,147.25999450683594,2026-05-14,227.05471786499024,198.0199966430664,275.1751998901367,-6.973965039432761
DELTACORP.NS,73.4800033569336,2026-10-01T23:11:23.693897+05:30,OPEN,2026-05-27,86.4000015258789,2026-09-16,51.65999984741211,2026-09-28,78.96564116668702,69.03000068664551,95.43240196228027,-6.946866673537041
AFIL.NS,7.860000133514404,2026-10-01T23:11:23.693897+05:30,OPEN,2025-10-01,9.670000076293945,2026-02-02,3.9200000762939453,2026-03-11,8.439500076293946,6.795000076293945,11.165000076293946,-6.8665197883856015
WORTHPERI.NS,143.74000549316406,2026-10-01T23:11:23.693897+05:30,OPEN,2025-10-14,166.49000549316406,2026-03-27,109.0,2026-08-04,154.18714431762695,137.74500274658203,181.43740692138672,-6.7756224883066
NAUKRI.NS,1200.0,2026-10-01T23:11:23.693897+05:30,OPEN,2026-01-22,1388.0,2026-05-25,908.2999877929688,2026-08-10,1285.3441973876952,1148.1499938964844,1512.7220031738282,-6.639793260135833
EMUDHRA.NS,580.0,2026-10-01T23:11:23.693897+05:30,OPEN,2025-09-30,690.9000244140625,2026-03-30,364.54998779296875,2026-09-16,621.0611165771484,527.7250061035156,775.751033935547,-6.611445392596519
RANEHOLDIN.NS,1518.699951171875,2026-10-01T23:11:23.693897+05:30,OPEN,2025-10-06,1798.0,2026-03-30,981.0,2026-06-17,1623.162,1389.5,2010.42,-6.4357130605648125
ETERNAL.NS,313.8999938964844,2026-10-01T23:11:23.693897+05:30,OPEN,2025-10-16,368.45001220703125,2026-03-16,212.60000610351562,2026-09-21,335.0981109008789,290.52500915527344,408.9710137939453,-6.325943452025272
KOHINOOR.NS,30.030000686645508,2026-10-01T23:11:23.693897+05:30,OPEN,2025-10-09,35.45000076293945,2026-03-30,19.200000762939453,2026-08-19,31.972500762939454,27.325000762939453,39.675000762939455,-6.075533755387606
MATRIMONY.NS,497.0,2026-10-01T23:11:23.693897+05:30,OPEN,2026-01-23,573.0,2026-03-16,364.04998779296875,2026-08-11,528.2846973876954,468.5249938964844,627.3270031738282,-5.921938973889353
STYL.NS,366.0,2026-10-01T23:11:23.693897+05:30,OPEN,2025-09-30,437.45001220703125,2026-03-30,209.11000061035156,2026-07-14,388.5852497253418,323.2800064086914,496.81841522216797,-5.812173709965933
BEML.NS,1962.300048828125,2026-10-01T23:11:23.693897+05:30,OPEN,2025-10-24,2275.75,2026-03-30,1355.0,2026-09-03,2078.7095,1815.375,2515.145,-5.600082703806133
CHOICEIN.NS,719.4000244140625,2026-10-01T23:11:23.693897+05:30,OPEN,2026-02-19,814.4000244140625,2026-03-23,568.7000122070312,2026-07-01,761.8202218017578,691.5500183105469,878.2820275878906,-5.568268756028636
IIFL.NS,583.7999877929688,2026-10-01T23:11:23.693897+05:30,OPEN,2026-01-06,675.0,2026-04-27,409.1000061035156,2026-07-30,618.0974013061524,542.0500030517578,744.1339984130859,-5.548868744749122
SURYALAXMI.NS,56.06999969482422,2026-10-01T23:11:23.693897+05:30,OPEN,2026-02-24,63.79999923706055,2026-03-30,43.0,2026-04-17,59.34879940032959,53.39999961853027,69.20799903869629,-5.524626847779438
STYLEBAAZA.NS,368.3500061035156,2026-10-01T23:11:23.693897+05:30,OPEN,2026-05-13,427.0,2026-06-30,252.6999969482422,2026-08-18,389.69979934692384,339.8499984741211,472.31800079345703,-5.478523027003643
PROZONER.NS,52.529998779296875,2026-10-01T23:11:23.693897+05:30,OPEN,2026-05-04,59.59000015258789,2026-08-14,40.689998626708984,2026-09-24,55.5453998260498,50.13999938964844,64.5040005493164,-5.428714270121715
SARLAPOLY.NS,92.0199966430664,2026-10-01T23:11:23.693897+05:30,OPEN,2025-10-06,104.27999877929688,2026-03-30,68.4000015258789,2026-04-22,96.60167936706543,86.34000015258789,113.60879806518554,-4.742860325015285
PLAZACABLE.NS,57.119998931884766,2026-10-01T23:11:23.693897+05:30,OPEN,2026-05-08,65.0,2026-07-24,40.54999923706055,2026-09-02,59.767699836730955,52.77499961853027,71.35700019836426,-4.429986283693342
INDIQUBE.NS,197.49000549316406,2026-10-01T23:11:23.693897+05:30,OPEN,2025-12-01,226.64999389648438,2026-03-27,131.14999389648438,2026-09-08,206.21299389648436,178.89999389648438,251.47999389648436,-4.230086687795776
CARTRADE.NS,2806.60009765625,2026-10-01T23:11:23.693897+05:30,OPEN,2025-11-17,3290.5,2026-04-30,1600.0,2026-07-14,2928.733,2445.25,3730.03,-4.170161716474332
63MOONS.NS,802.25,2026-10-01T23:11:23.693897+05:30,OPEN,2025-11-28,937.6500244140625,2026-03-30,467.0,2026-07-30,836.9309191894531,702.3250122070312,1060.0190307617188,-4.143821000548136
GIPCL.NS,174.8300018310547,2026-10-01T23:11:23.693897+05:30,OPEN,2025-10-23,198.0,2026-03-30,119.9000015258789,2026-08-12,181.2866003265381,158.95000076293945,218.3059996032715,-3.5615420466011347
GALAPREC.NS,1157.800048828125,2026-10-01T23:11:23.693897+05:30,OPEN,2026-07-06,1260.0,2026-08-10,961.0999755859375,2026-09-30,1196.0353947753906,1110.5499877929688,1337.7140063476563,-3.1968406716296234
APLAPOLLO.NS,2115.699951171875,2026-10-01T23:11:23.693897+05:30,OPEN,2026-02-12,2301.39990234375,2026-06-02,1736.0,2026-08-27,2180.4043232421873,2018.699951171875,2448.403876953125,-2.967540074131713
GILLANDERS.NS,112.72000122070312,2026-10-01T23:11:23.693897+05:30,OPEN,2025-11-17,127.05000305175781,2026-03-23,76.0,2026-09-30,116.12530239868164,101.5250015258789,140.32300384521483,-2.9324368657292514
IKIO.NS,190.9600067138672,2026-10-01T23:11:23.693897+05:30,OPEN,2025-10-06,222.0,2026-03-30,103.52999877929688,2026-07-03,196.64741973876954,162.76499938964844,252.8022003173828,-2.89218797401849
BANSALWIRE.NS,323.04998779296875,2026-10-01T23:11:23.693897+05:30,OPEN,2025-09-26,362.0,2026-03-30,222.5,2026-06-29,332.147,292.25,398.27,-2.7388512336499327
SUDARSCHEM.NS,1241.5,2026-10-01T23:11:23.693897+05:30,OPEN,2025-09-26,1425.0,2026-03-30,726.4000244140625,2026-09-01,1275.4996052246092,1075.7000122070312,1606.6359936523436,-2.6655911993498482
AIIL.NS,539.2999877929688,2026-10-01T23:11:23.693897+05:30,OPEN,2026-01-21,595.0,2026-03-09,400.0,2026-06-15,553.27,497.5,645.7,-2.5249900061509267
GAIL.NS,171.22000122070312,2026-10-01T23:11:23.693897+05:30,OPEN,2025-11-27,186.8699951171875,2026-03-23,134.36000061035156,2026-06-15,175.63285629272463,160.61499786376953,200.52259368896483,-2.512545297712782
SUNTV.NS,599.9000244140625,2026-10-01T23:11:23.693897+05:30,OPEN,2026-04-20,660.7000122070312,2026-09-21,447.20001220703125,2026-09-30,615.0110122070313,553.9500122070312,716.2100122070312,-2.4570271902516714
MCX.NS,3204.0,2026-10-01T23:11:23.693897+05:30,OPEN,2026-05-21,3480.0,2026-08-05,2565.5,2026-08-24,3284.297,3022.75,3717.77,-2.444876331220959
CRISIL.NS,4428.60009765625,2026-10-01T23:11:23.693897+05:30,OPEN,2026-02-10,4770.0,2026-04-02,3686.0,2026-07-22,4538.024,4228.0,5051.84,-2.411267598931833
URBANCO.NS,156.33999633789062,2026-10-01T23:11:23.693897+05:30,OPEN,2025-09-26,176.3000030517578,2026-03-04,100.69999694824219,2026-08-24,160.12160174560546,138.5,195.95600463867186,-2.3617084556291736
GUJTHEM.NS,381.79998779296875,2026-10-01T23:11:23.693897+05:30,OPEN,2026-01-07,436.20001220703125,2026-03-30,225.0500030517578,2026-05-07,391.01391024780276,330.62500762939453,491.09901458740234,-2.3564180744860805
KRONOX.NS,205.77000427246094,2026-10-01T23:11:23.693897+05:30,OPEN,2026-08-21,223.4199981689453,2026-09-16,163.85000610351562,2026-09-28,210.67201986694334,193.63500213623047,238.90819610595702,-2.3268470096685987
PDSL.NS,347.54998779296875,2026-10-01T23:11:23.693897+05:30,OPEN,2026-02-03,384.8999938964844,2026-03-23,246.0500030517578,2026-06-23,355.1860958557129,315.4749984741211,421.0009915161133,-2.149889354296728
VMART.NS,746.0999755859375,2026-10-01T23:11:23.693897+05:30,OPEN,2025-11-19,843.4500122070312,2026-03-30,457.8999938964844,2026-06-17,760.9423082885742,650.6750030517578,943.6930169677735,-1.950520103950899
SANGAMIND.NS,634.5499877929688,2026-10-01T23:11:23.693897+05:30,OPEN,2026-07-20,672.5,2026-08-24,550.5,2026-09-29,646.392,611.5,704.22,-1.832017136200835
ANUHPHR.NS,85.8499984741211,2026-10-01T23:11:23.693897+05:30,OPEN,2025-10-28,93.0,2026-03-30,67.0,2026-09-07,87.436,80.0,99.75999999999999,-1.8138999106534073
NPST.NS,1766.5,2026-10-01T23:11:23.693897+05:30,OPEN,2025-10-21,2058.0,2026-03-16,846.5999755859375,2026-09-16,1798.7603947753905,1452.2999877929688,2372.9640063476563,-1.7934792687838141
VRLLOG.NS,285.04998779296875,2026-10-01T23:11:23.693897+05:30,OPEN,2026-02-10,307.6000061035156,2026-04-02,225.0,2026-08-05,289.9236047973633,266.3000030517578,329.0760076904297,-1.6810004165755514
AGI.NS,790.7999877929688,2026-10-01T23:11:23.693897+05:30,OPEN,2025-10-14,896.1500244140625,2026-03-23,465.0,2026-08-31,803.8839191894531,680.5750122070312,1008.2490307617187,-1.6275896412602342
TATVA.NS,1743.199951171875,2026-10-01T23:11:23.693897+05:30,OPEN,2026-08-03,1838.0999755859375,2026-09-16,1520.0,2026-09-18,1770.0265808105469,1679.0499877929688,1920.8059692382812,-1.515606032672525
STEL.NS,574.1500244140625,2026-10-01T23:11:23.693897+05:30,OPEN,2025-12-04,633.2999877929688,2026-01-21,385.1000061035156,2026-06-15,580.1851917114258,509.1999969482422,697.8319830322266,-1.040213949542694
LODHA.NS,1105.5999755859375,2026-10-01T23:11:23.693897+05:30,OPEN,2025-11-04,1244.0,2026-04-02,650.7999877929688,2026-07-08,1117.0551973876954,947.3999938964844,1398.2320031738282,-1.0254839535724563
CEIGALL.NS,380.1000061035156,2026-10-01T23:11:23.693897+05:30,OPEN,2026-06-30,405.70001220703125,2026-08-18,302.29998779296875,2026-09-10,383.57240698242185,354.0,432.58401855468753,-0.9052791117650335
TEXMOPIPES.NS,53.70000076293945,2026-10-01T23:11:23.693897+05:30,OPEN,2025-10-16,59.939998626708984,2026-03-30,33.0,2026-09-07,54.17483892059326,46.46999931335449,66.94439826965332,-0.8764920526109922
DMCC.NS,308.70001220703125,2026-10-01T23:11:23.693897+05:30,OPEN,2026-08-10,326.0,2026-09-16,256.8999938964844,2026-09-28,311.21259869384767,291.4499969482422,343.96600158691405,-0.8073537181212093
CYIENT.NS,1104.5999755859375,2026-10-01T23:11:23.693897+05:30,OPEN,2026-01-19,1208.0,2026-03-30,750.2999877929688,2026-08-28,1110.0521973876953,979.1499938964844,1327.0020031738281,-0.49116805629398264
MANBA.NS,139.00999450683594,2026-10-01T23:11:23.693897+05:30,OPEN,2025-11-03,151.0,2026-03-30,98.0,2026-07-01,139.65800000000002,124.5,164.78,-0.4639945389194159
CARBORUNIV.NS,1239.699951171875,2026-10-01T23:11:23.693897+05:30,OPEN,2026-06-19,1306.9000244140625,2026-09-16,1018.0999755859375,2026-09-23,1245.0968139648437,1162.5,1381.988037109375,-0.43344924928232037
MOTILALOFS.NS,989.9000244140625,2026-10-01T23:11:23.693897+05:30,OPEN,2025-10-28,1097.0999755859375,2026-03-23,614.9000244140625,2026-08-21,993.9091860351563,856.0,1222.471962890625,-0.4033730322069844
SUNDROP.NS,753.1500244140625,2026-10-01T23:11:23.693897+05:30,OPEN,2025-10-29,809.9500122070312,2026-03-30,556.0,2026-09-22,755.6047095947265,682.9750061035156,875.9770153808594,-0.3248636687270765
WINDMACHIN.NS,293.1499938964844,2026-10-01T23:11:23.693897+05:30,OPEN,2025-11-10,319.45001220703125,2026-03-30,200.64999389648438,2026-04-17,294.0268082885742,260.0500030517578,350.33801696777346,-0.298208995701265
PRECWIRE.NS,501.3999938964844,2026-10-01T23:11:23.693897+05:30,OPEN,2026-08-31,524.9000244140625,2026-09-16,420.29998779296875,2026-09-23,502.5156165771484,472.6000061035156,552.0960339355469,-0.22200756431472432
KARURVYSYA.NS,325.29998779296875,2026-10-01T23:11:23.693897+05:30,OPEN,2026-02-25,343.45001220703125,2026-03-23,255.5500030517578,2026-07-21,324.63941024780274,299.50000762939453,366.3040145874023,0.2034803921870658
IDFCFIRSTB.NS,80.38999938964844,2026-10-01T23:11:23.693897+05:30,OPEN,2026-02-19,86.19000244140625,2026-04-02,58.08000183105469,2026-06-22,80.17446231079101,72.13500213623047,93.49860260009766,0.26883507870861406
INDHOTEL.NS,718.0,2026-10-01T23:11:23.693897+05:30,OPEN,2025-12-02,754.0,2026-04-02,565.0,2026-06-19,713.554,659.5,803.14,0.623078281391461
HINDCON.NS,33.29999923706055,2026-10-01T23:11:23.693897+05:30,OPEN,2025-10-23,37.75,2026-03-30,15.65999984741211,2026-09-29,33.0227399673462,26.704999923706055,43.49340003967285,0.8396010445787089
PRABHA.NS,218.30999755859375,2026-10-01T23:11:23.693897+05:30,OPEN,2025-09-29,237.61000061035156,2026-07-23,137.91000366210938,2026-08-21,216.27420126342776,187.76000213623047,263.53199981689454,0.9413033469888255
ENRIN.NS,3334.0,2026-10-01T23:11:23.693897+05:30,OPEN,2025-09-26,3608.10009765625,2026-01-23,2115.0,2026-04-23,3288.5766767578125,2861.550048828125,3996.3061230468747,1.3812456788135494
CASTROLIND.NS,199.0399932861328,2026-10-01T23:11:23.693897+05:30,OPEN,2025-12-24,202.39999389648438,2026-03-24,170.10000610351562,2026-09-18,195.48779650878907,186.25,210.79799072265627,1.8170938753120747
ALGOQUANT.NS,67.51000213623047,2026-10-01T23:11:23.693897+05:30,OPEN,2026-01-06,71.01000213623047,2026-03-23,47.79999923706055,2026-07-17,66.0430615158081,59.40500068664551,77.04460289001464,2.2211880956960717
COFORGE.NS,1826.0,2026-10-01T23:11:23.693897+05:30,OPEN,2025-12-08,1989.699951171875,2026-03-17,1008.0999755859375,2026-08-05,1779.6375563964843,1498.8999633789062,2244.915944824219,2.605162126236147
ALBERTDAVD.NS,856.7000122070312,2026-10-01T23:11:23.693897+05:30,OPEN,2025-11-03,903.0,2026-03-30,579.9000244140625,2026-08-07,833.8566052246094,741.4500122070312,987.0059936523437,2.7394886410078456
LLOYDSENGG.NS,98.30999755859375,2026-10-01T23:11:23.693897+05:30,OPEN,2026-08-10,99.75,2026-09-16,77.68000030517578,2026-09-25,95.02702006530762,88.71500015258789,105.4881999206543,3.4547831669664992
LGEINDIA.NS,1721.800048828125,2026-10-01T23:11:23.693897+05:30,OPEN,2026-06-19,1705.199951171875,2026-07-31,1484.800048828125,2026-08-14,1658.0343720703124,1595.0,1762.50392578125,3.8458597621345603
PCJEWELLER.NS,12.819999694824219,2026-10-01T23:11:23.693897+05:30,OPEN,2025-10-06,13.670000076293945,2026-03-30,7.46999979019165,2026-09-07,12.343200015068055,10.569999933242798,15.282000150680542,3.862853062205159
IIFLCAPS.NS,345.6000061035156,2026-10-01T23:11:23.693897+05:30,OPEN,2026-01-28,355.8999938964844,2026-03-30,240.39999389648438,2026-04-21,331.1829938964844,298.1499938964844,385.92999389648435,4.353186145644139
EIMCOELECO.NS,2268.800048828125,2026-10-01T23:11:23.693897+05:30,OPEN,2025-10-09,2380.0,2026-03-30,1405.5,2026-08-17,2171.457,1892.75,2633.37,4.482844874576155
RPTECH.NS,953.1500244140625,2026-10-01T23:11:23.693897+05:30,OPEN,2026-08-05,967.7000122070312,2026-08-25,703.7000122070312,2026-09-29,911.2040122070313,835.7000122070312,1036.3400122070311,4.603361228122076
SWARAJ.NS,377.54998779296875,2026-10-01T23:11:23.693897+05:30,OPEN,2026-08-18,386.75,2026-09-21,260.1000061035156,2026-09-29,359.64690130615236,323.4250030517578,419.67899841308594,4.9779621127824605
MVGJL.NS,206.69000244140625,2026-10-01T23:11:23.693897+05:30,OPEN,2025-11-12,214.7899932861328,2026-03-30,129.10000610351562,2026-09-07,196.45233602905273,171.94499969482422,237.06938995361327,5.211272423270906
MANOMAY.NS,240.0800018310547,2026-10-01T23:11:23.693897+05:30,OPEN,2026-05-04,244.0,2026-07-07,165.0,2026-08-27,227.094,204.5,264.54,5.718337706436407
TBOTEK.NS,1671.5,2026-10-01T23:11:23.693897+05:30,OPEN,2025-12-16,1734.4000244140625,2026-03-23,1004.2000122070312,2026-08-03,1578.1372218017577,1369.3000183105469,1924.2520275878906,5.916011415765865
RAMRAT.NS,616.5499877929688,2026-10-01T23:11:23.693897+05:30,OPEN,2026-08-28,602.4500122070312,2026-09-16,500.1000061035156,2026-09-28,580.5471109008789,551.2750091552734,629.0610137939453,6.201542685523219
MANKIND.NS,2535.0,2026-10-01T23:11:23.693897+05:30,OPEN,2025-09-26,2514.0,2026-03-23,1909.699951171875,2026-05-07,2384.679789550781,2211.8499755859375,2671.1180126953122,6.303580510385243
SHAREINDIA.NS,205.08999633789062,2026-10-01T23:11:23.693897+05:30,OPEN,2025-10-20,211.0,2026-03-30,115.36000061035156,2026-07-08,190.53304013061523,163.18000030517578,235.86639984130858,7.640121732848133
ABDL.NS,679.4500122070312,2026-10-01T23:11:23.693897+05:30,OPEN,2025-11-04,696.7999877929688,2026-03-23,382.1000061035156,2026-06-12,629.4541917114258,539.4499969482422,778.6219830322266,7.942725801804833
ORIENTHOT.NS,140.0,2026-10-01T23:11:23.693897+05:30,OPEN,2025-10-03,140.39999389648438,2026-03-16,80.0,2026-06-23,127.47439520263671,110.19999694824219,156.10399230957032,9.825977034409341
STOVEKRAFT.NS,809.1500244140625,2026-10-01T23:11:23.693897+05:30,OPEN,2025-11-03,813.9500122070312,2026-03-30,447.04998779296875,2026-06-22,735.433406982422,630.5,909.3440185546875,10.023561172466902
RETAIL.NS,34.93000030517578,2026-10-01T23:11:23.693897+05:30,OPEN,2025-12-02,35.79999923706055,2026-03-30,15.8100004196167,2026-09-30,31.522139490127564,25.804999828338623,40.997398929595946,10.811007343316675
JYOTICNC.NS,1032.0999755859375,2026-10-01T23:11:23.693897+05:30,OPEN,2025-12-29,1025.0,2026-06-02,580.0999755859375,2026-08-18,929.7913947753907,802.5499877929688,1140.6740063476564,11.003390802004727
AXISCADES.NS,2307.300048828125,2026-10-01T23:11:23.693897+05:30,OPEN,2026-05-11,2211.0,2026-08-14,1416.0999755859375,2026-09-29,2040.8913947753906,1813.5499877929688,2417.6740063476564,13.053543894336125
AEROPLANE.NS,208.13999938964844,2026-10-01T23:11:23.693897+05:30,OPEN,2026-04-02,200.0,2026-06-11,117.19999694824219,2026-07-13,182.28079934692383,158.5999984741211,221.528000793457,14.186464035363585
5PAISA.NS,316.3500061035156,2026-10-01T23:11:23.693897+05:30,NEAR 0.786,2026-09-15,327.8999938964844,2026-10-01,299.0,,321.7153952026367,313.4499969482422,335.4139923095703,1.6677439684668
ELPROINTL.NS,174.30999755859375,2026-10-01T23:11:23.693897+05:30,NEAR 0.786,2026-08-07,180.88999938964844,2026-09-22,165.0500030517578,,177.50024017333985,172.97000122070312,185.0083984375,1.7973173510247817
GANDHAR.NS,282.6000061035156,2026-10-01T23:11:23.693897+05:30,WAITING FOR 0.786,2026-07-24,303.1700134277344,2026-08-10,234.75999450683594,,288.5302693786621,268.96500396728516,320.956618347168,2.0553348832055214
IOLCP.NS,209.38999938964844,2026-10-01T23:11:23.693897+05:30,WAITING FOR 0.786,2026-09-08,219.0399932861328,2026-09-28,195.5,,214.0024347229004,207.2699966430664,225.16039154052734,2.1553190921516134
HFCL.NS,238.36000061035156,2026-10-01T23:11:23.693897+05:30,WAITING FOR 0.786,2026-08-31,256.70001220703125,2026-09-29,199.0,,244.35220959472656,227.85000610351562,271.7020153808594,2.452283527254962
ZIMLAB.NS,137.02000427246094,2026-10-01T23:11:23.693897+05:30,WAITING FOR 0.786,2026-09-10,144.49000549316406,2026-09-29,132.0,,141.81714431762694,138.24500274658203,147.7374069213867,3.3826234960858326
SKYGOLD.NS,810.6500244140625,2026-10-01T23:11:23.693897+05:30,WAITING FOR 0.786,2026-08-26,868.7999877929688,2026-09-21,765.0499877929688,,846.5974877929688,816.9249877929688,895.7749877929688,4.246110329552152
CUB.NS,230.0399932861328,2026-10-01T23:11:23.693897+05:30,WAITING FOR 0.786,2026-09-07,248.85000610351562,2026-09-29,210.69000244140625,,240.68376531982423,229.77000427246094,258.77160705566405,4.422305766883701
INOXINDIA.NS,2168.300048828125,2026-10-01T23:11:23.693897+05:30,WAITING FOR 0.786,2026-09-10,2339.5,2026-10-01,2013.199951171875,,2269.6717895507813,2176.3499755859375,2424.3380126953125,4.466361224092232
PTL.NS,37.869998931884766,2026-10-01T23:11:23.693897+05:30,WAITING FOR 0.786,2026-08-05,40.619998931884766,2026-09-28,36.5,,39.73831916046143,38.55999946594238,41.691198654174805,4.701558264285101
RML.NS,1343.199951171875,2026-10-01T23:11:23.693897+05:30,WAITING FOR 0.786,2026-09-10,1440.0,2026-09-29,1298.5,,1409.719,1369.25,1476.79,4.718603411610757
ADANIPORTS.NS,1737.800048828125,2026-10-01T23:11:23.693897+05:30,WAITING FOR 0.786,2026-07-03,1891.0999755859375,2026-08-31,1593.0999755859375,,1827.3279755859376,1742.0999755859375,1968.5799755859375,4.899390145280581
KECL.NS,120.43000030517578,2026-10-01T23:11:23.693897+05:30,WAITING FOR 0.786,2026-09-11,129.39999389648438,2026-10-01,117.5,,126.85339520263672,123.44999694824219,132.4939923095703,5.063636560298722
NYKAA.NS,324.95001220703125,2026-10-01T23:11:23.693897+05:30,WAITING FOR 0.786,2026-08-31,349.54998779296875,2026-10-01,316.0,,342.3702904052734,332.7749938964844,358.27298461914063,5.088139563050661
KOVAI.NS,5993.5,2026-10-01T23:11:23.693897+05:30,WAITING FOR 0.786,2026-09-10,6444.0,2026-10-01,5848.0,,6316.456,6146.0,6598.96,5.112930415410162
PREMIERENE.NS,878.0499877929688,2026-10-01T23:11:23.693897+05:30,WAITING FOR 0.786,2026-09-16,944.2000122070312,2026-10-01,860.0999755859375,,926.2026043701172,902.1499938964844,966.0660217285156,5.198929084192723
NIRLON.NS,606.7999877929688,2026-10-01T23:11:23.693897+05:30,WAITING FOR 0.786,2026-07-14,657.0,2026-09-22,580.0,,640.522,618.5,677.02,5.26477032904901
GREENPLY.NS,303.70001220703125,2026-10-01T23:11:23.693897+05:30,WAITING FOR 0.786,2026-07-22,334.3999938964844,2026-09-29,272.45001220703125,,321.1426978149414,303.4250030517578,350.5069891357422,5.431443942705345
TIMETECHNO.NS,179.67999267578125,2026-10-01T23:11:23.693897+05:30,WAITING FOR 0.786,2026-09-01,195.3000030517578,2026-09-16,172.0500030517578,,190.3245030517578,183.6750030517578,201.34500305175783,5.592821841274862
ALIVUS.NS,1374.199951171875,2026-10-01T23:11:23.693897+05:30,WAITING FOR 0.786,2026-08-31,1493.800048828125,2026-10-01,1317.199951171875,,1456.0076279296875,1405.5,1539.71607421875,5.618629682190311
SOLARA.NS,714.8499755859375,2026-10-01T23:11:23.693897+05:30,WAITING FOR 0.786,2026-09-15,774.0,2026-10-01,698.0,,757.736,736.0,793.76,5.659758070629149
CAMS.NS,677.25,2026-10-01T23:11:23.693897+05:30,WAITING FOR 0.786,2026-09-15,732.5999755859375,2026-10-01,665.4500122070312,,718.2298834228516,699.0249938964844,750.0589660644531,5.705677857283616
KIRLFER.NS,465.8500061035156,2026-10-01T23:11:23.693897+05:30,WAITING FOR 0.786,2026-06-22,513.0,2026-08-14,428.0,,494.81,470.5,535.1,5.852750327698384
GALAXYSURF.NS,2376.89990234375,2026-10-01T23:11:23.693897+05:30,WAITING FOR 0.786,2026-08-17,2648.0,2026-09-16,2078.699951171875,,2526.1697895507814,2363.3499755859375,2796.0180126953123,5.908941189324232
ORIENTBELL.NS,398.54998779296875,2026-10-01T23:11:23.693897+05:30,WAITING FOR 0.786,2026-09-07,434.95001220703125,2026-09-23,382.3999938964844,,423.7043082885742,408.6750030517578,448.61301696777343,5.93676297444526
ALICON.NS,871.9500122070312,2026-10-01T23:11:23.693897+05:30,WAITING FOR 0.786,2025-10-27,1022.0,2026-03-30,580.0,,927.412,801.0,1136.92,5.9802965448979295
INDIANB.NS,793.1500244140625,2026-10-01T23:11:23.693897+05:30,WAITING FOR 0.786,2026-09-11,859.7000122070312,2026-10-01,786.8499755859375,,844.1101043701171,823.2749938964844,878.6410217285156,6.037136588251308
SIEMENS.NS,3804.0,2026-10-01T23:11:23.693897+05:30,WAITING FOR 0.786,2026-08-25,4149.39990234375,2026-09-16,3682.39990234375,,4049.46190234375,3915.89990234375,4270.81990234375,6.061593077383474
BUILDPRO.NS,1249.199951171875,2026-10-01T23:11:23.693897+05:30,WAITING FOR 0.786,2026-09-10,1360.0,2026-10-01,1219.0,,1329.826,1289.5,1396.66,6.06290212615222
ARIES.NS,477.3999938964844,2026-10-01T23:11:23.693897+05:30,WAITING FOR 0.786,2026-09-07,524.75,2026-09-22,450.0,,508.75350000000003,487.375,544.185,6.162808924855683
WINDLAS.NS,1082.4000244140625,2026-10-01T23:11:23.693897+05:30,WAITING FOR 0.786,2026-09-07,1181.9000244140625,2026-10-01,1052.5999755859375,,1154.2298139648437,1117.25,1215.518037109375,6.223179186824321
PITTIENG.NS,1123.800048828125,2026-10-01T23:11:23.693897+05:30,WAITING FOR 0.786,2026-09-07,1228.0,2026-10-01,1092.199951171875,,1198.9387895507812,1160.0999755859375,1263.3080126953125,6.267103990422161
ONESOURCE.NS,1508.0,2026-10-01T23:11:23.693897+05:30,WAITING FOR 0.786,2026-09-15,1657.5,2026-10-01,1433.5999755859375,,1609.5853947753906,1545.5499877929688,1715.7140063476563,6.311277121743906
TMB.NS,872.0499877929688,2026-10-01T23:11:23.693897+05:30,WAITING FOR 0.786,2026-09-07,954.2000122070312,2026-09-29,845.0999755859375,,930.8526043701172,899.6499938964844,982.5660217285156,6.317070640516562
CARERATING.NS,1602.699951171875,2026-10-01T23:11:23.693897+05:30,WAITING FOR 0.786,2026-09-10,1748.300048828125,2026-10-01,1581.0999755859375,,1712.519233154297,1664.7000122070312,1791.7720678710937,6.412732765642887
BALUFORGE.NS,488.95001220703125,2026-10-01T23:11:23.693897+05:30,WAITING FOR 0.786,2026-09-15,534.9000244140625,2026-10-01,479.0,,522.9374191894531,506.95001220703125,549.4340307617188,6.499325872511075
LICI.NS,391.8500061035156,2026-10-01T23:11:23.693897+05:30,WAITING FOR 0.786,2026-08-25,428.1499938964844,2026-10-01,386.0,,419.1298952026367,407.0749969482422,439.10899230957034,6.50869561235475
ASAHIINDIA.NS,944.25,2026-10-01T23:11:23.693897+05:30,WAITING FOR 0.786,2025-11-24,1074.0,2026-03-24,775.0999755859375,,1010.0353947753906,924.5499877929688,1151.7140063476563,6.513177173362308
STYRENIX.NS,2055.0,2026-10-01T23:11:23.693897+05:30,WAITING FOR 0.786,2026-08-11,2266.0,2026-10-01,1950.300048828125,,2198.4402104492187,2108.1500244140625,2348.0819873046876,6.524635501454408
PTCIL.NS,22025.0,2026-10-01T23:11:23.693897+05:30,WAITING FOR 0.786,2026-09-04,24125.0,2026-09-28,21510.0,,23565.39,22817.5,24804.9,6.536662452859892
MIDHANI.NS,433.6000061035156,2026-10-01T23:11:23.693897+05:30,WAITING FOR 0.786,2026-09-08,482.3999938964844,2026-09-28,397.54998779296875,,464.24209259033205,439.97499084472656,504.46099548339845,6.600454154392323
GENCON.NS,40.75,2026-10-01T23:11:23.693897+05:30,WAITING FOR 0.786,2026-09-03,45.58000183105469,2026-09-29,36.5,,43.636881439208985,41.040000915527344,47.940802307128905,6.615691460973743
DEEPINDS.NS,749.0,2026-10-01T23:11:23.693897+05:30,WAITING FOR 0.786,2026-09-09,825.0,2026-10-01,720.7000122070312,,802.6798026123047,772.8500061035156,852.1179968261719,6.687573605017204
JSWSTEEL.NS,1233.0,2026-10-01T23:11:23.693897+05:30,WAITING FOR 0.786,2026-08-27,1351.0,2026-10-01,1214.800048828125,,1321.8532104492188,1282.9000244140625,1386.4119873046875,6.721866675273487
WEWIN.NS,51.650001525878906,2026-10-01T23:11:23.693897+05:30,WAITING FOR 0.786,2026-06-03,59.58000183105469,2026-09-17,40.0,,55.389881439208985,49.790000915527344,64.67080230712891,6.7519189717613655
SAILIFE.NS,1541.199951171875,2026-10-01T23:11:23.693897+05:30,WAITING FOR 0.786,2026-09-09,1697.0,2026-10-01,1493.0999755859375,,1653.3653947753905,1595.0499877929688,1750.0140063476563,6.784068661286648
BEPL.NS,123.76000213623047,2026-10-01T23:11:23.693897+05:30,WAITING FOR 0.786,2026-09-09,136.0,2026-10-01,120.91000366210938,,132.7707407836914,128.4550018310547,139.92339904785158,6.786690045016108
JLHL.NS,259.8500061035156,2026-10-01T23:11:23.693897+05:30,WAITING FOR 0.786,2026-09-09,287.0,2026-10-01,248.60000610351562,,278.78240130615234,267.8000030517578,296.98399841308594,6.791101272510239
BOSCHLTD.NS,45480.0,2026-10-01T23:11:23.693897+05:30,WAITING FOR 0.786,2026-08-31,50000.0,2026-10-01,44410.0,,48803.74,47205.0,51453.4,6.810420676775997
NDLVENTURE.NS,125.23999786376953,2026-10-01T23:11:23.693897+05:30,WAITING FOR 0.786,2026-06-19,139.97999572753906,2026-08-18,113.94999694824219,,134.40957598876952,126.96499633789062,146.74779541015624,6.822116696332814
DIFFNKG.NS,464.3999938964844,2026-10-01T23:11:23.693897+05:30,WAITING FOR 0.786,2026-09-04,519.9000244140625,2026-09-28,420.54998779296875,,498.63911657714846,470.2250061035156,545.7310339355469,6.86651358515446
TASTYBITE.NS,9453.5,2026-10-01T23:11:23.693897+05:30,WAITING FOR 0.786,2026-09-15,10386.0,2026-10-01,9292.5,,10151.991,9839.25,10670.31,6.880335098799831
PETRONET.NS,285.5,2026-10-01T23:11:23.693897+05:30,WAITING FOR 0.786,2026-02-27,326.3999938964844,2026-03-23,235.35000610351562,,306.9152965087891,280.875,350.07299072265624,6.977591782616092
ASIANPAINT.NS,2407.0,2026-10-01T23:11:23.693897+05:30,WAITING FOR 0.786,2026-09-01,2645.300048828125,2026-10-01,2377.0,,2587.883838378906,2511.1500244140625,2715.0580615234376,6.989642877178554
CGPOWER.NS,879.0,2026-10-01T23:11:23.693897+05:30,WAITING FOR 0.786,2026-07-02,980.9000244140625,2026-07-30,814.8499755859375,,945.3653139648437,897.875,1024.073037109375,7.020070758309176
COALINDIA.NS,420.3999938964844,2026-10-01T23:11:23.693897+05:30,WAITING FOR 0.786,2026-06-09,467.54998779296875,2026-08-20,395.79998779296875,,452.1954877929688,431.67498779296875,486.2049877929687,7.031360275545587
DISAQ.NS,11249.0,2026-10-01T23:11:23.693897+05:30,WAITING FOR 0.786,2026-08-28,12400.0,2026-10-01,11000.0,,12100.4,11700.0,12764.0,7.03613103699051
NAVINFLUOR.NS,8136.5,2026-10-01T23:11:23.693897+05:30,WAITING FOR 0.786,2026-09-09,8949.5,2026-10-01,8035.0,,8753.797,8492.25,9187.27,7.051762795047685
RKFORGE.NS,695.4500122070312,2026-10-01T23:11:23.693897+05:30,WAITING FOR 0.786,2026-08-19,772.7999877929688,2026-09-16,659.0999755859375,,748.468185180664,715.9499816894531,802.3619909667968,7.083557327267736
MOTHERSON.NS,157.02999877929688,2026-10-01T23:11:23.693897+05:30,WAITING FOR 0.786,2026-08-19,173.27000427246094,2026-10-01,153.80999755859375,,169.10556283569335,163.54000091552734,178.3296060180664,7.140843774683719
WHEELS.NS,2241.300048828125,2026-10-01T23:11:23.693897+05:30,WAITING FOR 0.786,2026-09-10,2498.0,2026-10-01,2104.10009765625,,2413.7054208984373,2301.050048828125,2600.413974609375,7.142767737006574
KRISHANA.NS,184.58999633789062,2026-10-01T23:11:23.693897+05:30,WAITING FOR 0.786,2026-08-27,206.38999938964844,2026-09-16,171.2100067138672,,198.86148095703126,188.8000030517578,215.53679748535157,7.176595764276908
TORNTPHARM.NS,4767.2998046875,2026-10-01T23:11:23.693897+05:30,WAITING FOR 0.786,2026-08-03,5250.0,2026-10-01,4717.2998046875,,5136.002158203125,4983.64990234375,5388.50205078125,7.178781125057368
MANAKSTEEL.NS,108.88999938964844,2026-10-01T23:11:23.693897+05:30,WAITING FOR 0.786,2026-09-11,120.76000213623047,2026-10-01,104.81999969482422,,117.34884161376954,112.79000091552734,124.90440277099609,7.208287792019032
SHREEPUSHK.NS,491.5,2026-10-01T23:11:23.693897+05:30,WAITING FOR 0.786,2026-09-08,545.2000122070312,2026-09-24,476.54998779296875,,530.5089069824219,510.875,563.0490185546876,7.35311065827485
GRAPHITE.NS,786.1500244140625,2026-10-01T23:11:23.693897+05:30,WAITING FOR 0.786,2026-09-09,874.3499755859375,2026-10-01,756.9000244140625,,849.2156860351563,815.625,904.886962890625,7.426342053988269
OBEROIRLTY.NS,1754.5999755859375,2026-10-01T23:11:23.693897+05:30,WAITING FOR 0.786,2026-08-18,1960.699951171875,2026-09-16,1660.0,,1896.3501616210938,1810.3499755859375,2038.8819384765625,7.474895138247106
PNBHOUSING.NS,1092.0,2026-10-01T23:11:23.693897+05:30,WAITING FOR 0.786,2026-08-26,1211.5,2026-09-28,1065.4000244140625,,1180.2346052246094,1138.4500122070312,1249.4859936523437,7.476022549586022
ZENITHEXPO.NS,203.0399932861328,2026-10-01T23:11:23.693897+05:30,WAITING FOR 0.786,2026-08-14,226.60000610351562,2026-09-29,193.39999389648438,,219.49520349121093,210.0,235.23200927734376,7.496842729748771
POWERICA.NS,589.1500244140625,2026-10-01T23:11:23.693897+05:30,WAITING FOR 0.786,2026-06-24,676.9500122070312,2026-09-02,490.6499938964844,,637.0818082885742,583.8000030517578,725.3880169677734,7.523646610358142
COCKERILL.NS,7989.0,2026-10-01T23:11:23.693897+05:30,WAITING FOR 0.786,2026-09-15,8885.0,2026-10-01,7748.5,,8641.789,8316.75,9180.49,7.553864136233836
TCPLPACK.NS,3927.10009765625,2026-10-01T23:11:23.693897+05:30,WAITING FOR 0.786,2026-08-12,4410.89990234375,2026-09-16,3655.0,,4249.137323242187,4032.949951171875,4607.433876953125,7.578884867392702
HAL.NS,4601.0,2026-10-01T23:11:23.693897+05:30,WAITING FOR 0.786,2026-09-09,5097.39990234375,2026-09-29,4549.2998046875,,4980.106481445313,4823.349853515625,5239.905927734375,7.61241718139508
PRICOLLTD.NS,734.5,2026-10-01T23:11:23.693897+05:30,WAITING FOR 0.786,2026-08-20,823.0,2026-10-01,692.7000122070312,,795.1158026123047,757.8500061035156,856.8779968261719,7.62351878973543
FLUOROCHEM.NS,4341.5,2026-10-01T23:11:23.693897+05:30,WAITING FOR 0.786,2026-09-15,4830.0,2026-10-01,4225.39990234375,,4700.615579101563,4527.699951171875,4987.196025390625,7.639756390591741
MMP.NS,449.6000061035156,2026-10-01T23:11:23.693897+05:30,WAITING FOR 0.786,2026-09-15,498.0,2026-09-30,447.0,,487.086,472.5,511.26,7.695970300210719
GUFICBIO.NS,418.3999938964844,2026-10-01T23:11:23.693897+05:30,WAITING FOR 0.786,2026-09-07,467.79998779296875,2026-10-01,400.0,,453.29079040527347,433.8999938964844,485.4279846191406,7.697221573285064
JAGRAN.NS,61.54999923706055,2026-10-01T23:11:23.693897+05:30,WAITING FOR 0.786,2026-06-05,68.33000183105469,2026-09-02,60.79999923706055,,66.71858127593994,64.56500053405762,70.28780250549316,7.746840445396712
PKTEA.NS,1037.699951171875,2026-10-01T23:11:23.693897+05:30,WAITING FOR 0.786,2026-09-10,1169.0,2026-09-25,963.0,,1124.916,1066.0,1222.56,7.753116572981888
SETL.NS,416.95001220703125,2026-10-01T23:11:23.693897+05:30,WAITING FOR 0.786,2026-09-11,468.1499938964844,2026-09-28,394.0,,452.28189520263675,431.0749969482422,487.42899230957033,7.811916278403247
UFLEX.NS,649.8499755859375,2026-10-01T23:11:23.693897+05:30,WAITING FOR 0.786,2026-09-02,723.5,2026-09-29,636.7999877929688,,704.9461973876953,680.1499938964844,746.0420031738281,7.8156633805426186
RHIM.NS,384.8500061035156,2026-10-01T23:11:23.693897+05:30,WAITING FOR 0.786,2026-08-10,433.0,2026-09-16,360.5,,417.485,396.75,451.85,7.817045857092922
SCPL.NS,620.4500122070312,2026-10-01T23:11:23.693897+05:30,WAITING FOR 0.786,2026-08-21,690.0,2026-09-21,611.2999877929688,,673.1581973876953,650.6499938964844,710.4620031738282,7.829984895854659
ONWARDTEC.NS,291.29998779296875,2026-10-01T23:11:23.693897+05:30,WAITING FOR 0.786,2026-02-03,345.3999938964844,2026-03-30,208.25,,316.0498952026367,276.8249969482422,381.05899230957027,7.831012693043123
PHOENIXLTD.NS,1930.0,2026-10-01T23:11:23.693897+05:30,WAITING FOR 0.786,2026-07-14,2169.800048828125,2026-09-16,1820.199951171875,,2094.9856279296873,1995.0,2260.6960742187503,7.87526299608699
SWARAJENG.NS,3542.699951171875,2026-10-01T23:11:23.693897+05:30,WAITING FOR 0.786,2026-07-06,3939.89990234375,2026-09-02,3501.0,,3845.9753232421876,3720.449951171875,4054.013876953125,7.8855256880496345
MWL.NS,43.130001068115234,2026-10-01T23:11:23.693897+05:30,WAITING FOR 0.786,2026-09-15,48.0,2026-10-01,42.5,,46.823,45.25,49.43,7.887147196644312
UJJIVANSFB.NS,65.5999984741211,2026-10-01T23:11:23.693897+05:30,WAITING FOR 0.786,2026-08-20,73.94000244140625,2026-09-24,61.25,,71.22434191894531,67.59500122070312,77.23940307617187,7.896659054041991
TVSMOTOR.NS,4021.0,2026-10-01T23:11:23.693897+05:30,WAITING FOR 0.786,2026-08-26,4484.5,2026-10-01,3930.10009765625,,4365.8584208984375,4207.300048828125,4628.643974609375,7.898983147224231
AFSL.NS,201.0,2026-10-01T23:11:23.693897+05:30,WAITING FOR 0.786,2026-08-12,223.0,2026-09-08,201.0,,218.292,212.0,228.72,7.921499642680447
BAJAJFINSV.NS,1732.5999755859375,2026-10-01T23:11:23.693897+05:30,WAITING FOR 0.786,2026-09-15,1930.5999755859375,2026-09-30,1702.0999755859375,,1881.7009755859376,1816.3499755859375,1990.0099755859376,7.9237350638866495
SPORTKING.NS,208.5399932861328,2026-10-01T23:11:23.693897+05:30,WAITING FOR 0.786,2026-09-04,233.99000549316406,2026-09-21,199.10000610351562,,226.52354562377928,216.54500579833984,243.06140533447265,7.938932921134116
ASPINWALL.NS,240.10000610351562,2026-10-01T23:11:23.693897+05:30,WAITING FOR 0.786,2026-09-15,268.0,2026-10-01,234.60000610351562,,260.85240130615233,251.3000030517578,276.68399841308593,7.955608266868292
ADOR.NS,1570.4000244140625,2026-10-01T23:11:23.693897+05:30,WAITING FOR 0.786,2026-08-31,1766.4000244140625,2026-09-16,1487.0999755859375,,1706.6298139648438,1626.75,1839.018037109375,7.98238659819801
VENKEYS.NS,1613.0,2026-10-01T23:11:23.693897+05:30,WAITING FOR 0.786,2026-09-15,1814.9000244140625,2026-10-01,1532.199951171875,,1754.4022087402343,1673.5499877929688,1888.4020434570311,8.059851272176038
NITINSPIN.NS,594.5999755859375,2026-10-01T23:11:23.693897+05:30,WAITING FOR 0.786,2026-09-10,665.5,2026-10-01,579.0,,646.989,622.25,687.99,8.097359369952585
UNIPARTS.NS,819.2999877929688,2026-10-01T23:11:23.693897+05:30,WAITING FOR 0.786,2026-09-01,915.9500122070312,2026-10-01,801.7000122070312,,891.5005122070313,858.8250122070312,945.6550122070313,8.098764209940866
BELRISE.NS,237.5,2026-10-01T23:11:23.693897+05:30,WAITING FOR 0.786,2026-08-12,268.20001220703125,2026-09-16,222.75,,258.4737095947266,245.47500610351562,280.0170153808594,8.114446002114597
ELGIEQUIP.NS,584.6500244140625,2026-10-01T23:11:23.693897+05:30,WAITING FOR 0.786,2026-09-07,653.4000244140625,2026-10-01,574.7999877929688,,636.5796165771485,614.1000061035156,673.8360339355469,8.157595815321326
LUMAXIND.NS,5550.0,2026-10-01T23:11:23.693897+05:30,WAITING FOR 0.786,2026-09-10,6230.0,2026-10-01,5357.0,,6043.178,5793.5,6456.98,8.160904742504687
ARVIND.NS,534.0499877929688,2026-10-01T23:11:23.693897+05:30,WAITING FOR 0.786,2026-09-15,597.9000244140625,2026-10-01,522.0,,581.6574191894531,559.9500122070312,617.6340307617188,8.18478881655561
AEROFLEX.NS,521.3499755859375,2026-10-01T23:11:23.693897+05:30,WAITING FOR 0.786,2026-09-08,584.1500244140625,2026-09-29,508.1000061035156,,567.8753204956055,546.1250152587891,603.9230291748047,8.192880238053595
PARKHOSPS.NS,270.79998779296875,2026-10-01T23:11:23.693897+05:30,WAITING FOR 0.786,2026-08-03,302.79998779296875,2026-08-20,266.5,,295.03179040527345,284.6499938964844,312.2379846191406,8.213285279873887
LT.NS,3693.39990234375,2026-10-01T23:11:23.693897+05:30,WAITING FOR 0.786,2026-08-25,4125.2998046875,2026-10-01,3655.89990234375,,4024.8482255859376,3890.599853515625,4247.343779296875,8.23505147685253
MVELECTRO.NS,836.9500122070312,2026-10-01T23:11:23.693897+05:30,WAITING FOR 0.786,2026-09-09,948.0,2026-09-29,781.2999877929688,,912.3261973876953,864.6499938964844,991.3420031738281,8.26197750283748
WENDT.NS,8116.0,2026-10-01T23:11:23.693897+05:30,WAITING FOR 0.786,2026-09-15,9100.0,2026-10-01,7950.0,,8853.9,8525.0,9399.0,8.334180417669046
PAYTM.NS,1656.0,2026-10-01T23:11:23.693897+05:30,WAITING FOR 0.786,2026-09-16,1855.5,2026-10-01,1629.0,,1807.029,1742.25,1914.3899999999999,8.357862546754923
NEULANDLAB.NS,21505.0,2026-10-01T23:11:23.693897+05:30,WAITING FOR 0.786,2026-09-09,24225.0,2026-10-01,20715.0,,23473.86,22470.0,25137.6,8.387457367471734
VINDHYATEL.NS,2617.0,2026-10-01T23:11:23.693897+05:30,WAITING FOR 0.786,2026-09-07,2952.60009765625,2026-09-29,2508.10009765625,,2857.47709765625,2730.35009765625,3068.17009765625,8.4157139125802
CANHLIFE.NS,143.85000610351562,2026-10-01T23:11:23.693897+05:30,WAITING FOR 0.786,2026-08-31,162.89999389648438,2026-09-24,135.67999267578125,,157.0749136352539,149.2899932861328,169.9771942138672,8.419490563877076
PIRAMALFIN.NS,2023.300048828125,2026-10-01T23:11:23.693897+05:30,WAITING FOR 0.786,2026-09-09,2326.39990234375,2026-09-24,1781.199951171875,,2209.727112792969,2053.7999267578125,2468.1518896484376,8.436655498570172
MPSLTD.NS,2628.39990234375,2026-10-01T23:11:23.693897+05:30,WAITING FOR 0.786,2026-08-10,2979.0,2026-09-16,2473.0,,2870.716,2726.0,3110.56,8.44096377545706
ALKEM.NS,5220.0,2026-10-01T23:11:23.693897+05:30,WAITING FOR 0.786,2026-07-30,5882.5,2026-09-11,5051.0,,5704.559,5466.75,6098.6900000000005,8.494241184989063
M&MFIN.NS,319.75,2026-10-01T23:11:23.693897+05:30,WAITING FOR 0.786,2026-09-15,358.75,2026-10-01,315.45001220703125,,349.48380261230466,337.1000061035156,370.00799682617185,8.507920078141494
GRPLTD.NS,1895.0,2026-10-01T23:11:23.693897+05:30,WAITING FOR 0.786,2026-08-03,2143.39990234375,2026-10-01,1808.800048828125,,2071.7955336914065,1976.0999755859375,2230.3958642578127,8.533445063297455
JUSTDIAL.NS,653.1500244140625,2026-10-01T23:11:23.693897+05:30,WAITING FOR 0.786,2026-08-31,734.0,2026-09-29,642.4000244140625,,714.3976052246094,688.2000122070312,757.8159936523438,8.573318326184815
RADICO.NS,4237.0,2026-10-01T23:11:23.693897+05:30,WAITING FOR 0.786,2026-08-19,4747.0,2026-10-01,4234.7998046875,,4637.389158203125,4490.89990234375,4880.17205078125,8.633934840143235
NINSYS.NS,804.6500244140625,2026-10-01T23:11:23.693897+05:30,WAITING FOR 0.786,2026-07-08,935.0,2026-08-14,683.1500244140625,,881.1041052246094,809.0750122070312,1000.4809936523437,8.677076903535406
JAGSNPHARM.NS,231.72999572753906,2026-10-01T23:11:23.693897+05:30,WAITING FOR 0.786,2026-07-30,263.70001220703125,2026-09-16,217.80999755859375,,253.87954907226563,240.7550048828125,275.631416015625,8.724433860728894
GLAXO.NS,2771.10009765625,2026-10-01T23:11:23.693897+05:30,WAITING FOR 0.786,2026-08-28,3120.699951171875,2026-10-01,2724.800048828125,,3035.9773720703124,2922.75,3223.63392578125,8.724612931928267
FEDFINA.NS,149.77000427246094,2026-10-01T23:11:23.693897+05:30,WAITING FOR 0.786,2026-09-07,169.0,2026-10-01,146.2100067138672,,164.12294143676758,157.6050033569336,174.92539825439454,8.745235150343964
AVANTEL.NS,150.27999877929688,2026-10-01T23:11:23.693897+05:30,WAITING FOR 0.786,2026-07-22,171.77999877929688,2026-09-16,138.8000030517578,,164.72227969360353,155.29000091552734,180.35479766845702,8.767654831617456
MGL.NS,1045.4000244140625,2026-10-01T23:11:23.693897+05:30,WAITING FOR 0.786,2026-07-31,1179.0,2026-10-01,1024.199951171875,,1145.8727895507814,1101.5999755859375,1219.2480126953126,8.76823030033791
VISHNU.NS,658.25,2026-10-01T23:11:23.693897+05:30,WAITING FOR 0.786,2026-09-07,744.0,2026-10-01,640.0499877929688,,721.7546973876953,692.0249938964844,771.0270031738281,8.798653838699343
CORONA.NS,2029.4000244140625,2026-10-01T23:11:23.693897+05:30,WAITING FOR 0.786,2026-09-15,2292.39990234375,2026-10-01,1986.0999755859375,,2226.851718017578,2139.2499389648438,2372.0378833007812,8.866854133390351
CYIENTDLM.NS,893.9000244140625,2026-10-01T23:11:23.693897+05:30,WAITING FOR 0.786,2026-09-08,1009.0,2026-10-01,880.2999877929688,,981.4581973876953,944.6499938964844,1042.4620031738282,8.921233039438931
DLF.NS,658.4000244140625,2026-10-01T23:11:23.693897+05:30,WAITING FOR 0.786,2025-10-29,786.5,2026-04-02,489.3999938964844,,722.9205986938476,637.9499969482422,863.7460015869141,8.924987667574984
ALEMBICLTD.NS,104.11000061035156,2026-10-01T23:11:23.693897+05:30,WAITING FOR 0.786,2026-09-03,117.72000122070312,2026-10-01,101.8499984741211,,114.32382063293457,109.78499984741211,121.84620193481445,8.934113613449862
ABBOTINDIA.NS,26840.0,2026-10-01T23:11:23.693897+05:30,WAITING FOR 0.786,2025-11-25,30655.0,2026-09-11,25135.0,,29473.72,27895.0,32090.2,8.93582486364124
KANPRPLA.NS,245.5500030517578,2026-10-01T23:11:23.693897+05:30,WAITING FOR 0.786,2026-09-11,277.45001220703125,2026-10-01,241.0,,269.6497095947266,259.2250061035156,286.92701538085936,8.937412385568564
ICICIBANK.NS,1310.5999755859375,2026-10-01T23:11:23.693897+05:30,WAITING FOR 0.786,2026-07-20,1480.0,2026-09-29,1291.0,,1439.554,1385.5,1529.14,8.957915049665562
SGFIN.NS,631.8499755859375,2026-10-01T23:11:23.693897+05:30,WAITING FOR 0.786,2026-08-05,727.4500122070312,2026-09-29,573.7000122070312,,694.5475122070312,650.5750122070312,767.4250122070313,9.02710549230285
GESHIP.NS,1530.5999755859375,2026-10-01T23:11:23.693897+05:30,WAITING FOR 0.786,2026-05-19,1798.0,2026-08-17,1261.0,,1683.0819999999999,1529.5,1937.62,9.059690758623905
GRWRHITECH.NS,6925.5,2026-10-01T23:11:23.693897+05:30,WAITING FOR 0.786,2026-08-06,7990.0,2026-09-23,6240.0,,7615.5,7115.0,8445.0,9.060468780776048
JUBLPHARMA.NS,999.2999877929688,2026-10-01T23:11:23.693897+05:30,WAITING FOR 0.786,2025-10-21,1184.800048828125,2026-03-09,786.0499877929688,,1099.4675357666015,985.4250183105469,1288.4750646972657,9.110550763446701
BBTCL.NS,229.49000549316406,2026-10-01T23:11:23.693897+05:30,WAITING FOR 0.786,2026-08-17,262.0,2026-09-02,217.77999877929688,,252.53691973876954,239.88999938964844,273.4972003173828,9.126156393071467
NAVA.NS,552.5,2026-10-01T23:11:23.693897+05:30,WAITING FOR 0.786,2026-07-06,628.2000122070312,2026-09-15,533.9000244140625,,608.0198148193359,581.0500183105469,652.7180090332031,9.131250901063613
PNGJL.NS,581.9500122070312,2026-10-01T23:11:23.693897+05:30,WAITING FOR 0.786,2026-08-06,662.0,2026-09-02,563.0999755859375,,640.8353947753906,612.5499877929688,687.7140063476562,9.188846784750137
ARFIN.NS,87.25,2026-10-01T23:11:23.693897+05:30,WAITING FOR 0.786,2026-09-07,98.86000061035156,2026-10-01,86.05000305175781,,96.1186611328125,92.45500183105469,102.19059997558594,9.226783881808531
BRIGADE.NS,569.5499877929688,2026-10-01T23:11:23.693897+05:30,WAITING FOR 0.786,2026-09-15,648.9500122070312,2026-10-01,552.0999755859375,,628.2241043701172,600.5249938964844,674.1310217285156,9.339679291035395
SUDEEPPHRM.NS,1199.800048828125,2026-10-01T23:11:23.693897+05:30,WAITING FOR 0.786,2026-09-07,1378.0,2026-09-28,1124.0999755859375,,1323.6653947753907,1251.0499877929688,1444.0140063476563,9.357753586077855
SBCL.NS,1066.4000244140625,2026-10-01T23:11:23.693897+05:30,WAITING FOR 0.786,2026-09-04,1215.699951171875,2026-10-01,1034.0999755859375,,1176.8375563964844,1124.8999633789062,1262.9159448242187,9.384263051613111
SKIPPER.NS,541.2000122070312,2026-10-01T23:11:23.693897+05:30,WAITING FOR 0.786,2026-09-07,616.7999877929688,2026-10-01,526.5999755859375,,597.497185180664,571.6999816894531,640.2519909667969,9.422165387542421
MARICO.NS,781.3499755859375,2026-10-01T23:11:23.693897+05:30,WAITING FOR 0.786,2026-07-30,889.0999755859375,2026-10-01,766.25,,862.8100808105469,827.6749877929688,921.0409692382813,9.441255617700198
ENTERO.NS,1680.800048828125,2026-10-01T23:11:23.693897+05:30,WAITING FOR 0.786,2026-09-07,1920.0,2026-10-01,1622.199951171875,,1856.2707895507813,1771.0999755859375,1997.4280126953124,9.452863327398493
MANGLMCEM.NS,984.6500244140625,2026-10-01T23:11:23.693897+05:30,WAITING FOR 0.786,2026-09-03,1120.0,2026-10-01,968.0,,1087.472,1044.0,1159.52,9.455137749379983
DHAMPURSUG.NS,171.05999755859375,2026-10-01T23:11:23.693897+05:30,WAITING FOR 0.786,2026-08-24,199.9199981689453,2026-09-18,148.61000061035156,,188.93965869140624,174.26499938964844,213.26059753417968,9.463159432300662
MODIS.NS,367.8500061035156,2026-10-01T23:11:23.693897+05:30,WAITING FOR 0.786,2026-08-17,424.8999938964844,2026-09-16,339.5,,406.6243952026367,382.1999969482422,447.10399230957034,9.535677041658634
ANTHEM.NS,855.75,2026-10-01T23:11:23.693897+05:30,WAITING FOR 0.786,2026-09-09,977.5499877929688,2026-10-01,830.5999755859375,,946.102685180664,904.0749816894531,1015.7569909667968,9.549987183834133
MSTCLTD.NS,705.7999877929688,2026-10-01T23:11:23.693897+05:30,WAITING FOR 0.786,2026-09-08,805.0,2026-10-01,690.25,,780.4435,747.625,834.835,9.564242921752982
MANORAMA.NS,1880.300048828125,2026-10-01T23:11:23.693897+05:30,WAITING FOR 0.786,2026-09-08,2149.5,2026-10-01,1824.0,,2079.843,1986.75,2234.13,9.594135286743994
SUNPHARMA.NS,1801.0,2026-10-01T23:11:23.693897+05:30,WAITING FOR 0.786,2026-07-31,2046.9000244140625,2026-10-01,1792.5999755859375,,1992.4798139648437,1919.75,2113.018037109375,9.610125664651893
SGMART.NS,742.2000122070312,2026-10-01T23:11:23.693897+05:30,WAITING FOR 0.786,2026-08-26,860.5999755859375,2026-09-16,678.0999755859375,,821.5449755859374,769.3499755859375,908.0499755859375,9.658018214074797
INDOBORAX.NS,469.5,2026-10-01T23:11:23.693897+05:30,WAITING FOR 0.786,2026-09-07,542.7999877929688,2026-09-28,435.0,,519.7307904052734,488.8999938964844,570.8279846191406,9.664770941530069
SHRINGARMS.NS,221.30999755859375,2026-10-01T23:11:23.693897+05:30,WAITING FOR 0.786,2026-02-19,266.5,2026-03-30,166.0,,244.993,216.25,292.63,9.666807803245907
HTMEDIA.NS,22.3799991607666,2026-10-01T23:11:23.693897+05:30,WAITING FOR 0.786,2026-09-15,25.489999771118164,2026-10-01,22.200000762939453,,24.78593998336792,23.84500026702881,26.34539951324463,9.706877464464835
AVADHSUGAR.NS,764.5999755859375,2026-10-01T23:11:23.693897+05:30,WAITING FOR 0.786,2026-08-24,884.7999877929688,2026-09-18,708.0,,846.9647904052734,796.3999938964844,930.7679846191406,9.724703523971085
SAHYADRI.NS,355.6499938964844,2026-10-01T23:11:23.693897+05:30,WAITING FOR 0.786,2026-09-15,408.95001220703125,2026-10-01,340.70001220703125,,394.34451220703124,374.82501220703125,426.69501220703125,9.812363837393079
TATASTEEL.NS,178.0,2026-10-01T23:11:23.693897+05:30,WAITING FOR 0.786,2026-06-10,203.39999389648438,2026-10-01,175.75,,197.4828952026367,189.5749969482422,210.5889923095703,9.86561149138783
PIXTRANS.NS,1809.300048828125,2026-10-01T23:11:23.693897+05:30,WAITING FOR 0.786,2026-08-11,2089.0,2026-09-11,1709.9000244140625,,2007.8726052246093,1899.4500122070312,2187.565993652344,9.889698971926116
SIMPLEXINF.NS,245.00999450683594,2026-10-01T23:11:23.693897+05:30,WAITING FOR 0.786,2026-08-31,282.5899963378906,2026-09-16,233.0500030517578,,271.9884377746582,257.8199996948242,295.4703945922852,9.918966956299027
GEOJITFSL.NS,75.69999694824219,2026-10-01T23:11:23.693897+05:30,WAITING FOR 0.786,2026-09-03,86.5,2026-10-01,75.05999755859375,,84.05183947753906,80.77999877929688,89.47440063476563,9.936537476409084
AXISBANK.NS,1217.0999755859375,2026-10-01T23:11:23.693897+05:30,WAITING FOR 0.786,2026-06-25,1400.0999755859375,2026-09-24,1175.0,,1351.928580810547,1287.5499877929688,1458.6259692382812,9.973056797406644
SIS.NS,412.8500061035156,2026-10-01T23:11:23.693897+05:30,WAITING FOR 0.786,2026-06-24,480.95001220703125,2026-09-28,378.5,,459.02570959472655,429.7250061035156,507.5870153808594,10.059502665325526
NILKAMAL.NS,1871.800048828125,2026-10-01T23:11:23.693897+05:30,WAITING FOR 0.786,2026-09-03,2149.5,2026-09-21,1832.0999755859375,,2081.576394775391,1990.7999877929688,2232.0240063476563,10.077763490871128
APOLSINHOT.NS,1155.9000244140625,2026-10-01T23:11:23.693897+05:30,WAITING FOR 0.786,2026-08-10,1325.0,2026-08-26,1140.4000244140625,,1285.4956052246093,1232.7000122070312,1372.9959936523437,10.081370973485603
ICICIAMC.NS,3084.39990234375,2026-10-01T23:11:23.693897+05:30,WAITING FOR 0.786,2026-06-19,3568.0,2026-09-07,2933.300048828125,,3432.1742104492187,3250.6500244140625,3733.0219873046876,10.132769690031274
TIPSMUSIC.NS,644.2000122070312,2026-10-01T23:11:23.693897+05:30,WAITING FOR 0.786,2026-07-20,741.0,2026-09-02,628.2000122070312,,716.8608026123047,684.6000061035156,770.3279968261719,10.135969234262925
GOKUL.NS,38.65999984741211,2026-10-01T23:11:23.693897+05:30,WAITING FOR 0.786,2026-09-08,44.400001525878906,2026-10-01,38.040000915527344,,43.03896139526367,41.220001220703125,46.05360168457031,10.174412685370827
DOLLAR.NS,272.1000061035156,2026-10-01T23:11:23.693897+05:30,WAITING FOR 0.786,2026-04-28,319.2699890136719,2026-06-11,243.0500030517578,,302.9589120178223,281.15999603271484,339.08718536376955,10.185838636920941
CLSEL.NS,281.95001220703125,2026-10-01T23:11:23.693897+05:30,WAITING FOR 0.786,2026-08-25,324.79998779296875,2026-09-16,274.1000061035156,,313.95019171142576,299.4499969482422,337.9819830322266,10.192756796851452
ABCAPITAL.NS,375.04998779296875,2026-10-01T23:11:23.693897+05:30,WAITING FOR 0.786,2026-08-03,430.70001220703125,2026-10-01,370.20001220703125,,417.75301220703125,400.45001220703125,446.43001220703127,10.222074567088844
MINDACORP.NS,667.3499755859375,2026-10-01T23:11:23.693897+05:30,WAITING FOR 0.786,2026-08-14,769.0,2026-10-01,649.3499755859375,,743.3948947753906,709.1749877929688,800.1090063476563,10.22941100670719
SRF.NS,2486.199951171875,2026-10-01T23:11:23.693897+05:30,WAITING FOR 0.786,2026-07-23,2865.300048828125,2026-09-29,2417.89990234375,,2769.5564174804686,2641.5999755859375,2981.6240869140624,10.231113709045497
HDBFS.NS,618.2000122070312,2026-10-01T23:11:23.693897+05:30,WAITING FOR 0.786,2026-08-20,712.0999755859375,2026-10-01,602.5999755859375,,688.6669755859375,657.3499755859375,740.5699755859375,10.232371505683274
CHEVIOT.NS,1167.0,2026-10-01T23:11:23.693897+05:30,WAITING FOR 0.786,2026-05-07,1370.5,2026-07-31,1044.0,,1300.629,1207.25,1455.3899999999999,10.274182722359713
BIMETAL.NS,640.0,2026-10-01T23:11:23.693897+05:30,WAITING FOR 0.786,2026-07-13,750.75,2026-09-07,575.7999877929688,,713.3106973876953,663.2749938964844,796.2370031738282,10.277526701362481
GREAVESCOT.NS,225.97999572753906,2026-10-01T23:11:23.693897+05:30,WAITING FOR 0.786,2026-07-14,271.8999938964844,2026-09-16,178.7100067138672,,251.9573366394043,225.30500030517578,296.1293905639649,10.310214125276069
PNB.NS,109.56999969482422,2026-10-01T23:11:23.693897+05:30,WAITING FOR 0.786,2026-03-02,128.6999969482422,2026-05-18,98.5,,122.23719760131836,113.5999984741211,136.55199615478517,10.362801303584138
TITAN.NS,4515.7001953125,2026-10-01T23:11:23.693897+05:30,WAITING FOR 0.786,2026-08-27,5186.7001953125,2026-10-01,4491.0,,5037.820353515625,4838.85009765625,5367.58224609375,10.364009066714052
ADANIENT.NS,2816.800048828125,2026-10-01T23:11:23.693897+05:30,WAITING FOR 0.786,2026-07-06,3245.0,2026-10-01,2772.0,,3143.7780000000002,3008.5,3367.98,10.400796467558308
CGCL.NS,249.22999572753906,2026-10-01T23:11:23.693897+05:30,WAITING FOR 0.786,2026-09-07,287.45001220703125,2026-10-01,244.05999755859375,,278.16454907226563,265.7550048828125,298.731416015625,10.401955763676243
UCAL.NS,140.39999389648438,2026-10-01T23:11:23.693897+05:30,WAITING FOR 0.786,2026-08-28,163.8000030517578,2026-09-16,130.6699981689453,,156.71018200683594,147.23500061035156,172.41380432128906,10.407867505150422
QUESS.NS,336.20001220703125,2026-10-01T23:11:23.693897+05:30,WAITING FOR 0.786,2026-08-31,388.75,2026-10-01,326.6000061035156,,375.44990130615236,357.6750030517578,404.90899841308595,10.4540949305286
SAREGAMA.NS,494.75,2026-10-01T23:11:23.693897+05:30,WAITING FOR 0.786,2026-08-05,574.5,2026-09-29,473.0,,552.779,523.75,600.89,10.497685331751025
DRREDDY.NS,1206.199951171875,2026-10-01T23:11:23.693897+05:30,WAITING FOR 0.786,2026-06-29,1414.9000244140625,2026-07-23,1101.0,,1347.725419189453,1257.9500122070312,1496.5140307617187,10.501060972990633
STARHEALTH.NS,537.7000122070312,2026-10-01T23:11:23.693897+05:30,WAITING FOR 0.786,2026-07-30,624.9000244140625,2026-09-24,513.0,,600.9534191894531,568.9500122070312,653.9940307617187,10.525509126437134
MAWANASUG.NS,138.83999633789062,2026-10-01T23:11:23.693897+05:30,WAITING FOR 0.786,2026-08-24,164.0,2026-09-16,122.80999755859375,,155.18533947753906,143.40499877929688,174.70940063476561,10.532788209684071
MONARCH.NS,342.70001220703125,2026-10-01T23:11:23.693897+05:30,WAITING FOR 0.786,2026-09-03,398.8999938964844,2026-10-01,325.0,,383.08539520263673,361.9499969482422,418.11399230957034,10.542135905296844
GRASIM.NS,2962.0,2026-10-01T23:11:23.693897+05:30,WAITING FOR 0.786,2026-08-10,3411.10009765625,2026-10-01,2944.39990234375,,3311.2262558593748,3177.75,3532.4421484375,10.546734921583871
DMART.NS,3813.0,2026-10-01T23:11:23.693897+05:30,WAITING FOR 0.786,2026-06-24,4429.39990234375,2026-09-11,3650.0,,4262.608323242188,4039.699951171875,4632.043876953125,10.547727802966676
WABAG.NS,2004.9000244140625,2026-10-01T23:11:23.693897+05:30,WAITING FOR 0.786,2026-09-11,2319.0,2026-09-29,1956.800048828125,,2241.4892104492187,2137.9000244140625,2413.1719873046877,10.554999994300271
HALEOSLABS.NS,1490.0,2026-10-01T23:11:23.693897+05:30,WAITING FOR 0.786,2026-07-01,1740.0,2026-08-10,1395.0999755859375,,1666.1913947753906,1567.5499877929688,1829.6740063476564,10.57449914384787
BVCL.NS,41.38999938964844,2026-10-01T23:11:23.693897+05:30,WAITING FOR 0.786,2026-09-09,48.0,2026-09-29,40.060001373291016,,46.30084029388428,44.03000068664551,50.06439964294434,10.606375333720448
NIMBSPROJ.NS,189.4499969482422,2026-10-01T23:11:23.693897+05:30,WAITING FOR 0.786,2026-05-22,231.22999572753906,2026-09-09,141.0399932861328,,211.92933520507813,186.13499450683594,254.6793963623047,10.606997013926039
NHPC.NS,71.75,2026-10-01T23:11:23.693897+05:30,WAITING FOR 0.786,2026-07-21,83.0,2026-10-01,70.25,,80.2715,76.625,86.315,10.615847467656645
KSHINTL.NS,1028.199951171875,2026-10-01T23:11:23.693897+05:30,WAITING FOR 0.786,2026-09-09,1198.0,2026-09-28,975.5999755859375,,1150.4063947753907,1086.7999877929688,1255.8240063476562,10.622893280020032
CALSOFT.NS,36.40999984741211,2026-10-01T23:11:23.693897+05:30,WAITING FOR 0.786,2026-09-03,43.130001068115234,2026-09-30,32.06999969482422,,40.763160774230954,37.60000038146973,46.005601425170894,10.679154521233205
ATUL.NS,5861.0,2026-10-01T23:11:23.693897+05:30,WAITING FOR 0.786,2026-08-18,6770.5,2026-10-01,5798.0,,6562.385,6284.25,7023.35,10.68795872232428
BECTORFOOD.NS,213.02999877929688,2026-10-01T23:11:23.693897+05:30,WAITING FOR 0.786,2026-09-10,247.7100067138672,2026-10-01,205.02999877929688,,238.57648501586914,226.37000274658203,258.80680877685546,10.707881053270198
SONAMLTD.NS,68.94999694824219,2026-10-01T23:11:23.693897+05:30,WAITING FOR 0.786,2026-09-01,80.31999969482422,2026-09-25,65.83999633789062,,77.22127897644043,73.07999801635742,84.08480056762696,10.711143531722316
ISGEC.NS,919.7000122070312,2026-10-01T23:11:23.693897+05:30,WAITING FOR 0.786,2026-05-21,1113.9000244140625,2026-08-17,722.5,,1030.140419189453,918.2000122070312,1215.6640307617188,10.720908035947156
WIPL.NS,161.0,2026-10-01T23:11:23.693897+05:30,WAITING FOR 0.786,2025-10-30,193.1999969482422,2026-01-20,133.10000610351562,,180.3385989074707,163.1500015258789,208.82599456787108,10.723494041002876
SAHLIBHFI.NS,78.73999786376953,2026-10-01T23:11:23.693897+05:30,WAITING FOR 0.786,2026-09-03,91.94999694824219,2026-09-22,74.5,,88.21569760131835,83.2249984741211,96.48699615478516,10.741511992993876
CAPITALSFB.NS,277.5,2026-10-01T23:11:23.693897+05:30,WAITING FOR 0.786,2026-05-08,323.70001220703125,2026-06-02,263.8999938964844,,310.9028082885742,293.8000030517578,339.2480169677734,10.743810412149873
MALUPAPER.NS,31.040000915527344,2026-10-01T23:11:23.693897+05:30,WAITING FOR 0.786,2026-09-10,35.95000076293945,2026-10-01,30.469999313354492,,34.77728045272827,33.21000003814697,37.37480113983155,10.746324866548724
SEAMECLTD.NS,1594.699951171875,2026-10-01T23:11:23.693897+05:30,WAITING FOR 0.786,2026-09-11,1849.0,2026-10-01,1559.199951171875,,1786.9827895507813,1704.0999755859375,1924.3480126953125,10.760195313758063
SUPRAJIT.NS,481.04998779296875,2026-10-01T23:11:23.693897+05:30,WAITING FOR 0.786,2026-08-10,559.25,2026-09-09,465.0,,539.0805,512.125,583.755,10.764721077284612
INDIGO.NS,4929.89990234375,2026-10-01T23:11:23.693897+05:30,WAITING FOR 0.786,2025-11-24,5970.0,2026-03-23,3895.199951171875,,5525.992789550781,4932.5999755859375,6509.448012695313,10.787073199483642
LGBBROSLTD.NS,1711.0999755859375,2026-10-01T23:11:23.693897+05:30,WAITING FOR 0.786,2026-02-12,2048.0,2026-06-11,1445.0,,1918.958,1746.5,2204.7799999999997,10.831817289073683
BIL.NS,987.5499877929688,2026-10-01T23:11:23.693897+05:30,WAITING FOR 0.786,2026-09-10,1150.0,2026-09-30,952.9500122070312,,1107.8313026123046,1051.4750061035156,1201.232996826172,10.857367411058739
RUBICON.NS,1630.9000244140625,2026-10-01T23:11:23.693897+05:30,WAITING FOR 0.786,2026-08-28,1899.0,2026-09-28,1575.0999755859375,,1829.6853947753907,1737.0499877929688,1983.2140063476563,10.86445631194049
ACUTAAS.NS,3196.5,2026-10-01T23:11:23.693897+05:30,WAITING FOR 0.786,2026-07-06,3740.0,2026-08-03,3025.0,,3586.99,3382.5,3925.9,10.88628627344932
JUBLCPL.NS,2037.300048828125,2026-10-01T23:11:23.693897+05:30,WAITING FOR 0.786,2026-09-01,2369.89990234375,2026-09-18,1980.0,,2286.4613232421875,2174.949951171875,2471.273876953125,10.897244221072299
AUBANK.NS,987.0,2026-10-01T23:11:23.693897+05:30,WAITING FOR 0.786,2026-08-25,1144.0999755859375,2026-10-01,974.2000122070312,,1107.7413834228516,1059.1499938964844,1188.2739660644531,10.89978087211731
SATIA.NS,68.33999633789062,2026-10-01T23:11:23.693897+05:30,WAITING FOR 0.786,2025-10-06,83.80000305175781,2026-03-30,50.79999923706055,,76.7380022354126,67.30000114440918,92.3800040435791,10.943737982335051
VADILALIND.NS,7187.0,2026-10-01T23:11:23.693897+05:30,WAITING FOR 0.786,2026-08-13,8447.0,2026-09-15,6745.0,,8082.772,7596.0,8889.52,11.08248506824144
CCL.NS,1056.5999755859375,2026-10-01T23:11:23.693897+05:30,WAITING FOR 0.786,2026-07-13,1242.199951171875,2026-09-30,991.4000244140625,,1188.528766845703,1116.7999877929688,1307.4079321289062,11.100176532529215
MAMATA.NS,399.8999938964844,2026-10-01T23:11:23.693897+05:30,WAITING FOR 0.786,2025-09-26,491.6499938964844,2026-03-30,297.0,,449.9948952026367,394.3249969482422,542.2589923095703,11.132326575303516
KIMS.NS,736.25,2026-10-01T23:11:23.693897+05:30,WAITING FOR 0.786,2026-07-06,858.0,2026-10-01,722.4000244140625,,828.9816052246094,790.2000122070312,893.2559936523437,11.18620782900052
CMLL.NS,523.0499877929688,2026-10-01T23:11:23.693897+05:30,WAITING FOR 0.786,2026-07-27,624.4000244140625,2026-09-11,460.0,,589.2184191894531,542.2000122070312,667.1440307617188,11.229864722747076
ELECTCAST.NS,74.54000091552734,2026-10-01T23:11:23.693897+05:30,WAITING FOR 0.786,2026-09-03,87.77999877929688,2026-09-28,70.0999984741211,,83.99647871398926,78.93999862670898,92.37679885864257,11.258183608698088
APOLLO.NS,394.0,2026-10-01T23:11:23.693897+05:30,WAITING FOR 0.786,2026-07-03,466.5,2026-09-16,361.3999938964844,,444.00859869384766,413.9499969482422,493.82600158691406,11.262979780337439
SOLARINDS.NS,19400.0,2026-10-01T23:11:23.693897+05:30,WAITING FOR 0.786,2026-09-15,22700.0,2026-10-01,18786.0,,21862.404,20743.0,23717.64,11.263189537619004
RAJPALAYAM.NS,738.0,2026-10-01T23:11:23.693897+05:30,WAITING FOR 0.786,2026-07-15,860.0,2026-10-01,730.0,,832.1800000000001,795.0,893.8,11.3172630921195
VAIBHAVGBL.NS,203.52999877929688,2026-10-01T23:11:23.693897+05:30,WAITING FOR 0.786,2026-08-12,238.39999389648438,2026-10-01,196.8800048828125,,229.5147162475586,217.63999938964844,249.19519104003905,11.321591004314577
AURUM.NS,223.41000366210938,2026-10-01T23:11:23.693897+05:30,WAITING FOR 0.786,2026-07-15,264.6400146484375,2026-08-04,205.35000610351562,,251.9519528198242,234.99501037597656,280.0554168701172,11.328330198784268
MAHABANK.NS,80.5,2026-10-01T23:11:23.693897+05:30,WAITING FOR 0.786,2026-06-29,94.5,2026-08-07,77.19999694824219,,90.79779934692382,85.8499984741211,98.99800079345704,11.341463582809519
PERSISTENT.NS,5367.0,2026-10-01T23:11:23.693897+05:30,WAITING FOR 0.786,2026-02-03,6552.5,2026-06-30,4244.5,,6058.588,5398.5,7152.58,11.415002967688178
APLLTD.NS,815.25,2026-10-01T23:11:23.693897+05:30,WAITING FOR 0.786,2025-11-04,998.0,2026-03-23,635.7999877929688,,920.4891973876953,816.8999938964844,1092.1720031738282,11.432963872510307
FEDERALBNK.NS,318.20001220703125,2026-10-01T23:11:23.693897+05:30,WAITING FOR 0.786,2026-08-03,371.70001220703125,2026-10-01,313.75,,359.2987095947266,342.7250061035156,386.7670153808594,11.438587529037575
CRAFTSMAN.NS,10266.0,2026-10-01T23:11:23.693897+05:30,WAITING FOR 0.786,2026-09-09,11999.0,2026-10-01,10100.0,,11592.614,11049.5,12492.74,11.443614011473164
EVEREADY.NS,315.8500061035156,2026-10-01T23:11:23.693897+05:30,WAITING FOR 0.786,2026-09-10,369.3999938964844,2026-10-01,310.0,,356.68839520263674,339.6999969482422,384.8439923095703,11.449318129882132
HIKAL.NS,218.13999938964844,2026-10-01T23:11:23.693897+05:30,WAITING FOR 0.786,2026-09-07,257.0,2026-09-29,207.2100067138672,,246.34494143676758,232.1050033569336,269.94539825439455,11.449369279766136
DCI.NS,342.95001220703125,2026-10-01T23:11:23.693897+05:30,WAITING FOR 0.786,2026-08-31,424.3999938964844,2026-09-15,251.14999389648438,,387.32449389648434,337.7749938964844,469.44499389648433,11.45666808805346
PIDILITIND.NS,1464.0,2026-10-01T23:11:23.693897+05:30,WAITING FOR 0.786,2026-08-14,1707.5,2026-10-01,1456.800048828125,,1653.8502104492188,1582.1500244140625,1772.6819873046875,11.479286893681364
NIBL.NS,31.31999969482422,2026-10-01T23:11:23.693897+05:30,WAITING FOR 0.786,2026-09-11,36.689998626708984,2026-10-01,30.649999618530273,,35.39743883895874,33.66999912261963,38.26039836883545,11.519023064592053
RRKABEL.NS,2518.199951171875,2026-10-01T23:11:23.693897+05:30,WAITING FOR 0.786,2026-08-24,2983.800048828125,2026-09-16,2340.199951171875,,2846.0696279296876,2662.0,3151.13607421875,11.520086281104598
MANIPALHOS.NS,696.0,2026-10-01T23:11:23.693897+05:30,WAITING FOR 0.786,2026-08-28,815.0,2026-10-01,683.0,,786.752,749.0,849.3199999999999,11.535019930041482
GPPL.NS,165.8800048828125,2026-10-01T23:11:23.693897+05:30,WAITING FOR 0.786,2026-01-08,200.08999633789062,2026-03-30,141.5500030517578,,187.5624377746582,170.81999969482422,215.31039459228515,11.560114673864218
ANDHRAPAP.NS,71.36000061035156,2026-10-01T23:11:23.693897+05:30,WAITING FOR 0.786,2025-10-06,86.88999938964844,2026-03-30,58.0,,80.70753952026368,72.44499969482422,94.40139923095703,11.581989694488431
CCHHL.NS,12.989999771118164,2026-10-01T23:11:23.693897+05:30,WAITING FOR 0.786,2026-05-04,15.6899995803833,2026-06-12,11.029999732971191,,14.69275961303711,13.359999656677246,16.90159954071045,11.589108423226776
BEL.NS,383.1000061035156,2026-10-01T23:11:23.693897+05:30,WAITING FOR 0.786,2026-04-27,448.29998779296875,2026-10-01,378.6499938964844,,433.3948890991211,413.47499084472656,466.4089862060547,11.604862969231416
UNITDSPR.NS,1335.0999755859375,2026-10-01T23:11:23.693897+05:30,WAITING FOR 0.786,2026-08-21,1563.4000244140625,2026-10-01,1316.5,,1510.563419189453,1439.9500122070312,1627.5940307617188,11.615761468503372
BTML.NS,7.090000152587891,2026-10-01T23:11:23.693897+05:30,WAITING FOR 0.786,2026-09-08,8.489999771118164,2026-10-01,6.309999942779541,,8.023479807853699,7.3999998569488525,9.056799726486206,11.634349155488387
PPLPHARMA.NS,197.97000122070312,2026-10-01T23:11:23.693897+05:30,WAITING FOR 0.786,2026-09-08,231.92999267578125,2026-10-01,195.72999572753906,,224.1831933288574,213.82999420166016,241.3419918823242,11.69275525025723
TECHM.NS,1533.0,2026-10-01T23:11:23.693897+05:30,WAITING FOR 0.786,2026-02-03,1854.0,2026-03-09,1304.0999755859375,,1736.3213947753907,1579.0499877929688,1996.974006347656,11.709893996997726
BHARATSE.NS,204.64999389648438,2026-10-01T23:11:23.693897+05:30,WAITING FOR 0.786,2026-08-19,240.91000366210938,2026-09-16,198.36000061035156,,231.80430300903322,219.63500213623047,251.9730044555664,11.71432486802916
DATAPATTNS.NS,4251.2998046875,2026-10-01T23:11:23.693897+05:30,WAITING FOR 0.786,2026-09-09,4999.89990234375,2026-10-01,4155.2998046875,,4819.155481445312,4577.599853515625,5219.495927734375,11.783302675005343
AYMSYNTEX.NS,279.95001220703125,2026-10-01T23:11:23.693897+05:30,WAITING FOR 0.786,2026-09-08,330.0,2026-10-01,271.6499938964844,,317.51309869384767,300.8249969482422,345.17100158691403,11.830405309683139
ARVSMART.NS,592.5,2026-10-01T23:11:23.693897+05:30,WAITING FOR 0.786,2026-08-24,707.8499755859375,2026-09-18,540.3499755859375,,672.0049755859375,624.0999755859375,751.3999755859375,11.831009958909181
EIEL.NS,184.0,2026-10-01T23:11:23.693897+05:30,WAITING FOR 0.786,2026-09-10,215.74000549316406,2026-10-01,182.9499969482422,,208.72294366455077,199.34500122070312,224.26540771484375,11.844861532944009
DCBBANK.NS,199.7100067138672,2026-10-01T23:11:23.693897+05:30,WAITING FOR 0.786,2026-09-08,234.8000030517578,2026-10-01,196.80999755859375,,226.6701418762207,215.80500030517578,244.67740447998045,11.893994921076025
EPL.NS,232.38999938964844,2026-10-01T23:11:23.693897+05:30,WAITING FOR 0.786,2026-08-21,274.0299987792969,2026-10-01,226.69000244140625,,263.89923956298827,250.36000061035156,286.33839782714847,11.93987531965552
PATELENG.NS,25.920000076293945,2026-10-01T23:11:23.693897+05:30,WAITING FOR 0.786,2026-07-20,30.549999237060547,2026-09-16,25.3799991607666,,29.443619220733645,27.964999198913574,31.89419925689697,11.967343817428642
BALPHARMA.NS,105.73999786376953,2026-10-01T23:11:23.693897+05:30,WAITING FOR 0.786,2026-09-10,124.5999984741211,2026-09-28,103.80000305175781,,120.14879945373535,114.20000076293945,130.00799728393554,11.992464057465751
RELIABLE.NS,140.72999572753906,2026-10-01T23:11:23.693897+05:30,WAITING FOR 0.786,2026-02-04,175.0,2026-03-27,104.73999786376953,,159.9643595428467,139.86999893188477,193.2676005554199,12.024155799627152
JINDALSAW.NS,270.29998779296875,2026-10-01T23:11:23.693897+05:30,WAITING FOR 0.786,2026-09-10,320.0,2026-10-01,260.6000061035156,,307.28840130615237,290.3000030517578,335.4439984130859,12.037035357000653
INSECTICID.NS,568.7000122070312,2026-10-01T23:11:23.693897+05:30,WAITING FOR 0.786,2026-08-04,669.9000244140625,2026-10-01,561.0499877929688,,646.6061165771484,615.4750061035156,698.2010339355469,12.048463875120486
UNIVCABLES.NS,1451.300048828125,2026-10-01T23:11:23.693897+05:30,WAITING FOR 0.786,2026-08-31,1735.0,2026-09-16,1338.4000244140625,,1650.1276052246094,1536.7000122070312,1838.1159936523438,12.049223088381744
TECHNOE.NS,998.5999755859375,2026-10-01T23:11:23.693897+05:30,WAITING FOR 0.786,2026-05-27,1189.9000244140625,2026-09-16,936.0,,1135.5654191894532,1062.9500122070312,1255.9140307617188,12.061431361768594
LIKHITHA.NS,225.6199951171875,2026-10-01T23:11:23.693897+05:30,WAITING FOR 0.786,2026-06-30,272.0,2026-09-02,200.0,,256.592,236.0,290.72,12.070526315244624
KKCL.NS,475.6499938964844,2026-10-01T23:11:23.693897+05:30,WAITING FOR 0.786,2026-08-05,568.0499877929688,2026-10-01,441.54998779296875,,540.9789877929687,504.79998779296875,600.9399877929687,12.076068640485827
KIRLOSENG.NS,2242.699951171875,2026-10-01T23:11:23.693897+05:30,WAITING FOR 0.786,2026-06-23,2720.0,2026-09-16,1934.0,,2551.7960000000003,2327.0,2924.36,12.112882410197573
MUNJALSHOW.NS,124.52999877929688,2026-10-01T23:11:23.693897+05:30,WAITING FOR 0.786,2026-08-03,147.10000610351562,2026-10-01,121.9000015258789,,141.70720512390136,134.50000381469727,153.65200729370116,12.121618184188755
HERITGFOOD.NS,402.8999938964844,2026-10-01T23:11:23.693897+05:30,WAITING FOR 0.786,2025-10-28,503.79998779296875,2026-03-30,292.54998779296875,,458.59248779296877,398.17498779296875,558.7249877929687,12.144222894821324
HNDFDS.NS,574.5999755859375,2026-10-01T23:11:23.693897+05:30,WAITING FOR 0.786,2026-08-19,677.75,2026-10-01,567.2999877929688,,654.1136973876953,622.5249938964844,706.4670031738281,12.155948135516534
JMA.NS,87.63999938964844,2026-10-01T23:11:23.693897+05:30,WAITING FOR 0.786,2026-08-28,103.69999694824219,2026-09-29,85.33999633789062,,99.77095681762695,94.5199966430664,108.4735971069336,12.15880634496961
JSL.NS,732.7000122070312,2026-10-01T23:11:23.693897+05:30,WAITING FOR 0.786,2026-01-07,884.0,2026-06-11,652.25,,834.4055000000001,768.125,944.255,12.188976198379423
CREDITACC.NS,1239.0,2026-10-01T23:11:23.693897+05:30,WAITING FOR 0.786,2026-09-04,1468.0,2026-09-29,1209.0999755859375,,1412.5953947753906,1338.5499877929688,1535.3140063476562,12.289109494300247
SENORES.NS,1349.5999755859375,2026-10-01T23:11:23.693897+05:30,WAITING FOR 0.786,2026-08-24,1599.0,2026-10-01,1319.4000244140625,,1539.1656052246094,1459.2000122070312,1671.6959936523438,12.316129531169501
INDOTECH.NS,3347.60009765625,2026-10-01T23:11:23.693897+05:30,WAITING FOR 0.786,2026-08-24,4030.0,2026-09-25,3050.10009765625,,3820.3014208984378,3540.050048828125,4284.773974609375,12.373403853851418
ZENTEC.NS,1576.0999755859375,2026-10-01T23:11:23.693897+05:30,WAITING FOR 0.786,2026-09-03,1866.4000244140625,2026-10-01,1550.0,,1798.6904191894532,1708.2000122070312,1948.6640307617188,12.375139225115905
KENNAMET.NS,4277.5,2026-10-01T23:11:23.693897+05:30,WAITING FOR 0.786,2026-09-10,5136.0,2026-09-30,3958.10009765625,,4883.9294208984375,4547.050048828125,5442.253974609375,12.4168342462836
MANALIPETC.NS,78.1500015258789,2026-10-01T23:11:23.693897+05:30,WAITING FOR 0.786,2026-09-08,93.0,2026-10-01,75.55999755859375,,89.26783947753907,84.27999877929688,97.53440063476563,12.454471864368974
STCINDIA.NS,105.95999908447266,2026-10-01T23:11:23.693897+05:30,WAITING FOR 0.786,2026-08-20,125.5,2026-09-29,105.0,,121.113,115.25,130.83,12.511456999271212
CMRGREEN.NS,223.3800048828125,2026-10-01T23:11:23.693897+05:30,WAITING FOR 0.786,2026-06-10,268.9599914550781,2026-08-19,205.25,,255.3260532836914,237.10499572753906,285.52458923339844,12.511863944171738
KRN.NS,1414.699951171875,2026-10-01T23:11:23.693897+05:30,WAITING FOR 0.786,2026-09-09,1687.0,2026-09-29,1362.0999755859375,,1617.4713947753908,1524.5499877929688,1771.4740063476563,12.536323316658931
SHIVAMILLS.NS,56.59000015258789,2026-10-01T23:11:23.693897+05:30,WAITING FOR 0.786,2026-08-11,67.0,2026-10-01,56.27000045776367,,64.70378009796143,61.635000228881836,69.78979988098145,12.539885510690855
HONASA.NS,427.8999938964844,2026-10-01T23:11:23.693897+05:30,WAITING FOR 0.786,2026-08-14,509.79998779296875,2026-10-01,413.8500061035156,,489.2666917114258,461.8249969482422,534.7469830322266,12.542586457354036
MERCURYEV.NS,37.060001373291016,2026-10-01T23:11:23.693897+05:30,WAITING FOR 0.786,2026-09-11,44.04999923706055,2026-09-29,36.27000045776367,,42.38507949829101,40.15999984741211,46.07279891967774,12.563567623400843
TNPETRO.NS,123.18000030517578,2026-10-01T23:11:23.693897+05:30,WAITING FOR 0.786,2026-09-08,146.99000549316406,2026-10-01,118.5,,140.89314431762696,132.74500274658203,154.39740692138673,12.572041101246906
AARTIIND.NS,465.1000061035156,2026-10-01T23:11:23.693897+05:30,WAITING FOR 0.786,2026-08-25,551.75,2026-09-16,459.54998779296875,,532.0191973876953,505.6499938964844,575.7220031738282,12.578341460752593
DBL.NS,399.1000061035156,2026-10-01T23:11:23.693897+05:30,WAITING FOR 0.786,2026-08-05,474.70001220703125,2026-09-07,390.0,,456.57420959472654,432.3500061035156,496.7220153808594,12.588140609656273
SAATVIKGL.NS,405.54998779296875,2026-10-01T23:11:23.693897+05:30,WAITING FOR 0.786,2026-07-15,485.54998779296875,2026-08-17,384.70001220703125,,463.9680930175781,435.125,511.7709814453125,12.590974703598013
SCHNEIDER.NS,1275.4000244140625,2026-10-01T23:11:23.693897+05:30,WAITING FOR 0.786,2026-07-08,1548.0,2026-08-25,1134.9000244140625,,1459.5966052246094,1341.4500122070312,1655.4059936523438,12.619690957845297
AMBICAAGAR.NS,23.889999389648438,2026-10-01T23:11:23.693897+05:30,WAITING FOR 0.786,2026-09-04,28.350000381469727,2026-10-01,23.670000076293945,,27.34848031616211,26.010000228881836,29.56680046081543,12.64597113452705
SATIN.NS,227.47000122070312,2026-10-01T23:11:23.693897+05:30,WAITING FOR 0.786,2026-07-27,274.1400146484375,2026-09-10,210.0,,260.4140515136719,242.07000732421875,290.81641845703126,12.650642352622507
METROGLOBL.NS,131.52000427246094,2026-10-01T23:11:23.693897+05:30,WAITING FOR 0.786,2026-08-18,157.0,2026-09-28,126.98999786376953,,150.57785954284668,141.99499893188477,164.80260055541993,12.656479065544735
BALMLAWRIE.NS,159.3000030517578,2026-10-01T23:11:23.693897+05:30,WAITING FOR 0.786,2026-06-01,189.0,2026-10-01,158.10000610351562,,182.38740130615236,173.5500030517578,197.03399841308595,12.65843917346047
BLACKBUCK.NS,606.1500244140625,2026-10-01T23:11:23.693897+05:30,WAITING FOR 0.786,2025-10-21,748.0,2026-05-22,496.0,,694.072,622.0,813.52,12.667558349268882
NESTLEIND.NS,1307.699951171875,2026-10-01T23:11:23.693897+05:30,WAITING FOR 0.786,2026-08-07,1553.0,2026-10-01,1295.0,,1497.788,1424.0,1620.08,12.691251954757615
APCOTEXIND.NS,593.25,2026-10-01T23:11:23.693897+05:30,WAITING FOR 0.786,2026-07-30,712.0,2026-09-16,560.8499755859375,,679.6538947753907,636.4249877929688,751.2990063476562,12.712925716984977
GLOBUSSPR.NS,786.9000244140625,2026-10-01T23:11:23.693897+05:30,WAITING FOR 0.786,2026-08-06,936.0,2026-10-01,775.0,,901.546,855.5,977.86,12.716597443273836
RAIN.NS,208.52000427246094,2026-10-01T23:11:23.693897+05:30,WAITING FOR 0.786,2026-08-07,252.0,2026-09-16,191.0399932861328,,238.9545585632324,221.5199966430664,267.84960174560547,12.736544753013302
INGERRAND.NS,4158.7998046875,2026-10-01T23:11:23.693897+05:30,WAITING FOR 0.786,2026-09-02,4955.0,2026-10-01,4075.699951171875,,4766.829789550781,4515.3499755859375,5183.618012695312,12.755437297050648
NIPPOBATRY.NS,314.45001220703125,2026-10-01T23:11:23.693897+05:30,WAITING FOR 0.786,2026-06-17,373.95001220703125,2026-10-01,311.29998779296875,,360.54290698242187,342.625,390.2390185546875,12.784302196142736
GOKEX.NS,688.75,2026-10-01T23:11:23.693897+05:30,WAITING FOR 0.786,2026-08-18,823.4500122070312,2026-09-29,666.0,,789.7557095947266,744.7250061035156,864.3870153808593,12.789487732422847
AEPL.NS,15.34000015258789,2026-10-01T23:11:23.693897+05:30,WAITING FOR 0.786,2026-09-08,18.5,2026-09-30,14.260000228881836,,17.592640048980712,16.380000114440918,19.602399940490724,12.80444487081594
A2ZINFRA.NS,14.380000114440918,2026-10-01T23:11:23.693897+05:30,WAITING FOR 0.786,2026-08-28,17.1200008392334,2026-10-01,14.1899995803833,,16.492980569839478,15.65500020980835,17.881801166534423,12.811392376600155
MARALOVER.NS,57.70000076293945,2026-10-01T23:11:23.693897+05:30,WAITING FOR 0.786,2026-09-08,68.88999938964844,2026-10-01,56.25,,66.18503952026367,62.56999969482422,72.17639923095703,12.820176309974674
IGARASHI.NS,398.95001220703125,2026-10-01T23:11:23.693897+05:30,WAITING FOR 0.786,2026-09-15,476.8999938964844,2026-10-01,387.04998779296875,,457.672092590332,431.97499084472656,500.26099548339846,12.830601064387734
RITCO.NS,276.70001220703125,2026-10-01T23:11:23.693897+05:30,WAITING FOR 0.786,2026-09-07,331.1499938964844,2026-10-01,267.1000061035156,,317.44329650878905,299.125,347.80299072265626,12.834822706873489
KHAITANLTD.NS,147.19000244140625,2026-10-01T23:11:23.693897+05:30,WAITING FOR 0.786,2026-09-03,178.0,2026-09-29,135.39999389648438,,168.88359869384766,156.6999969482422,189.07600158691406,12.845294877785959
KOTHARIPET.NS,126.58000183105469,2026-10-01T23:11:23.693897+05:30,WAITING FOR 0.786,2026-09-09,150.75,2026-10-01,125.05999755859375,,145.25233947753907,137.90499877929688,157.4294006347656,12.855102860062198
VOEPL.NS,493.0,2026-10-01T23:11:23.693897+05:30,WAITING FOR 0.786,2026-08-26,593.4500122070312,2026-09-17,464.04998779296875,,565.7584069824219,528.75,627.0940185546875,12.860331562811844
SHRIRAMPPS.NS,67.36000061035156,2026-10-01T23:11:23.693897+05:30,WAITING FOR 0.786,2026-08-31,80.5,2026-10-01,65.58999633789062,,77.30925921630859,73.04499816894531,84.37660095214844,12.869426905410322
AARVI.NS,137.1199951171875,2026-10-01T23:11:23.693897+05:30,WAITING FOR 0.786,2026-07-31,164.89999389648438,2026-10-01,130.0,,157.4313952026367,147.4499969482422,173.97399230957032,12.901746858881314
DCMNVL.NS,166.47000122070312,2026-10-01T23:11:23.693897+05:30,WAITING FOR 0.786,2026-08-27,198.5800018310547,2026-10-01,164.0,,191.179881439209,181.29000091552734,207.5708023071289,12.924937515647047
OMAXAUTO.NS,201.13999938964844,2026-10-01T23:11:23.693897+05:30,WAITING FOR 0.786,2026-07-15,250.0,2026-09-16,161.2100067138672,,230.99894143676758,205.6050033569336,273.08539825439453,12.92600817190003
SHIVATEX.NS,172.60000610351562,2026-10-01T23:11:23.693897+05:30,WAITING FOR 0.786,2025-11-06,217.9199981689453,2026-03-30,126.05999755859375,,198.26195803833008,171.98999786376953,241.80359832763673,12.943457327226243
BAJAJHLDNG.NS,10666.0,2026-10-01T23:11:23.693897+05:30,WAITING FOR 0.786,2025-11-06,13250.0,2026-04-02,8588.0,,12252.332,10919.0,14462.119999999999,12.947184258474225
ORTINGLOBE.NS,14.520000457763672,2026-10-01T23:11:23.693897+05:30,WAITING FOR 0.786,2026-09-16,17.3799991607666,2026-10-01,14.109999656677246,,16.68021926689148,15.744999408721924,18.230199031829834,12.95078184862726
HAWKINCOOK.NS,8026.0,2026-10-01T23:11:23.693897+05:30,WAITING FOR 0.786,2026-07-21,9600.0,2026-09-30,7828.5,,9220.899,8714.25,10060.59,12.9585954688366
PNBGILTS.NS,71.62999725341797,2026-10-01T23:11:23.693897+05:30,WAITING FOR 0.786,2026-09-04,85.5,2026-10-01,70.80000305175781,,82.35420065307618,78.1500015258789,89.32199920654297,13.022047830729115
LLOYDSME.NS,1776.800048828125,2026-10-01T23:11:23.693897+05:30,WAITING FOR 0.786,2026-08-10,2125.0,2026-09-15,1741.0,,2042.824,1933.0,2224.84,13.022362727864714
SJS.NS,2159.800048828125,2026-10-01T23:11:23.693897+05:30,WAITING FOR 0.786,2026-08-06,2590.0,2026-10-01,2090.800048828125,,2483.171210449219,2340.4000244140625,2719.7919873046876,13.022507681320707
LAXMIINDIA.NS,119.0199966430664,2026-10-01T23:11:23.693897+05:30,WAITING FOR 0.786,2026-08-12,143.0,2026-09-29,114.51000213623047,,136.9031404571533,128.75500106811523,150.40739944458008,13.062624972933918
VIDYAWIRES.NS,90.97000122070312,2026-10-01T23:11:23.693897+05:30,WAITING FOR 0.786,2026-06-23,110.8499984741211,2026-09-16,82.0,,104.67609880065918,96.42499923706055,118.35099807739257,13.093817726296214
ASTRAMICRO.NS,1624.5,2026-10-01T23:11:23.693897+05:30,WAITING FOR 0.786,2026-07-31,1960.0,2026-09-16,1537.0999755859375,,1869.4993947753906,1748.5499877929688,2069.954006347656,13.105080186710936
MANAPPURAM.NS,308.8999938964844,2026-10-01T23:11:23.693897+05:30,WAITING FOR 0.786,2026-08-27,369.8999938964844,2026-10-01,303.3500061035156,,355.6582965087891,336.625,387.20299072265624,13.146973674252305
AUSOMENT.NS,139.0,2026-10-01T23:11:23.693897+05:30,WAITING FOR 0.786,2026-09-04,166.58999633789062,2026-09-28,136.0,,160.04373712158204,151.2949981689453,174.5433953857422,13.148741400355787
TRUALT.NS,444.29998779296875,2026-10-01T23:11:23.693897+05:30,WAITING FOR 0.786,2026-06-10,542.0,2026-09-15,400.0,,511.612,471.0,578.92,13.15684780791523
NGLFINE.NS,2924.0,2026-10-01T23:11:23.693897+05:30,WAITING FOR 0.786,2026-08-12,3602.0,2026-09-16,2505.10009765625,,3367.2634208984373,3053.550048828125,3887.193974609375,13.16390687308235
JINDRILL.NS,587.6500244140625,2026-10-01T23:11:23.693897+05:30,WAITING FOR 0.786,2026-09-10,704.4000244140625,2026-10-01,575.6500244140625,,676.8475244140625,640.0250244140625,737.8750244140625,13.178374269332968
GOACARBON.NS,402.8999938964844,2026-10-01T23:11:23.693897+05:30,WAITING FOR 0.786,2026-09-10,484.0,2026-10-01,392.04998779296875,,464.3226973876953,438.0249938964844,507.9070031738281,13.228451642958314
WEWORK.NS,659.5999755859375,2026-10-01T23:11:23.693897+05:30,WAITING FOR 0.786,2026-08-06,794.5,2026-09-25,634.9000244140625,,760.3456052246094,714.7000122070312,835.9959936523437,13.249978555332238
NUVAMA.NS,1701.4000244140625,2026-10-01T23:11:23.693897+05:30,WAITING FOR 0.786,2026-07-24,2066.0,2026-08-10,1578.5999755859375,,1961.6963947753907,1822.2999877929688,2192.724006347656,13.268942689326371
SUNDRMFAST.NS,1123.5999755859375,2026-10-01T23:11:23.693897+05:30,WAITING FOR 0.786,2026-09-10,1347.199951171875,2026-10-01,1106.0999755859375,,1295.6045563964844,1226.6499633789062,1409.8859448242188,13.276009254625501
SILLYMONKS.NS,22.049999237060547,2026-10-01T23:11:23.693897+05:30,WAITING FOR 0.786,2025-11-06,28.450000762939453,2026-09-11,14.350000381469727,,25.432600681304933,21.40000057220459,32.11600086212158,13.300257754335279
VOLTAMP.NS,10426.0,2026-10-01T23:11:23.693897+05:30,WAITING FOR 0.786,2026-05-04,12863.0,2026-05-19,8950.0,,12025.618,10906.5,13880.380000000001,13.301752974358577
GTL.NS,6.820000171661377,2026-10-01T23:11:23.693897+05:30,WAITING FOR 0.786,2026-08-07,8.199999809265137,2026-09-29,6.650000095367432,,7.868299870491028,7.424999952316284,8.60299973487854,13.323077616311426
TARMAT.NS,57.22999954223633,2026-10-01T23:11:23.693897+05:30,WAITING FOR 0.786,2026-08-14,69.6500015258789,2026-09-21,52.97999954223633,,66.0826211013794,61.31500053405762,73.98420204162598,13.39629302167357
RBA.NS,92.22000122070312,2026-10-01T23:11:23.693897+05:30,WAITING FOR 0.786,2026-08-24,111.1500015258789,2026-10-01,89.5,,106.51690119934082,100.32500076293945,116.77900192260742,13.422189171539825
HATSUN.NS,1118.0999755859375,2026-10-01T23:11:23.693897+05:30,WAITING FOR 0.786,2026-09-15,1349.699951171875,2026-10-01,1078.300048828125,,1291.6203720703124,1214.0,1420.26392578125,13.43431864629408
EMKAY.NS,286.79998779296875,2026-10-01T23:11:23.693897+05:30,WAITING FOR 0.786,2025-10-20,370.8999938964844,2026-03-30,186.0,,331.3313952026367,278.4499969482422,418.97399230957035,13.440141216449863
NH.NS,1741.4000244140625,2026-10-01T23:11:23.693897+05:30,WAITING FOR 0.786,2026-07-29,2092.89990234375,2026-10-01,1714.0999755859375,,2011.8367180175783,1903.4999389648438,2191.387883300781,13.442278450410154
NAHARINDUS.NS,127.73999786376953,2026-10-01T23:11:23.693897+05:30,WAITING FOR 0.786,2026-08-25,154.0,2026-09-16,124.0,,147.58,139.0,161.8,13.443557484910205
SHAILY.NS,3009.10009765625,2026-10-01T23:11:23.693897+05:30,WAITING FOR 0.786,2026-08-11,3615.199951171875,2026-10-01,2972.800048828125,,3477.7263720703127,3294.0,3782.22392578125,13.47507607779638
NITIRAJ.NS,200.89999389648438,2026-10-01T23:11:23.693897+05:30,WAITING FOR 0.786,2026-09-04,241.0,2026-10-01,200.0,,232.226,220.5,251.66,13.489448254508806
PREMEXPLN.NS,682.0499877929688,2026-10-01T23:11:23.693897+05:30,WAITING FOR 0.786,2026-06-30,829.7999877929688,2026-08-07,636.4000244140625,,788.4123956298828,733.1000061035156,880.0839782714844,13.490707201773306
BALRAMCHIN.NS,649.0499877929688,2026-10-01T23:11:23.693897+05:30,WAITING FOR 0.786,2026-08-20,780.9500122070312,2026-10-01,638.0,,750.3587095947265,709.4750061035156,818.1170153808594,13.50137214459405
MMFL.NS,571.9500122070312,2026-10-01T23:11:23.693897+05:30,WAITING FOR 0.786,2026-08-18,687.9500122070312,2026-10-01,564.0,,661.4247095947266,625.9750061035156,720.1770153808594,13.527571028079516
OFSS.NS,10420.0,2026-10-01T23:11:23.693897+05:30,WAITING FOR 0.786,2026-08-31,12540.0,2026-10-01,10263.0,,12052.722,11401.5,13132.02,13.54650011839649
HINDOILEXP.NS,167.30999755859375,2026-10-01T23:11:23.693897+05:30,WAITING FOR 0.786,2026-09-09,201.44000244140625,2026-10-01,164.5,,193.53484191894532,182.97000122070312,211.04440307617188,13.550451226417849
SAYAJIHOTL.NS,304.0,2026-10-01T23:11:23.693897+05:30,WAITING FOR 0.786,2026-08-28,365.20001220703125,2026-09-29,302.0,,351.67520959472654,333.6000061035156,381.63201538085934,13.556602312021893
VHL.NS,3435.300048828125,2026-10-01T23:11:23.693897+05:30,WAITING FOR 0.786,2025-10-27,4275.0,2026-03-30,2870.0,,3974.33,3572.5,4640.3,13.562787971101416
MAITHANALL.NS,927.0,2026-10-01T23:11:23.693897+05:30,WAITING FOR 0.786,2026-09-08,1119.4000244140625,2026-10-01,901.0,,1072.6624191894532,1010.2000122070312,1176.1840307617188,13.579521066797659
KALYANKJIL.NS,528.5,2026-10-01T23:11:23.693897+05:30,WAITING FOR 0.786,2026-08-27,635.9500122070312,2026-10-01,522.5,,611.6717095947265,579.2250061035156,665.4470153808594,13.59744259708093
PONNIERODE.NS,372.3500061035156,2026-10-01T23:11:23.693897+05:30,WAITING FOR 0.786,2026-08-24,455.0,2026-09-16,343.1000061035156,,431.05340130615235,399.0500030517578,484.09399841308596,13.618589953067808
SALONA.NS,254.35000610351562,2026-10-01T23:11:23.693897+05:30,WAITING FOR 0.786,2026-07-23,309.79998779296875,2026-08-07,238.10000610351562,,294.4561917114258,273.9499969482422,328.4419830322266,13.620425291384327
COSMOFIRST.NS,826.8499755859375,2026-10-01T23:11:23.693897+05:30,WAITING FOR 0.786,2026-09-01,996.0,2026-10-01,815.0499877929688,,957.2766973876953,905.5249938964844,1043.0470031738282,13.624767233724402
TITAGARH.NS,805.0999755859375,2026-10-01T23:11:23.693897+05:30,WAITING FOR 0.786,2026-06-18,971.0,2026-09-16,789.4500122070312,,932.1483026123046,880.2250061035156,1018.2029968261719,13.62962595869346
NSLNISP.NS,40.95000076293945,2026-10-01T23:11:23.693897+05:30,WAITING FOR 0.786,2026-08-28,49.400001525878906,2026-10-01,40.150001525878906,,47.420501525878905,44.775001525878906,51.80500152587891,13.644943757940412
ADFFOODS.NS,281.3999938964844,2026-10-01T23:11:23.693897+05:30,WAITING FOR 0.786,2026-07-02,346.95001220703125,2026-09-16,248.8000030517578,,325.9459102478028,297.87500762939453,372.46901458740234,13.666659083849844
CPL.NS,62.459999084472656,2026-10-01T23:11:23.693897+05:30,WAITING FOR 0.786,2026-07-27,75.73999786376953,2026-10-01,59.97999954223633,,72.36735822296143,67.85999870300293,79.83759742736817,13.690370053255954
SINGERIND.NS,74.66000366210938,2026-10-01T23:11:23.693897+05:30,WAITING FOR 0.786,2026-08-12,91.30000305175781,2026-09-10,69.0,,86.52780239868164,80.1500015258789,97.09800384521485,13.715590142796795
AARTIDRUGS.NS,421.0,2026-10-01T23:11:23.693897+05:30,WAITING FOR 0.786,2025-11-10,534.0,2026-03-30,318.95001220703125,,487.9793026123047,426.4750061035156,589.9129968261718,13.725849078791603
PANAMAPET.NS,487.1000061035156,2026-10-01T23:11:23.693897+05:30,WAITING FOR 0.786,2026-08-12,599.5999755859375,2026-09-16,436.8500061035156,,564.7714821166992,518.2249908447266,641.9149676513672,13.752726274719063
BLUESTARCO.NS,1459.5999755859375,2026-10-01T23:11:23.693897+05:30,WAITING FOR 0.786,2026-07-15,1763.199951171875,2026-09-09,1432.300048828125,,1692.3873720703125,1597.75,1849.23392578125,13.754971251032448
ASIANENE.NS,466.75,2026-10-01T23:11:23.693897+05:30,WAITING FOR 0.786,2026-09-08,565.7000122070312,2026-10-01,451.25,,541.2077095947266,508.4750061035156,595.4570153808594,13.757695663737469
ANANTRAJ.NS,577.8499755859375,2026-10-01T23:11:23.693897+05:30,WAITING FOR 0.786,2025-10-07,743.6500244140625,2026-03-30,403.0,,670.7509191894532,573.3250122070312,832.2190307617187,13.850289421262179
ANURAS.NS,1163.699951171875,2026-10-01T23:11:23.693897+05:30,WAITING FOR 0.786,2026-05-07,1415.0,2026-09-15,1115.800048828125,,1350.9712104492187,1265.4000244140625,1492.7919873046876,13.861972618578092
NATIONALUM.NS,334.8999938964844,2026-10-01T23:11:23.693897+05:30,WAITING FOR 0.786,2026-08-24,405.0,2026-10-01,329.5,,388.843,367.25,424.63,13.872695690424063
CARYSIL.NS,1044.800048828125,2026-10-01T23:11:23.693897+05:30,WAITING FOR 0.786,2026-08-10,1273.0,2026-10-01,995.7000122070312,,1213.6578026123047,1134.3500061035156,1345.0979968261718,13.913127194562295
LCCINFOTEC.NS,3.9000000953674316,2026-10-01T23:11:23.693897+05:30,WAITING FOR 0.786,2026-07-07,4.980000019073486,2026-09-11,2.880000114440918,,4.530600039482117,3.930000066757202,5.525999994277955,13.918684911916607
GABRIEL.NS,1315.0,2026-10-01T23:11:23.693897+05:30,WAITING FOR 0.786,2026-08-05,1600.0,2026-09-16,1268.199951171875,,1528.9947895507812,1434.0999755859375,1686.2680126953126,13.99578278573813
RISHABH.NS,698.7999877929688,2026-10-01T23:11:23.693897+05:30,WAITING FOR 0.786,2026-09-09,852.0,2026-10-01,668.5499877929688,,812.7416973876954,760.2749938964844,899.6970031738281,14.019424616819427
ETHOSLTD.NS,2531.89990234375,2026-10-01T23:11:23.693897+05:30,WAITING FOR 0.786,2026-08-03,3090.39990234375,2026-09-29,2410.39990234375,,2944.87990234375,2750.39990234375,3267.19990234375,14.023661870601936
SANGHVIMOV.NS,429.5,2026-10-01T23:11:23.693897+05:30,WAITING FOR 0.786,2026-08-10,528.0,2026-09-16,395.29998779296875,,499.6021973876953,461.6499938964844,562.5020031738281,14.031603094270507
JSWDULUX.NS,3020.60009765625,2026-10-01T23:11:23.693897+05:30,WAITING FOR 0.786,2025-12-02,3745.0,2026-03-09,2667.0,,3514.308,3206.0,4025.2799999999997,14.04850975906921
MCLEODRUSS.NS,42.5099983215332,2026-10-01T23:11:23.693897+05:30,WAITING FOR 0.786,2026-08-26,51.939998626708984,2026-09-16,40.36000061035156,,49.4618790512085,46.14999961853027,54.95079811096191,14.055027554610142
EXIDEIND.NS,409.45001220703125,2026-10-01T23:11:23.693897+05:30,WAITING FOR 0.786,2026-08-11,496.3999938964844,2026-09-29,403.1499938964844,,476.44449389648435,449.7749938964844,520.6449938964844,14.06134031302475
ARMANFIN.NS,1764.4000244140625,2026-10-01T23:11:23.693897+05:30,WAITING FOR 0.786,2026-08-13,2158.60009765625,2026-09-28,1666.199951171875,,2053.226466308594,1912.4000244140625,2286.6241357421877,14.066954943056029
NAM-INDIA.NS,1046.0,2026-10-01T23:11:23.693897+05:30,WAITING FOR 0.786,2026-08-24,1269.5,2026-10-01,1026.4000244140625,,1217.4766052246093,1147.9500122070312,1332.7059936523438,14.0845913990252
CIPLA.NS,1344.0,2026-10-01T23:11:23.693897+05:30,WAITING FOR 0.786,2025-10-23,1673.0,2026-04-02,1165.699951171875,,1564.4377895507812,1419.3499755859375,1804.8980126953124,14.090543645975117
TTKPRESTIG.NS,506.3999938964844,2026-10-01T23:11:23.693897+05:30,WAITING FOR 0.786,2026-08-26,614.7000122070312,2026-10-01,497.0,,589.5122095947265,555.8500061035156,645.3020153808594,14.098472320934544
ALKYLAMINE.NS,1741.4000244140625,2026-10-01T23:11:23.693897+05:30,WAITING FOR 0.786,2026-08-24,2115.0,2026-10-01,1706.5999755859375,,2027.6023947753906,1910.7999877929688,2221.184006347656,14.115310333958863
TRAVELFOOD.NS,1208.0999755859375,2026-10-01T23:11:23.693897+05:30,WAITING FOR 0.786,2026-08-07,1470.9000244140625,2026-09-29,1171.0,,1406.7214191894532,1320.9500122070312,1548.8740307617188,14.119458259046095
SESHAPAPER.NS,236.35000610351562,2026-10-01T23:11:23.693897+05:30,WAITING FOR 0.786,2026-02-18,293.1099853515625,2026-06-24,209.9600067138672,,275.3158899230957,251.53499603271484,314.7289797973633,14.153154701846113
HEROMOTOCO.NS,5168.0,2026-10-01T23:11:23.693897+05:30,WAITING FOR 0.786,2025-12-05,6388.5,2026-06-30,4671.5,,6021.062,5530.0,6834.92,14.167965717675719
EMMVEE.NS,305.8999938964844,2026-10-01T23:11:23.693897+05:30,WAITING FOR 0.786,2026-07-16,371.54998779296875,2026-10-01,300.8500061035156,,356.4201917114258,336.1999969482422,389.9319830322266,14.174336636866212
KRISHIVAL.NS,394.5,2026-10-01T23:11:23.693897+05:30,WAITING FOR 0.786,2025-10-23,508.0,2026-03-09,282.29998779296875,,459.7001973876953,395.1499938964844,566.6820031738282,14.183199780683955
ASIANHOTNR.NS,348.1000061035156,2026-10-01T23:11:23.693897+05:30,WAITING FOR 0.786,2026-09-08,423.79998779296875,2026-09-30,339.29998779296875,,405.7169877929688,381.54998779296875,445.7699877929688,14.201274145033885
WESTLIFE.NS,588.0499877929688,2026-10-01T23:11:23.693897+05:30,WAITING FOR 0.786,2025-09-29,763.7999877929688,2026-03-23,398.3999938964844,,685.6043890991211,581.0999908447266,858.8039862060547,14.22896394148499
EQUITASBNK.NS,68.41000366210938,2026-10-01T23:11:23.693897+05:30,WAITING FOR 0.786,2026-07-15,83.9000015258789,2026-09-28,64.62999725341797,,79.77622061157227,74.26499938964844,88.91020263671875,14.247625247634407
CINELINE.NS,85.95999908447266,2026-10-01T23:11:23.693897+05:30,WAITING FOR 0.786,2026-09-07,104.4000015258789,2026-10-01,85.25,,100.30190119934082,94.82500076293945,109.37900192260742,14.298734065234664
INDUSINDBK.NS,886.8499755859375,2026-10-01T23:11:23.693897+05:30,WAITING FOR 0.786,2026-07-22,1077.8499755859375,2026-09-29,878.0,,1035.0820808105468,977.9249877929688,1129.8109692382814,14.320806820318294
LOTUSEYE.NS,115.68000030517578,2026-10-01T23:11:23.693897+05:30,WAITING FOR 0.786,2026-06-15,143.1999969482422,2026-09-02,105.0,,135.02519760131835,124.0999984741211,153.13199615478516,14.327101637178934
LMW.NS,16548.0,2026-10-01T23:11:23.693897+05:30,WAITING FOR 0.786,2026-08-17,20151.0,2026-10-01,16257.0,,19317.684,18204.0,21163.44,14.337557235121977
ARCHIDPLY.NS,101.79000091552734,2026-10-01T23:11:23.693897+05:30,WAITING FOR 0.786,2026-08-25,124.77999877929688,2026-09-16,97.05000305175781,,118.84577969360352,110.91500091552734,131.98979766845702,14.351185899951771
OMNI.NS,608.6500244140625,2026-10-01T23:11:23.693897+05:30,WAITING FOR 0.786,2026-08-06,764.8499755859375,2026-09-07,513.0,,710.9540808105469,638.9249877929688,830.3309692382812,14.389685516658016
TTL.NS,7.849999904632568,2026-10-01T23:11:23.693897+05:30,WAITING FOR 0.786,2026-02-18,10.170000076293945,2026-08-11,5.5,,9.17062005996704,7.835000038146973,11.384200096130371,14.40055467022825
SHARDAMOTR.NS,928.7999877929688,2026-10-01T23:11:23.693897+05:30,WAITING FOR 0.786,2025-11-11,1189.9000244140625,2026-03-30,700.0,,1085.061419189453,944.9500122070312,1317.2740307617187,14.401160029559662
ULTRACEMCO.NS,10710.0,2026-10-01T23:11:23.693897+05:30,WAITING FOR 0.786,2026-02-10,13110.0,2026-03-23,10325.0,,12514.01,11717.5,13834.1,14.415922633911912
KNACK.NS,180.6699981689453,2026-10-01T23:11:23.693897+05:30,WAITING FOR 0.786,2026-08-10,222.0,2026-09-16,171.10000610351562,,211.10740130615235,196.5500030517578,235.23399841308594,14.417970639061625
SILGO.NS,70.16999816894531,2026-10-01T23:11:23.693897+05:30,WAITING FOR 0.786,2026-05-29,86.19999694824219,2026-08-11,66.55000305175781,,81.99489825439453,76.375,91.30899536132813,14.421507114700832
LUPIN.NS,2031.199951171875,2026-10-01T23:11:23.693897+05:30,WAITING FOR 0.786,2026-07-30,2474.800048828125,2026-10-01,2004.199951171875,,2374.0916279296875,2239.5,2597.15607421875,14.443068360290253
IMAGICAA.NS,50.70000076293945,2026-10-01T23:11:23.693897+05:30,WAITING FOR 0.786,2026-08-28,62.0,2026-09-16,49.25,,59.2715,55.625,65.315,14.461417775930338
STEELXIND.NS,11.220000267028809,2026-10-01T23:11:23.693897+05:30,WAITING FOR 0.786,2026-06-22,13.949999809265137,2026-08-11,10.0600004196167,,13.117539939880372,12.005000114440918,14.96139965057373,14.465667202450067
SUPERHOUSE.NS,154.66000366210938,2026-10-01T23:11:23.693897+05:30,WAITING FOR 0.786,2026-09-09,189.0,2026-10-01,151.05999755859375,,180.88083947753907,170.02999877929688,198.86440063476562,14.496193124250551
GATEWAY.NS,51.880001068115234,2026-10-01T23:11:23.693897+05:30,WAITING FOR 0.786,2026-07-03,63.25,2026-10-01,51.29999923706055,,60.69269983673096,57.27499961853027,66.35700019836426,14.520195661624394
SONATSOFTW.NS,254.0500030517578,2026-10-01T23:11:23.693897+05:30,WAITING FOR 0.786,2026-08-24,310.45001220703125,2026-10-01,249.1999969482422,,297.3425089416504,279.8250045776367,326.3750161743164,14.559810517502624
RIIL.NS,666.8499755859375,2026-10-01T23:11:23.693897+05:30,WAITING FOR 0.786,2026-08-21,814.0,2026-10-01,657.5499877929688,,780.5196973876953,735.7749938964844,854.6770031738281,14.563338014683874
TATACAP.NS,319.29998779296875,2026-10-01T23:11:23.693897+05:30,WAITING FOR 0.786,2026-08-06,390.20001220703125,2026-10-01,313.54998779296875,,373.7969069824219,351.875,410.1290185546875,14.579285748882857
JSWCEMENT.NS,111.5999984741211,2026-10-01T23:11:23.693897+05:30,WAITING FOR 0.786,2026-08-07,136.39999389648438,2026-10-01,109.62000274658203,,130.66907579040526,123.0099983215332,143.362791595459,14.593412558355576
IRMENERGY.NS,257.70001220703125,2026-10-01T23:11:23.693897+05:30,WAITING FOR 0.786,2026-08-07,315.0,2026-10-01,253.0500030517578,,301.74270065307616,284.0250015258789,331.106999206543,14.596107329430408
SHRIRAMFIN.NS,945.0,2026-10-01T23:11:23.693897+05:30,WAITING FOR 0.786,2026-08-06,1153.699951171875,2026-10-01,936.0,,1107.1121616210937,1044.8499755859375,1210.3019384765626,14.64279476288295
ATLANTAELE.NS,1716.5,2026-10-01T23:11:23.693897+05:30,WAITING FOR 0.786,2026-06-04,2152.60009765625,2026-07-29,1493.0,,2011.4456767578126,1822.800048828125,2324.096123046875,14.663367754143202
UTLSOLAR.NS,401.6499938964844,2026-10-01T23:11:23.693897+05:30,WAITING FOR 0.786,2026-08-20,494.25,2026-10-01,384.1000061035156,,470.67790130615236,439.1750030517578,522.8889984130859,14.665635930242834
HSCL.NS,665.1500244140625,2026-10-01T23:11:23.693897+05:30,WAITING FOR 0.786,2026-07-21,819.5,2026-09-15,632.5,,779.482,726.0,868.12,14.667686436112376
FINPIPE.NS,150.49000549316406,2026-10-01T23:11:23.693897+05:30,WAITING FOR 0.786,2026-06-25,184.07000732421875,2026-09-16,148.0500030517578,,176.3617264099121,166.06000518798828,193.4352084350586,14.669691345964262
VSTIND.NS,201.13999938964844,2026-10-01T23:11:23.693897+05:30,WAITING FOR 0.786,2026-07-13,245.4499969482422,2026-10-01,200.10000610351562,,235.74509890747072,222.7750015258789,257.2409945678711,14.6790324287525
ITDC.NS,665.5999755859375,2026-10-01T23:11:23.693897+05:30,WAITING FOR 0.786,2026-07-20,822.0,2026-09-09,627.0999755859375,,780.2913947753907,724.5499877929688,872.6740063476562,14.698536977005555
YASHO.NS,4036.0,2026-10-01T23:11:23.693897+05:30,WAITING FOR 0.786,2026-08-18,4994.0,2026-09-11,3773.0,,4732.706,4383.5,5311.46,14.721091908096554
BHARATFORG.NS,1875.0,2026-10-01T23:11:23.693897+05:30,WAITING FOR 0.786,2026-08-10,2295.0,2026-10-01,1845.199951171875,,2198.7427895507813,2070.0999755859375,2411.9480126953126,14.723995507310986
HDFCAMC.NS,2308.10009765625,2026-10-01T23:11:23.693897+05:30,WAITING FOR 0.786,2026-07-06,2838.39990234375,2026-09-29,2223.300048828125,,2706.7685336914064,2530.8499755859375,2998.3258642578126,14.728575091401144
GRINDWELL.NS,1975.800048828125,2026-10-01T23:11:23.693897+05:30,WAITING FOR 0.786,2026-07-16,2455.0,2026-09-15,1813.5999755859375,,2317.7403947753905,2134.2999877929688,2621.7640063476565,14.753177133990564
JKIPL.NS,96.51000213623047,2026-10-01T23:11:23.693897+05:30,WAITING FOR 0.786,2026-06-18,119.69999694824219,2026-09-11,89.41999816894531,,113.22007720947266,104.55999755859375,127.57279663085937,14.75893276624981
PARAS.NS,1276.0,2026-10-01T23:11:23.693897+05:30,WAITING FOR 0.786,2026-09-08,1563.9000244140625,2026-10-01,1255.0,,1497.7954191894532,1409.4500122070312,1644.2140307617187,14.808125084898444
ORIENTCER.NS,44.119998931884766,2026-10-01T23:11:23.693897+05:30,WAITING FOR 0.786,2026-01-02,56.63999938964844,2026-03-30,34.0,,51.79503952026367,45.31999969482422,62.52639923095703,14.818099685735763
COCHINSHIP.NS,1287.0,2026-10-01T23:11:23.693897+05:30,WAITING FOR 0.786,2026-08-27,1577.9000244140625,2026-10-01,1265.5999755859375,,1511.0678139648437,1421.75,1659.0980371093751,14.828441972893271
ABSLAMC.NS,991.7000122070312,2026-10-01T23:11:23.693897+05:30,WAITING FOR 0.786,2026-06-22,1224.9000244140625,2026-10-01,942.5,,1164.466419189453,1083.7000122070312,1298.3240307617189,14.836529773239734
CNL.NS,1079.199951171875,2026-10-01T23:11:23.693897+05:30,WAITING FOR 0.786,2026-08-31,1328.0,2026-09-29,1049.0,,1268.294,1188.5,1400.54,14.909322982535997
DATAMATICS.NS,790.2999877929688,2026-10-01T23:11:23.693897+05:30,WAITING FOR 0.786,2025-10-31,1010.0,2026-03-30,632.0,,929.108,821.0,1108.28,14.939922184184315
GROWW.NS,180.11000061035156,2026-10-01T23:11:23.693897+05:30,WAITING FOR 0.786,2026-07-16,220.97999572753906,2026-10-01,178.00999450683594,,211.7844154663086,199.4949951171875,232.15219604492188,14.955970573290791
NORBTEAEXP.NS,69.04000091552734,2026-10-01T23:11:23.693897+05:30,WAITING FOR 0.786,2026-05-25,87.0,2026-08-13,60.0099983215332,,81.2241396408081,73.5049991607666,94.01740043640137,15.000637469552567
POLYPLEX.NS,1028.0,2026-10-01T23:11:23.693897+05:30,WAITING FOR 0.786,2026-08-12,1264.0,2026-10-01,1010.0,,1209.644,1137.0,1330.04,15.016318850835454
IMPAL.NS,1009.0999755859375,2026-10-01T23:11:23.693897+05:30,WAITING FOR 0.786,2026-07-07,1238.9000244140625,2026-10-01,998.2999877929688,,1187.4116165771484,1118.6000061035156,1301.4560339355469,15.016834811269142
FIVESTAR.NS,506.25,2026-10-01T23:11:23.693897+05:30,WAITING FOR 0.786,2025-10-31,666.0,2026-03-23,338.1499938964844,,595.8400986938477,502.0749969482422,751.2410015869141,15.035929755355482
POWERINDIA.NS,31290.0,2026-10-01T23:11:23.693897+05:30,WAITING FOR 0.786,2026-06-01,38785.0,2026-09-16,29645.0,,36829.04,34215.0,41161.4,15.03987071072176
TIIL.NS,2893.800048828125,2026-10-01T23:11:23.693897+05:30,WAITING FOR 0.786,2026-08-25,3565.300048828125,2026-10-01,2822.0,,3406.2338383789065,3193.6500244140625,3758.5580615234376,15.043999145832537
MANAKSIA.NS,59.560001373291016,2026-10-01T23:11:23.693897+05:30,WAITING FOR 0.786,2026-09-11,73.4000015258789,2026-10-01,58.220001220703125,,70.15148146057129,65.81000137329102,77.34680160522461,15.098013422900022
NAHARCAP.NS,237.30999755859375,2026-10-01T23:11:23.693897+05:30,WAITING FOR 0.786,2026-08-06,293.0,2026-09-29,230.0,,279.51800000000003,261.5,309.38,15.100280640748101
AVL.NS,572.2999877929688,2026-10-01T23:11:23.693897+05:30,WAITING FOR 0.786,2026-06-25,705.0,2026-10-01,560.9000244140625,,674.1626052246094,632.9500122070312,742.4659936523437,15.109502758270498
CONCOR.NS,442.0,2026-10-01T23:11:23.693897+05:30,WAITING FOR 0.786,2026-08-14,543.7000122070312,2026-10-01,436.3500061035156,,520.7271109008789,490.02500915527344,571.6110137939453,15.118688705237144
HAPPYFORGE.NS,2003.699951171875,2026-10-01T23:11:23.693897+05:30,WAITING FOR 0.786,2026-09-01,2470.0,2026-09-29,1961.0,,2361.074,2215.5,2602.34,15.136079971577557
KALPATARU.NS,273.5,2026-10-01T23:11:23.693897+05:30,WAITING FOR 0.786,2026-06-16,342.0,2026-09-16,250.0,,322.312,296.0,365.92,15.144332199856041
NCLIND.NS,170.02999877929688,2026-10-01T23:11:23.693897+05:30,WAITING FOR 0.786,2026-01-08,214.8000030517578,2026-03-30,147.5,,200.39780239868165,181.1500015258789,232.29800384521485,15.15376079772048
SBILIFE.NS,1721.5999755859375,2026-10-01T23:11:23.693897+05:30,WAITING FOR 0.786,2026-02-23,2132.0,2026-09-15,1652.9000244140625,,2029.4726052246094,1892.4500122070312,2256.565993652344,15.170080583797704
MAGADSUGAR.NS,511.75,2026-10-01T23:11:23.693897+05:30,WAITING FOR 0.786,2026-08-24,634.9500122070312,2026-09-21,487.20001220703125,,603.3315122070312,561.0750122070312,673.3650122070312,15.179301984744553
BANDHANBNK.NS,176.0,2026-10-01T23:11:23.693897+05:30,WAITING FOR 0.786,2026-07-15,220.75999450683594,2026-09-02,159.24000549316406,,207.59471685791016,190.0,236.75519165039063,15.219422409258812
VIMTALABS.NS,584.3499755859375,2026-10-01T23:11:23.693897+05:30,WAITING FOR 0.786,2025-10-07,774.7000122070312,2026-03-30,376.04998779296875,,689.3889069824219,575.375,878.3490185546875,15.236527645369069
RATNAMANI.NS,2619.39990234375,2026-10-01T23:11:23.693897+05:30,WAITING FOR 0.786,2026-05-11,3345.0,2026-08-07,2154.60009765625,,3090.2544208984373,2749.800048828125,3654.5039746093753,15.23675576258199
AIROLAM.NS,89.58000183105469,2026-10-01T23:11:23.693897+05:30,WAITING FOR 0.786,2026-06-25,111.77999877929688,2026-09-15,83.52999877929688,,105.73449877929687,97.65499877929688,119.12499877929687,15.278359603294664
ZFSTEERING.NS,708.4000244140625,2026-10-01T23:11:23.693897+05:30,WAITING FOR 0.786,2026-04-22,894.97998046875,2026-06-03,620.6500244140625,,836.2733698730469,757.8150024414062,966.3057690429687,15.290854649406885
DEN.NS,25.40999984741211,2026-10-01T23:11:23.693897+05:30,WAITING FOR 0.786,2026-06-29,31.329999923706055,2026-10-01,25.1200008392334,,30.001060119628907,28.225000381469727,32.94459968566895,15.302993473930565
GYFTR.NS,156.7899932861328,2026-10-01T23:11:23.693897+05:30,WAITING FOR 0.786,2026-09-03,193.89999389648438,2026-09-29,153.41000366210938,,185.23513598632812,173.65499877929688,204.42739135742187,15.3562349544175
M&M.NS,2860.0,2026-10-01T23:11:23.693897+05:30,WAITING FOR 0.786,2026-08-10,3534.60009765625,2026-10-01,2812.0,,3379.9636767578127,3173.300048828125,3722.476123046875,15.383706053805323
KPRMILL.NS,1071.0,2026-10-01T23:11:23.693897+05:30,WAITING FOR 0.786,2026-06-24,1334.0,2026-07-24,1015.0,,1265.734,1174.5,1416.94,15.385065108466703
TRIDENT.NS,22.15999984741211,2026-10-01T23:11:23.693897+05:30,WAITING FOR 0.786,2026-07-03,27.34000015258789,2026-10-01,22.0,,26.197240119934083,24.670000076293945,28.728400192260743,15.410937388973064
BOROLTD.NS,280.20001220703125,2026-10-01T23:11:23.693897+05:30,WAITING FOR 0.786,2025-11-04,363.3999938964844,2026-03-23,213.72999572753906,,331.3706142883301,288.5649948120117,402.31419342041016,15.44210617202605
GOKULAGRO.NS,210.10000610351562,2026-10-01T23:11:23.693897+05:30,WAITING FOR 0.786,2026-08-26,259.79998779296875,2026-10-01,207.0,,248.50079040527345,233.39999389648438,273.5279846191406,15.45298276079162
CHOLAFIN.NS,1580.0,2026-10-01T23:11:23.693897+05:30,WAITING FOR 0.786,2026-08-06,1952.5,2026-10-01,1563.199951171875,,1869.1897895507814,1757.8499755859375,2053.7180126953126,15.471397884121856
THYROCARE.NS,533.5999755859375,2026-10-01T23:11:23.693897+05:30,WAITING FOR 0.786,2026-08-12,662.0,2026-10-01,519.2999877929688,,631.4621973876954,590.6499938964844,699.1020031738282,15.497716602293126
AUTOAXLES.NS,1683.0,2026-10-01T23:11:23.693897+05:30,WAITING FOR 0.786,2026-02-04,2115.0,2026-03-30,1540.199951171875,,1991.9927895507813,1827.5999755859375,2264.4480126953126,15.511742370335732
OMPOWER.NS,157.74000549316406,2026-10-01T23:11:23.693897+05:30,WAITING FOR 0.786,2026-06-08,195.75,2026-09-30,153.5,,186.70850000000002,174.625,206.735,15.515359240118126
INDIANCARD.NS,188.3699951171875,2026-10-01T23:11:23.693897+05:30,WAITING FOR 0.786,2026-07-24,234.6999969482422,2026-09-30,180.0,,222.99419760131838,207.3499984741211,248.92199615478518,15.526952206188781
ATHERENERG.NS,1406.0999755859375,2026-10-01T23:11:23.693897+05:30,WAITING FOR 0.786,2026-09-01,1744.0,2026-10-01,1373.5999755859375,,1664.7343947753907,1558.7999877929688,1840.3040063476562,15.536077106423255
AAATECH.NS,92.73999786376953,2026-10-01T23:11:23.693897+05:30,WAITING FOR 0.786,2026-02-13,116.9000015258789,2026-09-17,83.80000305175781,,109.816601852417,100.35000228881836,125.50600112915039,15.550111459100496
NITTAGELA.NS,1664.300048828125,2026-10-01T23:11:23.693897+05:30,WAITING FOR 0.786,2026-07-10,2087.199951171875,2026-08-19,1546.199951171875,,1971.425951171875,1816.699951171875,2227.859951171875,15.578870825007918
JUBLINGREA.NS,638.0,2026-10-01T23:11:23.693897+05:30,WAITING FOR 0.786,2026-07-22,795.0,2026-09-18,612.0,,755.838,703.5,842.58,15.590377832286809
THEMISMED.NS,113.19000244140625,2026-10-01T23:11:23.693897+05:30,WAITING FOR 0.786,2026-09-07,140.60000610351562,2026-10-01,110.5,,134.1586047973633,125.55000305175781,148.42600769042969,15.62971110770612
NKIND.NS,59.959999084472656,2026-10-01T23:11:23.693897+05:30,WAITING FOR 0.786,2026-04-17,76.9000015258789,2026-08-25,49.65999984741211,,71.07064116668701,63.28000068664551,83.98240196228028,15.6332374378835
GPTINFRA.NS,118.66000366210938,2026-10-01T23:11:23.693897+05:30,WAITING FOR 0.786,2026-06-23,150.0,2026-09-02,106.41000366210938,,140.6717407836914,128.2050018310547,161.33339904785157,15.647589913193091
HONAUT.NS,33470.0,2026-10-01T23:11:23.693897+05:30,WAITING FOR 0.786,2026-07-29,41495.0,2026-10-01,33025.0,,39682.42,37260.0,43697.2,15.655345616522375
DCMSIL.NS,80.25,2026-10-01T23:11:23.693897+05:30,WAITING FOR 0.786,2026-03-19,105.2699966430664,2026-06-02,58.0,,95.1542173614502,81.6349983215332,117.56019577026368,15.663223107427223
DEEPAKNTR.NS,1492.800048828125,2026-10-01T23:11:23.693897+05:30,WAITING FOR 0.786,2026-08-05,1851.0,2026-10-01,1473.0999755859375,,1770.1293947753907,1662.0499877929688,1949.2540063476563,15.667179290158934
KPIGREEN.NS,345.6000061035156,2026-10-01T23:11:23.693897+05:30,WAITING FOR 0.786,2026-05-27,447.45001220703125,2026-09-16,271.8999938964844,,409.8823082885742,359.6750030517578,493.09301696777345,15.683112172726707
GMRAIRPORT.NS,93.16000366210938,2026-10-01T23:11:23.693897+05:30,WAITING FOR 0.786,2026-07-07,115.63999938964844,2026-10-01,91.62999725341797,,110.50185893249511,103.6349983215332,121.88259994506836,15.693722655815018
WONDERLA.NS,495.1000061035156,2026-10-01T23:11:23.693897+05:30,WAITING FOR 0.786,2025-09-26,623.4000244140625,2026-03-02,455.0,,587.3624191894531,539.2000122070312,667.1840307617188,15.707919007357937
BAJAJ-AUTO.NS,10045.0,2026-10-01T23:11:23.693897+05:30,WAITING FOR 0.786,2026-09-01,12470.0,2026-10-01,9900.0,,11920.02,11185.0,13138.2,15.730007164417511
CENTURYPLY.NS,666.4500122070312,2026-10-01T23:11:23.693897+05:30,WAITING FOR 0.786,2026-07-31,828.0,2026-09-29,655.0499877929688,,790.9886973876953,741.5249938964844,872.9670031738281,15.744685808022696
GODREJPROP.NS,1595.800048828125,2026-10-01T23:11:23.693897+05:30,WAITING FOR 0.786,2026-09-07,1984.0,2026-10-01,1566.5999755859375,,1894.6763947753907,1775.2999877929688,2092.5240063476563,15.774532620526829
ZYDUSWELL.NS,493.25,2026-10-01T23:11:23.693897+05:30,WAITING FOR 0.786,2026-07-20,611.8499755859375,2026-08-24,490.0,,585.7740808105468,550.9249877929688,643.5309692382813,15.79518176743489
YESBANK.NS,20.75,2026-10-01T23:11:23.693897+05:30,WAITING FOR 0.786,2026-06-18,25.780000686645508,2026-10-01,20.510000228881836,,24.65222058868408,23.145000457763672,27.150200805664063,15.829083528788832
HIRECT.NS,1123.800048828125,2026-10-01T23:11:23.693897+05:30,WAITING FOR 0.786,2026-07-16,1399.0,2026-10-01,1102.5,,1335.549,1250.75,1476.09,15.85482458313959
RATEGAIN.NS,840.6500244140625,2026-10-01T23:11:23.693897+05:30,WAITING FOR 0.786,2026-08-06,1050.0,2026-09-28,814.0499877929688,,999.5066973876953,932.0249938964844,1111.3470031738282,15.893507606184098
IGIL.NS,311.95001220703125,2026-10-01T23:11:23.693897+05:30,WAITING FOR 0.786,2026-05-26,388.29998779296875,2026-09-11,307.04998779296875,,370.91248779296876,347.67498779296875,409.42498779296875,15.896600283473994
EXCELINDUS.NS,921.7999877929688,2026-10-01T23:11:23.693897+05:30,WAITING FOR 0.786,2026-08-19,1148.550048828125,2026-10-01,906.0999755859375,,1096.665733154297,1027.3250122070312,1211.5870678710937,15.945218317195767
ARVEE.NS,215.32000732421875,2026-10-01T23:11:23.693897+05:30,WAITING FOR 0.786,2025-12-19,290.7799987792969,2026-03-30,129.11000061035156,,256.18261917114256,209.94499969482422,332.81419830322267,15.950579309061395
MUNJALAU.NS,104.06999969482422,2026-10-01T23:11:23.693897+05:30,WAITING FOR 0.786,2026-08-17,130.60000610351562,2026-09-16,98.95999908447266,,123.82904460144043,114.78000259399414,138.8264079284668,15.956712716481999
VINYLINDIA.NS,214.22999572753906,2026-10-01T23:11:23.693897+05:30,WAITING FOR 0.786,2026-07-30,266.8999938964844,2026-09-17,211.25,,254.99089520263672,239.0749969482422,281.36899230957033,15.98523721511927
CHENNPETRO.NS,1346.4000244140625,2026-10-01T23:11:23.693897+05:30,WAITING FOR 0.786,2026-09-11,1677.5,2026-10-01,1330.699951171875,,1603.2847895507812,1504.0999755859375,1767.6680126953124,16.02240393041428
AADHARHFC.NS,448.3999938964844,2026-10-01T23:11:23.693897+05:30,WAITING FOR 0.786,2026-07-06,563.0,2026-09-29,427.29998779296875,,533.9601973876953,495.1499938964844,598.2820031738281,16.02370437156157
PARADEEP.NS,151.22000122070312,2026-10-01T23:11:23.693897+05:30,WAITING FOR 0.786,2025-09-30,201.99000549316406,2026-03-09,99.69999694824219,,180.09994366455078,150.84500122070312,228.58540771484374,16.03550887147341
HINDALCO.NS,941.8499755859375,2026-10-01T23:11:23.693897+05:30,WAITING FOR 0.786,2026-05-29,1176.0,2026-10-01,923.5,,1121.965,1049.75,1241.65,16.053533257638378
RUBFILA.NS,63.25,2026-10-01T23:11:23.693897+05:30,WAITING FOR 0.786,2026-08-11,79.0999984741211,2026-09-29,61.61000061035156,,75.35713893127442,70.35499954223633,83.64739791870117,16.066346338222992
PDMJEPAPER.NS,95.55999755859375,2026-10-01T23:11:23.693897+05:30,WAITING FOR 0.786,2025-10-03,127.18000030517578,2026-03-30,65.0,,113.87348023986817,96.09000015258789,143.3468003845215,16.0823069978173
BERGEPAINT.NS,452.3999938964844,2026-10-01T23:11:23.693897+05:30,WAITING FOR 0.786,2026-08-13,565.9000244140625,2026-09-29,441.1000061035156,,539.1928204956055,503.50001525878906,598.3480291748047,16.096806800829512
RITES.NS,209.47999572753906,2026-10-01T23:11:23.693897+05:30,WAITING FOR 0.786,2025-09-26,270.0,2026-03-30,175.0,,249.67000000000002,222.5,294.7,16.097250079088777
BCLIND.NS,31.239999771118164,2026-10-01T23:11:23.693897+05:30,WAITING FOR 0.786,2026-08-24,39.099998474121094,2026-10-01,30.40999984741211,,37.24033876800537,34.7549991607666,41.35939811706543,16.112471570861043
RELIGARE.NS,224.58999633789062,2026-10-01T23:11:23.693897+05:30,WAITING FOR 0.786,2026-06-25,280.0,2026-10-01,223.10000610351562,,267.82340130615233,251.5500030517578,294.79399841308594,16.142504634552473
EXICOM.NS,151.10000610351562,2026-10-01T23:11:23.693897+05:30,WAITING FOR 0.786,2026-09-08,189.1699981689453,2026-10-01,147.1999969482422,,180.18841790771484,168.18499755859375,200.08219848632814,16.143330488143313
CENTENKA.NS,537.7999877929688,2026-10-01T23:11:23.693897+05:30,WAITING FOR 0.786,2026-07-29,671.6500244140625,2026-10-01,530.5499877929688,,641.4546165771485,601.1000061035156,708.3360339355469,16.15930825118835
S&SPOWER.NS,294.1000061035156,2026-10-01T23:11:23.693897+05:30,WAITING FOR 0.786,2026-08-26,367.0,2026-10-01,291.5,,350.843,329.25,386.63,16.17332935144335
IDEA.NS,12.640000343322754,2026-10-01T23:11:23.693897+05:30,WAITING FOR 0.786,2026-09-09,15.789999961853027,2026-10-01,12.5,,15.08593997001648,14.144999980926514,16.645399951934813,16.21337239545607
MIRZAINT.NS,27.649999618530273,2026-10-01T23:11:23.693897+05:30,WAITING FOR 0.786,2026-08-05,34.5,2026-10-01,27.5,,33.002,31.0,36.32,16.21720011353775
BHARTIARTL.NS,1741.0999755859375,2026-10-01T23:11:23.693897+05:30,WAITING FOR 0.786,2025-11-21,2174.5,2026-10-01,1726.300048828125,,2078.5852104492187,1950.4000244140625,2291.0319873046874,16.23629539778861
TEAMGTY.NS,235.10000610351562,2026-10-01T23:11:23.693897+05:30,WAITING FOR 0.786,2026-05-19,300.0,2026-07-08,210.0,,280.74,255.0,323.4,16.25703280490289
SBIFUNDS.NS,500.3500061035156,2026-10-01T23:11:23.693897+05:30,WAITING FOR 0.786,2026-07-21,624.9500122070312,2026-10-01,497.0,,597.5687095947266,560.9750061035156,658.2170153808594,16.26904185748699
HARRMALAYA.NS,179.6699981689453,2026-10-01T23:11:23.693897+05:30,WAITING FOR 0.786,2026-08-06,228.0,2026-09-29,165.5500030517578,,214.63570065307619,196.7750015258789,244.23699920654298,16.290720685207567
ROTO.NS,62.65999984741211,2026-10-01T23:11:23.693897+05:30,WAITING FOR 0.786,2026-06-24,78.87000274658203,2026-09-16,60.150001525878906,,74.86392248535157,69.51000213623047,83.73720306396484,16.301473704276408
ASTERDM.NS,708.9000244140625,2026-10-01T23:11:23.693897+05:30,WAITING FOR 0.786,2026-08-10,891.2999877929688,2026-10-01,684.25,,846.9912904052735,787.7749938964844,945.1329846191406,16.30374096587655
GRAVITA.NS,1412.5999755859375,2026-10-01T23:11:23.693897+05:30,WAITING FOR 0.786,2026-09-03,1769.9000244140625,2026-10-01,1388.0,,1688.1734191894532,1578.9500122070312,1869.1940307617188,16.323763925617747
CUMMINSIND.NS,4860.0,2026-10-01T23:11:23.693897+05:30,WAITING FOR 0.786,2026-05-29,6100.0,2026-09-30,4741.0,,5809.174,5420.5,6453.34,16.33922481922559
NIVABUPA.NS,72.9800033569336,2026-10-01T23:11:23.693897+05:30,WAITING FOR 0.786,2026-07-31,91.4000015258789,2026-09-29,71.9800033569336,,87.24412191772461,81.69000244140625,96.44920104980469,16.34966144107997
JSFB.NS,482.3999938964844,2026-10-01T23:11:23.693897+05:30,WAITING FOR 0.786,2026-08-21,606.9500122070312,2026-10-01,465.70001220703125,,576.7225122070313,536.3250122070312,643.6750122070313,16.354922222402703
SEJALLTD.NS,656.5,2026-10-01T23:11:23.693897+05:30,WAITING FOR 0.786,2026-06-19,839.25,2026-09-16,587.4500122070312,,785.3648026123046,713.3500061035156,904.7179968261719,16.408273223305976
BIRLAMONEY.NS,112.81999969482422,2026-10-01T23:11:23.693897+05:30,WAITING FOR 0.786,2026-07-17,141.89999389648438,2026-10-01,110.0999984741211,,135.09479487609863,125.99999618530273,150.16799270629883,16.48827047829904
NAVNETEDUL.NS,123.87000274658203,2026-10-01T23:11:23.693897+05:30,WAITING FOR 0.786,2026-07-13,156.0,2026-09-29,120.3499984741211,,148.3708996734619,138.17499923706055,165.26900039672853,16.513276512309364
BAIDFIN.NS,10.3100004196167,2026-10-01T23:11:23.693897+05:30,WAITING FOR 0.786,2026-09-08,12.949999809265137,2026-10-01,10.149999618530273,,12.350799768447876,11.549999713897705,13.6779998588562,16.523621037438648
KALYANIFRG.NS,944.75,2026-10-01T23:11:23.693897+05:30,WAITING FOR 0.786,2026-09-02,1192.25,2026-09-22,910.0,,1131.8485,1051.125,1265.635,16.5303483637607
MRPL.NS,164.75999450683594,2026-10-01T23:11:23.693897+05:30,WAITING FOR 0.786,2026-03-06,212.30999755859375,2026-05-20,143.1199951171875,,197.50333703613282,177.71499633789062,230.29939819335937,16.578627490889712
TAINWALCHM.NS,203.2899932861328,2026-10-01T23:11:23.693897+05:30,WAITING FOR 0.786,2026-07-14,257.0,2026-07-29,194.99000549316406,,243.7298611755371,225.99500274658203,273.12259857177736,16.592085883263614
SINDHUTRAD.NS,22.229999542236328,2026-10-01T23:11:23.693897+05:30,WAITING FOR 0.786,2026-07-21,27.950000762939453,2026-10-01,21.93000030517578,,26.661720664978027,24.940000534057617,29.51520088195801,16.62203718368059
GULPOLY.NS,161.75,2026-10-01T23:11:23.693897+05:30,WAITING FOR 0.786,2026-08-11,203.57000732421875,2026-10-01,158.86000061035156,,194.00206588745118,181.21500396728516,215.19460906982422,16.62459919687761
ASTEC.NS,708.5999755859375,2026-10-01T23:11:23.693897+05:30,WAITING FOR 0.786,2025-11-26,941.75,2026-03-23,513.4000244140625,,850.0831052246094,727.5750122070312,1053.1209936523437,16.643446831152957
GLOSTERLTD.NS,539.0,2026-10-01T23:11:23.693897+05:30,WAITING FOR 0.786,2026-08-11,676.9500122070312,2026-09-29,536.2000122070312,,646.8295122070313,606.5750122070312,713.5450122070313,16.67046882865762
HPAL.NS,33.810001373291016,2026-10-01T23:11:23.693897+05:30,WAITING FOR 0.786,2026-08-12,42.599998474121094,2026-10-01,33.16999816894531,,40.58197840881348,37.8849983215332,45.051798553466796,16.687153512584153
BALAJITELE.NS,90.04000091552734,2026-10-01T23:11:23.693897+05:30,WAITING FOR 0.786,2026-05-13,115.4800033569336,2026-07-30,80.94999694824219,,108.09058198547363,98.21500015258789,124.45780502319336,16.699494755585757
RAINBOW.NS,1279.800048828125,2026-10-01T23:11:23.693897+05:30,WAITING FOR 0.786,2026-08-05,1610.0,2026-10-01,1266.199951171875,,1536.4267895507812,1438.0999755859375,1699.3880126953125,16.702829088113496
GMBREW.NS,952.0,2026-10-01T23:11:23.693897+05:30,WAITING FOR 0.786,2026-01-08,1222.0,2026-08-31,852.5499877929688,,1142.9376973876954,1037.2749938964844,1318.0570031738282,16.705871004526635
HESTERBIO.NS,2126.800048828125,2026-10-01T23:11:23.693897+05:30,WAITING FOR 0.786,2026-07-30,2683.60009765625,2026-10-01,2075.5,,2553.4666767578124,2379.550048828125,2841.706123046875,16.7093086357185
GENUSPOWER.NS,280.0,2026-10-01T23:11:23.693897+05:30,WAITING FOR 0.786,2026-08-28,353.5,2026-10-01,272.6000061035156,,336.18740130615237,313.0500030517578,374.53399841308595,16.71311925665672
TVSHLTD.NS,11886.0,2026-10-01T23:11:23.693897+05:30,WAITING FOR 0.786,2026-08-10,14985.0,2026-10-01,11661.0,,14273.664,13323.0,15849.24,16.727758198595684
JAYNECOIND.NS,91.27999877929688,2026-10-01T23:11:23.693897+05:30,WAITING FOR 0.786,2026-05-08,117.0,2026-07-24,82.5199966430664,,109.62127928161621,99.7599983215332,125.96480087280273,16.73149649640626
SARDAEN.NS,494.75,2026-10-01T23:11:23.693897+05:30,WAITING FOR 0.786,2026-04-28,624.0,2026-09-28,485.1000061035156,,594.2754013061524,554.5500030517578,660.1139984130859,16.747353346176947
GKWLIMITED.NS,1530.0,2026-10-01T23:11:23.693897+05:30,WAITING FOR 0.786,2026-06-09,1930.0,2026-09-29,1501.800048828125,,1838.3652104492187,1715.9000244140625,2041.3319873046876,16.773881962978795
JNKINDIA.NS,432.70001220703125,2026-10-01T23:11:23.693897+05:30,WAITING FOR 0.786,2026-07-15,558.0,2026-08-13,380.3500061035156,,519.9829013061524,469.1750030517578,604.188998413086,16.785722930479828
BHAGCHEM.NS,236.14999389648438,2026-10-01T23:11:23.693897+05:30,WAITING FOR 0.786,2026-08-18,299.0,2026-10-01,228.0,,283.806,263.5,317.46,16.791754262952725
SURANASOL.NS,24.149999618530273,2026-10-01T23:11:23.693897+05:30,WAITING FOR 0.786,2026-07-27,30.5,2026-10-01,23.610000610351562,,29.025540130615234,27.05500030517578,32.291399841308596,16.79741527683887
RANASUG.NS,13.079999923706055,2026-10-01T23:11:23.693897+05:30,WAITING FOR 0.786,2026-08-24,16.450000762939453,2026-10-01,13.050000190734863,,15.72240064048767,14.750000476837158,17.334000911712646,16.806598287395218
LPDC.NS,6.210000038146973,2026-10-01T23:11:23.693897+05:30,WAITING FOR 0.786,2026-08-18,7.860000133514404,2026-09-15,6.019999980926514,,7.466240100860595,6.940000057220459,8.338400173187257,16.825604932914256
ARIHANTCAP.NS,88.58999633789062,2026-10-01T23:11:23.693897+05:30,WAITING FOR 0.786,2025-10-24,120.0,2026-03-30,56.970001220703125,,106.51158026123048,88.48500061035156,136.38779968261719,16.825948764805993
UNICHEMLAB.NS,535.0499877929688,2026-10-01T23:11:23.693897+05:30,WAITING FOR 0.786,2026-07-09,687.2000122070312,2026-08-07,482.29998779296875,,643.3514069824218,584.75,740.4740185546875,16.833944561873352
NELCO.NS,889.2000122070312,2026-10-01T23:11:23.693897+05:30,WAITING FOR 0.786,2026-08-17,1120.0,2026-10-01,884.5,,1069.603,1002.25,1181.23,16.866350205914607
EMAMIREAL.NS,67.13999938964844,2026-10-01T23:11:23.693897+05:30,WAITING FOR 0.786,2026-07-08,85.0,2026-09-28,65.25,,80.7735,75.125,90.135,16.878680025443447
SUNDARMFIN.NS,4395.89990234375,2026-10-01T23:11:23.693897+05:30,WAITING FOR 0.786,2026-03-04,5642.0,2026-06-08,4000.0,,5290.612,4821.0,6068.92,16.91131569762156
DVL.NS,278.70001220703125,2026-10-01T23:11:23.693897+05:30,WAITING FOR 0.786,2025-10-06,375.8999938964844,2026-03-30,186.99000549316406,,335.4732563781738,281.4449996948242,425.01659088134767,16.92332938371187
ATLASCYCLE.NS,91.73999786376953,2026-10-01T23:11:23.693897+05:30,WAITING FOR 0.786,2026-09-09,116.0,2026-09-28,90.0999984741211,,110.45739967346191,103.04999923706055,122.73400039672852,16.945357997766944
TIMKEN.NS,3098.800048828125,2026-10-01T23:11:23.693897+05:30,WAITING FOR 0.786,2026-06-22,3925.0,2026-07-23,3035.10009765625,,3734.5614208984375,3480.050048828125,4156.373974609375,17.02372247816358
ELDEHSG.NS,782.25,2026-10-01T23:11:23.693897+05:30,WAITING FOR 0.786,2026-02-11,1008.7999877929688,2026-08-06,701.5499877929688,,943.0484877929688,855.1749877929688,1088.6849877929687,17.050924727029468
UFO.NS,56.4900016784668,2026-10-01T23:11:23.693897+05:30,WAITING FOR 0.786,2026-07-13,71.58999633789062,2026-10-01,55.349998474121094,,68.11463679504395,63.46999740600586,75.8123957824707,17.0662807049174
ZOTA.NS,1267.800048828125,2026-10-01T23:11:23.693897+05:30,WAITING FOR 0.786,2025-12-17,1667.699951171875,2026-09-02,1022.0,,1529.5201616210938,1344.8499755859375,1835.5819384765625,17.11125615471321
AHLEAST.NS,136.0,2026-10-01T23:11:23.693897+05:30,WAITING FOR 0.786,2026-05-21,172.89999389648438,2026-09-18,132.00999450683594,,164.1495340270996,152.45499420166016,183.53139373779297,17.148713941796736
POLYCAB.NS,7990.0,2026-10-01T23:11:23.693897+05:30,WAITING FOR 0.786,2026-06-22,10126.0,2026-10-01,7883.0,,9645.998,9004.5,10709.18,17.167720748024205
REMSONSIND.NS,112.55000305175781,2026-10-01T23:11:23.693897+05:30,WAITING FOR 0.786,2025-11-04,152.4499969482422,2026-07-15,75.2300033569336,,135.92491831970216,113.84000015258789,172.52719528198242,17.19693162733075
PNGSREVA.NS,504.3999938964844,2026-10-01T23:11:23.693897+05:30,WAITING FOR 0.786,2026-08-12,644.0,2026-09-16,481.70001220703125,,609.2678026123046,562.8500061035156,686.1979968261719,17.21210414635201
PAUSHAKLTD.NS,650.2999877929688,2026-10-01T23:11:23.693897+05:30,WAITING FOR 0.786,2026-09-03,826.75,2026-10-01,634.0,,785.5015,730.375,876.865,17.21212654680242
INDUSTOWER.NS,376.25,2026-10-01T23:11:23.693897+05:30,WAITING FOR 0.786,2026-02-19,481.5,2026-09-28,355.54998779296875,,454.5466973876953,418.5249938964844,514.2470031738281,17.225226327167416
SUPREMEIND.NS,3380.0,2026-10-01T23:11:23.693897+05:30,WAITING FOR 0.786,2025-09-26,4341.7998046875,2026-07-08,3140.0,,4084.614646484375,3740.89990234375,4654.26775390625,17.250455856119412
ADANIGREEN.NS,1276.0999755859375,2026-10-01T23:11:23.693897+05:30,WAITING FOR 0.786,2026-07-14,1631.5,2026-08-31,1214.9000244140625,,1542.3476052246094,1423.2000122070312,1739.8159936523439,17.262491849228677
BEDMUTHA.NS,110.33000183105469,2026-10-01T23:11:23.693897+05:30,WAITING FOR 0.786,2026-02-16,144.0,2026-04-01,94.55000305175781,,133.41770065307617,119.2750015258789,156.85699920654298,17.304824404114143
JSWENERGY.NS,485.0,2026-10-01T23:11:23.693897+05:30,WAITING FOR 0.786,2026-05-29,617.3499755859375,2026-10-01,475.1000061035156,,586.9084821166992,546.2249908447266,654.3349676513672,17.3636069714249
OMAXE.NS,108.77999877929688,2026-10-01T23:11:23.693897+05:30,WAITING FOR 0.786,2026-09-04,138.88999938964844,2026-10-01,105.3499984741211,,131.71243919372557,122.11999893188477,147.61039962768555,17.410990605601917
KAKATCEM.NS,103.08999633789062,2026-10-01T23:11:23.693897+05:30,WAITING FOR 0.786,2026-06-03,131.0,2026-08-13,102.3499984741211,,124.86889967346191,116.67499923706055,138.4490003967285,17.441415270354867
TATATECH.NS,698.7999877929688,2026-10-01T23:11:23.693897+05:30,WAITING FOR 0.786,2026-08-11,891.0,2026-09-29,683.7000122070312,,846.6378026123047,787.3500061035156,944.897996826172,17.4617545263372
INDNIPPON.NS,1224.4000244140625,2026-10-01T23:11:23.693897+05:30,WAITING FOR 0.786,2026-09-10,1564.0,2026-10-01,1187.699951171875,,1483.4717895507813,1375.8499755859375,1661.8380126953125,17.463882155465175
PURVA.NS,204.63999938964844,2026-10-01T23:11:23.693897+05:30,WAITING FOR 0.786,2026-07-13,261.79998779296875,2026-10-01,197.41000366210938,,248.02053118896484,229.60499572753906,278.5413836669922,17.49070191542535
UTTAMSUGAR.NS,276.1000061035156,2026-10-01T23:11:23.693897+05:30,WAITING FOR 0.786,2026-08-24,359.29998779296875,2026-09-16,244.10000610351562,,334.64719171142576,301.6999969482422,389.2519830322266,17.495197048716538
APTUS.NS,226.39999389648438,2026-10-01T23:11:23.693897+05:30,WAITING FOR 0.786,2026-07-31,288.3999938964844,2026-10-01,223.27999877929688,,274.46431494140626,255.83999633789062,305.3311926269531,17.512047442372552
POONAWALLA.NS,433.3999938964844,2026-10-01T23:11:23.693897+05:30,WAITING FOR 0.786,2025-10-06,570.4000244140625,2026-03-30,361.20001220703125,,525.6312218017579,465.8000183105469,624.7920275878906,17.546755991610134
MAYURUNIQ.NS,711.5499877929688,2026-10-01T23:11:23.693897+05:30,WAITING FOR 0.786,2026-07-03,907.0,2026-09-07,701.7000122070312,,863.0658026123047,804.3500061035156,960.3779968261719,17.55553450973632
HEALTHX.NS,273.0,2026-10-01T23:11:23.693897+05:30,WAITING FOR 0.786,2026-07-14,347.8500061035156,2026-10-01,270.20001220703125,,331.232907409668,309.02500915527344,368.03900451660155,17.580652799586023
TEJASNET.NS,464.79998779296875,2026-10-01T23:11:23.693897+05:30,WAITING FOR 0.786,2026-09-10,592.0499877929688,2026-10-01,461.1000061035156,,564.0266917114258,526.5749969482422,626.0969830322266,17.592554639102893
LANDSMILL.NS,1.0499999523162842,2026-10-01T23:11:23.693897+05:30,WAITING FOR 0.786,2026-01-02,1.4800000190734863,2026-09-24,0.5199999809265137,,1.2745600109100343,1.0,1.7296000289916993,17.618633620351428
BPCL.NS,300.6000061035156,2026-10-01T23:11:23.693897+05:30,WAITING FOR 0.786,2026-02-05,391.6499938964844,2026-04-02,266.6000061035156,,364.8892965087891,329.125,424.1629907226562,17.61884796851664
MANYAVAR.NS,519.2000122070312,2026-10-01T23:11:23.693897+05:30,WAITING FOR 0.786,2025-09-26,712.4500122070312,2026-03-16,329.20001220703125,,630.4345122070313,520.8250122070312,812.0950122070312,17.644100671232163
COLPAL.NS,1735.0,2026-10-01T23:11:23.693897+05:30,WAITING FOR 0.786,2026-07-29,2213.39990234375,2026-10-01,1716.0999755859375,,2106.977718017578,1964.7499389648438,2342.697883300781,17.65456344586149
SAMMAANCAP.NS,132.47999572753906,2026-10-01T23:11:23.693897+05:30,WAITING FOR 0.786,2026-08-06,169.36000061035156,2026-10-01,130.0,,160.93696047973634,149.68000030517578,179.59360076904298,17.682056792529217
TIINDIA.NS,2340.0,2026-10-01T23:11:23.693897+05:30,WAITING FOR 0.786,2026-08-18,2989.0,2026-10-01,2307.300048828125,,2843.1162104492187,2648.1500244140625,3166.2419873046874,17.69594252250861
GOLDIAM.NS,310.79998779296875,2026-10-01T23:11:23.693897+05:30,WAITING FOR 0.786,2026-08-11,398.20001220703125,2026-10-01,302.3999938964844,,377.69880828857424,350.3000030517578,423.10801696777344,17.7122138136302
POWERGRID.NS,254.5500030517578,2026-10-01T23:11:23.693897+05:30,WAITING FOR 0.786,2026-04-27,324.95001220703125,2026-10-01,252.35000610351562,,309.4136109008789,288.65000915527344,343.8260137939453,17.731478485830642
ANGELONE.NS,276.79998779296875,2026-10-01T23:11:23.693897+05:30,WAITING FOR 0.786,2026-07-16,355.29998779296875,2026-10-01,267.79998779296875,,336.5749877929687,311.54998779296875,378.04998779296875,17.75978672448717
CARRARO.NS,518.0999755859375,2026-10-01T23:11:23.693897+05:30,WAITING FOR 0.786,2026-04-16,667.5499877929688,2026-08-11,492.25,,630.0357904052735,579.8999938964844,713.1279846191406,17.766580331465416
BALAMINES.NS,2052.199951171875,2026-10-01T23:11:23.693897+05:30,WAITING FOR 0.786,2026-09-07,2629.800048828125,2026-10-01,2011.5,,2497.4838383789065,2320.6500244140625,2790.5580615234376,17.829300048486445
KAMATHOTEL.NS,237.4499969482422,2026-10-01T23:11:23.693897+05:30,WAITING FOR 0.786,2025-10-07,329.6000061035156,2026-03-30,140.1999969482422,,289.0684041442871,234.9000015258789,378.8440084838867,17.856813977593983
IDBI.NS,86.56999969482422,2026-10-01T23:11:23.693897+05:30,WAITING FOR 0.786,2026-02-27,117.55000305175781,2026-03-30,61.0099983215332,,105.45044203948976,89.28000068664551,132.25040428161623,17.90456443757255
NETWEB.NS,4520.2998046875,2026-10-01T23:11:23.693897+05:30,WAITING FOR 0.786,2026-08-24,5813.0,2026-09-16,4388.0,,5508.05,5100.5,6183.5,17.932847292825958
SIGNPOST.NS,259.3999938964844,2026-10-01T23:11:23.693897+05:30,WAITING FOR 0.786,2026-07-14,336.79998779296875,2026-09-03,240.14999389648438,,316.11688909912107,288.47499084472656,361.9289862060547,17.941747865566473
BSHSL.NS,83.94999694824219,2026-10-01T23:11:23.693897+05:30,WAITING FOR 0.786,2026-04-15,107.9800033569336,2026-09-29,81.52999877929688,,102.31970237731935,94.75500106811523,114.85700454711915,17.953243610244385
LINDEINDIA.NS,6247.5,2026-10-01T23:11:23.693897+05:30,WAITING FOR 0.786,2026-05-07,8049.0,2026-09-16,6024.5,,7615.757,7036.75,8575.369999999999,17.96613258537529
BATLIBOI.NS,82.3499984741211,2026-10-01T23:11:23.693897+05:30,WAITING FOR 0.786,2026-08-06,106.5,2026-09-17,78.11000061035156,,100.42454013061524,92.30500030517578,113.88139984130859,17.99813236185682
VIYASH.NS,231.75,2026-10-01T23:11:23.693897+05:30,WAITING FOR 0.786,2026-07-06,298.0,2026-10-01,226.24000549316406,,282.6433611755371,262.12000274658203,316.6575985717773,18.006211419177657
PYRAMID.NS,154.33999633789062,2026-10-01T23:11:23.693897+05:30,WAITING FOR 0.786,2026-07-28,198.69000244140625,2026-09-09,150.0,,188.27034191894532,174.34500122070312,211.34940307617188,18.02214052156047
AMBIKCO.NS,1505.800048828125,2026-10-01T23:11:23.693897+05:30,WAITING FOR 0.786,2026-08-07,1931.0,2026-10-01,1491.0,,1836.8400000000001,1711.0,2045.4,18.02225295463269
SANDESH.NS,990.0499877929688,2026-10-01T23:11:23.693897+05:30,WAITING FOR 0.786,2026-08-07,1270.0,2026-08-31,980.0,,1207.94,1125.0,1345.4,18.038148600678124
JETFREIGHT.NS,19.59000015258789,2026-10-01T23:11:23.693897+05:30,WAITING FOR 0.786,2026-07-16,25.950000762939453,2026-09-17,16.510000228881836,,23.929840648651123,21.230000495910645,28.404400901794432,18.135684895619477
HCC.NS,20.229999542236328,2026-10-01T23:11:23.693897+05:30,WAITING FOR 0.786,2026-08-27,26.030000686645508,2026-10-01,19.8799991607666,,24.713900360107424,22.954999923706055,27.629001083374025,18.143234182124075
MAZDOCK.NS,2064.0,2026-10-01T23:11:23.693897+05:30,WAITING FOR 0.786,2026-08-26,2656.800048828125,2026-10-01,2031.199951171875,,2522.9216279296875,2344.0,2819.45607421875,18.190086558744163
STYLAMIND.NS,3219.89990234375,2026-10-01T23:11:23.693897+05:30,WAITING FOR 0.786,2026-07-22,4150.0,2026-09-17,3152.199951171875,,3936.4707895507813,3651.0999755859375,4409.428012695313,18.203383830743586
STEELCITY.NS,80.11000061035156,2026-10-01T23:11:23.693897+05:30,WAITING FOR 0.786,2025-09-26,105.30000305175781,2026-03-30,71.26000213623047,,98.01544285583496,88.28000259399414,114.15040328979492,18.267980762806367
GICRE.NS,323.8999938964844,2026-10-01T23:11:23.693897+05:30,WAITING FOR 0.786,2026-04-16,417.95001220703125,2026-10-01,316.79998779296875,,396.3039069824219,367.375,444.2490185546875,18.26979542978591
BAJEL.NS,163.6300048828125,2026-10-01T23:11:23.693897+05:30,WAITING FOR 0.786,2026-06-23,211.5,2026-10-01,159.0,,200.265,185.25,225.15,18.293258990431426
HINDZINC.NS,555.0499877929688,2026-10-01T23:11:23.693897+05:30,WAITING FOR 0.786,2026-01-27,733.0,2026-03-23,484.0,,679.7139999999999,608.5,797.74,18.34065683611507
ELECON.NS,440.0,2026-10-01T23:11:23.693897+05:30,WAITING FOR 0.786,2026-06-16,576.0,2026-09-16,402.3999938964844,,538.8495986938476,489.1999969482422,621.1360015869141,18.34456199530547
SPAL.NS,935.5999755859375,2026-10-01T23:11:23.693897+05:30,WAITING FOR 0.786,2026-07-09,1221.9000244140625,2026-08-25,867.7999877929688,,1146.1226165771484,1044.8500061035156,1313.9660339355469,18.368247685394145
PACEDIGITK.NS,167.35000610351562,2026-10-01T23:11:23.693897+05:30,WAITING FOR 0.786,2026-07-13,219.94000244140625,2026-09-16,150.25,,205.02634191894532,185.09500122070312,238.05940307617186,18.376339090283615
GANECOS.NS,976.2000122070312,2026-10-01T23:11:23.693897+05:30,WAITING FOR 0.786,2026-07-21,1268.0,2026-09-17,932.5,,1196.203,1100.25,1355.23,18.391776963690003
TPLPLASTEH.NS,68.88999938964844,2026-10-01T23:11:23.693897+05:30,WAITING FOR 0.786,2026-07-06,90.33000183105469,2026-09-17,62.810001373291016,,84.44072173309326,76.57000160217285,97.48520195007325,18.416140961701796
VCL.NS,1.3700000047683716,2026-10-01T23:11:23.693897+05:30,WAITING FOR 0.786,2026-09-11,1.809999942779541,2026-09-30,1.2000000476837158,,1.6794599652290345,1.5049999952316284,1.9685999155044556,18.426158816977853
APOLLOTYRE.NS,404.75,2026-10-01T23:11:23.693897+05:30,WAITING FOR 0.786,2026-02-05,532.0,2026-05-20,365.29998779296875,,496.3261973876953,448.6499938964844,575.3420031738281,18.450808736207485
SCILAL.NS,36.650001525878906,2026-10-01T23:11:23.693897+05:30,WAITING FOR 0.786,2026-06-22,47.33000183105469,2026-09-18,36.20000076293945,,44.94818160247803,41.76500129699707,50.223802108764644,18.461659138935307
VBL.NS,425.29998779296875,2026-10-01T23:11:23.693897+05:30,WAITING FOR 0.786,2026-06-17,555.7999877929688,2026-09-09,396.20001220703125,,521.6455930175781,476.0,597.2959814453125,18.469552223622976
SBIN.NS,954.0999755859375,2026-10-01T23:11:23.693897+05:30,WAITING FOR 0.786,2026-02-24,1234.699951171875,2026-05-18,933.9000244140625,,1170.328766845703,1084.2999877929688,1312.9079321289062,18.475901591528878
SECMARK.NS,137.47999572753906,2026-10-01T23:11:23.693897+05:30,WAITING FOR 0.786,2026-08-31,179.5,2026-09-17,128.8000030517578,,168.65020065307618,154.1500015258789,192.68199920654297,18.4821629650214
ADANIPOWER.NS,196.2100067138672,2026-10-01T23:11:23.693897+05:30,WAITING FOR 0.786,2026-05-29,254.1999969482422,2026-09-29,192.4499969482422,,240.9854969482422,223.3249969482422,270.2549969482422,18.580159719732716
SINCLAIR.NS,76.70999908447266,2026-10-01T23:11:23.693897+05:30,WAITING FOR 0.786,2025-10-07,101.12999725341797,2026-03-16,68.81999969482422,,94.21565777587891,84.9749984741211,109.53059661865234,18.580413388450655
RELAXO.NS,285.3500061035156,2026-10-01T23:11:23.693897+05:30,WAITING FOR 0.786,2026-08-27,369.6000061035156,2026-10-01,280.5,,350.5326047973633,325.0500030517578,392.76600769042966,18.595302634266673
CDSL.NS,1242.5,2026-10-01T23:11:23.693897+05:30,WAITING FOR 0.786,2025-12-01,1638.9000244140625,2026-03-30,1116.300048828125,,1527.063629638672,1377.6000366210938,1774.7760180664063,18.634693677172073
GOPAL.NS,254.75,2026-10-01T23:11:23.693897+05:30,WAITING FOR 0.786,2026-05-13,330.95001220703125,2026-09-29,247.60000610351562,,313.1131109008789,289.27500915527344,352.6210137939453,18.63962538424483
RENUKA.NS,21.34000015258789,2026-10-01T23:11:23.693897+05:30,WAITING FOR 0.786,2026-08-24,27.68000030517578,2026-10-01,20.950000762939453,,26.239780403137207,24.315000534057617,29.429800186157227,18.673099299121812
SHOPERSTOP.NS,404.70001220703125,2026-10-01T23:11:23.693897+05:30,WAITING FOR 0.786,2025-10-08,558.0,2026-03-02,275.95001220703125,,497.6413026123047,416.9750061035156,631.3329968261719,18.67636185288278
SHANTIGEAR.NS,573.6500244140625,2026-10-01T23:11:23.693897+05:30,WAITING FOR 0.786,2026-09-10,743.0,2026-10-01,568.5999755859375,,705.6783947753906,655.7999877929688,788.3440063476562,18.70942504954417
MPHASIS.NS,2250.199951171875,2026-10-01T23:11:23.693897+05:30,WAITING FOR 0.786,2026-02-03,2975.0,2026-03-30,2013.0,,2769.132,2494.0,3225.12,18.739881263447355
VTL.NS,529.25,2026-10-01T23:11:23.693897+05:30,WAITING FOR 0.786,2026-07-06,688.0,2026-10-01,516.5499877929688,,651.3096973876953,602.2749938964844,732.5770031738282,18.740654081653986
RICOAUTO.NS,121.62999725341797,2026-10-01T23:11:23.693897+05:30,WAITING FOR 0.786,2026-08-05,157.99000549316406,2026-10-01,119.33999633789062,,149.71890353393556,138.66500091552734,168.03900787353516,18.761095371067093
BORORENEW.NS,449.6000061035156,2026-10-01T23:11:23.693897+05:30,WAITING FOR 0.786,2026-08-13,585.2000122070312,2026-10-01,437.45001220703125,,553.5815122070312,511.32501220703125,623.6150122070312,18.783413790131785
SAGILITY.NS,43.16999816894531,2026-10-01T23:11:23.693897+05:30,WAITING FOR 0.786,2025-10-30,57.88999938964844,2026-03-23,35.83000183105469,,53.16915991210938,46.86000061035156,63.625598754882816,18.806318850425804
GREENLAM.NS,213.6199951171875,2026-10-01T23:11:23.693897+05:30,WAITING FOR 0.786,2026-08-06,278.54998779296875,2026-10-01,207.39999389648438,,263.3238890991211,242.97499084472656,297.0489862060547,18.875573405808215
APOLLOPIPE.NS,512.5999755859375,2026-10-01T23:11:23.693897+05:30,WAITING FOR 0.786,2026-08-25,668.7999877929688,2026-09-16,496.5,,631.9277904052734,582.6499938964844,713.5979846191406,18.883140863738177
KCP.NS,154.1699981689453,2026-10-01T23:11:23.693897+05:30,WAITING FOR 0.786,2025-11-10,207.8000030517578,2026-03-30,125.0,,190.08080239868164,166.4000015258789,229.32800384521482,18.892388803376285
DEVYANI.NS,127.06999969482422,2026-10-01T23:11:23.693897+05:30,WAITING FOR 0.786,2025-09-26,174.39999389648438,2026-04-02,91.55000305175781,,156.67009585571287,132.9749984741211,195.9409915161133,18.8932648564594
ICICIGI.NS,1563.0,2026-10-01T23:11:23.693897+05:30,WAITING FOR 0.786,2025-11-13,2064.89990234375,2026-09-15,1423.0999755859375,,1927.5547180175781,1743.9999389648438,2231.7678833007812,18.912807745997984
BRITANNIA.NS,4778.0,2026-10-01T23:11:23.693897+05:30,WAITING FOR 0.786,2026-02-25,6208.5,2026-10-01,4737.0,,5893.599,5472.75,6591.09,18.928993981436474
HYUNDAI.NS,2024.0,2026-10-01T23:11:23.693897+05:30,WAITING FOR 0.786,2025-09-26,2725.39990234375,2026-04-06,1658.0,,2496.9763232421874,2191.699951171875,3002.923876953125,18.94196267860696
EPACKPEB.NS,242.07000732421875,2026-10-01T23:11:23.693897+05:30,WAITING FOR 0.786,2025-11-07,344.0,2026-03-30,132.1699981689453,,298.6683796081543,238.08499908447266,399.0758004760742,18.95023917770982
GMRP&UI.NS,101.87000274658203,2026-10-01T23:11:23.693897+05:30,WAITING FOR 0.786,2025-11-20,136.3000030517578,2026-09-02,86.80000305175781,,125.70700305175782,111.55000305175781,149.17000305175782,18.962348736737678
DALMIASUG.NS,396.70001220703125,2026-10-01T23:11:23.693897+05:30,WAITING FOR 0.786,2026-08-24,520.0,2026-09-21,377.6000061035156,,489.52640130615237,448.8000030517578,557.0239984130859,18.96248881601526
CONTROLPR.NS,618.0,2026-10-01T23:11:23.693897+05:30,WAITING FOR 0.786,2025-10-03,829.7000122070312,2026-03-30,517.0,,762.7822095947265,673.3500061035156,911.0020153808593,18.98080576258467
REPCOHOME.NS,337.75,2026-10-01T23:11:23.693897+05:30,WAITING FOR 0.786,2026-07-03,439.8999938964844,2026-10-01,332.3999938964844,,416.8949938964844,386.1499938964844,467.84999389648436,18.984395364588185
PGHL.NS,5360.0,2026-10-01T23:11:23.693897+05:30,WAITING FOR 0.786,2026-07-15,6975.0,2026-09-28,5300.0,,6616.55,6137.5,7410.5,18.991014954923642
VGUARD.NS,294.54998779296875,2026-10-01T23:11:23.693897+05:30,WAITING FOR 0.786,2025-10-29,384.0,2026-07-24,288.79998779296875,,363.62719738769533,336.3999938964844,408.75200317382814,18.99671149214871
LASERPOWER.NS,262.75,2026-10-01T23:11:23.693897+05:30,WAITING FOR 0.786,2026-08-25,343.5,2026-10-01,254.14999389648438,,324.37909869384765,298.8249969482422,366.7310015869141,18.999096718008282
RALLIS.NS,199.69000244140625,2026-10-01T23:11:23.693897+05:30,WAITING FOR 0.786,2026-05-26,260.20001220703125,2026-09-29,196.75999450683594,,246.62384841918947,228.4800033569336,276.69441680908204,19.030538319233916
NTPCGREEN.NS,91.08999633789062,2026-10-01T23:11:23.693897+05:30,WAITING FOR 0.786,2026-04-27,119.94999694824219,2026-09-16,85.16000366210938,,112.50493838500977,102.55500030517578,128.99539520263673,19.034668481692606
INDTERRAIN.NS,29.219999313354492,2026-10-01T23:11:23.693897+05:30,WAITING FOR 0.786,2026-08-04,38.29999923706055,2026-09-15,28.0,,36.09579940032959,33.14999961853027,40.97799903869629,19.048754152020013
RAMCOIND.NS,302.29998779296875,2026-10-01T23:11:23.693897+05:30,WAITING FOR 0.786,2026-08-10,395.5,2026-10-01,292.8500061035156,,373.5329013061523,344.1750030517578,422.1889984130859,19.07005066062445
DYCL.NS,428.0,2026-10-01T23:11:23.693897+05:30,WAITING FOR 0.786,2026-09-01,560.0,2026-09-16,416.6499938964844,,529.3230986938477,488.3249969482422,597.271001586914,19.142013440159992
AEROENTER.NS,121.93000030517578,2026-10-01T23:11:23.693897+05:30,WAITING FOR 0.786,2026-09-08,159.60000610351562,2026-10-01,118.4800033569336,,150.80032551574706,139.0400047302246,170.29120681762694,19.144736665410278
TAJGVK.NS,314.8999938964844,2026-10-01T23:11:23.693897+05:30,WAITING FOR 0.786,2026-01-16,418.95001220703125,2026-03-23,281.3500061035156,,389.5036109008789,350.15000915527344,454.7260137939453,19.1535110115782
AMAGI.NS,554.0499877929688,2026-10-01T23:11:23.693897+05:30,WAITING FOR 0.786,2026-08-13,727.4000244140625,2026-10-01,531.2000122070312,,685.4132218017578,629.3000183105469,778.4120275878906,19.165552958472585
ALLDIGI.NS,756.3499755859375,2026-10-01T23:11:23.693897+05:30,WAITING FOR 0.786,2026-02-03,1000.0,2026-03-30,700.0,,935.8,850.0,1078.0,19.176108614454208
SUVEN.NS,308.29998779296875,2026-10-01T23:11:23.693897+05:30,WAITING FOR 0.786,2026-09-01,403.3500061035156,2026-10-01,301.1000061035156,,381.4685061035156,352.2250061035156,429.93500610351566,19.180749430122493
MANCREDIT.NS,218.97000122070312,2026-10-01T23:11:23.693897+05:30,WAITING FOR 0.786,2026-08-07,287.2699890136719,2026-09-16,210.99000549316406,,270.9460725402832,249.12999725341797,307.10278472900393,19.183179454226064
NMDC.NS,74.63999938964844,2026-10-01T23:11:23.693897+05:30,WAITING FOR 0.786,2026-06-03,97.48999786376953,2026-10-01,73.70999908447266,,92.401078125,85.5999984741211,103.67279754638672,19.221722403849455
FIBERWEB.NS,26.549999237060547,2026-10-01T23:11:23.693897+05:30,WAITING FOR 0.786,2026-05-15,35.0,2026-09-16,25.06999969482422,,32.874979934692384,30.03499984741211,37.581800079345705,19.239496754664774
DCMSHRIRAM.NS,906.8499755859375,2026-10-01T23:11:23.693897+05:30,WAITING FOR 0.786,2026-07-29,1187.5,2026-10-01,886.2999877929688,,1123.0431973876953,1036.8999938964844,1265.812003173828,19.250659485284597
TGBHOTELS.NS,9.420000076293945,2026-10-01T23:11:23.693897+05:30,WAITING FOR 0.786,2025-10-03,12.800000190734863,2026-03-30,7.5,,11.665800149917603,10.150000095367432,14.178000240325929,19.251144754434353
DOMS.NS,2097.5,2026-10-01T23:11:23.693897+05:30,WAITING FOR 0.786,2026-02-05,2755.0,2026-09-29,2020.0,,2597.71,2387.5,2946.1,19.255806075350986
KEI.NS,4502.0,2026-10-01T23:11:23.693897+05:30,WAITING FOR 0.786,2026-08-18,5899.0,2026-10-01,4424.2001953125,,5583.392841796875,5161.60009765625,6282.44794921875,19.36802357343811
BANARISUG.NS,3300.5,2026-10-01T23:11:23.693897+05:30,WAITING FOR 0.786,2026-08-20,4338.0,2026-09-16,3196.5,,4093.719,3767.25,4634.79,19.37648871356339
ADVAIT.NS,1863.0,2026-10-01T23:11:23.693897+05:30,WAITING FOR 0.786,2026-08-07,2442.0,2026-10-01,1830.4000244140625,,2311.117605224609,2136.2000122070312,2601.0159936523437,19.389649588215494
APEX.NS,326.29998779296875,2026-10-01T23:11:23.693897+05:30,WAITING FOR 0.786,2026-08-18,427.79998779296875,2026-10-01,320.29998779296875,,404.79498779296875,374.04998779296875,455.74998779296874,19.391297414024812
DALBHARAT.NS,1682.0999755859375,2026-10-01T23:11:23.693897+05:30,WAITING FOR 0.786,2026-02-10,2219.89990234375,2026-06-11,1605.0,,2088.3113232421874,1912.449951171875,2379.773876953125,19.451666192452112
DELHIVERY.NS,400.0,2026-10-01T23:11:23.693897+05:30,WAITING FOR 0.786,2026-07-10,524.0,2026-10-01,397.0,,496.822,460.5,557.02,19.48826742777091
NOVARTIND.NS,1965.0,2026-10-01T23:11:23.693897+05:30,WAITING FOR 0.786,2026-09-10,2588.800048828125,2026-10-01,1900.0,,2441.396838378906,2244.4000244140625,2767.8880615234375,19.51328972373188
SUYOG.NS,689.9000244140625,2026-10-01T23:11:23.693897+05:30,WAITING FOR 0.786,2026-07-07,921.1500244140625,2026-09-28,623.5,,857.4529191894532,772.3250122070312,998.5390307617188,19.540769064472688
PRUDENT.NS,3119.10009765625,2026-10-01T23:11:23.693897+05:30,WAITING FOR 0.786,2026-08-31,4105.5,2026-09-28,3038.800048828125,,3877.226210449219,3572.1500244140625,4382.841987304688,19.553311353095687
URJA.NS,8.609999656677246,2026-10-01T23:11:23.693897+05:30,WAITING FOR 0.786,2026-05-29,11.300000190734863,2026-10-01,8.510000228881836,,10.702940198898315,9.90500020980835,12.02540018081665,19.554818613641334
SUKHJITS.NS,150.92999267578125,2026-10-01T23:11:23.693897+05:30,WAITING FOR 0.786,2026-05-29,197.8000030517578,2026-10-01,150.3000030517578,,187.63500305175782,174.0500030517578,210.1500030517578,19.561920632608057
ASTRAL.NS,1344.0,2026-10-01T23:11:23.693897+05:30,WAITING FOR 0.786,2026-03-11,1768.699951171875,2026-07-09,1311.5999755859375,,1670.8805563964843,1540.1499633789062,1887.5459448242186,19.563370651786947
ESTER.NS,95.5199966430664,2026-10-01T23:11:23.693897+05:30,WAITING FOR 0.786,2025-10-07,132.4499969482422,2026-03-30,68.55000305175781,,118.77539825439453,100.5,149.06399536132812,19.57930847052976
GVT&D.NS,4253.2001953125,2026-10-01T23:11:23.693897+05:30,WAITING FOR 0.786,2026-06-23,5650.0,2026-07-28,3962.199951171875,,5288.810789550781,4806.0999755859375,6088.828012695312,19.581161728915685
FDC.NS,335.8999938964844,2026-10-01T23:11:23.693897+05:30,WAITING FOR 0.786,2026-07-09,442.0,2026-09-02,328.79998779296875,,417.7751973876953,385.3999938964844,471.4320031738281,19.597909115516675
PODDARMENT.NS,253.64999389648438,2026-10-01T23:11:23.693897+05:30,WAITING FOR 0.786,2026-09-08,333.3999938964844,2026-10-01,250.39999389648438,,315.6379938964844,291.8999938964844,354.97999389648436,19.638953864448077
MASFIN.NS,272.8500061035156,2026-10-01T23:11:23.693897+05:30,WAITING FOR 0.786,2026-05-04,358.8500061035156,2026-10-01,268.95001220703125,,339.611407409668,313.90000915527344,382.22400451660155,19.65817397459183
ECLERX.NS,1802.9000244140625,2026-10-01T23:11:23.693897+05:30,WAITING FOR 0.786,2026-02-03,2497.5,2026-06-30,1320.0,,2245.515,1908.75,2803.65,19.71106742043306
MADHAV.NS,34.4900016784668,2026-10-01T23:11:23.693897+05:30,WAITING FOR 0.786,2025-10-13,46.790000915527344,2026-03-30,29.0,,42.98294071960449,37.89500045776367,51.41540115356445,19.758859908028747
NTPC.NS,315.1000061035156,2026-10-01T23:11:23.693897+05:30,WAITING FOR 0.786,2026-04-27,414.3999938964844,2026-10-01,313.04998779296875,,392.71109259033204,363.72499084472656,440.75099548339847,19.762896427216194
AMBALALSA.NS,37.88999938964844,2026-10-01T23:11:23.693897+05:30,WAITING FOR 0.786,2026-08-10,49.97999954223633,2026-09-16,37.150001525878906,,47.234379966735844,43.56500053405762,53.31579902648926,19.783006749888653
BLBLIMITED.NS,16.639999389648438,2026-10-01T23:11:23.693897+05:30,WAITING FOR 0.786,2026-02-23,22.469999313354492,2026-06-30,14.40999984741211,,20.74515942764282,18.4399995803833,24.56559917449951,19.78852007531106
MEDICAMEQ.NS,318.6000061035156,2026-10-01T23:11:23.693897+05:30,WAITING FOR 0.786,2025-11-25,447.6499938964844,2026-06-29,212.39999389648438,,397.30649389648437,330.0249938964844,508.8149938964844,19.81001795895015
RECLTD.NS,287.75,2026-10-01T23:11:23.693897+05:30,WAITING FOR 0.786,2026-07-29,378.70001220703125,2026-10-01,286.20001220703125,,358.90501220703123,332.45001220703125,402.75001220703126,19.825583312273746
KWIL.NS,38.36000061035156,2026-10-01T23:11:23.693897+05:30,WAITING FOR 0.786,2026-08-24,50.68000030517578,2026-10-01,37.61000061035156,,47.8830203704834,44.14500045776367,54.078200225830074,19.88809328745295
CANBK.NS,118.36000061035156,2026-10-01T23:11:23.693897+05:30,WAITING FOR 0.786,2026-03-02,156.25,2026-10-01,116.51000213623047,,147.7456404571533,136.38000106811523,166.58239944458006,19.88934479276475
CREATIVEYE.NS,6.170000076293945,2026-10-01T23:11:23.693897+05:30,WAITING FOR 0.786,2026-04-17,8.399999618530273,2026-09-10,5.159999847412109,,7.706639667510986,6.779999732971191,9.242399559020996,19.93916489562992
BALKRISIND.NS,2083.5,2026-10-01T23:11:23.693897+05:30,WAITING FOR 0.786,2026-02-10,2775.0,2026-06-11,1970.0,,2602.73,2372.5,2984.3,19.94943770579353
LINCOLN.NS,582.0499877929688,2026-10-01T23:11:23.693897+05:30,WAITING FOR 0.786,2026-05-27,770.0,2026-07-30,569.7000122070312,,727.1358026123047,669.8500061035156,822.0779968261719,19.953056127631363
EXPLEOSOL.NS,848.75,2026-10-01T23:11:23.693897+05:30,WAITING FOR 0.786,2025-11-14,1175.0999755859375,2026-03-30,640.0,,1060.5885808105468,907.5499877929688,1314.2259692382813,19.97368109023489
CERA.NS,5096.5,2026-10-01T23:11:23.693897+05:30,WAITING FOR 0.786,2026-06-22,6740.0,2026-10-01,5008.5,,6369.459,5874.25,7190.1900000000005,19.985355114147055
TVSSRICHAK.NS,4349.2998046875,2026-10-01T23:11:23.693897+05:30,WAITING FOR 0.786,2026-09-01,5760.0,2026-10-01,4255.0,,5437.93,5007.5,6151.3,20.01920207344523
MRF.NS,123715.0,2026-10-01T23:11:23.693897+05:30,WAITING FOR 0.786,2025-10-24,163600.0,2026-05-29,122000.0,,154697.6,142800.0,174416.0,20.027847878700126
KANANIIND.NS,1.340000033378601,2026-10-01T23:11:23.693897+05:30,WAITING FOR 0.786,2026-07-13,1.7999999523162842,2026-09-28,1.2200000286102295,,1.6758799686431884,1.5099999904632568,1.9507999324798584,20.04200429321436
CANFINHOME.NS,711.0,2026-10-01T23:11:23.693897+05:30,WAITING FOR 0.786,2026-07-13,940.8499755859375,2026-10-01,700.0,,889.3080808105469,820.4249877929688,1003.4709692382812,20.05020359738895
LAGNAM.NS,71.9000015258789,2026-10-01T23:11:23.693897+05:30,WAITING FOR 0.786,2026-07-16,95.9000015258789,2026-09-18,68.0999984741211,,89.95080087280273,82.0,103.12800231933593,20.067413710355982
LANCORHOL.NS,31.59000015258789,2026-10-01T23:11:23.693897+05:30,WAITING FOR 0.786,2026-09-07,41.75,2026-10-01,31.360000610351562,,39.52654013061523,36.55500030517578,44.45139984130859,20.07901514223377
DENORA.NS,723.9000244140625,2026-10-01T23:11:23.693897+05:30,WAITING FOR 0.786,2026-07-31,959.0,2026-10-01,711.0,,905.928,835.0,1023.48,20.092984827264143
KOLTEPATIL.NS,418.79998779296875,2026-10-01T23:11:23.693897+05:30,WAITING FOR 0.786,2026-08-11,554.5999755859375,2026-09-16,413.20001220703125,,524.3403834228516,483.8999938964844,591.3639660644532,20.12822185102808
SHILCTECH.NS,4033.0,2026-10-01T23:11:23.693897+05:30,WAITING FOR 0.786,2026-04-28,5399.0,2026-06-11,3769.60009765625,,5050.308420898437,4584.300048828125,5822.643974609375,20.143490973516837
SAIPARENT.NS,523.6500244140625,2026-10-01T23:11:23.693897+05:30,WAITING FOR 0.786,2026-07-02,706.0,2026-08-27,471.25,,655.7635,588.625,767.0350000000001,20.146512513419477
SAKHTISUG.NS,17.579999923706055,2026-10-01T23:11:23.693897+05:30,WAITING FOR 0.786,2026-08-24,23.290000915527344,2026-10-01,17.360000610351562,,22.020980850219726,20.325000762939453,24.831800994873046,20.16704413268385
CHAMBLFERT.NS,399.29998779296875,2026-10-01T23:11:23.693897+05:30,WAITING FOR 0.786,2025-09-26,528.4000244140625,2026-10-01,396.5,,500.1734191894531,462.45001220703125,562.6940307617188,20.167691349922784
TENNIND.NS,495.3999938964844,2026-10-01T23:11:23.693897+05:30,WAITING FOR 0.786,2026-05-06,657.0,2026-10-01,487.45001220703125,,620.7163026123047,572.2250061035156,701.0829968261719,20.188982984404085
HPIL.NS,114.44000244140625,2026-10-01T23:11:23.693897+05:30,WAITING FOR 0.786,2026-04-22,152.0,2026-10-01,112.0,,143.44,132.0,162.4,20.217510846760838
BUTTERFLY.NS,550.5,2026-10-01T23:11:23.693897+05:30,WAITING FOR 0.786,2026-08-04,736.5,2026-10-01,522.25,,690.6505,629.375,792.2049999999999,20.292535805012808
TATAPOWER.NS,350.1499938964844,2026-10-01T23:11:23.693897+05:30,WAITING FOR 0.786,2026-04-28,464.8999938964844,2026-10-01,346.3999938964844,,439.5409938964844,405.6499938964844,495.7099938964844,20.33735220179539
KIRIINDUS.NS,544.5999755859375,2026-10-01T23:11:23.693897+05:30,WAITING FOR 0.786,2026-01-01,779.0,2026-03-30,333.79998779296875,,683.7271973876952,556.3999938964844,894.7520031738281,20.34835272508081
RELTD.NS,146.97999572753906,2026-10-01T23:11:23.693897+05:30,WAITING FOR 0.786,2026-07-09,196.4499969482422,2026-09-21,140.8800048828125,,184.55801864624024,168.66500091552734,210.8981948852539,20.361089263062865
VAISHALI.NS,8.380000114440918,2026-10-01T23:11:23.693897+05:30,WAITING FOR 0.786,2025-09-26,12.100000381469727,2026-03-30,4.75,,10.527100299835205,8.425000190734863,14.011000480651855,20.39593168337057
NUVOCO.NS,322.1000061035156,2026-10-01T23:11:23.693897+05:30,WAITING FOR 0.786,2025-10-10,439.8500061035156,2026-03-24,276.25,,404.8396047973633,358.0500030517578,482.38600769042966,20.4376246082104
ESABINDIA.NS,5500.5,2026-10-01T23:11:23.693897+05:30,WAITING FOR 0.786,2026-05-07,7319.5,2026-09-29,5447.0,,6918.785,6383.25,7806.35,20.499047159291695
VOLTAS.NS,1053.199951171875,2026-10-01T23:11:23.693897+05:30,WAITING FOR 0.786,2026-07-16,1403.0,2026-10-01,1040.5999755859375,,1325.4463947753907,1221.7999877929688,1497.2240063476563,20.53998144901593
SANSTAR.NS,103.0,2026-10-01T23:11:23.693897+05:30,WAITING FOR 0.786,2026-06-24,137.49000549316406,2026-10-01,101.20999908447266,,129.7260841217041,119.35000228881836,146.92280715942383,20.601935457044014
CHEMBOND.NS,177.63999938964844,2026-10-01T23:11:23.693897+05:30,WAITING FOR 0.786,2026-09-09,236.8000030517578,2026-10-01,176.0,,223.78880239868164,206.4000015258789,252.60800384521485,20.62158719041658
VAML.NS,402.75,2026-10-01T23:11:23.693897+05:30,WAITING FOR 0.786,2026-06-15,537.0,2026-10-01,398.75,,507.4145,467.875,572.9449999999999,20.627021892358215
SIRCA.NS,401.54998779296875,2026-10-01T23:11:23.693897+05:30,WAITING FOR 0.786,2025-11-19,539.0,2026-07-17,385.0,,506.044,462.0,579.04,20.649194972577728
IDEAFORGE.NS,735.0,2026-10-01T23:11:23.693897+05:30,WAITING FOR 0.786,2026-06-08,992.25,2026-09-16,684.0,,926.2845,838.125,1072.395,20.65072879876539
CEATLTD.NS,3286.60009765625,2026-10-01T23:11:23.693897+05:30,WAITING FOR 0.786,2025-10-23,4438.0,2026-06-11,3061.199951171875,,4143.364789550781,3749.5999755859375,4795.968012695313,20.677993259372666
VINEETLAB.NS,35.90999984741211,2026-10-01T23:11:23.693897+05:30,WAITING FOR 0.786,2025-10-30,49.9900016784668,2026-03-09,27.959999084472656,,45.275581123352055,38.97500038146973,55.717802352905274,20.685722951680468
ASHOKAMET.NS,14.529999732971191,2026-10-01T23:11:23.693897+05:30,WAITING FOR 0.786,2026-09-15,19.399999618530273,2026-10-01,14.399999618530273,,18.329999618530273,16.899999618530273,20.699999618530274,20.73104181473939
PARACABLES.NS,56.5099983215332,2026-10-01T23:11:23.693897+05:30,WAITING FOR 0.786,2026-07-02,75.69999694824219,2026-10-01,55.099998474121094,,71.29159727478027,65.39999771118164,81.05599655151367,20.73399884179075
MAXIND.NS,162.77999877929688,2026-10-01T23:11:23.693897+05:30,WAITING FOR 0.786,2025-10-01,228.8000030517578,2026-03-30,120.0,,205.51680239868165,174.4000015258789,257.08800384521487,20.794797856225756
IVALUE.NS,219.27999877929688,2026-10-01T23:11:23.693897+05:30,WAITING FOR 0.786,2026-08-24,297.6000061035156,2026-09-21,200.8800048828125,,276.90192584228515,249.24000549316406,322.74720642089846,20.809507513432017
WEALTH.NS,889.9500122070312,2026-10-01T23:11:23.693897+05:30,WAITING FOR 0.786,2025-11-10,1219.0,2026-02-05,774.9500122070312,,1123.9733026123047,996.9750061035156,1334.4529968261718,20.82107198288105
BAJAJHFL.NS,82.91000366210938,2026-10-01T23:11:23.693897+05:30,WAITING FOR 0.786,2025-10-06,113.44999694824219,2026-03-30,72.6500015258789,,104.71879792785646,93.04999923706055,124.05799575805665,20.82605482233642
ZUARIIND.NS,281.8500061035156,2026-10-01T23:11:23.693897+05:30,WAITING FOR 0.786,2025-09-26,395.95001220703125,2026-03-30,210.0,,356.1567095947266,302.9750061035156,444.29701538085936,20.863485507760085
EIHAHOTELS.NS,296.1000061035156,2026-10-01T23:11:23.693897+05:30,WAITING FOR 0.786,2025-10-15,403.45001220703125,2026-03-30,266.6499938964844,,374.17480828857424,335.0500030517578,439.0180169677734,20.865862814806366
PGEL.NS,481.1000061035156,2026-10-01T23:11:23.693897+05:30,WAITING FOR 0.786,2026-08-07,643.9500122070312,2026-10-01,476.1000061035156,,608.030110900879,560.0250091552734,687.5910137939453,20.8756281180383
MUTHOOTCAP.NS,218.0800018310547,2026-10-01T23:11:23.693897+05:30,WAITING FOR 0.786,2025-11-14,303.0,2026-03-23,175.25,,275.6615,239.125,336.21500000000003,20.888480316963125
SURANAT&P.NS,15.979999542236328,2026-10-01T23:11:23.693897+05:30,WAITING FOR 0.786,2026-06-19,21.479999542236328,2026-08-27,15.5,,20.200279640197756,18.489999771118164,23.034799423217773,20.892186509949287
ELLEN.NS,341.70001220703125,2026-10-01T23:11:23.693897+05:30,WAITING FOR 0.786,2025-09-29,502.0,2026-03-17,175.0,,432.022,338.5,587.02,20.906802846375587
HECPROJECT.NS,111.86000061035156,2026-10-01T23:11:23.693897+05:30,WAITING FOR 0.786,2026-07-22,149.89999389648438,2026-09-29,110.5,,141.4683952026367,130.1999969482422,160.1439923095703,20.929335170498426
TATACONSUM.NS,957.0,2026-10-01T23:11:23.693897+05:30,WAITING FOR 0.786,2026-05-12,1282.699951171875,2026-10-01,945.0,,1210.4321616210937,1113.8499755859375,1370.5019384765624,20.937328803431658
ADANIENSOL.NS,1326.4000244140625,2026-10-01T23:11:23.693897+05:30,WAITING FOR 0.786,2026-07-21,1789.0,2026-09-29,1275.199951171875,,1679.0467895507813,1532.0999755859375,1922.5880126953125,21.002795593985045
ELCIDIN.NS,102155.0,2026-10-01T23:11:23.693897+05:30,WAITING FOR 0.786,2026-04-20,137000.0,2026-10-01,101110.0,,129319.54000000001,119055.0,146331.4,21.00575056174806
PROTEAN.NS,639.75,2026-10-01T23:11:23.693897+05:30,WAITING FOR 0.786,2025-10-03,909.5,2026-03-30,444.0,,809.883,676.75,1030.53,21.007108434181237
DANGEE.NS,2.9000000953674316,2026-10-01T23:11:23.693897+05:30,WAITING FOR 0.786,2026-04-24,3.9800000190734863,2026-09-01,2.5399999618530273,,3.671840006828308,3.259999990463257,4.354400033950806,21.02052131970703
GUJALKALI.NS,603.5999755859375,2026-10-01T23:11:23.693897+05:30,WAITING FOR 0.786,2026-05-05,815.0,2026-07-17,578.0499877929688,,764.2926973876953,696.5249938964844,876.6070031738282,21.02502383589369
PARAGMILK.NS,264.0,2026-10-01T23:11:23.693897+05:30,WAITING FOR 0.786,2025-11-13,376.95001220703125,2026-03-30,177.83999633789062,,334.3404688110352,277.39500427246094,428.71861633300784,21.03857455879524
DREDGECORP.NS,895.2000122070312,2026-10-01T23:11:23.693897+05:30,WAITING FOR 0.786,2026-08-20,1204.0,2026-10-01,881.0,,1134.878,1042.5,1287.98,21.11927341907841
GSFC.NS,146.89999389648438,2026-10-01T23:11:23.693897+05:30,WAITING FOR 0.786,2025-11-17,199.3300018310547,2026-03-30,138.8300018310547,,186.38300183105468,169.0800018310547,215.0600018310547,21.183803000640236
JINDWORLD.NS,45.81999969482422,2026-10-01T23:11:23.693897+05:30,WAITING FOR 0.786,2026-09-07,61.9900016784668,2026-10-01,44.31999969482422,,58.20862125396729,53.15500068664551,66.58420219421387,21.28313863523903
JAYSREETEA.NS,83.6500015258789,2026-10-01T23:11:23.693897+05:30,WAITING FOR 0.786,2026-08-26,112.69999694824219,2026-10-01,82.69999694824219,,106.27999694824219,97.69999694824219,120.49999694824218,21.292807745735985
ROML.NS,43.34000015258789,2026-10-01T23:11:23.693897+05:30,WAITING FOR 0.786,2025-10-24,60.5,2026-03-30,35.11000061035156,,55.06654013061524,47.80500030517578,67.10139984130859,21.295218385270886
SFL.NS,616.6500244140625,2026-10-01T23:11:23.693897+05:30,WAITING FOR 0.786,2026-08-05,830.0,2026-10-01,613.9000244140625,,783.7546052246093,721.9500122070312,886.1859936523438,21.321033356181402
BETA.NS,2073.300048828125,2026-10-01T23:11:23.693897+05:30,WAITING FOR 0.786,2026-08-12,2807.89990234375,2026-09-16,2002.5999755859375,,2635.565718017578,2405.2499389648438,3017.2778833007815,21.333775338843704
JITFINFRA.NS,275.45001220703125,2026-10-01T23:11:23.693897+05:30,WAITING FOR 0.786,2026-07-27,373.95001220703125,2026-10-01,263.54998779296875,,350.32440698242186,318.75,402.65401855468747,21.37287419404597
XTGLOBAL.NS,28.690000534057617,2026-10-01T23:11:23.693897+05:30,WAITING FOR 0.786,2026-03-05,39.400001525878906,2026-03-30,25.81999969482422,,36.4938811340332,32.61000061035156,42.930802001953126,21.38407962505774
HUDCO.NS,161.5399932861328,2026-10-01T23:11:23.693897+05:30,WAITING FOR 0.786,2026-06-18,218.0,2026-10-01,159.50999450683594,,205.48313882446288,188.75499725341797,233.20740142822265,21.38528046131764
RUCHINFRA.NS,4.840000152587891,2026-10-01T23:11:23.693897+05:30,WAITING FOR 0.786,2026-09-03,6.630000114440918,2026-09-21,4.420000076293945,,6.157060106277466,5.525000095367432,7.20460012435913,21.391052400913864
DLINKINDIA.NS,406.6000061035156,2026-10-01T23:11:23.693897+05:30,WAITING FOR 0.786,2026-07-09,549.2000122070312,2026-10-01,400.8500061035156,,517.4531109008789,475.02500915527344,587.7710137939453,21.422830873384736
SANDHAR.NS,563.8499755859375,2026-10-01T23:11:23.693897+05:30,WAITING FOR 0.786,2026-06-12,763.2000122070312,2026-10-01,550.0,,717.5752095947266,656.6000061035156,818.6320153808595,21.422874139647373
GRAUWEIL.NS,81.80000305175781,2026-10-01T23:11:23.693897+05:30,WAITING FOR 0.786,2026-04-13,115.5999984741211,2026-05-20,62.09000015258789,,104.148858833313,88.84499931335449,129.51259803771973,21.458570004423986
SENCO.NS,317.3999938964844,2026-10-01T23:11:23.693897+05:30,WAITING FOR 0.786,2026-07-27,430.0,2026-09-28,310.1499938964844,,404.35209869384767,370.0749969482422,461.16100158691404,21.504056756039855
CLEAN.NS,803.0499877929688,2026-10-01T23:11:23.693897+05:30,WAITING FOR 0.786,2025-09-26,1124.300048828125,2026-03-30,652.0,,1023.2278383789062,888.1500244140625,1247.0980615234375,21.517969148959427
BAJAJHIND.NS,19.190000534057617,2026-10-01T23:11:23.693897+05:30,WAITING FOR 0.786,2026-08-24,26.0,2026-10-01,18.799999237060547,,24.459199836730956,22.399999618530273,27.87200019836426,21.542811448641334
AIAENG.NS,3824.39990234375,2026-10-01T23:11:23.693897+05:30,WAITING FOR 0.786,2026-06-30,5180.0,2026-10-01,3756.89990234375,,4875.456579101563,4468.449951171875,5550.006025390625,21.558117885063783
FSL.NS,250.39999389648438,2026-10-01T23:11:23.693897+05:30,WAITING FOR 0.786,2026-08-06,339.0,2026-09-11,246.64999389648438,,319.23709869384766,292.8249969482422,363.01100158691406,21.563002883752844
MFSL.NS,1392.0,2026-10-01T23:11:23.693897+05:30,WAITING FOR 0.786,2026-02-23,1892.5,2026-09-30,1344.300048828125,,1775.1852104492186,1618.4000244140625,2035.0319873046874,21.585646849336463
JBMA.NS,544.6500244140625,2026-10-01T23:11:23.693897+05:30,WAITING FOR 0.786,2026-06-22,738.5,2026-10-01,533.9500122070312,,694.7263026123047,636.2250061035156,791.6829968261718,21.6022162445738
JKCEMENT.NS,4952.0,2026-10-01T23:11:23.693897+05:30,WAITING FOR 0.786,2025-10-14,6764.5,2026-06-12,4671.5,,6316.598,5718.0,7308.68,21.603369408659535
XPROINDIA.NS,1136.199951171875,2026-10-01T23:11:23.693897+05:30,WAITING FOR 0.786,2026-07-03,1574.800048828125,2026-08-10,995.4000244140625,,1450.8084436035156,1285.1000366210938,1725.4440551757812,21.685046969413584
ARIHANT.NS,894.0999755859375,2026-10-01T23:11:23.693897+05:30,WAITING FOR 0.786,2026-07-29,1225.0,2026-09-16,841.0,,1142.824,1033.0,1324.8400000000001,21.763983291745934
WAAREEENER.NS,2340.0,2026-10-01T23:11:23.693897+05:30,WAITING FOR 0.786,2026-05-29,3180.0,2026-10-01,2301.10009765625,,2991.9154208984373,2740.550048828125,3408.513974609375,21.78923295574561
GVPTECH.NS,7.75,2026-10-01T23:11:23.693897+05:30,WAITING FOR 0.786,2025-12-19,11.1899995803833,2026-03-18,5.21999979019165,,9.912419625282288,8.204999685287476,12.74219952583313,21.815255074219138
SAKSOFT.NS,139.3300018310547,2026-10-01T23:11:23.693897+05:30,WAITING FOR 0.786,2026-07-15,189.99000549316406,2026-10-01,135.08999633789062,,178.24140353393554,162.54000091552734,204.26400787353515,21.830731205767506
SAGARDEEP.NS,22.520000457763672,2026-10-01T23:11:23.693897+05:30,WAITING FOR 0.786,2025-10-28,31.0,2026-03-30,20.809999465942383,,28.81933988571167,25.90499973297119,33.64940013885498,21.858028160704492
BBOX.NS,795.8499755859375,2026-10-01T23:11:23.693897+05:30,WAITING FOR 0.786,2026-06-05,1103.0,2026-09-02,709.1500244140625,,1018.7161052246095,906.0750122070312,1205.4009936523437,21.877157776899363
LANDMARK.NS,463.25,2026-10-01T23:11:23.693897+05:30,WAITING FOR 0.786,2025-10-15,662.0,2026-03-12,339.5,,592.985,500.75,745.85,21.878293717379023
ARE&M.NS,747.4000244140625,2026-10-01T23:11:23.693897+05:30,WAITING FOR 0.786,2026-08-12,1017.2999877929688,2026-10-01,734.6500244140625,,956.8128956298829,875.9750061035156,1090.7889782714844,21.886501757270008
DHANBANK.NS,26.969999313354492,2026-10-01T23:11:23.693897+05:30,WAITING FOR 0.786,2026-07-07,36.849998474121094,2026-10-01,26.0,,34.52809880065918,31.424999237060547,39.67099807739258,21.889706499450803
BAYERCROP.NS,3554.199951171875,2026-10-01T23:11:23.693897+05:30,WAITING FOR 0.786,2026-05-04,4832.7998046875,2026-10-01,3513.0,,4550.362646484375,4172.89990234375,5175.94775390625,21.891940768328393
SIGMA.NS,44.90999984741211,2026-10-01T23:11:23.693897+05:30,WAITING FOR 0.786,2026-01-14,63.5,2026-03-30,35.459999084472656,,57.49943980407715,49.47999954223633,70.79040023803711,21.89489149731221
ZFCVINDIA.NS,2241.0,2026-10-01T23:11:23.693897+05:30,WAITING FOR 0.786,2026-06-24,3044.0,2026-10-01,2230.0,,2869.804,2637.0,3255.6400000000003,21.911043402267197
KICL.NS,4693.2001953125,2026-10-01T23:11:23.693897+05:30,WAITING FOR 0.786,2025-10-28,6554.89990234375,2026-03-30,4011.0,,6010.505323242188,5282.949951171875,7216.313876953125,21.91671177522736
SREEL.NS,292.6000061035156,2026-10-01T23:11:23.693897+05:30,WAITING FOR 0.786,2026-09-10,400.0,2026-09-30,282.0,,374.748,341.0,430.68,21.920862525346195
CENTRALBK.NS,30.0,2026-10-01T23:11:23.693897+05:30,WAITING FOR 0.786,2026-02-26,40.91999816894531,2026-06-02,29.31999969482422,,38.4375984954834,35.119998931884766,43.935997772216794,21.95141951044329
PFS.NS,28.809999465942383,2026-10-01T23:11:23.693897+05:30,WAITING FOR 0.786,2025-10-27,40.5,2026-03-30,23.850000381469727,,36.93690008163452,32.17500019073486,44.82899990081787,22.002118742316796
BLAL.NS,157.8300018310547,2026-10-01T23:11:23.693897+05:30,WAITING FOR 0.786,2026-07-03,215.0,2026-10-01,156.05999755859375,,202.38683947753907,185.52999877929688,230.32440063476562,22.01567936013414
SAMHI.NS,154.3699951171875,2026-10-01T23:11:23.693897+05:30,WAITING FOR 0.786,2025-10-29,217.3000030517578,2026-03-30,127.0,,197.97580239868165,172.1500015258789,240.77800384521484,22.025826769314577
SHAHALLOYS.NS,85.37000274658203,2026-10-01T23:11:23.693897+05:30,WAITING FOR 0.786,2026-08-31,116.8499984741211,2026-10-01,82.44000244140625,,109.48625932312012,99.64500045776367,125.79659744262696,22.026742648468108
NAHARSPING.NS,255.5,2026-10-01T23:11:23.693897+05:30,WAITING FOR 0.786,2026-08-06,349.0,2026-10-01,250.0,,327.814,299.5,374.74,22.059460547749644
BCPL.NS,67.25,2026-10-01T23:11:23.693897+05:30,WAITING FOR 0.786,2026-05-04,92.0,2026-09-30,65.4000015258789,,86.30760032653808,78.70000076293945,98.91599960327149,22.081022128335317
SAPPHIRE.NS,209.82000732421875,2026-10-01T23:11:23.693897+05:30,WAITING FOR 0.786,2025-10-31,304.6000061035156,2026-04-02,139.91000366210938,,269.3563455810547,222.2550048828125,347.4194067382813,22.10318755565396
JUNIPER.NS,214.99000549316406,2026-10-01T23:11:23.693897+05:30,WAITING FOR 0.786,2025-09-26,299.8999938964844,2026-03-30,188.5,,276.06039520263676,244.1999969482422,328.86399230957034,22.12211196200207
BFINVEST.NS,428.70001220703125,2026-10-01T23:11:23.693897+05:30,WAITING FOR 0.786,2026-07-13,584.7000122070312,2026-10-01,424.95001220703125,,550.5135122070312,504.82501220703125,626.2350122070312,22.12724979476792
BIOFILCHEM.NS,29.309999465942383,2026-10-01T23:11:23.693897+05:30,WAITING FOR 0.786,2026-05-27,39.9900016784668,2026-10-01,29.010000228881836,,37.640281368255614,34.500000953674316,42.84480205535888,22.131295515071987
SCHAND.NS,143.57000732421875,2026-10-01T23:11:23.693897+05:30,WAITING FOR 0.786,2025-09-30,200.0,2026-09-16,127.7300033569336,,184.53422071838378,163.8650016784668,218.79019912719727,22.198708312579157
INTLCONV.NS,80.02999877929688,2026-10-01T23:11:23.693897+05:30,WAITING FOR 0.786,2025-10-07,114.54000091552734,2026-03-30,60.0,,102.8684407196045,87.27000045776367,128.72040115356447,22.20160214400441
TIPSFILMS.NS,315.3999938964844,2026-10-01T23:11:23.693897+05:30,WAITING FOR 0.786,2026-07-29,432.3999938964844,2026-09-30,306.3500061035156,,405.4252965087891,369.375,465.1729907226562,22.205151821441184
BIKAJI.NS,504.04998779296875,2026-10-01T23:11:23.693897+05:30,WAITING FOR 0.786,2026-05-21,689.0,2026-10-01,497.6499938964844,,648.0510986938476,593.3249969482422,738.7510015869141,22.220641426442192
SUZLON.NS,38.90999984741211,2026-10-01T23:11:23.693897+05:30,WAITING FOR 0.786,2026-07-28,53.20000076293945,2026-10-01,38.400001525878906,,50.032800926208495,45.80000114440918,57.04800056457519,22.231018197843827
SUMICHEM.NS,417.6000061035156,2026-10-01T23:11:23.693897+05:30,WAITING FOR 0.786,2026-08-17,572.0499877929688,2026-10-01,408.20001220703125,,536.9860930175781,490.125,614.6509814453125,22.232621750625935
HALDER.NS,232.72999572753906,2026-10-01T23:11:23.693897+05:30,WAITING FOR 0.786,2026-08-17,319.0,2026-10-01,227.60000610351562,,299.44040130615235,273.3000030517578,342.7639984130859,22.278358326940516
BAJAJCON.NS,497.04998779296875,2026-10-01T23:11:23.693897+05:30,WAITING FOR 0.786,2026-07-13,692.0,2026-08-27,447.8500061035156,,639.7519013061524,569.9250030517578,755.478998413086,22.30582093180741
EIHOTEL.NS,297.8500061035156,2026-10-01T23:11:23.693897+05:30,WAITING FOR 0.786,2025-10-03,413.95001220703125,2026-04-02,271.1499938964844,,383.39080828857425,342.5500030517578,451.07801696777346,22.311646585087914
MODIRUBBER.NS,119.72000122070312,2026-10-01T23:11:23.693897+05:30,WAITING FOR 0.786,2025-12-26,167.5,2026-03-30,105.01000213623047,,154.12714045715333,136.25500106811523,183.74739944458008,22.32386790178284
BEARDSELL.NS,22.1299991607666,2026-10-01T23:11:23.693897+05:30,WAITING FOR 0.786,2026-07-02,30.5,2026-10-01,21.209999084472656,,28.511939804077148,25.854999542236328,32.91540023803711,22.383396875711494
BANSWRAS.NS,105.0999984741211,2026-10-01T23:11:23.693897+05:30,WAITING FOR 0.786,2026-06-19,144.0,2026-10-01,104.41000366210938,,135.5277407836914,124.20500183105469,154.29339904785155,22.451301950155283
DIXON.NS,12700.0,2026-10-01T23:11:23.693897+05:30,WAITING FOR 0.786,2025-09-26,18229.0,2026-03-30,9600.0,,16382.394,13914.5,20472.54,22.47775264103647
AKASH.NS,24.950000762939453,2026-10-01T23:11:23.693897+05:30,WAITING FOR 0.786,2026-01-09,34.7400016784668,2026-03-30,22.799999237060547,,32.18484115600586,28.770000457763672,37.84440231323242,22.47903091395667
ICEMAKE.NS,623.6500244140625,2026-10-01T23:11:23.693897+05:30,WAITING FOR 0.786,2026-07-29,860.1500244140625,2026-10-01,602.0,,804.9059191894531,731.0750122070312,927.2690307617188,22.518892016338608
JWL.NS,223.92999267578125,2026-10-01T23:11:23.693897+05:30,WAITING FOR 0.786,2026-05-27,308.5,2026-09-29,218.4499969482422,,289.2292993469238,263.4749984741211,331.91300079345706,22.577002682158273
JYOTISTRUC.NS,8.899999618530273,2026-10-01T23:11:23.693897+05:30,WAITING FOR 0.786,2026-08-06,12.279999732971191,2026-09-29,8.619999885559082,,11.496759765625,10.449999809265137,13.231599693298339,22.58688708847313
GROBTEA.NS,878.5,2026-10-01T23:11:23.693897+05:30,WAITING FOR 0.786,2025-11-03,1225.0,2026-03-30,805.0,,1135.12,1015.0,1334.2,22.607301430685737
BANKINDIA.NS,129.47999572753906,2026-10-01T23:11:23.693897+05:30,WAITING FOR 0.786,2026-02-27,178.36000061035156,2026-10-01,126.7300033569336,,167.31118119812012,152.54500198364258,191.78379989624023,22.611271523917807
BANARBEADS.NS,116.0,2026-10-01T23:11:23.693897+05:30,WAITING FOR 0.786,2025-10-30,164.6999969482422,2026-06-10,96.05000305175781,,150.00889825439452,130.375,182.54899536132814,22.671253939029732
JTEKTINDIA.NS,115.83999633789062,2026-10-01T23:11:23.693897+05:30,WAITING FOR 0.786,2026-07-01,159.5,2026-09-29,114.19999694824219,,149.80579934692383,136.8499984741211,171.27800079345704,22.67322303749696
IOB.NS,30.3799991607666,2026-10-01T23:11:23.693897+05:30,WAITING FOR 0.786,2025-10-23,41.79999923706055,2026-10-01,30.06999969482422,,39.289779335021976,35.93499946594238,44.84979911804199,22.67709395433893
SCI.NS,267.04998779296875,2026-10-01T23:11:23.693897+05:30,WAITING FOR 0.786,2026-05-11,368.75,2026-07-24,260.20001220703125,,345.5203026123047,314.4750061035156,396.9729968261719,22.71076814475488
REDTAPE.NS,115.29000091552734,2026-10-01T23:11:23.693897+05:30,WAITING FOR 0.786,2026-05-27,158.99000549316406,2026-09-11,113.0999984741211,,149.16954399108886,136.04500198364258,170.92140731811523,22.712104742765334
ESCORTS.NS,2667.300048828125,2026-10-01T23:11:23.693897+05:30,WAITING FOR 0.786,2026-02-12,3697.0,2026-10-01,2550.10009765625,,3451.5634208984375,3123.550048828125,3995.193974609375,22.721974839627016
MANAKCOAT.NS,126.58999633789062,2026-10-01T23:11:23.693897+05:30,WAITING FOR 0.786,2025-10-27,182.82000732421875,2026-03-30,94.19999694824219,,163.85532510375975,138.51000213623047,205.86121002197265,22.74282434353063
CAMPUS.NS,205.8300018310547,2026-10-01T23:11:23.693897+05:30,WAITING FOR 0.786,2026-02-10,284.75,2026-10-01,199.5399932861328,,266.5150585632324,242.1449966430664,306.9046017456055,22.76984162145562
ACCELYA.NS,1094.199951171875,2026-10-01T23:11:23.693897+05:30,WAITING FOR 0.786,2025-10-21,1527.0,2026-03-30,1012.4000244140625,,1416.8756052246094,1269.7000122070312,1660.795993652344,22.77374618229682
NESCO.NS,1028.199951171875,2026-10-01T23:11:23.693897+05:30,WAITING FOR 0.786,2025-10-08,1422.800048828125,2026-03-30,996.0,,1331.4648383789063,1209.4000244140625,1533.7680615234376,22.77678527179616
SHREECEM.NS,21900.0,2026-10-01T23:11:23.693897+05:30,WAITING FOR 0.786,2025-10-16,30285.0,2026-10-01,21355.0,,28373.98,25820.0,32606.8,22.816608738005737
UMESLTD.NS,4.570000171661377,2026-10-01T23:11:23.693897+05:30,WAITING FOR 0.786,2026-08-12,6.510000228881836,2026-09-18,3.759999990463257,,5.92150017786026,5.135000109672546,7.225000290870666,22.823608302030802
MAFATIND.NS,114.37999725341797,2026-10-01T23:11:23.693897+05:30,WAITING FOR 0.786,2026-06-24,157.77000427246094,2026-09-25,113.4000015258789,,148.2748236846924,135.58500289916992,169.30620498657225,22.859461632779983
CMPDI.NS,204.3800048828125,2026-10-01T23:11:23.693897+05:30,WAITING FOR 0.786,2026-07-03,283.69000244140625,2026-10-01,196.47000122070312,,265.0249221801758,240.0800018310547,306.36720275878906,22.88272242417042
AMBER.NS,6500.0,2026-10-01T23:11:23.693897+05:30,WAITING FOR 0.786,2026-05-07,8974.0,2026-10-01,6431.0,,8429.798,7702.5,9635.18,22.89257702260482
SIGNATURE.NS,737.4500122070312,2026-10-01T23:11:23.693897+05:30,WAITING FOR 0.786,2026-02-23,1024.800048828125,2026-04-02,705.2000122070312,,956.4056409912109,865.0000305175781,1107.8960583496093,22.89359445404942
GFLLIMITED.NS,55.22999954223633,2026-10-01T23:11:23.693897+05:30,WAITING FOR 0.786,2025-10-21,81.0,2026-03-30,37.25,,71.6375,59.125,92.375,22.90350788031921
RADIOCITY.NS,5.880000114440918,2026-10-01T23:11:23.693897+05:30,WAITING FOR 0.786,2025-10-21,8.479999542236328,2026-03-30,4.5,,7.6282796401977535,6.489999771118164,9.514799423217774,22.918398488489515
RELIANCE.NS,1167.699951171875,2026-10-01T23:11:23.693897+05:30,WAITING FOR 0.786,2026-01-05,1611.800048828125,2026-10-01,1160.800048828125,,1515.2860488281249,1386.300048828125,1729.060048828125,22.938645671888956
SANDUMA.NS,177.6699981689453,2026-10-01T23:11:23.693897+05:30,WAITING FOR 0.786,2026-05-27,245.69000244140625,2026-10-01,175.0,,230.56234191894532,210.34500122070312,264.06940307617185,22.940582278000292
GICHSGFIN.NS,132.8800048828125,2026-10-01T23:11:23.693897+05:30,WAITING FOR 0.786,2025-12-26,184.0,2026-03-30,130.0500030517578,,172.45470065307617,157.0250015258789,198.02699920654297,22.947878846094973
HLEGLAS.NS,442.04998779296875,2026-10-01T23:11:23.693897+05:30,WAITING FOR 0.786,2025-11-03,661.9500122070312,2026-03-30,250.0,,573.7927095947266,455.9750061035156,769.0570153808594,22.959985304589974
DODLA.NS,1006.2999877929688,2026-10-01T23:11:23.693897+05:30,WAITING FOR 0.786,2025-10-06,1400.0,2026-03-16,964.0999755859375,,1306.7173947753906,1182.0499877929688,1513.3340063476562,22.990235546229957
BORANA.NS,272.95001220703125,2026-10-01T23:11:23.693897+05:30,WAITING FOR 0.786,2026-04-23,377.95001220703125,2026-10-01,268.1000061035156,,354.4421109008789,323.02500915527344,406.5110137939453,22.991652568234823
PRINCEPIPE.NS,246.89999389648438,2026-10-01T23:11:23.693897+05:30,WAITING FOR 0.786,2025-10-07,352.20001220703125,2026-03-30,205.0,,320.69920959472654,278.6000061035156,390.4720153808594,23.011973054596417
SANOFICONR.NS,3787.199951171875,2026-10-01T23:11:23.693897+05:30,WAITING FOR 0.786,2026-05-14,5255.0,2026-10-01,3691.0,,4920.304,4473.0,5661.64,23.029147158958573
ONGC.NS,222.3699951171875,2026-10-01T23:11:23.693897+05:30,WAITING FOR 0.786,2026-04-29,307.5,2026-10-01,220.60000610351562,,288.9034013061523,264.0500030517578,330.09399841308596,23.02963754949325
GARUDA.NS,172.17999267578125,2026-10-01T23:11:23.693897+05:30,WAITING FOR 0.786,2025-11-07,249.3000030517578,2026-03-30,130.0,,223.76980239868163,189.6500015258789,280.31800384521483,23.054857791305057
KSCL.NS,715.0999755859375,2026-10-01T23:11:23.693897+05:30,WAITING FOR 0.786,2026-06-22,996.0,2026-09-18,685.0,,929.446,840.5,1076.8600000000001,23.061697442784467
HBLENGINE.NS,779.3499755859375,2026-10-01T23:11:23.693897+05:30,WAITING FOR 0.786,2025-11-10,1122.0,2026-03-30,613.0,,1013.0740000000001,867.5,1254.3400000000001,23.07077512739075
CAPILLARY.NS,554.7000122070312,2026-10-01T23:11:23.693897+05:30,WAITING FOR 0.786,2025-11-26,798.9500122070312,2026-09-09,438.1499938964844,,721.7388082885742,618.5500030517578,892.7580169677734,23.14393990779494
JUBLFOOD.NS,443.3999938964844,2026-10-01T23:11:23.693897+05:30,WAITING FOR 0.786,2025-11-14,622.9500122070312,2026-07-24,408.54998779296875,,577.068406982422,515.75,678.6940185546875,23.163356626107802
SURYAROSNI.NS,220.6699981689453,2026-10-01T23:11:23.693897+05:30,WAITING FOR 0.786,2025-11-11,314.5,2026-03-30,187.35000610351562,,287.28990130615233,250.9250030517578,347.55899841308593,23.189086297263575
PRECOT.NS,638.3499755859375,2026-10-01T23:11:23.693897+05:30,WAITING FOR 0.786,2026-08-13,899.0,2026-09-29,582.0499877929688,,831.1726973876953,740.5249938964844,981.4070031738281,23.198875806169177
DDEVPLSTIK.NS,247.61000061035156,2026-10-01T23:11:23.693897+05:30,WAITING FOR 0.786,2025-10-06,360.0,2026-03-30,185.14999389648438,,322.5820986938477,272.5749969482422,405.46100158691405,23.241245681971254
HCLTECH.NS,1243.0999755859375,2026-10-01T23:11:23.693897+05:30,WAITING FOR 0.786,2026-02-03,1780.0999755859375,2026-07-01,1030.0,,1619.578580810547,1405.0499877929688,1975.1259692382814,23.245467042185386
NIRAJISPAT.NS,300.0,2026-10-01T23:11:23.693897+05:30,WAITING FOR 0.786,2026-09-02,429.6499938964844,2026-09-23,249.0,,390.9908952026367,339.3249969482422,476.61899230957033,23.27187060340097
MOSCHIP.NS,198.02999877929688,2026-10-01T23:11:23.693897+05:30,WAITING FOR 0.786,2025-10-08,288.45001220703125,2026-03-30,146.8000030517578,,258.13691024780275,217.62500762939453,325.27901458740234,23.284896147089253
MMTC.NS,56.290000915527344,2026-10-01T23:11:23.693897+05:30,WAITING FOR 0.786,2026-06-17,78.3499984741211,2026-10-01,55.11000061035156,,73.37663893127441,66.72999954223633,84.39239791870116,23.286209704631815
AFFLE.NS,1449.5999755859375,2026-10-01T23:11:23.693897+05:30,WAITING FOR 0.786,2025-09-26,2063.60009765625,2026-03-23,1251.300048828125,,1889.7678872070314,1657.4500732421875,2274.7981103515626,23.292168027663802
CROMPTON.NS,202.6999969482422,2026-10-01T23:11:23.693897+05:30,WAITING FOR 0.786,2026-06-22,281.5,2026-10-01,201.10000610351562,,264.29440130615234,241.3000030517578,302.40399841308596,23.305224799885433
PICCADIL.NS,581.0499877929688,2026-10-01T23:11:23.693897+05:30,WAITING FOR 0.786,2026-08-11,809.7000122070312,2026-10-01,571.0,,758.6182095947265,690.3500061035156,871.7620153808593,23.406796667406564
LAXMICOT.NS,13.300000190734863,2026-10-01T23:11:23.693897+05:30,WAITING FOR 0.786,2026-02-24,19.0,2026-09-02,11.359999656677246,,17.36503992652893,15.179999828338623,20.986400089263917,23.409331351918294
NELCAST.NS,121.02999877929688,2026-10-01T23:11:23.693897+05:30,WAITING FOR 0.786,2026-05-08,173.1999969482422,2026-09-16,102.31999969482422,,158.03167753601076,137.7599983215332,191.62879623413085,23.41408971519795
KRISHNADEF.NS,1000.9000244140625,2026-10-01T23:11:23.693897+05:30,WAITING FOR 0.786,2026-06-22,1400.0,2026-08-31,965.2999877929688,,1306.9741973876953,1182.6499938964844,1513.0220031738281,23.41853217801822
BASF.NS,3417.10009765625,2026-10-01T23:11:23.693897+05:30,WAITING FOR 0.786,2025-10-03,4829.89990234375,2026-03-23,3122.199951171875,,4464.452112792969,3976.0499267578125,5273.901889648438,23.459810715306205
KITEX.NS,116.68000030517578,2026-10-01T23:11:23.693897+05:30,WAITING FOR 0.786,2026-07-01,162.89999389648438,2026-09-29,114.36000061035156,,152.51243533325197,138.62999725341797,175.5203921508789,23.494762869519086
CIEINDIA.NS,376.3500061035156,2026-10-01T23:11:23.693897+05:30,WAITING FOR 0.786,2026-02-23,526.0,2026-09-16,366.8999938964844,,491.9525986938477,446.4499969482422,567.3660015869141,23.498725872627
TCI.NS,877.0999755859375,2026-10-01T23:11:23.693897+05:30,WAITING FOR 0.786,2025-10-29,1242.0,2026-09-22,797.0,,1146.77,1019.5,1357.7,23.515615547499717
BONLON.NS,39.970001220703125,2026-10-01T23:11:23.693897+05:30,WAITING FOR 0.786,2026-05-11,57.0,2026-09-17,35.0,,52.292,46.0,62.72,23.5638315216417
NAVKARCORP.NS,85.06999969482422,2026-10-01T23:11:23.693897+05:30,WAITING FOR 0.786,2026-07-17,119.0,2026-10-01,83.0999984741211,,111.31739967346192,101.04999923706055,128.33400039672853,23.578883494971798
ADVANIHOTR.NS,46.97999954223633,2026-10-01T23:11:23.693897+05:30,WAITING FOR 0.786,2026-01-23,65.5,2026-09-16,46.75,,61.4875,56.125,70.375,23.59422721327696
FORTIS.NS,785.0,2026-10-01T23:11:23.693897+05:30,WAITING FOR 0.786,2025-10-17,1104.300048828125,2026-10-01,745.3499755859375,,1027.484733154297,924.8250122070312,1197.6270678710937,23.59983806376256
CEMPRO.NS,1178.9000244140625,2026-10-01T23:11:23.693897+05:30,WAITING FOR 0.786,2026-07-21,1649.199951171875,2026-08-10,1153.800048828125,,1543.1843720703125,1401.5,1778.00392578125,23.606015862351672
BHARATCOAL.NS,31.75,2026-10-01T23:11:23.693897+05:30,WAITING FOR 0.786,2026-06-18,44.400001525878906,2026-10-01,31.18000030517578,,41.57092126464844,37.790000915527344,47.837201843261724,23.624497523464964
POCL.NS,437.0,2026-10-01T23:11:23.693897+05:30,WAITING FOR 0.786,2026-07-09,612.0399780273438,2026-09-16,427.6000061035156,,572.5698240356445,519.8199920654297,659.994370727539,23.677430829327953
BIRLANU.NS,1391.199951171875,2026-10-01T23:11:23.693897+05:30,WAITING FOR 0.786,2025-10-03,1999.0,2026-03-30,1190.0999755859375,,1825.8953947753907,1594.5499877929688,2209.3140063476562,23.807247931472496
CAPACITE.NS,180.3300018310547,2026-10-01T23:11:23.693897+05:30,WAITING FOR 0.786,2026-07-06,253.1999969482422,2026-10-01,176.16000366210938,,236.71343838500977,214.68000030517578,273.2303952026367,23.819279943983798
TEMBO.NS,57.15999984741211,2026-10-01T23:11:23.693897+05:30,WAITING FOR 0.786,2025-11-11,83.69999694824219,2026-03-30,43.334999084472656,,75.06188740539551,63.51749801635742,94.19489639282227,23.849503625319976
ORIENTELEC.NS,154.4600067138672,2026-10-01T23:11:23.693897+05:30,WAITING FOR 0.786,2025-10-31,217.50999450683594,2026-03-30,149.0500030517578,,202.8595563354492,183.27999877929688,235.30959228515627,23.858649055481703
TINNARUBR.NS,938.8499755859375,2026-10-01T23:11:23.693897+05:30,WAITING FOR 0.786,2026-07-21,1322.0,2026-10-01,911.0499877929688,,1234.0566973876953,1116.5249938964844,1428.8470031738282,23.921649825868148
HDFCBANK.NS,721.2000122070312,2026-10-01T23:11:23.693897+05:30,WAITING FOR 0.786,2025-10-23,1020.5,2026-09-11,681.9000244140625,,948.0396052246094,851.2000122070312,1108.5359936523437,23.927227487910212
IVC.NS,7.809999942779541,2026-10-01T23:11:23.693897+05:30,WAITING FOR 0.786,2026-09-03,10.989999771118164,2026-09-25,7.619999885559082,,10.26881979560852,9.304999828338623,11.866199741363525,23.94452236741459
ATULAUTO.NS,424.79998779296875,2026-10-01T23:11:23.693897+05:30,WAITING FOR 0.786,2026-08-05,596.5499877929688,2026-10-01,420.25,,558.8217904052734,508.3999938964844,642.3879846191406,23.98292352112974
BANKBARODA.NS,230.82000732421875,2026-10-01T23:11:23.693897+05:30,WAITING FOR 0.786,2026-02-26,325.5,2026-09-29,223.82000732421875,,303.7404815673828,274.6600036621094,351.9367980957031,24.007492800062323
SIL.NS,15.829999923706055,2026-10-01T23:11:23.693897+05:30,WAITING FOR 0.786,2026-08-21,22.299999237060547,2026-09-30,15.5,,20.844799400329592,18.899999618530273,24.06799903869629,24.0577967689353
RELCHEMQ.NS,114.36000061035156,2026-10-01T23:11:23.693897+05:30,WAITING FOR 0.786,2025-11-14,163.0,2026-03-30,105.01000213623047,,150.59014045715332,134.00500106811523,178.07739944458007,24.058772863094678
MOKSH.NS,9.1899995803833,2026-10-01T23:11:23.693897+05:30,WAITING FOR 0.786,2026-06-18,12.949999809265137,2026-10-01,9.029999732971191,,12.111119792938233,10.989999771118164,13.969199829101562,24.11932391469022
UBL.NS,1188.800048828125,2026-10-01T23:11:23.693897+05:30,WAITING FOR 0.786,2026-03-12,1682.800048828125,2026-10-01,1140.300048828125,,1566.705048828125,1411.550048828125,1823.850048828125,24.121004798105936
SHREDIGCEM.NS,66.69000244140625,2026-10-01T23:11:23.693897+05:30,WAITING FOR 0.786,2025-10-17,97.1500015258789,2026-03-30,53.900001525878906,,87.89450152587891,75.5250015258789,108.39500152587891,24.124943786420346
PRAJIND.NS,303.25,2026-10-01T23:11:23.693897+05:30,WAITING FOR 0.786,2026-04-23,427.6499938964844,2026-10-01,297.04998779296875,,399.70159259033204,362.34999084472656,461.60599548339843,24.13090024617155
IRB.NS,17.0,2026-10-01T23:11:23.693897+05:30,WAITING FOR 0.786,2026-05-21,23.950000762939453,2026-09-29,16.75,,22.40920059967041,20.350000381469727,25.82200096130371,24.13830237099117
RVTH.NS,776.7000122070312,2026-10-01T23:11:23.693897+05:30,WAITING FOR 0.786,2025-09-29,1169.699951171875,2026-03-16,491.1000061035156,,1024.4795629272462,830.3999786376953,1346.1359368896483,24.185894935008196
AVONMORE.NS,12.789999961853027,2026-10-01T23:11:23.693897+05:30,WAITING FOR 0.786,2026-01-09,19.0,2026-07-28,9.050000190734863,,16.870700040817262,14.025000095367432,21.586999950408938,24.18808981898391
GODREJIND.NS,1019.5999755859375,2026-10-01T23:11:23.693897+05:30,WAITING FOR 0.786,2026-07-10,1443.0,2026-10-01,985.2000122070312,,1345.0308026123048,1214.1000061035156,1562.0279968261718,24.19504641784552
INDIACEM.NS,295.1499938964844,2026-10-01T23:11:23.693897+05:30,WAITING FOR 0.786,2026-07-22,416.3999938964844,2026-10-01,290.25,,389.4038952026367,353.3249969482422,449.1989923095703,24.204663196064025
INDOSTAR.NS,206.35000610351562,2026-10-01T23:11:23.693897+05:30,WAITING FOR 0.786,2026-07-29,292.0,2026-10-01,199.83999633789062,,272.2777592163086,245.9199981689453,315.96160095214844,24.213418423359826
COROMANDEL.NS,1763.5999755859375,2026-10-01T23:11:23.693897+05:30,WAITING FOR 0.786,2025-12-19,2499.0,2026-10-01,1701.0,,2328.228,2100.0,2706.48,24.251405979743502
UNITEDTEA.NS,416.95001220703125,2026-10-01T23:11:23.693897+05:30,WAITING FOR 0.786,2026-04-13,590.0,2026-09-30,405.20001220703125,,550.4528026123047,497.6000061035156,638.0479968261718,24.25326745030713
KEYFINSERV.NS,244.0500030517578,2026-10-01T23:11:23.693897+05:30,WAITING FOR 0.786,2026-04-22,349.8999938964844,2026-09-28,221.0,,322.31539520263675,285.4499969482422,383.4139923095703,24.28223824110983
HMAAGRO.NS,23.469999313354492,2026-10-01T23:11:23.693897+05:30,WAITING FOR 0.786,2025-11-18,34.2400016784668,2026-09-10,19.09000015258789,,30.99790135192871,26.665000915527344,38.179002075195314,24.285199030436385
RAMANEWS.NS,29.3799991607666,2026-10-01T23:11:23.693897+05:30,WAITING FOR 0.786,2026-03-11,42.0,2026-07-22,27.1200008392334,,38.815680179595944,34.5600004196167,45.86879978179932,24.308941580236308
ASHOKLEY.NS,150.47999572753906,2026-10-01T23:11:23.693897+05:30,WAITING FOR 0.786,2026-02-11,215.4199981689453,2026-06-11,138.02999877929688,,198.85853829956056,176.7249984741211,235.54139801025389,24.328119368525204
SOBHA.NS,1213.0999755859375,2026-10-01T23:11:23.693897+05:30,WAITING FOR 0.786,2025-11-10,1732.0,2026-04-02,1130.0,,1603.172,1431.0,1888.52,24.33126479342594
ALPHAGEO.NS,258.20001220703125,2026-10-01T23:11:23.693897+05:30,WAITING FOR 0.786,2026-08-18,368.0,2026-10-01,244.0,,341.464,306.0,400.24,24.384411766092107
MSPL.NS,32.52000045776367,2026-10-01T23:11:23.693897+05:30,WAITING FOR 0.786,2026-06-22,46.119998931884766,2026-10-01,31.65999984741211,,43.02555912780762,38.88999938964844,49.879598693847655,24.417018356082572
ORKLAINDIA.NS,537.2000122070312,2026-10-01T23:11:23.693897+05:30,WAITING FOR 0.786,2025-11-06,760.0,2026-10-01,530.0499877929688,,710.7906973876953,645.0249938964844,819.7870031738281,24.422194299763095
CANTABIL.NS,224.66000366210938,2026-10-01T23:11:23.693897+05:30,WAITING FOR 0.786,2026-02-06,321.5,2026-05-29,208.5,,297.318,265.0,350.88,24.437806099156663
RPSGVENT.NS,829.8499755859375,2026-10-01T23:11:23.693897+05:30,WAITING FOR 0.786,2026-04-07,1179.0,2026-04-29,802.25,,1098.3755,990.625,1276.955,24.447515846271386
HUHTAMAKI.NS,232.72000122070312,2026-10-01T23:11:23.693897+05:30,WAITING FOR 0.786,2026-07-27,330.0,2026-10-01,227.80999755859375,,308.1313394775391,278.9049987792969,356.56940063476566,24.473764461836893
NITCO.NS,84.18000030517578,2026-10-01T23:11:23.693897+05:30,WAITING FOR 0.786,2026-07-03,119.4000015258789,2026-09-29,82.5999984741211,,111.52480087280273,101.0,128.96800231933594,24.51903106181242
FUSION.NS,171.36000061035156,2026-10-01T23:11:23.693897+05:30,WAITING FOR 0.786,2026-07-13,243.0,2026-09-29,168.35000610351562,,227.02490130615234,205.6750030517578,262.40899841308595,24.51929298307871
NACLIND.NS,130.41000366210938,2026-10-01T23:11:23.693897+05:30,WAITING FOR 0.786,2026-08-25,185.41000366210938,2026-10-01,126.51000213623047,,172.8054033355713,155.96000289916992,200.7240040588379,24.5336076622177
DWARKESH.NS,41.959999084472656,2026-10-01T23:11:23.693897+05:30,WAITING FOR 0.786,2026-08-24,59.900001525878906,2026-09-18,39.86000061035156,,55.61144132995605,49.880001068115234,65.11040176391602,24.547902228403156
OLECTRA.NS,1096.199951171875,2026-10-01T23:11:23.693897+05:30,WAITING FOR 0.786,2026-07-02,1556.0,2026-10-01,1076.199951171875,,1453.3227895507812,1316.0999755859375,1680.7480126953124,24.572850639003057
BHARTIHEXA.NS,1379.199951171875,2026-10-01T23:11:23.693897+05:30,WAITING FOR 0.786,2025-10-29,1955.5999755859375,2026-10-01,1365.5999755859375,,1829.3399755859375,1660.5999755859375,2108.9999755859376,24.606690414114123
WEBELSOLAR.NS,68.69999694824219,2026-10-01T23:11:23.693897+05:30,WAITING FOR 0.786,2026-08-07,97.69999694824219,2026-10-01,67.04000091552734,,91.13875779724121,82.36999893188477,105.67159591674805,24.620437442124377
EKC.NS,106.01000213623047,2026-10-01T23:11:23.693897+05:30,WAITING FOR 0.786,2025-10-27,154.5500030517578,2026-03-30,90.25,,140.78980239868164,122.4000015258789,171.26800384521485,24.703351854961376
VISL.NS,31.170000076293945,2026-10-01T23:11:23.693897+05:30,WAITING FOR 0.786,2026-07-03,44.779998779296875,2026-07-29,29.25,,41.456579040527345,37.01499938964844,48.817798461914066,24.812898705842056
RUDRA.NS,18.229999542236328,2026-10-01T23:11:23.693897+05:30,WAITING FOR 0.786,2026-08-17,25.950000762939453,2026-09-30,18.0,,24.24870059967041,21.975000381469727,28.01700096130371,24.82071578514145
INDIASHLTR.NS,645.5999755859375,2026-10-01T23:11:23.693897+05:30,WAITING FOR 0.786,2025-11-18,924.0,2026-09-02,620.1500244140625,,858.9761052246095,772.0750122070312,1003.0009936523438,24.84075265200506
IMFA.NS,1176.800048828125,2026-10-01T23:11:23.693897+05:30,WAITING FOR 0.786,2026-04-29,1679.9000244140625,2026-10-01,1148.0,,1566.073419189453,1413.9500122070312,1818.1940307617188,24.856648838520154
IREDA.NS,111.0,2026-10-01T23:11:23.693897+05:30,WAITING FOR 0.786,2025-10-15,158.6999969482422,2026-09-16,107.4000015258789,,147.72179792785644,133.04999923706055,172.03799575805664,24.858753713375755
3PLAND.NS,31.1200008392334,2026-10-01T23:11:23.693897+05:30,WAITING FOR 0.786,2025-10-28,44.95000076293945,2026-03-16,28.510000228881836,,41.431840648651125,36.730000495910645,49.22440090179443,24.888683794823013
DABUR.NS,374.25,2026-10-01T23:11:23.693897+05:30,WAITING FOR 0.786,2026-01-05,534.0,2026-09-09,368.04998779296875,,498.48669738769536,451.0249938964844,577.1470031738281,24.922770866054012
VASWANI.NS,44.36000061035156,2026-10-01T23:11:23.693897+05:30,WAITING FOR 0.786,2026-06-09,63.400001525878906,2026-09-17,43.2599983215332,,59.09004084014893,53.329999923706055,68.63640235900878,24.92812666967898
AMDIND.NS,52.09000015258789,2026-10-01T23:11:23.693897+05:30,WAITING FOR 0.786,2026-09-15,74.38999938964844,2026-10-01,51.11000061035156,,69.4080796508789,62.75,80.44279907226563,24.951100196692614
VEDL.NS,252.0500030517578,2026-10-01T23:11:23.693897+05:30,WAITING FOR 0.786,2026-05-29,360.0,2026-10-01,247.25,,335.87149999999997,303.625,389.315,24.956418436289525
VEEDOL.NS,1356.5999755859375,2026-10-01T23:11:23.693897+05:30,WAITING FOR 0.786,2025-10-08,1963.800048828125,2026-03-30,1238.199951171875,,1808.5216279296874,1601.0,2152.45607421875,24.988457166591317
AURUS.NS,4.400000095367432,2026-10-01T23:11:23.693897+05:30,WAITING FOR 0.786,2026-04-30,6.320000171661377,2026-09-29,4.210000038146973,,5.868460143089294,5.265000104904175,6.868600206375122,25.022919333466426
LTTS.NS,3267.800048828125,2026-10-01T23:11:23.693897+05:30,WAITING FOR 0.786,2025-12-04,4726.0,2026-03-13,3010.0,,4358.776,3868.0,5172.16,25.029410806425357
INCREDIBLE.NS,31.3700008392334,2026-10-01T23:11:23.693897+05:30,WAITING FOR 0.786,2025-12-09,45.599998474121094,2026-03-30,28.100000381469727,,41.8549988822937,36.84999942779541,50.14999797821045,25.050766510701937
BANCOINDIA.NS,589.8499755859375,2026-10-01T23:11:23.693897+05:30,WAITING FOR 0.786,2025-11-14,865.0,2026-03-30,502.0,,787.318,683.5,959.38,25.081101208668223
WCIL.NS,93.01000213623047,2026-10-01T23:11:23.693897+05:30,WAITING FOR 0.786,2025-10-31,137.0,2026-03-30,77.0199966430664,,124.16427928161622,107.0099983215332,152.59480087280275,25.09117543760306
KSOLVES.NS,241.13999938964844,2026-10-01T23:11:23.693897+05:30,WAITING FOR 0.786,2026-07-15,345.0,2026-10-01,237.5,,321.995,291.25,372.95,25.110638553502866
NDRAUTO.NS,715.8499755859375,2026-10-01T23:11:23.693897+05:30,WAITING FOR 0.786,2025-11-06,1052.0,2026-03-30,605.0499877929688,,956.3526973876953,828.5249938964844,1168.207003173828,25.14791064621848
SJVN.NS,57.90999984741211,2026-10-01T23:11:23.693897+05:30,WAITING FOR 0.786,2026-04-29,83.0,2026-10-01,56.72999954223633,,77.37821990203858,69.86499977111816,89.83020011901856,25.15981897654584
BSOFT.NS,269.75,2026-10-01T23:11:23.693897+05:30,WAITING FOR 0.786,2026-04-24,385.95001220703125,2026-10-01,267.04998779296875,,360.50540698242185,326.5,416.8640185546875,25.174492594183768
MAHSCOOTER.NS,12380.0,2026-10-01T23:11:23.693897+05:30,WAITING FOR 0.786,2025-09-29,18098.0,2026-04-02,10901.0,,16557.842,14499.5,19969.22,25.231802550114928
PUNJABCHEM.NS,1040.9000244140625,2026-10-01T23:11:23.693897+05:30,WAITING FOR 0.786,2025-11-03,1533.9000244140625,2026-03-30,876.5999755859375,,1393.2378139648438,1205.25,1704.798037109375,25.289134849714323
ADL.NS,72.5199966430664,2026-10-01T23:11:23.693897+05:30,WAITING FOR 0.786,2025-10-10,109.9000015258789,2026-03-30,50.2599983215332,,97.13704084014893,80.07999992370605,125.4064023590088,25.342592263638057
GODREJCP.NS,840.0,2026-10-01T23:11:23.693897+05:30,WAITING FOR 0.786,2026-03-02,1203.5999755859375,2026-10-01,838.0,,1125.361580810547,1020.7999877929688,1298.6559692382812,25.35732387496416
GODIGIT.NS,256.29998779296875,2026-10-01T23:11:23.693897+05:30,WAITING FOR 0.786,2025-10-29,374.0,2026-09-21,231.64999389648438,,343.53709869384767,302.8249969482422,411.01100158691406,25.39379625448331
VENTIVE.NS,552.2000122070312,2026-10-01T23:11:23.693897+05:30,WAITING FOR 0.786,2026-02-03,793.9500122070312,2026-03-30,542.5999755859375,,740.1611043701172,668.2749938964844,859.3010217285157,25.394618962454434
HINDCOMPOS.NS,380.79998779296875,2026-10-01T23:11:23.693897+05:30,WAITING FOR 0.786,2026-04-16,550.0,2026-09-17,365.1000061035156,,510.43140130615234,457.5500030517578,598.073998413086,25.39644175132395
JKIL.NS,461.8500061035156,2026-10-01T23:11:23.693897+05:30,WAITING FOR 0.786,2025-11-03,672.0,2026-03-30,425.0,,619.142,548.5,736.22,25.404833446363583
MODTHREAD.NS,45.65999984741211,2026-10-01T23:11:23.693897+05:30,WAITING FOR 0.786,2026-08-18,65.6500015258789,2026-09-23,45.0,,61.23090119934082,55.32500076293945,71.01900192260743,25.42980920897558
MEGASTAR.NS,267.17999267578125,2026-10-01T23:11:23.693897+05:30,WAITING FOR 0.786,2026-07-13,392.0,2026-09-28,235.0,,358.402,313.5,432.82,25.452426974240865
CORALFINAC.NS,31.25,2026-10-01T23:11:23.693897+05:30,WAITING FOR 0.786,2025-12-02,46.540000915527344,2026-03-30,25.010000228881836,,41.932580768585204,35.77500057220459,52.13780109405518,25.475610069266985
J&KBANK.NS,139.97999572753906,2026-10-01T23:11:23.693897+05:30,WAITING FOR 0.786,2026-07-10,201.75,2026-10-01,136.8000030517578,,187.85070065307616,169.2750015258789,218.63699920654295,25.48337842718245
FMGOETZE.NS,444.25,2026-10-01T23:11:23.693897+05:30,WAITING FOR 0.786,2026-08-31,641.0999755859375,2026-09-16,432.5,,596.4595808105469,536.7999877929688,695.3359692382812,25.518842467699937
IOC.NS,131.33999633789062,2026-10-01T23:11:23.693897+05:30,WAITING FOR 0.786,2026-02-27,188.9600067138672,2026-04-02,130.22000122070312,,176.3896455383301,159.59000396728516,204.23240814208984,25.539849044398704
PRAKASH.NS,118.69000244140625,2026-10-01T23:11:23.693897+05:30,WAITING FOR 0.786,2025-11-03,172.89999389648438,2026-01-27,110.23999786376953,,159.4907547454834,141.56999588012695,189.19159286499024,25.581891796290833
KRITINUT.NS,66.52999877929688,2026-10-01T23:11:23.693897+05:30,WAITING FOR 0.786,2026-08-06,95.69999694824219,2026-10-01,66.31999969482422,,89.41267753601075,81.0099983215332,103.33879623413085,25.592208383982157
FACT.NS,734.9500122070312,2026-10-01T23:11:23.693897+05:30,WAITING FOR 0.786,2026-06-16,1058.5999755859375,2026-10-01,727.9500122070312,,987.8408834228516,893.2749938964844,1144.5689660644532,25.600364943345717
VLSFINANCE.NS,230.8699951171875,2026-10-01T23:11:23.693897+05:30,WAITING FOR 0.786,2025-12-05,339.0,2026-03-30,205.0,,310.324,272.0,373.84000000000003,25.603564301443814
GILLETTE.NS,6899.0,2026-10-01T23:11:23.693897+05:30,WAITING FOR 0.786,2025-10-01,9933.0,2026-10-01,6860.0,,9275.378,8396.5,10731.98,25.620281998210753
GLOBALE.NS,10.569999694824219,2026-10-01T23:11:23.693897+05:30,WAITING FOR 0.786,2026-04-22,15.399999618530273,2026-10-01,9.850000381469727,,14.212299781799317,12.625,16.842999420166016,25.627802276163163
VSTTILLERS.NS,4339.7998046875,2026-10-01T23:11:23.693897+05:30,WAITING FOR 0.786,2026-02-20,6350.0,2026-09-16,3950.0,,5836.4,5150.0,6974.0,25.64252270770509
VSTL.NS,108.8499984741211,2026-10-01T23:11:23.693897+05:30,WAITING FOR 0.786,2025-10-06,158.8000030517578,2026-03-02,100.80000305175781,,146.3880030517578,129.8000030517578,173.8800030517578,25.642814844850747
LOVABLE.NS,68.29000091552734,2026-10-01T23:11:23.693897+05:30,WAITING FOR 0.786,2025-10-27,101.94999694824219,2026-03-30,55.0,,91.90269760131835,78.4749984741211,114.15699615478516,25.693148625761648
PFIZER.NS,3858.89990234375,2026-10-01T23:11:23.693897+05:30,WAITING FOR 0.786,2025-10-13,5578.5,2026-10-01,3792.10009765625,,5196.210420898437,4685.300048828125,6042.963974609374,25.736265667306508
GUJAPOLLO.NS,324.8500061035156,2026-10-01T23:11:23.693897+05:30,WAITING FOR 0.786,2026-03-20,474.8999938964844,2026-08-14,300.5,,437.5783952026367,387.6999969482422,520.2439923095703,25.76187269184487
DONEAR.NS,80.29000091552734,2026-10-01T23:11:23.693897+05:30,WAITING FOR 0.786,2025-11-27,116.51000213623047,2026-01-27,77.5999984741211,,108.18326135253906,97.05500030517578,126.62660308837891,25.783342162439865
INFOMEDIA.NS,5.320000171661377,2026-10-01T23:11:23.693897+05:30,WAITING FOR 0.786,2025-11-10,7.900000095367432,2026-02-16,4.5,,7.1724000749588015,6.200000047683716,8.784000120162965,25.826778817940728
SUNCLAY.NS,1183.0,2026-10-01T23:11:23.693897+05:30,WAITING FOR 0.786,2025-10-06,1728.0,2026-01-27,1112.800048828125,,1596.347210449219,1420.4000244140625,1887.9519873046875,25.893314921939897
KFINTECH.NS,832.0,2026-10-01T23:11:23.693897+05:30,WAITING FOR 0.786,2025-10-28,1215.0,2026-05-18,784.9500122070312,,1122.9693026123048,999.9750061035156,1326.812996826172,25.910708506050707
SBFC.NS,84.19000244140625,2026-10-01T23:11:23.693897+05:30,WAITING FOR 0.786,2025-11-03,123.0,2026-03-30,79.5999984741211,,113.71239967346192,101.29999923706055,134.28400039672852,25.962337719397873
SCODATUBES.NS,123.0,2026-10-01T23:11:23.693897+05:30,WAITING FOR 0.786,2025-11-13,181.47999572753906,2026-03-16,110.0,,166.1832766418457,145.73999786376953,200.0647946166992,25.985332287624395
ORICONENT.NS,49.97999954223633,2026-10-01T23:11:23.693897+05:30,WAITING FOR 0.786,2026-04-15,73.12000274658203,2026-09-28,47.040000915527344,,67.53888235473633,60.08000183105469,79.90080322265625,25.99818386137188
KHANDSE.NS,16.760000228881836,2026-10-01T23:11:23.693897+05:30,WAITING FOR 0.786,2025-11-13,25.5,2026-03-30,12.199999809265137,,22.65379995918274,18.84999990463257,28.958000049591064,26.01682605532079
TARC.NS,125.58000183105469,2026-10-01T23:11:23.693897+05:30,WAITING FOR 0.786,2026-01-07,186.3000030517578,2026-03-30,109.0999984741211,,169.77920207214356,147.70000076293945,206.37200424194336,26.033341953337423
PAR.NS,123.94999694824219,2026-10-01T23:11:23.693897+05:30,WAITING FOR 0.786,2026-09-03,180.0,2026-10-01,122.0,,167.588,151.0,195.07999999999998,26.038859018400963
TCIEXP.NS,504.75,2026-10-01T23:11:23.693897+05:30,WAITING FOR 0.786,2025-09-30,746.75,2026-03-27,447.54998779296875,,682.7211973876954,597.1499938964844,824.5420031738281,26.067917338537132
RESPONIND.NS,162.58999633789062,2026-10-01T23:11:23.693897+05:30,WAITING FOR 0.786,2026-07-20,240.89999389648438,2026-09-08,142.97999572753906,,219.94511428833007,191.93999481201172,266.3591934204102,26.07701386594638
MANORG.NS,436.79998779296875,2026-10-01T23:11:23.693897+05:30,WAITING FOR 0.786,2026-05-05,635.0,2026-08-18,429.1000061035156,,590.9374013061523,532.0500030517578,688.533998413086,26.08354339605054
MOBIKWIK.NS,196.22999572753906,2026-10-01T23:11:23.693897+05:30,WAITING FOR 0.786,2025-10-07,296.70001220703125,2026-03-30,151.4600067138672,,265.61865103149415,224.08000946044922,334.46241363525394,26.123412280912362
BBL.NS,2069.60009765625,2026-10-01T23:11:23.693897+05:30,WAITING FOR 0.786,2026-06-23,3006.0,2026-10-01,2050.10009765625,,2801.4374208984373,2528.050048828125,3254.533974609375,26.123636308373534
HAVELLS.NS,1040.0,2026-10-01T23:11:23.693897+05:30,WAITING FOR 0.786,2026-01-09,1514.699951171875,2026-09-30,1015.0999755859375,,1407.7855563964845,1264.8999633789062,1644.5959448242188,26.125112217936586
PANSARI.NS,260.0,2026-10-01T23:11:23.693897+05:30,WAITING FOR 0.786,2026-08-19,377.0,2026-10-01,260.0,,351.962,318.5,407.41999999999996,26.12838886016104
SICAGEN.NS,50.959999084472656,2026-10-01T23:11:23.693897+05:30,WAITING FOR 0.786,2026-08-07,74.05999755859375,2026-09-29,50.5,,69.0181580810547,62.279998779296875,80.18559692382813,26.164359494170498
HINDPETRO.NS,345.0,2026-10-01T23:11:23.693897+05:30,WAITING FOR 0.786,2026-01-05,508.45001220703125,2026-03-23,316.20001220703125,,467.30851220703124,412.32501220703125,558.4350122070313,26.172969036961398
HINDUNILVR.NS,1836.0,2026-10-01T23:11:23.693897+05:30,WAITING FOR 0.786,2025-10-23,2667.199951171875,2026-10-01,1826.9000244140625,,2487.3757668457033,2247.0499877929688,2885.677932128906,26.187268346339458
ROSSELLIND.NS,50.220001220703125,2026-10-01T23:11:23.693897+05:30,WAITING FOR 0.786,2026-08-27,73.0,2026-10-01,49.959999084472656,,68.06943980407715,61.47999954223633,78.99040023803711,26.222396768284987
JMFINANCIL.NS,123.4000015258789,2026-10-01T23:11:23.693897+05:30,WAITING FOR 0.786,2025-10-16,182.5,2026-03-30,112.0,,167.413,147.25,200.82999999999998,26.290072141423366
OLAELEC.NS,37.08000183105469,2026-10-01T23:11:23.693897+05:30,WAITING FOR 0.786,2025-10-17,57.95000076293945,2026-03-16,22.25,,50.31020059967041,40.10000038146973,67.23200096130371,26.29724908849279
BSE.NS,3046.0,2026-10-01T23:11:23.693897+05:30,WAITING FOR 0.786,2026-05-27,4446.7998046875,2026-10-01,3000.0,,4137.184646484375,3723.39990234375,4822.96775390625,26.375053078948817
MOL.NS,55.130001068115234,2026-10-01T23:11:23.693897+05:30,WAITING FOR 0.786,2025-10-06,85.3499984741211,2026-03-30,36.5,,74.89609880065919,60.92499923706055,98.05099807739258,26.391358227018873
ERIS.NS,1189.800048828125,2026-10-01T23:11:23.693897+05:30,WAITING FOR 0.786,2025-12-09,1740.0,2026-10-01,1162.9000244140625,,1616.5006052246094,1451.4500122070312,1890.045993652344,26.396560262171707
ARKADE.NS,118.69000244140625,2026-10-01T23:11:23.693897+05:30,WAITING FOR 0.786,2025-10-16,180.0,2026-03-30,92.62000274658203,,161.30068058776857,136.31000137329102,202.71879928588868,26.416923965287648
RAMCOCEM.NS,830.8499755859375,2026-10-01T23:11:23.693897+05:30,WAITING FOR 0.786,2026-02-09,1214.5,2026-10-01,816.1500244140625,,1129.2531052246095,1015.3250122070312,1318.0709936523438,26.424822589203274
TORNTPOWER.NS,1242.9000244140625,2026-10-01T23:11:23.693897+05:30,WAITING FOR 0.786,2026-04-27,1824.0999755859375,2026-09-01,1199.0,,1690.328580810547,1511.5499877929688,1986.6259692382814,26.469916055133698
AAVAS.NS,1190.9000244140625,2026-10-01T23:11:23.693897+05:30,WAITING FOR 0.786,2025-11-13,1771.9000244140625,2026-03-23,1060.4000244140625,,1619.6390244140625,1416.1500244140625,1956.8900244140625,26.471268815908232
THOMASCOTT.NS,300.20001220703125,2026-10-01T23:11:23.693897+05:30,WAITING FOR 0.786,2025-11-13,459.79998779296875,2026-09-16,221.8000030517578,,408.8679910583496,340.7999954223633,521.6799838256836,26.57776622964118
BDL.NS,1087.9000244140625,2026-10-01T23:11:23.693897+05:30,WAITING FOR 0.786,2026-01-29,1593.9000244140625,2026-10-01,1071.199951171875,,1482.0422087402344,1332.5499877929688,1729.8020434570312,26.594531653804964
AMRUTANJAN.NS,513.2000122070312,2026-10-01T23:11:23.693897+05:30,WAITING FOR 0.786,2025-10-29,760.1500244140625,2026-09-16,476.5,,699.4489191894531,618.3250122070312,833.8990307617187,26.627949786276588
ICRA.NS,4318.2998046875,2026-10-01T23:11:23.693897+05:30,WAITING FOR 0.786,2026-01-30,6348.5,2026-09-30,4198.2001953125,,5888.335841796875,5273.35009765625,6907.57794921875,26.66349337557936
ITCHOTELS.NS,158.50999450683594,2026-10-01T23:11:23.693897+05:30,WAITING FOR 0.786,2025-09-29,237.6300048828125,2026-03-30,137.3000030517578,,216.1593844909668,187.46500396728516,263.7158053588867,26.66985295127911
HDFCLIFE.NS,534.2000122070312,2026-10-01T23:11:23.693897+05:30,WAITING FOR 0.786,2025-11-26,788.5,2026-09-10,508.70001220703125,,728.6228026123047,648.6000061035156,861.2479968261719,26.683599484975833
TVTODAY.NS,101.6500015258789,2026-10-01T23:11:23.693897+05:30,WAITING FOR 0.786,2026-01-08,151.0,2026-03-23,93.5,,138.695,122.25,165.95,26.70968562249619
MADRASFERT.NS,57.459999084472656,2026-10-01T23:11:23.693897+05:30,WAITING FOR 0.786,2026-01-08,85.4800033569336,2026-03-30,52.560001373291016,,78.43512293243408,69.0200023651123,94.03920387268067,26.742004173347073
HGS.NS,367.04998779296875,2026-10-01T23:11:23.693897+05:30,WAITING FOR 0.786,2025-10-27,545.0,2026-03-09,342.04998779296875,,501.56869738769535,443.5249938964844,597.7670031738281,26.819598251512943
TANLA.NS,487.75,2026-10-01T23:11:23.693897+05:30,WAITING FOR 0.786,2025-10-09,748.4500122070312,2026-03-30,365.8999938964844,,666.5843082885742,557.1750030517578,847.9130169677735,26.828460566034533
ASHIMASYN.NS,15.3100004196167,2026-10-01T23:11:23.693897+05:30,WAITING FOR 0.786,2025-10-17,23.5,2026-03-27,11.5,,20.932000000000002,17.5,26.62,26.858396619450136
ACI.NS,475.04998779296875,2026-10-01T23:11:23.693897+05:30,WAITING FOR 0.786,2025-09-26,705.5,2026-09-16,446.0,,649.967,575.75,772.97,26.91167585539439
GSPCROP.NS,454.3500061035156,2026-10-01T23:11:23.693897+05:30,WAITING FOR 0.786,2026-08-25,667.9500122070312,2026-10-01,452.0,,621.7367095947266,559.9750061035156,724.0970153808594,26.92244175196289
JINDALPHOT.NS,1031.800048828125,2026-10-01T23:11:23.693897+05:30,WAITING FOR 0.786,2026-02-12,1532.0,2026-06-03,971.0999755859375,,1411.9673947753906,1251.5499877929688,1677.8340063476562,26.924654730270237
AERONEU.NS,70.55999755859375,2026-10-01T23:11:23.693897+05:30,WAITING FOR 0.786,2026-06-30,105.5,2026-09-16,63.720001220703125,,96.55908026123046,84.61000061035156,116.36279968261718,26.92556995395868
MAGNUM.NS,18.6200008392334,2026-10-01T23:11:23.693897+05:30,WAITING FOR 0.786,2025-12-05,28.0,2026-03-24,16.25,,25.485500000000002,22.125,31.055,26.938844287012625
ATGL.NS,583.0499877929688,2026-10-01T23:11:23.693897+05:30,WAITING FOR 0.786,2026-05-29,859.8499755859375,2026-10-01,572.0499877929688,,798.2607781982422,715.9499816894531,934.6779724121094,26.95996048948147
RCF.NS,106.80000305175781,2026-10-01T23:11:23.693897+05:30,WAITING FOR 0.786,2025-11-18,157.1999969482422,2026-03-30,106.0,,146.24319760131837,131.5999984741211,170.51199615478515,26.970960151656982
NAHARPOLY.NS,225.63999938964844,2026-10-01T23:11:23.693897+05:30,WAITING FOR 0.786,2025-10-10,338.79998779296875,2026-03-30,200.0,,309.09679040527345,269.3999938964844,374.88798461914064,27.000212750899266
ARSSBL.NS,521.0499877929688,2026-10-01T23:11:23.693897+05:30,WAITING FOR 0.786,2025-11-18,794.8499755859375,2026-03-30,416.0,,713.7760808105469,605.4249877929688,893.3509692382813,27.00091782267669
KUANTUM.NS,76.70999908447266,2026-10-01T23:11:23.693897+05:30,WAITING FOR 0.786,2025-09-26,116.0,2026-03-30,65.01000213623047,,105.08814045715332,90.50500106811523,129.25739944458007,27.004133148831418
SPARC.NS,194.1300048828125,2026-10-01T23:11:23.693897+05:30,WAITING FOR 0.786,2026-07-08,289.0,2026-09-16,182.0,,266.102,235.5,316.82,27.04676970379309
USK.NS,18.389999389648438,2026-10-01T23:11:23.693897+05:30,WAITING FOR 0.786,2026-06-08,27.239999771118164,2026-10-01,17.770000457763672,,25.213419918060303,22.505000114440918,29.702199592590333,27.062653739900906
SPANDANA.NS,216.33999633789062,2026-10-01T23:11:23.693897+05:30,WAITING FOR 0.786,2026-07-06,319.3999938964844,2026-10-01,214.0,,296.84439520263675,266.6999969482422,346.8039923095703,27.12006700001558
PTC.NS,154.7899932861328,2026-10-01T23:11:23.693897+05:30,WAITING FOR 0.786,2026-05-07,229.50999450683594,2026-08-31,150.25,,212.54835568237306,189.87999725341797,250.11759307861328,27.174222172084406
RUCHIRA.NS,101.30999755859375,2026-10-01T23:11:23.693897+05:30,WAITING FOR 0.786,2025-10-03,151.25,2026-03-30,95.16999816894531,,139.2488796081543,123.20999908447266,165.83080047607422,27.245376879383443
EUROBOND.NS,148.2899932861328,2026-10-01T23:11:23.693897+05:30,WAITING FOR 0.786,2025-11-10,225.0,2026-03-30,126.30000305175781,,203.8782006530762,175.6500015258789,250.661999206543,27.265400218797076
NATHBIOGEN.NS,137.74000549316406,2026-10-01T23:11:23.693897+05:30,WAITING FOR 0.786,2026-04-30,204.0,2026-10-01,135.6999969482422,,189.38379934692384,169.8499984741211,221.75800079345703,27.269383142512517
GPIL.NS,215.6699981689453,2026-10-01T23:11:23.693897+05:30,WAITING FOR 0.786,2026-05-20,320.0,2026-10-01,210.4199981689453,,296.5498796081543,265.20999908447266,348.49080047607424,27.273618032177076
MOHITIND.NS,22.780000686645508,2026-10-01T23:11:23.693897+05:30,WAITING FOR 0.786,2025-11-10,34.79999923706055,2026-03-30,18.600000381469727,,31.33319948196411,26.699999809265137,39.01199893951416,27.297559574922953
KANSAINER.NS,175.27000427246094,2026-10-01T23:11:23.693897+05:30,WAITING FOR 0.786,2025-12-24,264.0,2026-03-23,157.91000366210938,,241.2967407836914,210.9550018310547,291.5833990478516,27.36329396608785
PASHUPATI.NS,78.98999786376953,2026-10-01T23:11:23.693897+05:30,WAITING FOR 0.786,2026-04-17,118.3499984741211,2026-09-30,74.18000030517578,,108.89761886596679,96.26499938964844,129.83419799804688,27.463980676205708
UCOBANK.NS,22.93000030517578,2026-10-01T23:11:23.693897+05:30,WAITING FOR 0.786,2025-10-31,34.20000076293945,2026-03-30,22.219999313354492,,31.636280452728272,28.210000038146973,37.314801139831545,27.519923401114216
VOGL.NS,31.979999542236328,2026-10-01T23:11:23.693897+05:30,WAITING FOR 0.786,2026-07-03,47.599998474121094,2026-10-01,31.389999389648438,,44.13105867004394,39.494998931884766,51.81459823608398,27.534030440234424
TRITURBINE.NS,530.0,2026-10-01T23:11:23.693897+05:30,WAITING FOR 0.786,2026-05-29,787.5999755859375,2026-10-01,526.0,,731.6175808105469,656.7999877929688,855.6159692382812,27.557782385051237
MASTEK.NS,1555.5999755859375,2026-10-01T23:11:23.693897+05:30,WAITING FOR 0.786,2025-11-17,2369.0,2026-03-30,1334.199951171875,,2147.552789550781,1851.5999755859375,2638.0480126953125,27.56406347006104
DGCONTENT.NS,25.43000030517578,2026-10-01T23:11:23.693897+05:30,WAITING FOR 0.786,2025-12-02,38.79999923706055,2026-03-30,21.610000610351562,,35.12133953094482,30.204999923706055,43.269398880004886,27.593876985330144
JIOFIN.NS,212.5,2026-10-01T23:11:23.693897+05:30,WAITING FOR 0.786,2025-11-17,316.8500061035156,2026-10-01,208.5,,293.6631047973633,262.6750030517578,345.02100769042966,27.638168864750096
PRSMJOHNSN.NS,103.61000061035156,2026-10-01T23:11:23.693897+05:30,WAITING FOR 0.786,2025-12-23,155.74000549316406,2026-08-10,97.0999984741211,,143.19104399108886,126.42000198364258,170.98640731811525,27.642122214850623
NIBE.NS,1234.5,2026-10-01T23:11:23.693897+05:30,WAITING FOR 0.786,2026-06-22,1848.0,2026-09-16,1188.0,,1706.76,1518.0,2019.6,27.66997117345145
NATCOPHARM.NS,821.2999877929688,2026-10-01T23:11:23.693897+05:30,WAITING FOR 0.786,2026-05-12,1226.800048828125,2026-09-16,801.0,,1135.6788383789062,1013.9000244140625,1337.5080615234374,27.682020652483846
AKG.NS,9.710000038146973,2026-10-01T23:11:23.693897+05:30,WAITING FOR 0.786,2026-02-23,14.899999618530273,2026-08-05,8.0600004196167,,13.43623978996277,11.480000019073486,16.678399410247803,27.73275715575869
FIEMIND.NS,1794.800048828125,2026-10-01T23:11:23.693897+05:30,WAITING FOR 0.786,2026-08-12,2674.800048828125,2026-10-01,1785.0999755859375,,2484.404233154297,2229.9500122070312,2906.122067871094,27.757326087414665
ARVINDFASN.NS,379.70001220703125,2026-10-01T23:11:23.693897+05:30,WAITING FOR 0.786,2025-11-03,569.0,2026-03-30,366.20001220703125,,525.6008026123047,467.6000061035156,621.7279968261719,27.75885989521467
VESUVIUS.NS,404.1000061035156,2026-10-01T23:11:23.693897+05:30,WAITING FOR 0.786,2026-02-20,607.9000244140625,2026-09-28,383.0,,559.7714191894531,495.45001220703125,666.3740307617188,27.809818034537937
FAZE3Q.NS,433.04998779296875,2026-10-01T23:11:23.693897+05:30,WAITING FOR 0.786,2026-06-25,650.0499877929688,2026-09-22,416.20001220703125,,600.0060930175781,533.125,710.8509814453125,27.8257349662811
KRSNAA.NS,554.8499755859375,2026-10-01T23:11:23.693897+05:30,WAITING FOR 0.786,2025-11-17,838.0,2026-03-30,515.0,,768.878,676.5,921.98,27.836408950973045
AKI.NS,6.159999847412109,2026-10-01T23:11:23.693897+05:30,WAITING FOR 0.786,2025-09-26,9.829999923706055,2026-03-25,3.799999952316284,,8.539579929828644,6.814999938011169,11.397799916267395,27.86530604514505
STUDDS.NS,399.8500061035156,2026-10-01T23:11:23.693897+05:30,WAITING FOR 0.786,2025-11-18,600.0,2026-10-01,389.1499938964844,,554.8780986938477,494.5749969482422,654.821001586914,27.93912626129228
CHOLAHLDNG.NS,1369.5999755859375,2026-10-01T23:11:23.693897+05:30,WAITING FOR 0.786,2025-11-06,2064.0,2026-03-23,1305.0,,1901.574,1684.5,2261.34,27.97545740602588
HARIOMPIPE.NS,332.3500061035156,2026-10-01T23:11:23.693897+05:30,WAITING FOR 0.786,2025-09-26,514.5,2026-04-13,268.04998779296875,,461.7596973876953,391.2749938964844,578.5770031738282,28.025332660318075
PROSTARM.NS,135.41000366210938,2026-10-01T23:11:23.693897+05:30,WAITING FOR 0.786,2025-12-02,208.64999389648438,2026-03-30,114.63999938964844,,188.53185507202147,161.6449966430664,233.09259246826173,28.17659190252963
HONDAPOWER.NS,1886.300048828125,2026-10-01T23:11:23.693897+05:30,WAITING FOR 0.786,2025-09-26,2848.0,2026-03-30,1816.5999755859375,,2627.2803947753905,2332.2999877929688,3116.164006347656,28.203321861677917
ASAL.NS,426.8999938964844,2026-10-01T23:11:23.693897+05:30,WAITING FOR 0.786,2025-09-26,654.6500244140625,2026-03-30,374.5,,594.6979191894532,514.5750122070312,727.4890307617188,28.215657038395207
AMJLAND.NS,37.02000045776367,2026-10-01T23:11:23.693897+05:30,WAITING FOR 0.786,2025-10-29,57.38999938964844,2026-03-30,30.299999237060547,,51.59273935699463,43.84499931335449,64.4333994293213,28.24571651137821
MARSONS.NS,114.26000213623047,2026-10-01T23:11:23.693897+05:30,WAITING FOR 0.786,2026-05-07,175.39999389648438,2026-08-12,100.25,,159.31789520263672,137.8249969482422,194.93899230957032,28.281752661304644
UTKARSHBNK.NS,13.430000305175781,2026-10-01T23:11:23.693897+05:30,WAITING FOR 0.786,2025-10-29,21.079999923706055,2026-03-30,10.119999885559082,,18.734559915542604,15.599999904632568,23.929599933624267,28.314300598895002
VEDPOWER.NS,32.77000045776367,2026-10-01T23:11:23.693897+05:30,WAITING FOR 0.786,2026-07-03,49.880001068115234,2026-09-18,30.440000534057617,,45.7198409538269,40.160000801086426,54.934401206970215,28.324334087560484
CINEVISTA.NS,13.630000114440918,2026-10-01T23:11:23.693897+05:30,WAITING FOR 0.786,2025-10-17,20.899999618530273,2026-03-30,12.15999984741211,,19.029639667510985,16.52999973297119,23.172399559020995,28.374891208732606
MUTHOOTMF.NS,174.08999633789062,2026-10-01T23:11:23.693897+05:30,WAITING FOR 0.786,2026-07-27,262.7699890136719,2026-10-01,171.57000732421875,,243.2531929321289,217.1699981689453,286.4819842529297,28.43259558510124
KOKUYOCMLN.NS,74.7699966430664,2026-10-01T23:11:23.693897+05:30,WAITING FOR 0.786,2025-09-26,113.61000061035156,2026-03-30,71.05000305175781,,104.5021611328125,92.33000183105469,124.67559997558594,28.45124365606113
SPLIL.NS,28.5,2026-10-01T23:11:23.693897+05:30,WAITING FOR 0.786,2025-11-03,45.20000076293945,2026-03-30,20.200000762939453,,39.85000076293946,32.70000076293945,51.70000076293945,28.48180814464368
PARKHOTELS.NS,103.55000305175781,2026-10-01T23:11:23.693897+05:30,WAITING FOR 0.786,2025-10-09,158.36000061035156,2026-03-30,95.0999984741211,,144.82236015319825,126.72999954223633,174.80760116577147,28.498608265865204
SOUTHWEST.NS,181.6999969482422,2026-10-01T23:11:23.693897+05:30,WAITING FOR 0.786,2026-06-01,275.0,2026-10-01,177.5399932861328,,254.14355856323243,226.2699966430664,300.3396017456055,28.504976488304685
RAILTEL.NS,257.20001220703125,2026-10-01T23:11:23.693897+05:30,WAITING FOR 0.786,2025-12-26,391.0,2026-03-30,245.0,,359.756,318.0,428.96000000000004,28.507095863020695
IEX.NS,105.9800033569336,2026-10-01T23:11:23.693897+05:30,WAITING FOR 0.786,2026-01-09,160.27000427246094,2026-10-01,104.18000030517578,,148.26674342346192,132.22500228881836,174.85340530395507,28.52071819352904
RAJSREESUG.NS,27.729999542236328,2026-10-01T23:11:23.693897+05:30,WAITING FOR 0.786,2026-08-24,42.0,2026-10-01,27.049999237060547,,38.800699836730956,34.52499961853027,45.88700019836426,28.53221808132046
UEL.NS,183.6699981689453,2026-10-01T23:11:23.693897+05:30,WAITING FOR 0.786,2026-08-11,284.20001220703125,2026-08-26,157.10000610351562,,257.0006109008789,220.65000915527344,317.2460137939453,28.53324452221479
TIGERLOGS.NS,25.690000534057617,2026-10-01T23:11:23.693897+05:30,WAITING FOR 0.786,2026-06-25,39.0,2026-10-01,24.799999237060547,,35.961199836730955,31.899999618530273,42.692000198364255,28.561892676846345
XELPMOC.NS,93.66999816894531,2026-10-01T23:11:23.693897+05:30,WAITING FOR 0.786,2026-01-27,147.5,2026-09-22,71.0999984741211,,131.15039967346192,109.29999923706055,167.3640003967285,28.57818321395532
TIJARIA.NS,6.449999809265137,2026-10-01T23:11:23.693897+05:30,WAITING FOR 0.786,2026-09-07,9.800000190734863,2026-09-30,6.25,,9.040300149917602,8.025000095367432,10.723000240325927,28.65281348734947
FLAIR.NS,226.57000732421875,2026-10-01T23:11:23.693897+05:30,WAITING FOR 0.786,2026-05-08,345.0,2026-10-01,216.82000732421875,,317.5694815673828,280.9100036621094,378.3267980957031,28.654980886082253
NIACL.NS,160.2100067138672,2026-10-01T23:11:23.693897+05:30,WAITING FOR 0.786,2026-09-07,242.60000610351562,2026-10-01,158.2899932861328,,224.5576633605957,200.44499969482422,264.52060943603516,28.65529311435645
GLOBE.NS,2.109999895095825,2026-10-01T23:11:23.693897+05:30,WAITING FOR 0.786,2026-01-05,3.2899999618530273,2026-09-16,1.75,,2.9604399700164796,2.5199999809265137,3.6903999519348147,28.72681370113782
DIAMINESQ.NS,236.30999755859375,2026-10-01T23:11:23.693897+05:30,WAITING FOR 0.786,2025-09-26,365.29998779296875,2026-03-24,208.00999450683594,,331.63992922973637,286.65499114990234,406.1953860473633,28.745010256320757
DBCORP.NS,172.52000427246094,2026-10-01T23:11:23.693897+05:30,WAITING FOR 0.786,2026-01-21,261.8999938964844,2026-10-01,169.80999755859375,,242.1927346801758,215.85499572753906,285.84339294433596,28.767473351221785
SURYODAY.NS,143.5500030517578,2026-10-01T23:11:23.693897+05:30,WAITING FOR 0.786,2026-07-24,218.0,2026-10-01,141.08999633789062,,201.5412592163086,179.5449981689453,237.99660095214844,28.77388798206842
IZMO.NS,855.9500122070312,2026-10-01T23:11:23.693897+05:30,WAITING FOR 0.786,2025-09-29,1374.699951171875,2026-02-02,569.3499755859375,,1202.3550563964845,972.0249633789062,1584.0909448242187,28.81054496727828
DEVX.NS,36.279998779296875,2026-10-01T23:11:23.693897+05:30,WAITING FOR 0.786,2025-09-26,56.689998626708984,2026-03-30,29.950000762939453,,50.96763908386231,43.31999969482422,63.642398071289065,28.817580269704756
ZODIAC.NS,216.91000366210938,2026-10-01T23:11:23.693897+05:30,WAITING FOR 0.786,2026-05-05,332.95001220703125,2026-09-29,201.35000610351562,,304.7876109008789,267.15000915527344,367.16601379394535,28.832407911536972
EMAMILTD.NS,372.6499938964844,2026-10-01T23:11:23.693897+05:30,WAITING FOR 0.786,2025-09-26,567.9000244140625,2026-09-01,361.1499938964844,,523.6555178833007,464.52500915527344,621.6550323486329,28.836805653687144
VINATIORGA.NS,1208.0999755859375,2026-10-01T23:11:23.693897+05:30,WAITING FOR 0.786,2025-09-29,1849.9000244140625,2026-10-01,1143.5999755859375,,1698.7518139648437,1496.75,2033.538037109375,28.88307958498877
BMWVENTLTD.NS,50.83000183105469,2026-10-01T23:11:23.693897+05:30,WAITING FOR 0.786,2025-10-01,78.0,2026-03-30,48.0,,71.58,63.0,85.8,28.988541728059946
DOLATALGO.NS,62.86000061035156,2026-10-01T23:11:23.693897+05:30,WAITING FOR 0.786,2026-01-05,95.76000213623047,2026-10-01,62.150001525878906,,88.56746200561524,78.95500183105469,104.49860229492188,29.02585307641965
DELTAMAGNT.NS,54.08000183105469,2026-10-01T23:11:23.693897+05:30,WAITING FOR 0.786,2025-12-01,84.5999984741211,2026-03-30,45.5099983215332,,76.23473844146729,65.05499839782715,94.76339851379394,29.061208923046166
ALPA.NS,59.2599983215332,2026-10-01T23:11:23.693897+05:30,WAITING FOR 0.786,2025-10-13,93.8499984741211,2026-03-30,46.099998474121094,,83.63149847412109,69.9749984741211,106.26499847412109,29.14153231408307
ADVENZYMES.NS,274.25,2026-10-01T23:11:23.693897+05:30,WAITING FOR 0.786,2026-05-11,419.0,2026-10-01,270.0,,387.11400000000003,344.5,457.74,29.15523592533466
MARUTI.NS,11386.0,2026-10-01T23:11:23.693897+05:30,WAITING FOR 0.786,2026-01-05,17370.0,2026-10-01,11305.0,,16072.09,14337.5,18946.9,29.15669337341939
THANGAMAYL.NS,4861.0,2026-10-01T23:11:23.693897+05:30,WAITING FOR 0.786,2026-07-28,7430.0,2026-09-16,4783.5,,6863.648999999999,6106.75,8118.09,29.17761383194274
SPIC.NS,62.22999954223633,2026-10-01T23:11:23.693897+05:30,WAITING FOR 0.786,2025-10-06,96.83000183105469,2026-03-30,55.099998474121094,,87.8997811126709,75.96500015258789,107.67980270385742,29.203464724821966
KAYA.NS,298.1499938964844,2026-10-01T23:11:23.693897+05:30,WAITING FOR 0.786,2025-11-04,474.8999938964844,2026-06-04,224.00999450683594,,421.2095340270996,349.45499420166016,540.1313937377929,29.215753725721193
AJOONI.NS,3.0999999046325684,2026-10-01T23:11:23.693897+05:30,WAITING FOR 0.786,2026-03-06,4.75,2026-09-21,3.0199999809265137,,4.379779995918274,3.884999990463257,5.199800004959107,29.220191253405282
VMM.NS,99.5,2026-10-01T23:11:23.693897+05:30,WAITING FOR 0.786,2025-10-06,152.17999267578125,2026-09-29,98.0,,140.58547424316407,125.08999633789062,166.26679077148438,29.224551444127478
ZODIACLOTH.NS,66.70999908447266,2026-10-01T23:11:23.693897+05:30,WAITING FOR 0.786,2025-10-23,104.0,2026-03-30,58.5,,94.263,81.25,115.83,29.229921512711616
STARCEMENT.NS,178.38999938964844,2026-10-01T23:11:23.693897+05:30,WAITING FOR 0.786,2025-10-15,273.0,2026-09-29,175.1999969482422,,252.07079934692382,224.0999984741211,298.42800079345704,29.23020046279492
ANUP.NS,1566.699951171875,2026-10-01T23:11:23.693897+05:30,WAITING FOR 0.786,2026-06-29,2398.800048828125,2026-10-01,1535.0,,2213.9468383789062,1966.9000244140625,2623.3880615234375,29.234978726090716
PFC.NS,318.0,2026-10-01T23:11:23.693897+05:30,WAITING FOR 0.786,2026-04-28,486.5,2026-10-01,313.3500061035156,,449.44590130615234,399.9250030517578,531.5189984130859,29.24621204112714
DIGJAMLMTD.NS,47.959999084472656,2026-10-01T23:11:23.693897+05:30,WAITING FOR 0.786,2026-09-11,73.19000244140625,2026-10-01,47.939998626708984,,67.78650162506104,60.56500053405762,79.75500343322754,29.248452221730254
HATHWAY.NS,9.319999694824219,2026-10-01T23:11:23.693897+05:30,WAITING FOR 0.786,2025-10-06,14.380000114440918,2026-03-30,8.760000228881836,,13.177320138931275,11.570000171661377,15.841200084686278,29.27241960761756
GREENPOWER.NS,8.770000457763672,2026-10-01T23:11:23.693897+05:30,WAITING FOR 0.786,2026-04-28,13.449999809265137,2026-09-29,8.579999923706055,,12.407819833755493,11.014999866485596,14.716199779510498,29.318763688807987
TFL.NS,11.819999694824219,2026-10-01T23:11:23.693897+05:30,WAITING FOR 0.786,2025-12-24,18.5,2026-07-24,10.210000038146973,,16.72594000816345,14.355000019073486,20.655399990081786,29.331327931014844
NLCINDIA.NS,253.1999969482422,2026-10-01T23:11:23.693897+05:30,WAITING FOR 0.786,2026-05-14,387.79998779296875,2026-09-29,251.1999969482422,,358.56758975219725,319.49999237060547,423.3159854125977,29.38569904680276
BRIGHOTEL.NS,56.939998626708984,2026-10-01T23:11:23.693897+05:30,WAITING FOR 0.786,2025-10-27,87.79000091552734,2026-03-30,54.36000061035156,,80.63598085021972,71.07500076293945,96.48180099487305,29.38636322602154
FRACTAL.NS,727.3499755859375,2026-10-01T23:11:23.693897+05:30,WAITING FOR 0.786,2026-05-12,1118.0,2026-10-01,708.2999877929688,,1030.3241973876952,913.1499938964844,1224.5220031738281,29.405717401369845
BALKRISHNA.NS,15.9399995803833,2026-10-01T23:11:23.693897+05:30,WAITING FOR 0.786,2025-09-26,25.489999771118164,2026-03-10,12.0,,22.60313982009888,18.744999885559082,28.997399711608885,29.4788259186481
RUPA.NS,130.5800018310547,2026-10-01T23:11:23.693897+05:30,WAITING FOR 0.786,2025-11-13,206.0,2026-03-30,109.20999908447266,,185.28693980407715,157.60499954223633,231.1654002380371,29.525522970409956
PILANIINVS.NS,3892.300048828125,2026-10-01T23:11:23.693897+05:30,WAITING FOR 0.786,2025-10-23,5980.0,2026-10-01,3865.0,,5527.39,4922.5,6529.9,29.581591875584596
NFL.NS,63.849998474121094,2026-10-01T23:11:23.693897+05:30,WAITING FOR 0.786,2025-10-16,98.30000305175781,2026-10-01,62.810001373291016,,90.70514269256591,80.55500221252441,107.52740348815918,29.60708006321877
JAYBARMARU.NS,130.8000030517578,2026-10-01T23:11:23.693897+05:30,WAITING FOR 0.786,2026-07-14,207.0,2026-09-16,108.0999984741211,,185.83539967346192,157.54999923706055,232.71400039672852,29.615130765402498
MUTHOOTFIN.NS,2697.10009765625,2026-10-01T23:11:23.693897+05:30,WAITING FOR 0.786,2026-01-29,4149.5,2026-08-03,2671.0,,3833.101,3410.25,4533.91,29.63660238391188
BAJAJHCARE.NS,322.95001220703125,2026-10-01T23:11:23.693897+05:30,WAITING FOR 0.786,2025-09-29,509.8999938964844,2026-05-18,272.3500061035156,,459.0642965087891,391.125,571.6629907226563,29.65037475946506
LINC.NS,86.54000091552734,2026-10-01T23:11:23.693897+05:30,WAITING FOR 0.786,2025-10-23,133.3800048828125,2026-03-30,85.01000213623047,,123.02882429504395,109.19500350952148,145.95620559692384,29.65875971634926
ZEEL.NS,71.91999816894531,2026-10-01T23:11:23.693897+05:30,WAITING FOR 0.786,2026-08-24,110.62999725341797,2026-10-01,71.63999938964844,,102.2861377105713,91.1349983215332,120.76739669799804,29.68744369598739
GANGESSECU.NS,113.98999786376953,2026-10-01T23:11:23.693897+05:30,WAITING FOR 0.786,2025-10-17,178.14999389648438,2026-03-30,103.30999755859375,,162.13423468017578,140.72999572753906,197.60839294433595,29.694059932114303
POKARNA.NS,699.0999755859375,2026-10-01T23:11:23.693897+05:30,WAITING FOR 0.786,2026-08-10,1079.0,2026-10-01,684.5499877929688,,994.5876973876952,881.7749938964844,1181.5570031738282,29.709569360033534
AHLADA.NS,37.060001373291016,2026-10-01T23:11:23.693897+05:30,WAITING FOR 0.786,2026-01-09,58.59000015258789,2026-03-30,31.219999313354492,,52.73281997299195,44.90499973297119,65.70620037078857,29.721184279027835
ITI.NS,241.5399932861328,2026-10-01T23:11:23.693897+05:30,WAITING FOR 0.786,2025-10-08,372.8500061035156,2026-03-30,237.0,,343.7781047973633,304.9250030517578,408.1710076904297,29.73956458672485
PLATIND.NS,202.0,2026-10-01T23:11:23.693897+05:30,WAITING FOR 0.786,2025-09-26,316.0,2026-03-30,183.5,,287.645,249.75,350.45,29.77454848858836
RVHL.NS,37.22999954223633,2026-10-01T23:11:23.693897+05:30,WAITING FOR 0.786,2025-12-22,59.75,2026-03-30,28.5,,53.0625,44.125,67.875,29.837456693076415
TEAMLEASE.NS,1179.4000244140625,2026-10-01T23:11:23.693897+05:30,WAITING FOR 0.786,2025-09-26,1849.0,2026-03-16,1065.199951171875,,1681.2667895507811,1457.0999755859375,2052.7880126953123,29.850513211577372
DHUNINV.NS,967.2999877929688,2026-10-01T23:11:23.693897+05:30,WAITING FOR 0.786,2025-10-17,1573.0999755859375,2026-03-30,667.0999755859375,,1379.2159755859375,1120.0999755859375,1808.6599755859374,29.8659524747727
SHAH.NS,3.0299999713897705,2026-10-01T23:11:23.693897+05:30,WAITING FOR 0.786,2026-07-27,4.800000190734863,2026-08-26,2.559999942779541,,4.320640137672425,3.680000066757202,5.3824002552032475,29.87150341518458
PENIND.NS,173.6199951171875,2026-10-01T23:11:23.693897+05:30,WAITING FOR 0.786,2025-11-07,279.8999938964844,2026-03-30,129.10000610351562,,247.62879650878907,204.5,319.10799072265627,29.88699312641322
PSB.NS,20.959999084472656,2026-10-01T23:11:23.693897+05:30,WAITING FOR 0.786,2025-10-31,32.459999084472656,2026-03-30,20.5,,29.90055928039551,26.479999542236328,35.56959884643555,29.9009798180758
ACEINTEG.NS,17.139999389648438,2026-10-01T23:11:23.693897+05:30,WAITING FOR 0.786,2025-10-15,27.290000915527344,2026-03-27,14.199999809265137,,24.48874067878723,20.74500036239624,30.693401203155517,30.008653305330885
WAKEFIT.NS,139.8800048828125,2026-10-01T23:11:23.693897+05:30,WAITING FOR 0.786,2026-02-12,224.0,2026-06-08,111.4000015258789,,199.90360032653808,167.70000076293945,253.2759996032715,30.026270335140726
SURAJEST.NS,200.14999389648438,2026-10-01T23:11:23.693897+05:30,WAITING FOR 0.786,2025-10-28,319.0,2026-09-17,165.0,,286.044,242.0,359.03999999999996,30.028249536265616
SIYSIL.NS,531.5499877929688,2026-10-01T23:11:23.693897+05:30,WAITING FOR 0.786,2025-11-04,848.7999877929688,2026-03-30,433.3500061035156,,759.8936917114258,641.0749969482422,956.8169830322265,30.049427493493653
VIPIND.NS,280.75,2026-10-01T23:11:23.693897+05:30,WAITING FOR 0.786,2025-12-24,435.0,2026-10-01,277.8500061035156,,401.3699013061523,356.4250030517578,475.85899841308594,30.05205445491222
COMPUSOFT.NS,13.050000190734863,2026-10-01T23:11:23.693897+05:30,WAITING FOR 0.786,2025-10-03,20.5,2026-03-11,12.0,,18.681,16.25,22.71,30.142924946550703
KOTARISUG.NS,25.68000030517578,2026-10-01T23:11:23.693897+05:30,WAITING FOR 0.786,2026-08-24,39.939998626708984,2026-10-01,25.1200008392334,,36.76851910018921,32.52999973297119,43.793198051452634,30.157643186005735
GODAVARIB.NS,227.17999267578125,2026-10-01T23:11:23.693897+05:30,WAITING FOR 0.786,2026-04-24,353.0,2026-10-01,223.80999755859375,,325.35333947753907,288.4049987792969,386.58940063476564,30.174378095951663
CESC.NS,131.6199951171875,2026-10-01T23:11:23.693897+05:30,WAITING FOR 0.786,2026-05-04,204.5,2026-10-01,129.75,,188.5035,167.125,223.935,30.176365363408376
KOTHARIPRO.NS,63.77000045776367,2026-10-01T23:11:23.693897+05:30,WAITING FOR 0.786,2025-10-14,100.41999816894531,2026-03-30,58.0,,91.34211856079102,79.20999908447266,111.4491976928711,30.18554697160571
JINDALPOLY.NS,653.7000122070312,2026-10-01T23:11:23.693897+05:30,WAITING FOR 0.786,2026-03-19,1026.449951171875,2026-07-01,606.0,,936.4736616210937,816.2249755859375,1135.7669384765625,30.195579545137853
SUDARCOLOR.NS,368.1000061035156,2026-10-01T23:11:23.693897+05:30,WAITING FOR 0.786,2025-09-26,598.4000244140625,2026-03-30,268.25,,527.7479191894531,433.32501220703125,684.2390307617188,30.25078968215248
TATACHEM.NS,607.7999877929688,2026-10-01T23:11:23.693897+05:30,WAITING FOR 0.786,2025-09-26,951.2000122070312,2026-03-30,580.2999877929688,,871.827406982422,765.75,1047.6340185546874,30.28436787773255
PALASHSECU.NS,84.5,2026-10-01T23:11:23.693897+05:30,WAITING FOR 0.786,2025-09-30,132.6999969482422,2026-03-30,79.01000213623047,,121.21033805847168,105.85499954223633,146.65939559936524,30.286474443097973
GTLINFRA.NS,1.0700000524520874,2026-10-01T23:11:23.693897+05:30,WAITING FOR 0.786,2026-06-05,1.6699999570846558,2026-10-01,1.0399999618530273,,1.5351799581050873,1.3549999594688416,1.8337999558448792,30.30132742399683
INDIAMART.NS,1620.300048828125,2026-10-01T23:11:23.693897+05:30,WAITING FOR 0.786,2025-11-13,2525.89990234375,2026-10-01,1590.0999755859375,,2325.638718017578,2057.9999389648438,2769.2078833007813,30.32881520783667
CSLFINANCE.NS,208.33999633789062,2026-10-01T23:11:23.693897+05:30,WAITING FOR 0.786,2025-12-23,324.70001220703125,2026-10-01,205.0,,299.0842095947266,264.8500061035156,355.8220153808594,30.340690128642606
JSLL.NS,480.79998779296875,2026-10-01T23:11:23.693897+05:30,WAITING FOR 0.786,2026-06-04,749.6500244140625,2026-10-01,474.0,,690.6609191894531,611.8250122070312,821.3190307617188,30.385522847126385
MEDPLUS.NS,654.2999877929688,2026-10-01T23:11:23.693897+05:30,WAITING FOR 0.786,2026-05-21,1022.2000122070312,2026-10-01,642.5999755859375,,940.9656043701173,832.3999938964844,1120.8960217285157,30.46504731371585
IGL.NS,142.7899932861328,2026-10-01T23:11:23.693897+05:30,WAITING FOR 0.786,2025-10-08,223.5,2026-09-29,139.1999969482422,,205.45979934692383,181.3499984741211,245.41800079345703,30.502222945799502
KERNEX.NS,1643.5,2026-10-01T23:11:23.693897+05:30,WAITING FOR 0.786,2026-08-06,2580.0,2026-09-16,1593.0,,2368.782,2086.5,2836.62,30.618351541002937
APCL.NS,94.76000213623047,2026-10-01T23:11:23.693897+05:30,WAITING FOR 0.786,2026-02-03,148.77999877929688,2026-09-30,92.0,,136.62907904052736,120.38999938964844,163.54279846191406,30.644338085509272
BLUEDART.NS,4496.7998046875,2026-10-01T23:11:23.693897+05:30,WAITING FOR 0.786,2025-10-30,7036.0,2026-10-01,4460.0,,6484.736,5748.0,7705.76,30.655622608422302
GVPIL.NS,679.5,2026-10-01T23:11:23.693897+05:30,WAITING FOR 0.786,2026-06-22,1084.0,2026-09-16,597.75,,979.9425,840.875,1210.425,30.659196840630955
THERMAX.NS,3360.60009765625,2026-10-01T23:11:23.693897+05:30,WAITING FOR 0.786,2026-06-29,5277.7998046875,2026-09-29,3269.10009765625,,4847.938067382813,4273.449951171875,5800.061728515625,30.67980549779405
NBIFIN.NS,1857.9000244140625,2026-10-01T23:11:23.693897+05:30,WAITING FOR 0.786,2025-10-01,2991.0,2026-03-30,1539.0,,2680.272,2265.0,3368.52,30.682407441705074
METROBRAND.NS,833.5,2026-10-01T23:11:23.693897+05:30,WAITING FOR 0.786,2025-10-01,1308.800048828125,2026-10-01,815.0,,1203.1268383789063,1061.9000244140625,1437.1880615234375,30.722183778806038
ONIDA.NS,31.34000015258789,2026-10-01T23:11:23.693897+05:30,WAITING FOR 0.786,2026-05-11,49.22999954223633,2026-10-01,30.6299991607666,,45.24959946060181,39.929999351501465,54.06599964141846,30.73971808330549
NIRAJ.NS,27.739999771118164,2026-10-01T23:11:23.693897+05:30,WAITING FOR 0.786,2025-12-23,45.5,2026-03-30,20.149999618530273,,40.07509991836548,32.82499980926514,52.091000099182125,30.779961054056983
SMLT.NS,74.18000030517578,2026-10-01T23:11:23.693897+05:30,WAITING FOR 0.786,2025-11-04,121.0,2026-03-30,56.61000061035156,,107.22054013061523,88.80500030517578,137.74139984130858,30.815494666590677
UPL.NS,516.7999877929688,2026-10-01T23:11:23.693897+05:30,WAITING FOR 0.786,2026-01-02,812.2000122070312,2026-10-01,511.20001220703125,,747.7860122070313,661.7000122070312,890.4600122070312,30.88932136244773
FORCEMOT.NS,16800.0,2026-10-01T23:11:23.693897+05:30,WAITING FOR 0.786,2026-02-18,26450.0,2026-10-01,16531.0,,24327.334000000003,21490.5,29028.940000000002,30.941877971503175
KEEPLEARN.NS,1.840000033378601,2026-10-01T23:11:23.693897+05:30,WAITING FOR 0.786,2026-01-06,2.9800000190734863,2026-07-22,1.5099999904632568,,2.6654200129508974,2.2450000047683716,3.362200026512146,30.96772649570041
LTM.NS,4007.0,2026-10-01T23:11:23.693897+05:30,WAITING FOR 0.786,2026-01-19,6429.5,2026-06-30,3528.0,,5808.579,4978.75,7183.889999999999,31.015830205632046
TRANSRAILL.NS,474.8999938964844,2026-10-01T23:11:23.693897+05:30,WAITING FOR 0.786,2025-10-08,766.7999877929688,2026-09-16,400.6499938964844,,688.4438890991212,583.7249908447266,861.9989862060547,31.018344208425543
AXITA.NS,7.579999923706055,2026-10-01T23:11:23.693897+05:30,WAITING FOR 0.786,2025-12-31,12.199999809265137,2026-06-10,6.570000171661377,,10.995179886817933,9.384999990463257,13.663799715042114,31.060701127830757
PARASPETRO.NS,2.0199999809265137,2026-10-01T23:11:23.693897+05:30,WAITING FOR 0.786,2026-02-02,3.2300000190734863,2026-06-17,1.8300000429153442,,2.9304000241756443,2.5300000309944153,3.594000012874603,31.067432287004458
ICICIPRULI.NS,448.04998779296875,2026-10-01T23:11:23.693897+05:30,WAITING FOR 0.786,2026-01-13,706.7999877929688,2026-10-01,441.79998779296875,,650.0899877929687,574.2999877929688,775.6999877929687,31.07877429183585
DCW.NS,44.619998931884766,2026-10-01T23:11:23.693897+05:30,WAITING FOR 0.786,2025-11-13,72.30000305175781,2026-03-30,37.11000061035156,,64.76934252929688,54.70500183105469,81.44940368652344,31.10938417863055
HCL-INSYS.NS,10.039999961853027,2026-10-01T23:11:23.693897+05:30,WAITING FOR 0.786,2025-11-07,16.09000015258789,2026-03-30,9.010000228881836,,14.574880168914795,12.550000190734863,17.930800132751465,31.1143567185803
RADIANTCMS.NS,35.88999938964844,2026-10-01T23:11:23.693897+05:30,WAITING FOR 0.786,2025-10-08,57.4900016784668,2026-03-30,32.33000183105469,,52.10576171112061,44.91000175476074,64.03160163879394,31.120862240482978
ZUARI.NS,212.8800048828125,2026-10-01T23:11:23.693897+05:30,WAITING FOR 0.786,2025-12-30,345.6000061035156,2026-03-30,175.10000610351562,,309.11300610351566,260.3500061035156,389.93000610351567,31.131980641564038
OSWALSEEDS.NS,12.390000343322754,2026-10-01T23:11:23.693897+05:30,WAITING FOR 0.786,2025-12-26,20.280000686645508,2026-08-12,9.65999984741211,,18.007320507049563,14.970000267028809,23.041200904846193,31.1946475408583
GRSE.NS,2111.10009765625,2026-10-01T23:11:23.693897+05:30,WAITING FOR 0.786,2026-04-29,3339.0,2026-10-01,2077.0,,3068.932,2708.0,3667.12,31.210593859484337
GMDCLTD.NS,487.6499938964844,2026-10-01T23:11:23.693897+05:30,WAITING FOR 0.786,2026-04-17,771.9000244140625,2026-10-01,479.79998779296875,,709.3906165771484,625.8500061035156,847.8460339355469,31.257901852518945
WEIZMANIND.NS,71.44999694824219,2026-10-01T23:11:23.693897+05:30,WAITING FOR 0.786,2025-11-11,114.5,2026-03-30,65.20999908447266,,103.95193980407714,89.85499954223633,127.31540023803711,31.266316835542284
BFUTILITIE.NS,504.75,2026-10-01T23:11:23.693897+05:30,WAITING FOR 0.786,2025-09-26,834.0,2026-03-30,368.70001220703125,,734.4258026123048,601.3500061035156,954.9779968261719,31.27283951562743
IITL.NS,132.55999755859375,2026-10-01T23:11:23.693897+05:30,WAITING FOR 0.786,2025-09-30,216.0,2026-03-02,108.0,,192.888,162.0,244.08,31.27618226193763
SWSOLAR.NS,164.82000732421875,2026-10-01T23:11:23.693897+05:30,WAITING FOR 0.786,2026-06-23,260.79998779296875,2026-10-01,163.02000427246094,,239.8750713195801,211.90999603271484,286.2227835083008,31.289230507561655
RSYSTEMS.NS,263.6000061035156,2026-10-01T23:11:23.693897+05:30,WAITING FOR 0.786,2025-11-19,430.0,2026-07-06,213.52000427246094,,383.67328091430664,321.76000213623047,486.2847988891602,31.295709340158446
RKDL.NS,17.239999771118164,2026-10-01T23:11:23.693897+05:30,WAITING FOR 0.786,2025-11-20,27.5,2026-03-05,16.299999237060547,,25.10319983673096,21.899999618530273,30.412000198364257,31.323497071107937
ROSSARI.NS,427.54998779296875,2026-10-01T23:11:23.693897+05:30,WAITING FOR 0.786,2025-10-16,690.2999877929688,2026-03-30,375.0,,622.8257904052734,532.6499938964844,772.2779846191406,31.353197895873663
AAKASH.NS,8.34000015258789,2026-10-01T23:11:23.693897+05:30,WAITING FOR 0.786,2026-03-06,13.399999618530273,2026-04-02,7.599999904632568,,12.158799679756164,10.499999761581421,14.907999544143678,31.40770164612875
VARDMNPOLY.NS,5.699999809265137,2026-10-01T23:11:23.693897+05:30,WAITING FOR 0.786,2026-02-26,9.09000015258789,2026-09-29,5.449999809265137,,8.311040079116822,7.269999980926514,10.036400241851807,31.41652843682531
INTENTECH.NS,81.9800033569336,2026-10-01T23:11:23.693897+05:30,WAITING FOR 0.786,2025-11-24,134.0500030517578,2026-03-30,66.30000305175781,,119.5515030517578,100.17500305175781,151.66500305175782,31.42704084494719
ZEEMEDIA.NS,7.199999809265137,2026-10-01T23:11:23.693897+05:30,WAITING FOR 0.786,2025-10-21,11.550000190734863,2026-03-30,6.650000095367432,,10.501400170326233,9.100000143051147,12.824000215530395,31.437715995147496
VISHWARAJ.NS,5.179999828338623,2026-10-01T23:11:23.693897+05:30,WAITING FOR 0.786,2025-10-09,8.5,2026-03-30,4.139999866485596,,7.566959971427917,6.319999933242798,9.633600034713744,31.544506011690515
MAHEPC.NS,96.30000305175781,2026-10-01T23:11:23.693897+05:30,WAITING FOR 0.786,2025-10-01,154.0,2026-03-30,91.91000366210938,,140.7127407836914,122.95500183105469,170.14339904785157,31.562698220914065
JAIPURKURT.NS,26.489999771118164,2026-10-01T23:11:23.693897+05:30,WAITING FOR 0.786,2026-02-10,42.7400016784668,2026-09-16,23.90999984741211,,38.71038128662109,33.32500076293945,47.63580215454101,31.56874489305659
HEIDELBERG.NS,130.57000732421875,2026-10-01T23:11:23.693897+05:30,WAITING FOR 0.786,2025-09-29,208.0,2026-10-01,128.4499969482422,,190.97629934692384,168.2249984741211,228.68300079345704,31.630255811467052
UTIAMC.NS,883.7000122070312,2026-10-01T23:11:23.693897+05:30,WAITING FOR 0.786,2025-10-17,1409.0,2026-09-01,866.0,,1292.798,1137.5,1550.1799999999998,31.644385881860025
SNOWMAN.NS,34.11000061035156,2026-10-01T23:11:23.693897+05:30,WAITING FOR 0.786,2025-10-03,55.189998626708984,2026-03-30,30.5,,49.906338920593264,42.84499931335449,61.60939826965332,31.651967769816768
DYNPRO.NS,224.5800018310547,2026-10-01T23:11:23.693897+05:30,WAITING FOR 0.786,2025-09-30,367.0,2026-03-30,190.8000030517578,,329.29320065307616,278.9000015258789,412.81199920654296,31.79938079934456
MSUMI.NS,33.529998779296875,2026-10-01T23:11:23.693897+05:30,WAITING FOR 0.786,2026-01-06,53.59000015258789,2026-10-01,33.06999969482422,,49.19872005462646,43.329999923706055,58.92520027160644,31.847822987940027
BBTC.NS,1334.199951171875,2026-10-01T23:11:23.693897+05:30,WAITING FOR 0.786,2025-10-23,2135.0,2026-10-01,1307.0,,1957.808,1721.0,2350.2799999999997,31.852359824258812
HEXT.NS,490.45001220703125,2026-10-01T23:11:23.693897+05:30,WAITING FOR 0.786,2025-12-04,807.75,2026-03-12,400.20001220703125,,720.5343026123047,603.9750061035156,913.7129968261719,31.93245478682978
BOROSCI.NS,112.72000122070312,2026-10-01T23:11:23.693897+05:30,WAITING FOR 0.786,2026-06-29,180.8000030517578,2026-10-01,110.0,,165.64880239868165,145.4000015258789,199.20800384521485,31.95242006675671
SWELECTES.NS,592.9000244140625,2026-10-01T23:11:23.693897+05:30,WAITING FOR 0.786,2025-10-10,977.0,2026-03-30,483.1000061035156,,871.3054013061524,730.0500030517578,1105.413998413086,31.95267428329255
LEMONTREE.NS,107.66999816894531,2026-10-01T23:11:23.693897+05:30,WAITING FOR 0.786,2025-10-06,174.1999969482422,2026-03-16,99.61000061035156,,158.2377377319336,136.90499877929688,193.59339599609376,31.956814024132328
SASKEN.NS,1720.5,2026-10-01T23:11:23.693897+05:30,WAITING FOR 0.786,2026-06-19,2780.199951171875,2026-09-29,1611.699951171875,,2530.140951171875,2195.949951171875,3084.009951171875,31.999835850918775
LIBERTSHOE.NS,216.77999877929688,2026-10-01T23:11:23.693897+05:30,WAITING FOR 0.786,2025-10-06,348.75,2026-03-30,210.5,,319.1645,279.625,384.695,32.078912667512554
TCS.NS,2075.0,2026-10-01T23:11:23.693897+05:30,WAITING FOR 0.786,2026-02-03,3350.0,2026-07-01,1976.800048828125,,3056.135210449219,2663.4000244140625,3707.0319873046874,32.10378935770327
LAOPALA.NS,156.11000061035156,2026-10-01T23:11:23.693897+05:30,WAITING FOR 0.786,2025-10-06,250.89999389648438,2026-09-29,153.00999450683594,,229.95153402709963,201.95499420166016,276.351393737793,32.111781175613245
ARTNIRMAN.NS,40.0,2026-10-01T23:11:23.693897+05:30,WAITING FOR 0.786,2025-10-27,66.97000122070312,2026-03-30,29.389999389648438,,58.927880828857425,48.18000030517578,76.74080169677734,32.12041662219134
MONEYBOXX.NS,54.0,2026-10-01T23:11:23.693897+05:30,WAITING FOR 0.786,2025-10-20,91.5,2026-09-10,35.849998474121094,,79.5908996734619,63.67499923706055,105.96900039672852,32.1530473690508
NDGL.NS,2411.0,2026-10-01T23:11:23.693897+05:30,WAITING FOR 0.786,2025-10-31,3950.0,2026-03-27,2100.0,,3554.1000000000004,3025.0,4431.0,32.162854168425206
SELMC.NS,25.09000015258789,2026-10-01T23:11:23.693897+05:30,WAITING FOR 0.786,2025-12-23,40.2400016784668,2026-09-28,25.09000015258789,,36.99790135192871,32.665000915527344,44.179002075195314,32.18534231461228
WALCHANNAG.NS,196.0800018310547,2026-10-01T23:11:23.693897+05:30,WAITING FOR 0.786,2026-06-19,315.79998779296875,2026-10-01,191.52999877929688,,289.206210144043,253.6649932861328,348.1101849365234,32.20062538304608
BIRLACORPN.NS,828.9500122070312,2026-10-01T23:11:23.693897+05:30,WAITING FOR 0.786,2025-10-06,1346.0999755859375,2026-03-16,769.5999755859375,,1222.7289755859374,1057.8499755859375,1495.9899755859374,32.204926131746035
SRM.NS,398.75,2026-10-01T23:11:23.693897+05:30,WAITING FOR 0.786,2025-11-17,649.9500122070312,2026-03-12,361.3500061035156,,588.189610900879,505.65000915527344,724.9860137939453,32.20723511432491
THOMASCOOK.NS,100.69999694824219,2026-10-01T23:11:23.693897+05:30,WAITING FOR 0.786,2025-11-04,165.47999572753906,2026-03-17,86.3499984741211,,148.5461763153076,125.91499710083008,186.05379501342773,32.2096337676885
KIRLPNU.NS,681.9500122070312,2026-10-01T23:11:23.693897+05:30,WAITING FOR 0.786,2026-06-22,1098.550048828125,2026-10-01,667.8499755859375,,1006.3802331542969,883.2000122070312,1210.5320678710937,32.23734034703804
AWL.NS,175.42999267578125,2026-10-01T23:11:23.693897+05:30,WAITING FOR 0.786,2025-11-21,282.8999938964844,2026-03-16,171.19000244140625,,258.99405572509767,227.0449981689453,311.94459167480466,32.26485751395517
CYBERMEDIA.NS,17.959999084472656,2026-10-01T23:11:23.693897+05:30,WAITING FOR 0.786,2026-09-07,28.989999771118164,2026-10-01,17.639999389648438,,26.56109968948364,23.3149995803833,31.940999870300296,32.382321159753886
SANOFI.NS,3037.39990234375,2026-10-01T23:11:23.693897+05:30,WAITING FOR 0.786,2025-09-26,4900.0,2026-10-01,3001.10009765625,,4493.635420898438,3950.550048828125,5393.713974609374,32.406623638896235
GLFL.NS,5.489999771118164,2026-10-01T23:11:23.693897+05:30,WAITING FOR 0.786,2025-11-03,9.34000015258789,2026-04-06,3.6600000858306885,,8.124480138301848,6.5000001192092896,10.816800169944763,32.42644849070103
MURUDCERA.NS,28.059999465942383,2026-10-01T23:11:23.693897+05:30,WAITING FOR 0.786,2025-10-28,46.0,2026-03-30,25.15999984741211,,41.540239967346196,35.579999923706055,51.418400039672846,32.4510414768916
IRCTC.NS,454.1000061035156,2026-10-01T23:11:23.693897+05:30,WAITING FOR 0.786,2025-10-29,735.75,2026-09-16,446.5,,673.8505,591.125,810.9549999999999,32.61116433043893
MONTECARLO.NS,522.8499755859375,2026-10-01T23:11:23.693897+05:30,WAITING FOR 0.786,2025-11-20,860.9500122070312,2026-03-30,464.0,,776.0027095947266,662.4750061035156,964.1570153808593,32.62266109109337
MALLCOM.NS,935.2000122070312,2026-10-01T23:11:23.693897+05:30,WAITING FOR 0.786,2025-10-21,1520.0,2026-09-15,905.1500244140625,,1388.4221052246094,1212.5750122070312,1679.8609936523437,32.642961482110586
JAIBALAJI.NS,61.720001220703125,2026-10-01T23:11:23.693897+05:30,WAITING FOR 0.786,2025-10-03,102.0,2026-03-30,53.650001525878906,,91.6531003265381,77.82500076293945,114.57099960327149,32.659123367557115
ASIANTILES.NS,47.95000076293945,2026-10-01T23:11:23.693897+05:30,WAITING FOR 0.786,2026-04-21,79.05999755859375,2026-07-22,42.5,,71.2361580810547,60.779998779296875,88.56559692382812,32.68867657295546
LORDSCHLO.NS,138.80999755859375,2026-10-01T23:11:23.693897+05:30,WAITING FOR 0.786,2025-10-21,233.0,2026-03-30,108.0,,206.25,170.5,265.5,32.69818300189394
WHIRLPOOL.NS,861.6500244140625,2026-10-01T23:11:23.693897+05:30,WAITING FOR 0.786,2025-10-31,1437.0,2026-09-18,706.0,,1280.566,1071.5,1627.06,32.71334516033828
DRCSYSTEMS.NS,13.020000457763672,2026-10-01T23:11:23.693897+05:30,WAITING FOR 0.786,2025-09-29,21.5,2026-03-16,11.5,,19.36,16.5,24.1,32.747931519815744
SUPREMEINF.NS,66.94000244140625,2026-10-01T23:11:23.693897+05:30,WAITING FOR 0.786,2025-10-13,110.87999725341797,2026-04-02,58.11000061035156,,99.58721797180175,84.49499893188477,124.60019638061523,32.78253594717306
AMBUJACEM.NS,362.25,2026-10-01T23:11:23.693897+05:30,WAITING FOR 0.786,2025-11-04,588.75,2026-10-01,356.29998779296875,,539.0056973876954,472.5249938964844,649.1870031738281,32.79291819072531
NBCC.NS,77.4000015258789,2026-10-01T23:11:23.693897+05:30,WAITING FOR 0.786,2025-12-29,125.8499984741211,2026-10-01,76.06999969482422,,115.19707873535157,100.95999908447266,138.7927981567383,32.8107948781461
SPMLINFRA.NS,159.30999755859375,2026-10-01T23:11:23.693897+05:30,WAITING FOR 0.786,2025-09-26,260.8999938964844,2026-03-30,151.00999450683594,,237.3835340270996,205.95499420166016,289.47139373779294,32.889196290924296
MFML.NS,18.719999313354492,2026-10-01T23:11:23.693897+05:30,WAITING FOR 0.786,2025-11-04,30.969999313354492,2026-09-28,16.75,,27.92691946029663,23.859999656677246,34.66719913482666,32.96790453394441
BHARATWIRE.NS,160.1199951171875,2026-10-01T23:11:23.693897+05:30,WAITING FOR 0.786,2026-05-11,262.0,2026-10-01,154.44000244140625,,238.98216052246096,208.22000122070312,289.96559936523437,32.99918505752296
SINTERCOM.NS,75.87000274658203,2026-10-01T23:11:23.693897+05:30,WAITING FOR 0.786,2025-12-01,126.9800033569336,2026-03-30,62.9900016784668,,113.2861429977417,94.9850025177002,143.61740379333497,33.02799376964008
CRAMC.NS,216.52000427246094,2026-10-01T23:11:23.693897+05:30,WAITING FOR 0.786,2025-10-27,353.3999938964844,2026-03-09,214.1999969482422,,323.61119454956054,283.7999954223633,389.59199310302733,33.092548119715545
JPOLYINVST.NS,911.0,2026-10-01T23:11:23.693897+05:30,WAITING FOR 0.786,2026-03-10,1487.699951171875,2026-10-01,902.5499877929688,,1362.477859008789,1195.1249694824219,1639.8389416503906,33.136528129509706
ASTRAZEN.NS,6031.0,2026-10-01T23:11:23.693897+05:30,WAITING FOR 0.786,2025-11-03,9849.5,2026-10-01,5986.0,,9022.711,7917.75,10854.01,33.15756206754267
SHREERAMA.NS,43.15999984741211,2026-10-01T23:11:23.693897+05:30,WAITING FOR 0.786,2026-01-02,71.98999786376953,2026-07-28,37.619998931884766,,64.6348180923462,54.80499839782715,80.92619758605957,33.224845182131105
MOIL.NS,232.66000366210938,2026-10-01T23:11:23.693897+05:30,WAITING FOR 0.786,2026-01-29,380.70001220703125,2026-10-01,230.00999450683594,,348.45234841918943,305.3550033569336,419.87941680908204,33.2304676040758
LFIC.NS,133.82000732421875,2026-10-01T23:11:23.693897+05:30,WAITING FOR 0.786,2025-10-29,224.85000610351562,2026-03-30,111.0,,200.48610479736328,167.9250030517578,254.4510076904297,33.25222839783623
HINDCOPPER.NS,462.1499938964844,2026-10-01T23:11:23.693897+05:30,WAITING FOR 0.786,2026-01-29,760.0499877929688,2026-03-23,445.70001220703125,,692.7790930175781,602.875,841.7809814453125,33.290424241373856
MUFTI.NS,70.23999786376953,2026-10-01T23:11:23.693897+05:30,WAITING FOR 0.786,2025-10-10,116.81999969482422,2026-03-30,63.060001373291016,,105.31536005401611,89.94000053405762,130.79759925842285,33.30507740965466
NAGREEKEXP.NS,21.290000915527344,2026-10-01T23:11:23.693897+05:30,WAITING FOR 0.786,2025-10-10,35.900001525878906,2026-03-30,17.5,,31.96240119934082,26.700000762939453,40.68400192260742,33.39048345351969
PINELABS.NS,167.58999633789062,2026-10-01T23:11:23.693897+05:30,WAITING FOR 0.786,2025-11-14,284.0,2026-05-27,134.72999572753906,,252.05621908569339,209.36499786376953,322.81020111083984,33.5108663671124
DCXINDIA.NS,158.99000549316406,2026-10-01T23:11:23.693897+05:30,WAITING FOR 0.786,2025-09-26,262.6000061035156,2026-03-30,153.3000030517578,,239.20980545043946,207.95000457763672,291.0180068969727,33.535330964472394
NUCLEUS.NS,646.9500122070312,2026-10-01T23:11:23.693897+05:30,WAITING FOR 0.786,2025-11-06,1064.800048828125,2026-10-01,638.0499877929688,,973.4755357666015,851.4250183105469,1175.7550646972657,33.54224236384481
IPL.NS,130.67999267578125,2026-10-01T23:11:23.693897+05:30,WAITING FOR 0.786,2025-09-26,216.4499969482422,2026-03-30,125.0,,196.87969760131836,170.7249984741211,240.22699615478516,33.6244446390768
PRAENG.NS,20.09000015258789,2026-10-01T23:11:23.693897+05:30,WAITING FOR 0.786,2025-10-31,33.880001068115234,2026-03-30,17.0,,30.267680839538574,25.440000534057617,38.268801345825196,33.62557158213328
INTERARCH.NS,1666.9000244140625,2026-10-01T23:11:23.693897+05:30,WAITING FOR 0.786,2025-11-10,2762.60009765625,2026-05-18,1600.0,,2513.8036767578124,2181.300048828125,3064.876123046875,33.690127044290385
BRNL.NS,16.030000686645508,2026-10-01T23:11:23.693897+05:30,WAITING FOR 0.786,2025-11-06,26.489999771118164,2026-09-30,15.670000076293945,,24.17451983642578,21.079999923706055,29.303199691772463,33.69051052467334
IFCI.NS,65.13999938964844,2026-10-01T23:11:23.693897+05:30,WAITING FOR 0.786,2026-09-04,107.5,2026-10-01,64.25,,98.2445,85.875,118.745,33.69603449592758
REGENCERAM.NS,31.979999542236328,2026-10-01T23:11:23.693897+05:30,WAITING FOR 0.786,2026-05-04,53.29999923706055,2026-07-31,30.0,,48.313799400329586,41.64999961853027,59.35799903869629,33.80773207826382
ORIENTPPR.NS,16.229999542236328,2026-10-01T23:11:23.693897+05:30,WAITING FOR 0.786,2025-10-06,27.59000015258789,2026-03-30,13.25,,24.521240119934085,20.420000076293945,31.318400192260743,33.812484756664276
ATL.NS,23.59000015258789,2026-10-01T23:11:23.693897+05:30,WAITING FOR 0.786,2025-10-03,40.400001525878906,2026-03-30,18.200000762939453,,35.649201362609865,29.30000114440918,46.17200172424316,33.82740916790941
GENUSPAPER.NS,10.529999732971191,2026-10-01T23:11:23.693897+05:30,WAITING FOR 0.786,2025-09-26,17.899999618530273,2026-03-30,8.670000076293945,,15.924779716491699,13.28499984741211,20.29979949951172,33.876638041866755
JPPOWER.NS,14.800000190734863,2026-10-01T23:11:23.693897+05:30,WAITING FOR 0.786,2026-05-29,24.5,2026-10-01,14.609999656677246,,22.383539926528933,19.554999828338623,27.071400089263918,33.879983955558664
GRINFRA.NS,790.2000122070312,2026-10-01T23:11:23.693897+05:30,WAITING FOR 0.786,2025-10-09,1309.800048828125,2026-10-01,775.0,,1195.3528383789062,1042.4000244140625,1448.8480615234375,33.89399457329506
BLS.NS,216.50999450683594,2026-10-01T23:11:23.693897+05:30,WAITING FOR 0.786,2025-10-08,359.0,2026-10-01,212.0,,327.54200000000003,285.5,397.22,33.89855514503913
AIRAN.NS,15.600000381469727,2026-10-01T23:11:23.693897+05:30,WAITING FOR 0.786,2025-10-01,26.59000015258789,2026-03-30,12.630000114440918,,23.602560144424437,19.610000133514404,30.219600162506104,33.90547344858745
DCMFINSERV.NS,5.070000171661377,2026-10-01T23:11:23.693897+05:30,WAITING FOR 0.786,2026-03-17,8.550000190734863,2026-04-06,4.449999809265137,,7.672600109100342,6.5,9.616000289916993,33.92070354809793
LUXIND.NS,1092.0,2026-10-01T23:11:23.693897+05:30,WAITING FOR 0.786,2026-04-24,1823.3499755859375,2026-09-16,1030.0,,1653.5730808105468,1426.6749877929688,2029.6209692382813,33.96118909575351
INFY.NS,1035.0,2026-10-01T23:11:23.693897+05:30,WAITING FOR 0.786,2026-02-03,1728.0,2026-09-29,980.4000244140625,,1568.0136052246094,1354.2000122070312,1922.3759936523438,33.99291966910313
EIDPARRY.NS,674.5499877929688,2026-10-01T23:11:23.693897+05:30,WAITING FOR 0.786,2025-10-28,1118.0,2026-10-01,672.2999877929688,,1022.6201973876953,895.1499938964844,1233.8820031738283,34.03709514870518
GHCL.NS,401.75,2026-10-01T23:11:23.693897+05:30,WAITING FOR 0.786,2025-10-30,667.2000122070312,2026-09-29,396.0,,609.1632095947266,531.6000061035156,737.7120153808594,34.048873327842244
GEMAROMA.NS,155.27999877929688,2026-10-01T23:11:23.693897+05:30,WAITING FOR 0.786,2025-10-03,263.67999267578125,2025-12-09,133.0,,235.71447424316406,198.33999633789062,297.65679077148434,34.123689570667025
MASKINVEST.NS,143.41000366210938,2026-10-01T23:11:23.693897+05:30,WAITING FOR 0.786,2025-10-17,246.08999633789062,2026-03-30,114.94000244140625,,218.02389764404296,180.51499938964844,280.1889947509766,34.22280529254278
TSFINV.NS,409.1499938964844,2026-10-01T23:11:23.693897+05:30,WAITING FOR 0.786,2025-10-14,701.5,2026-03-30,331.70001220703125,,622.3628026123047,516.6000061035156,797.647996826172,34.258604116582994
NCC.NS,130.05999755859375,2026-10-01T23:11:23.693897+05:30,WAITING FOR 0.786,2025-11-03,217.25,2026-09-29,126.6500015258789,,197.8616003265381,171.95000076293945,240.8059996032715,34.26718608160903
BOHRAIND.NS,14.739999771118164,2026-10-01T23:11:23.693897+05:30,WAITING FOR 0.786,2025-09-26,25.389999389648438,2026-09-03,11.600000381469727,,22.43893960189819,18.494999885559082,28.975399131774903,34.31062237062551
ALLTIME.NS,188.0399932861328,2026-10-01T23:11:23.693897+05:30,WAITING FOR 0.786,2025-11-04,314.70001220703125,2026-10-01,182.0,,286.30220959472655,248.35000610351562,349.2020153808594,34.32115192114244
ITC.NS,255.89999389648438,2026-10-01T23:11:23.693897+05:30,WAITING FOR 0.786,2025-10-31,426.3999938964844,2026-10-01,254.64999389648438,,389.64549389648437,340.5249938964844,471.05499389648435,34.32491895711019
TPHQ.NS,0.5,2026-10-01T23:11:23.693897+05:30,WAITING FOR 0.786,2025-12-24,0.8600000143051147,2026-07-22,0.4000000059604645,,0.7615600125193596,0.6300000101327896,0.9796000164747238,34.34529232359222
IFBIND.NS,1166.199951171875,2026-10-01T23:11:23.693897+05:30,WAITING FOR 0.786,2025-10-31,2019.800048828125,2026-03-30,883.2000122070312,,1776.567640991211,1451.5000305175781,2315.316058349609,34.35656913568401
NSIL.NS,5163.5,2026-10-01T23:11:23.693897+05:30,WAITING FOR 0.786,2025-10-17,8730.0,2026-03-30,4700.0,,7867.58,6715.0,9777.8,34.36990790052341
AGIIL.NS,260.0,2026-10-01T23:11:23.693897+05:30,WAITING FOR 0.786,2026-05-04,434.3999938964844,2026-09-15,255.8000030517578,,396.17959585571293,345.0999984741211,480.83599151611327,34.37319773159368
ALANKIT.NS,7.650000095367432,2026-10-01T23:11:23.693897+05:30,WAITING FOR 0.786,2025-10-29,12.989999771118164,2026-03-30,6.800000190734863,,11.665339860916138,9.894999980926514,14.599399662017822,34.42111257299761
XCHANGING.NS,59.72999954223633,2026-10-01T23:11:23.693897+05:30,WAITING FOR 0.786,2025-10-30,103.0,2026-03-30,47.5,,91.123,75.25,117.43,34.451236743482625
WAAREERTL.NS,808.7999877929688,2026-10-01T23:11:23.693897+05:30,WAITING FOR 0.786,2025-10-27,1358.0,2026-03-30,779.5,,1234.201,1068.75,1508.4099999999999,34.467725452096644
IRCON.NS,110.25,2026-10-01T23:11:23.693897+05:30,WAITING FOR 0.786,2025-12-26,186.44000244140625,2026-09-29,101.5999984741211,,168.28424159240723,144.02000045776367,208.4984034729004,34.485844332928714
ICDSLTD.NS,46.5,2026-10-01T23:11:23.693897+05:30,WAITING FOR 0.786,2026-09-07,77.69000244140625,2026-10-01,46.439998626708984,,71.00250162506103,62.06500053405762,85.81500343322753,34.509349761294374
DNAMEDIA.NS,2.4200000762939453,2026-10-01T23:11:23.693897+05:30,WAITING FOR 0.786,2026-02-05,4.119999885559082,2026-09-17,2.1700000762939453,,3.7026999263763427,3.1449999809265137,4.626999835968018,34.64228470001119
ANTGRAPHIC.NS,0.6899999976158142,2026-10-01T23:11:23.693897+05:30,WAITING FOR 0.786,2026-01-01,1.1699999570846558,2026-03-30,0.6399999856948853,,1.0565799632072448,0.9049999713897705,1.3077999496459962,34.69495715957724
ACC.NS,1182.800048828125,2026-10-01T23:11:23.693897+05:30,WAITING FOR 0.786,2025-11-24,1987.0,2026-10-01,1166.0999755859375,,1811.3273947753905,1576.5499877929688,2200.4340063476566,34.6998200192961
RHL.NS,162.9199981689453,2026-10-01T23:11:23.693897+05:30,WAITING FOR 0.786,2025-10-15,273.8999938964844,2026-10-01,160.3000030517578,,249.5895958557129,217.0999984741211,303.4359915161133,34.72484395418111
EMSLIMITED.NS,331.54998779296875,2026-10-01T23:11:23.693897+05:30,WAITING FOR 0.786,2025-10-06,576.9000244140625,2026-03-10,256.04998779296875,,508.23811657714845,416.4750061035156,660.3210339355469,34.76483227470783
SUNTECK.NS,279.45001220703125,2026-10-01T23:11:23.693897+05:30,WAITING FOR 0.786,2025-11-03,472.5,2026-09-29,268.54998779296875,,428.8546973876953,370.5249938964844,525.5270031738281,34.838066620405584
RAJMET.NS,3.0799999237060547,2026-10-01T23:11:23.693897+05:30,WAITING FOR 0.786,2025-12-30,5.28000020980835,2026-03-24,2.7200000286102295,,4.732160171031952,4.0000001192092896,5.94560025691986,34.91344729706406
IFGLEXPOR.NS,189.57000732421875,2026-10-01T23:11:23.693897+05:30,WAITING FOR 0.786,2025-10-06,338.0,2026-03-30,119.68000030517578,,291.2795200653076,228.8400001525879,394.7631999206543,34.918181929949846
EMBDL.NS,56.130001068115234,2026-10-01T23:11:23.693897+05:30,WAITING FOR 0.786,2025-10-03,99.20999908447266,2026-03-30,39.459999084472656,,86.42349908447267,69.33499908447266,114.74499908447265,35.05238544755952
BSL.NS,118.19999694824219,2026-10-01T23:11:23.693897+05:30,WAITING FOR 0.786,2025-11-11,205.0,2026-03-30,98.0,,182.102,151.5,232.82,35.09132412151312
MCL.NS,54.63999938964844,2026-10-01T23:11:23.693897+05:30,WAITING FOR 0.786,2026-01-21,93.19999694824219,2026-07-20,51.150001525878906,,84.20129792785644,72.17499923706055,104.13299575805664,35.10788938614235
AWHCL.NS,355.3999938964844,2026-10-01T23:11:23.693897+05:30,WAITING FOR 0.786,2026-01-30,605.0,2026-09-16,337.54998779296875,,547.7656973876954,471.2749938964844,674.5370031738281,35.11824570406773
SYMPHONY.NS,571.7000122070312,2026-10-01T23:11:23.693897+05:30,WAITING FOR 0.786,2026-02-03,970.4500122070312,2026-09-16,562.0999755859375,,883.0631043701171,766.2749938964844,1076.6210217285156,35.25943849564172
SHAKTIPUMP.NS,454.1000061035156,2026-10-01T23:11:23.693897+05:30,WAITING FOR 0.786,2025-12-17,770.9500122070312,2026-10-01,447.3999938964844,,701.7103082885742,609.1750030517578,855.0730169677734,35.286684442325495
VINNY.NS,0.8999999761581421,2026-10-01T23:11:23.693897+05:30,WAITING FOR 0.786,2025-12-11,1.5299999713897705,2026-09-30,0.8799999952316284,,1.390899976491928,1.2049999833106995,1.6989999651908874,35.29369535053946
RKSWAMY.NS,86.45999908447266,2026-10-01T23:11:23.693897+05:30,WAITING FOR 0.786,2025-09-26,151.8000030517578,2026-03-30,67.1500015258789,,133.68490272521973,109.47500228881836,173.80900344848632,35.32553241095194
TTML.NS,34.81999969482422,2026-10-01T23:11:23.693897+05:30,WAITING FOR 0.786,2025-10-07,60.08000183105469,2026-03-30,31.219999313354492,,53.90396129226684,45.65000057220459,67.58360248565674,35.40363479776475
IRIS.NS,225.10000610351562,2026-10-01T23:11:23.693897+05:30,WAITING FOR 0.786,2025-11-10,388.1000061035156,2026-03-02,203.0,,348.4886047973633,295.5500030517578,436.2260076904297,35.40678145433042
DJML.NS,72.61000061035156,2026-10-01T23:11:23.693897+05:30,WAITING FOR 0.786,2026-07-03,124.80000305175781,2026-08-28,67.56999969482422,,112.55278233337403,96.18500137329102,139.67980392456053,35.4880447155136
SHANKARA.NS,124.4000015258789,2026-10-01T23:11:23.693897+05:30,WAITING FOR 0.786,2025-09-26,218.64999389648438,2026-02-25,98.25,,192.8843952026367,158.4499969482422,249.9539923095703,35.50540913629162
THEINVEST.NS,90.33000183105469,2026-10-01T23:11:23.693897+05:30,WAITING FOR 0.786,2025-09-26,153.99000549316406,2026-03-30,89.0,,140.08214431762696,121.49500274658203,170.8874069213867,35.51640555541653
SHRADHA.NS,29.889999389648438,2026-10-01T23:11:23.693897+05:30,WAITING FOR 0.786,2025-10-07,51.810001373291016,2026-03-30,26.34000015258789,,46.359421112060545,39.07500076293945,58.43220169067383,35.52551202613601
ORISSAMINE.NS,3538.60009765625,2026-10-01T23:11:23.693897+05:30,WAITING FOR 0.786,2025-10-06,6138.89990234375,2026-03-30,3100.5,,5488.6823232421875,4619.699951171875,6928.883876953125,35.529150909831046
LATTEYS.NS,20.90999984741211,2026-10-01T23:11:23.693897+05:30,WAITING FOR 0.786,2025-10-24,37.0,2026-03-30,15.789999961853027,,32.46105999183655,26.394999980926514,42.51460000991821,35.58435906692311
SBGLP.NS,22.75,2026-10-01T23:11:23.693897+05:30,WAITING FOR 0.786,2026-01-29,40.0,2026-03-30,18.350000381469727,,35.366900081634526,29.175000190734863,45.628999900817874,35.67431709454876
HEMIPROP.NS,111.5,2026-10-01T23:11:23.693897+05:30,WAITING FOR 0.786,2025-10-03,190.69000244140625,2026-10-01,109.80999755859375,,173.38168139648437,150.25,211.7188037109375,35.69101470124463
ELECTHERM.NS,743.5999755859375,2026-10-01T23:11:23.693897+05:30,WAITING FOR 0.786,2026-07-06,1277.0,2026-10-01,717.0499877929688,,1157.1706973876953,997.0249938964844,1422.5870031738282,35.73981978072819
EXXARO.NS,6.039999961853027,2026-10-01T23:11:23.693897+05:30,WAITING FOR 0.786,2025-11-07,10.329999923706055,2026-08-03,5.989999771118164,,9.401239891052246,8.15999984741211,11.458399963378906,35.75315562789035
PATANJALI.NS,355.1499938964844,2026-10-01T23:11:23.693897+05:30,WAITING FOR 0.786,2025-10-31,614.0499877929688,2026-07-15,328.20001220703125,,552.8780930175781,471.125,688.3709814453125,35.763417219500354
TRACXN.NS,31.709999084472656,2026-10-01T23:11:23.693897+05:30,WAITING FOR 0.786,2025-10-17,55.900001525878906,2026-03-30,25.389999389648438,,49.37086106872559,40.64500045776367,63.83260208129883,35.771833024480834
PIIND.NS,2236.0,2026-10-01T23:11:23.693897+05:30,WAITING FOR 0.786,2025-11-10,3832.89990234375,2026-09-11,2191.0,,3481.5333232421876,3011.949951171875,4259.793876953125,35.77542443518195
WIPRO.NS,159.35000610351562,2026-10-01T23:11:23.693897+05:30,WAITING FOR 0.786,2025-12-22,273.1000061035156,2026-09-29,156.7899932861328,,248.2096633605957,214.94499969482422,303.34060943603515,35.80024083429256
INOXGREEN.NS,159.0,2026-10-01T23:11:23.693897+05:30,WAITING FOR 0.786,2025-11-03,279.0,2026-03-23,132.5800018310547,,247.6661203918457,205.79000091552734,317.0691995239258,35.80066593346007
UNIINFO.NS,10.850000381469727,2026-10-01T23:11:23.693897+05:30,WAITING FOR 0.786,2025-10-14,18.979999542236328,2026-03-27,9.359999656677246,,16.921319566726684,14.169999599456787,21.481199512481687,35.87970288791971
SBICARD.NS,563.2000122070312,2026-10-01T23:11:23.693897+05:30,WAITING FOR 0.786,2025-10-23,965.0,2026-10-01,560.1500244140625,,878.3621052246094,762.5750122070312,1070.2609936523438,35.88065686610955
KSHITIJPOL.NS,3.940000057220459,2026-10-01T23:11:23.693897+05:30,WAITING FOR 0.786,2026-06-11,7.199999809265137,2026-07-21,2.2699999809265137,,6.1449798460006715,4.734999895095825,8.481799764633179,35.882620350907686
MARATHON.NS,388.1000061035156,2026-10-01T23:11:23.693897+05:30,WAITING FOR 0.786,2025-10-21,678.0499877929688,2026-08-18,344.04998779296875,,606.5739877929688,511.04998779296875,764.8899877929687,36.01769711298945
SHK.NS,137.86000061035156,2026-10-01T23:11:23.693897+05:30,WAITING FOR 0.786,2025-09-26,243.97999572753906,2026-03-30,111.9800033569336,,215.7319973602295,177.97999954223633,278.2999937438965,36.09663735688091
SAGCEM.NS,150.00999450683594,2026-10-01T23:11:23.693897+05:30,WAITING FOR 0.786,2025-09-26,260.1499938964844,2026-09-16,141.52000427246094,,234.76317611694338,200.83499908447266,290.9937911987305,36.1015654209283
DHANUKA.NS,935.0499877929688,2026-10-01T23:11:23.693897+05:30,WAITING FOR 0.786,2025-09-29,1620.4000244140625,2026-03-30,889.5999755859375,,1464.0088139648437,1255.0,1810.408037109375,36.13084983684922
SWANCORP.NS,272.79998779296875,2026-10-01T23:11:23.693897+05:30,WAITING FOR 0.786,2026-01-08,470.5,2026-10-01,267.95001220703125,,427.1543026123047,369.2250061035156,523.1629968261718,36.135493397904874
KPEL.NS,218.0,2026-10-01T23:11:23.693897+05:30,WAITING FOR 0.786,2026-05-26,378.70001220703125,2026-09-16,206.52000427246094,,341.85349050903324,292.6100082397461,423.46681427001954,36.22999148688245
LAXMIDENTL.NS,193.8699951171875,2026-10-01T23:11:23.693897+05:30,WAITING FOR 0.786,2025-11-11,344.79998779296875,2026-03-30,155.8800048828125,,304.3711114501953,250.33999633789062,393.9191833496094,36.30473201169398
HITECH.NS,71.41999816894531,2026-10-01T23:11:23.693897+05:30,WAITING FOR 0.786,2025-10-09,123.80000305175781,2026-10-01,69.86000061035156,,112.25684252929688,96.83000183105469,137.82440368652345,36.37804470555452
HAVISHA.NS,1.350000023841858,2026-10-01T23:11:23.693897+05:30,WAITING FOR 0.786,2025-10-21,2.4200000762939453,2026-03-30,1.0299999713897705,,2.122540053844452,1.725000023841858,2.781400103569031,36.39695885141627
TRIGYN.NS,51.79999923706055,2026-10-01T23:11:23.693897+05:30,WAITING FOR 0.786,2025-09-26,93.5,2026-03-30,37.54999923706055,,81.52669983673096,65.52499961853027,108.04700019836426,36.46253394188951
NILAINFRA.NS,6.570000171661377,2026-10-01T23:11:23.693897+05:30,WAITING FOR 0.786,2025-09-29,11.550000190734863,2026-03-30,5.900000095367432,,10.340900170326233,8.725000143051147,13.019000215530395,36.465877598215826
ISHANCH.NS,47.29999923706055,2026-10-01T23:11:23.693897+05:30,WAITING FOR 0.786,2025-10-13,83.37000274658203,2026-08-26,41.709999084472656,,74.45476196289063,62.540000915527344,94.20160369873047,36.471492232242205
ABREL.NS,1100.5,2026-10-01T23:11:23.693897+05:30,WAITING FOR 0.786,2025-11-03,1914.0,2026-10-01,1072.4000244140625,,1733.8976052246094,1493.2000122070312,2132.8159936523434,36.53027741177132
RUSTOMJEE.NS,361.25,2026-10-01T23:11:23.693897+05:30,WAITING FOR 0.786,2025-10-08,634.0,2026-09-11,331.8999938964844,,569.3505986938477,482.9499969482422,712.5460015869141,36.55051898974958
BOMDYEING.NS,102.62999725341797,2026-10-01T23:11:23.693897+05:30,WAITING FOR 0.786,2025-10-06,180.75,2026-03-30,92.0,,161.7575,136.375,203.825,36.55317543024715
AGL.NS,12.59000015258789,2026-10-01T23:11:23.693897+05:30,WAITING FOR 0.786,2026-07-03,22.0,2026-07-30,12.100000381469727,,19.88140008163452,17.050000190734863,24.57399990081787,36.674479156938624
LGHL.NS,219.47000122070312,2026-10-01T23:11:23.693897+05:30,WAITING FOR 0.786,2025-10-06,395.3125,2026-08-19,168.0,,346.66762500000004,281.65625,454.41375,36.69152081314109
WILLAMAGOR.NS,21.190000534057617,2026-10-01T23:11:23.693897+05:30,WAITING FOR 0.786,2025-10-03,37.0,2026-10-01,20.530000686645508,,33.47542014694214,28.765000343322754,41.28219982147217,36.69982201554759
BHANDARI.NS,2.819999933242798,2026-10-01T23:11:23.693897+05:30,WAITING FOR 0.786,2025-10-24,5.130000114440918,2026-03-30,2.0,,4.460180089950562,3.565000057220459,5.943800144195556,36.77385494821902
SHARDACROP.NS,709.2000122070312,2026-10-01T23:11:23.693897+05:30,WAITING FOR 0.786,2026-05-14,1238.800048828125,2026-10-01,697.5999755859375,,1122.9832331542968,968.2000122070312,1379.5120678710937,36.84678530640289
ARCHIES.NS,12.369999885559082,2026-10-01T23:11:23.693897+05:30,WAITING FOR 0.786,2025-09-26,21.989999771118164,2026-03-30,10.859999656677246,,19.60817974662781,16.424999713897705,24.8837998008728,36.91408358449764
AROGRANITE.NS,22.350000381469727,2026-10-01T23:11:23.693897+05:30,WAITING FOR 0.786,2025-10-03,40.0,2026-03-30,18.670000076293945,,35.4353800163269,29.335000038146973,45.54579998016358,36.92744265428526
SUBROS.NS,684.9000244140625,2026-10-01T23:11:23.693897+05:30,WAITING FOR 0.786,2025-09-29,1213.699951171875,2026-03-30,622.0999755859375,,1087.0975563964844,917.8999633789062,1367.5159448242189,36.997372463574294
ARENTERP.NS,33.790000915527344,2026-10-01T23:11:23.693897+05:30,WAITING FOR 0.786,2025-12-01,60.790000915527344,2026-09-22,27.600000381469727,,53.68734080123902,44.195000648498535,69.41940105438232,37.06151131488426
INFOBEAN.NS,143.5800018310547,2026-10-01T23:11:23.693897+05:30,WAITING FOR 0.786,2026-01-07,257.5,2026-03-13,120.33000183105469,,228.1456203918457,188.91500091552734,293.1641995239258,37.06650972109282
TARIL.NS,280.79998779296875,2026-10-01T23:11:23.693897+05:30,WAITING FOR 0.786,2025-09-26,507.1499938964844,2026-02-02,224.0500030517578,,446.5665958557129,365.5999984741211,580.7559915161132,37.12024356526297
NDTV.NS,68.08000183105469,2026-10-01T23:11:23.693897+05:30,WAITING FOR 0.786,2025-09-26,121.94000244140625,2026-03-30,58.75,,108.41734191894531,90.34500122070312,138.36940307617186,37.20561616244707
ENIL.NS,93.36000061035156,2026-10-01T23:11:23.693897+05:30,WAITING FOR 0.786,2025-09-26,163.99000549316406,2026-10-01,92.55000305175781,,148.70184497070312,128.27000427246094,182.5644061279297,37.216649444568006
EPIGRAL.NS,982.2000122070312,2026-10-01T23:11:23.693897+05:30,WAITING FOR 0.786,2025-10-03,1771.0,2026-03-30,807.0,,1564.7040000000002,1289.0,2021.64,37.227743253226734
NARMADA.NS,12.3100004196167,2026-10-01T23:11:23.693897+05:30,WAITING FOR 0.786,2026-07-31,21.670000076293945,2026-10-01,12.050000190734863,,19.6113201007843,16.860000133514404,24.171200046539305,37.23012853619989
HLVLTD.NS,6.309999942779541,2026-10-01T23:11:23.693897+05:30,WAITING FOR 0.786,2025-11-07,11.279999732971191,2026-03-30,5.599999904632568,,10.064479769706725,8.43999981880188,12.756799688339234,37.30426125181221
GALLANTT.NS,530.1500244140625,2026-10-01T23:11:23.693897+05:30,WAITING FOR 0.786,2026-05-11,938.0,2026-07-24,513.0999755859375,,847.0713947753907,725.5499877929688,1048.474006347656,37.413773185595886
RAMCOSYS.NS,546.25,2026-10-01T23:11:23.693897+05:30,WAITING FOR 0.786,2026-07-07,967.5,2026-10-01,526.9000244140625,,873.2116052246095,747.2000122070312,1082.0559936523437,37.44357075287698
UNIECOM.NS,82.58000183105469,2026-10-01T23:11:23.693897+05:30,WAITING FOR 0.786,2025-10-03,147.0,2026-03-30,78.51000213623047,,132.3431404571533,112.75500106811523,164.80739944458008,37.60160024478916
SDBL.NS,74.94000244140625,2026-10-01T23:11:23.693897+05:30,WAITING FOR 0.786,2025-10-17,136.0,2026-03-30,61.79999923706055,,120.12119983673097,98.89999961853027,155.29200019836426,37.613008741783396
FCSSOFT.NS,1.3799999952316284,2026-10-01T23:11:23.693897+05:30,WAITING FOR 0.786,2025-10-23,2.5299999713897705,2026-03-30,1.0499999523162842,,2.2132799673080443,1.7899999618530273,2.9147999763488768,37.6490992727826
RTNPOWER.NS,6.739999771118164,2026-10-01T23:11:23.693897+05:30,WAITING FOR 0.786,2025-10-10,11.9399995803833,2026-10-01,6.659999847412109,,10.810079637527465,9.299999713897705,13.31279951095581,37.65078521974913
RAMAPHO.NS,120.05000305175781,2026-10-01T23:11:23.693897+05:30,WAITING FOR 0.786,2025-11-10,217.19000244140625,2026-03-30,103.5,,192.86034191894532,160.34500122070312,246.7494030761719,37.75288280769926
JYOTHYLAB.NS,182.91000366210938,2026-10-01T23:11:23.693897+05:30,WAITING FOR 0.786,2025-10-21,325.0,2026-10-01,180.00999450683594,,293.9721388244629,252.50499725341797,362.69740142822263,37.779816688230824
SALZERELEC.NS,530.9000244140625,2026-10-01T23:11:23.693897+05:30,WAITING FOR 0.786,2025-10-10,952.5,2026-03-30,488.79998779296875,,853.2681973876954,720.6499938964844,1073.062003173828,37.78040409341074
MTNL.NS,24.65999984741211,2026-10-01T23:11:23.693897+05:30,WAITING FOR 0.786,2025-11-03,44.66999816894531,2026-03-30,21.260000228881836,,39.66025860977173,32.964999198913574,50.75659763336182,37.821888429804055
PEARLPOLY.NS,17.09000015258789,2026-10-01T23:11:23.693897+05:30,WAITING FOR 0.786,2025-10-01,31.5,2026-03-30,12.75,,27.4875,22.125,36.375,37.82628411973483
CMSINFO.NS,220.69000244140625,2026-10-01T23:11:23.693897+05:30,WAITING FOR 0.786,2025-10-17,393.29998779296875,2026-10-01,215.1199951171875,,355.16946936035157,304.2099914550781,439.62678588867186,37.86346477391156
SILINV.NS,424.54998779296875,2026-10-01T23:11:23.693897+05:30,WAITING FOR 0.786,2025-10-17,767.0,2026-03-30,380.0,,684.182,573.5,867.62,37.947799300044615
IRFC.NS,77.05999755859375,2026-10-01T23:11:23.693897+05:30,WAITING FOR 0.786,2025-12-29,137.1699981689453,2026-10-01,76.51000213623047,,124.18875901794434,106.84000015258789,152.94159713745117,37.94929736961204
EXCELSOFT.NS,78.33000183105469,2026-10-01T23:11:23.693897+05:30,WAITING FOR 0.786,2025-11-26,142.58999633789062,2026-03-30,66.4000015258789,,126.28533744812012,104.49499893188477,162.39939498901367,37.973795363825346
BPL.NS,45.290000915527344,2026-10-01T23:11:23.693897+05:30,WAITING FOR 0.786,2025-10-03,82.69999694824219,2026-03-30,37.61000061035156,,73.0507377319336,60.154998779296875,94.42339599609375,38.001993789955726
VIVIDHA.NS,0.5,2026-10-01T23:11:23.693897+05:30,WAITING FOR 0.786,2025-09-29,0.9100000262260437,2026-03-30,0.4300000071525574,,0.8072800221443177,0.6700000166893005,1.0348000311851502,38.06362274742198
NATCAPSUQ.NS,162.16000366210938,2026-10-01T23:11:23.693897+05:30,WAITING FOR 0.786,2025-09-26,296.0,2026-03-27,136.36000061035156,,261.83704013061526,216.18000030517578,337.5063998413086,38.06834832030748
WSI.NS,53.20000076293945,2026-10-01T23:11:23.693897+05:30,WAITING FOR 0.786,2025-12-23,95.0,2026-10-01,52.79999923706055,,85.96919983673095,73.89999961853027,105.97200019836426,38.1173712632261
HPL.NS,267.20001220703125,2026-10-01T23:11:23.693897+05:30,WAITING FOR 0.786,2025-11-17,479.8999938964844,2026-03-30,255.5500030517578,,431.88909585571287,367.7249984741211,538.2309915161134,38.132262478722446
VIPCLOTHNG.NS,20.110000610351562,2026-10-01T23:11:23.693897+05:30,WAITING FOR 0.786,2025-12-05,37.54999923706055,2026-03-30,14.050000190734863,,32.520999441146856,25.799999713897705,43.659998989105226,38.16303017764087
CENTRUM.NS,19.899999618530273,2026-10-01T23:11:23.693897+05:30,WAITING FOR 0.786,2025-11-10,35.900001525878906,2026-10-01,18.709999084472656,,32.22134100341797,27.30500030517578,40.369402160644526,38.23969146281241
PNC.NS,18.09000015258789,2026-10-01T23:11:23.693897+05:30,WAITING FOR 0.786,2025-09-26,33.0,2026-09-29,15.699999809265137,,29.29779995918274,24.34999990463257,37.49800004959106,38.25474889653622
OMINFRAL.NS,76.08000183105469,2026-10-01T23:11:23.693897+05:30,WAITING FOR 0.786,2025-09-26,137.5,2026-01-27,71.5,,123.376,104.5,154.66,38.33484483930855
ORIENTTECH.NS,229.25,2026-10-01T23:11:23.693897+05:30,WAITING FOR 0.786,2026-01-08,412.95001220703125,2026-03-30,220.8000030517578,,371.82991024780273,316.87500762939453,462.90901458740234,38.34546557935095
PVSL.NS,89.86000061035156,2026-10-01T23:11:23.693897+05:30,WAITING FOR 0.786,2025-10-16,163.0,2026-03-16,82.41000366210938,,145.7537407836914,122.70500183105469,183.95339904785158,38.34806562960878
FABTECH.NS,142.00999450683594,2026-10-01T23:11:23.693897+05:30,WAITING FOR 0.786,2025-12-11,256.95001220703125,2026-03-23,132.6999969482422,,230.36050894165038,194.82500457763672,289.25501617431644,38.35315125874868
MKPL.NS,3.9000000953674316,2026-10-01T23:11:23.693897+05:30,WAITING FOR 0.786,2025-10-31,7.079999923706055,2026-03-30,3.559999942779541,,6.3267199277877815,5.319999933242798,7.995199918746948,38.356681821205314
JKTYRE.NS,340.3500061035156,2026-10-01T23:11:23.693897+05:30,WAITING FOR 0.786,2026-02-11,611.9000244140625,2026-09-29,333.1000061035156,,552.2368204956055,472.50001525878906,684.3880291748046,38.36883136512553
ABINFRA.NS,12.5600004196167,2026-10-01T23:11:23.693897+05:30,WAITING FOR 0.786,2026-02-23,23.559999465942383,2026-06-11,8.819999694824219,,20.405639514923095,16.1899995803833,27.392399406433107,38.44838623934676
PANACEABIO.NS,359.04998779296875,2026-10-01T23:11:23.693897+05:30,WAITING FOR 0.786,2026-06-09,647.0,2026-10-01,350.04998779296875,,583.4526973876953,498.5249938964844,724.2070031738281,38.461165849339515
SURAJLTD.NS,193.50999450683594,2026-10-01T23:11:23.693897+05:30,WAITING FOR 0.786,2025-10-20,348.6499938964844,2026-10-01,190.0,,314.6988952026367,269.3249969482422,389.8989923095703,38.509477644580365
KNRCON.NS,113.29000091552734,2026-10-01T23:11:23.693897+05:30,WAITING FOR 0.786,2025-09-29,204.9499969482422,2026-03-27,108.6500015258789,,184.34179792785645,156.79999923706055,229.98799575805663,38.543508748968456
SAMPANN.NS,24.010000228881836,2026-10-01T23:11:23.693897+05:30,WAITING FOR 0.786,2025-11-06,43.439998626708984,2026-09-25,23.06999969482422,,39.08081885528564,33.2549991607666,48.736198348999025,38.56321097623442
INNOVANA.NS,290.20001220703125,2026-10-01T23:11:23.693897+05:30,WAITING FOR 0.786,2025-11-19,524.9500122070312,2026-10-01,279.20001220703125,,472.35951220703123,402.07501220703125,588.8450122070312,38.56374123787328
DENTA.NS,260.6499938964844,2026-10-01T23:11:23.693897+05:30,WAITING FOR 0.786,2025-10-07,479.6000061035156,2026-03-09,222.0,,424.4736047973633,350.8000030517578,546.5760076904296,38.59453427712793
AJMERA.NS,119.5999984741211,2026-10-01T23:11:23.693897+05:30,WAITING FOR 0.786,2025-11-03,221.39999389648438,2026-03-30,98.02999877929688,,194.99881494140624,159.71499633789062,253.47619262695312,38.66629471053
AGROPHOS.NS,23.0,2026-10-01T23:11:23.693897+05:30,WAITING FOR 0.786,2026-01-02,42.0,2026-09-09,21.0,,37.506,31.5,47.46,38.67647843011785
WANBURY.NS,197.99000549316406,2026-10-01T23:11:23.693897+05:30,WAITING FOR 0.786,2026-07-15,358.8500061035156,2026-10-01,191.0,,322.9301047973633,274.9250030517578,402.4910076904297,38.689517467749994
HIMATSEIDE.NS,64.1500015258789,2026-10-01T23:11:23.693897+05:30,WAITING FOR 0.786,2026-02-13,116.5999984741211,2026-09-22,61.09000015258789,,104.72085883331299,88.84499931335449,131.0325980377197,38.741906588076986
SKMEGGPROD.NS,205.2899932861328,2026-10-01T23:11:23.693897+05:30,WAITING FOR 0.786,2026-07-13,372.0,2026-10-01,201.10000610351562,,335.4274013061523,286.5500030517578,416.43399841308593,38.79748867065278
PILITA.NS,7.449999809265137,2026-10-01T23:11:23.693897+05:30,WAITING FOR 0.786,2025-11-06,13.800000190734863,2026-03-30,6.199999809265137,,12.173600109100342,10.0,15.776000289916992,38.80199988090697
HAPPSTMNDS.NS,304.70001220703125,2026-10-01T23:11:23.693897+05:30,WAITING FOR 0.786,2025-09-26,553.9500122070312,2026-10-01,300.0,,499.60470959472656,426.9750061035156,619.9770153808594,39.01178144333341
CEWATER.NS,253.4499969482422,2026-10-01T23:11:23.693897+05:30,WAITING FOR 0.786,2026-01-08,464.8500061035156,2026-03-16,235.0,,415.6621047973633,349.9250030517578,524.6110076904297,39.02499313190941
UNIENTER.NS,87.0199966430664,2026-10-01T23:11:23.693897+05:30,WAITING FOR 0.786,2025-11-12,158.0,2026-10-01,86.5999984741211,,142.7203996734619,122.29999923706055,176.56400039672852,39.02763946698273
SAFARI.NS,1378.800048828125,2026-10-01T23:11:23.693897+05:30,WAITING FOR 0.786,2025-11-26,2507.10009765625,2026-05-06,1363.0999755859375,,2262.284071533203,1935.1000366210938,2804.5401293945315,39.0527446938315
NILASPACES.NS,11.220000267028809,2026-10-01T23:11:23.693897+05:30,WAITING FOR 0.786,2025-09-26,20.469999313354492,2026-10-01,10.850000381469727,,18.411319541931153,15.65999984741211,22.97119903564453,39.05922798485116
AARON.NS,123.11000061035156,2026-10-01T23:11:23.693897+05:30,WAITING FOR 0.786,2025-10-28,228.0,2026-03-30,106.80000305175781,,202.0632006530762,167.4000015258789,259.511999206543,39.07351748737266
INVENTURE.NS,0.8500000238418579,2026-10-01T23:11:23.693897+05:30,WAITING FOR 0.786,2025-09-29,1.5800000429153442,2026-08-20,0.7200000286102295,,1.3959600398540497,1.1500000357627869,1.803600046634674,39.110003182417245
TVSELECT.NS,397.3999938964844,2026-10-01T23:11:23.693897+05:30,WAITING FOR 0.786,2025-10-27,739.3499755859375,2026-03-05,336.20001220703125,,653.0758834228516,537.7749938964844,844.1689660644531,39.14949181499984
AKSHAR.NS,0.4099999964237213,2026-10-01T23:11:23.693897+05:30,WAITING FOR 0.786,2025-10-10,0.7599999904632568,2026-03-09,0.36000001430511475,,0.6743999955654145,0.5600000023841858,0.8639999842643737,39.20521958485798
FOODSIN.NS,49.38999938964844,2026-10-01T23:11:23.693897+05:30,WAITING FOR 0.786,2025-09-29,91.54000091552734,2026-03-30,44.0,,81.3664407196045,67.77000045776367,103.90040115356445,39.299299621756255
ANIKINDS.NS,44.0,2026-10-01T23:11:23.693897+05:30,WAITING FOR 0.786,2025-10-17,83.4000015258789,2026-03-30,32.5,,72.50740119934082,57.95000076293945,96.63400192260742,39.316539729464175
VIKASLIFE.NS,1.2000000476837158,2026-10-01T23:11:23.693897+05:30,WAITING FOR 0.786,2025-09-26,2.2300000190734863,2026-03-30,1.0499999523162842,,1.977480004787445,1.6399999856948853,2.5368000364303587,39.31670384638346
JISLDVREQS.NS,18.709999084472656,2026-10-01T23:11:23.693897+05:30,WAITING FOR 0.786,2025-10-03,34.22999954223633,2026-10-01,18.399999618530273,,30.84237955856323,26.3149995803833,38.3457995223999,39.33671995396374
FINKURVE.NS,70.52999877929688,2026-10-01T23:11:23.693897+05:30,WAITING FOR 0.786,2025-10-06,134.89999389648438,2026-03-30,48.02000045776367,,116.30767530059815,91.45999717712402,157.48879219055175,39.35911916645956
KARMAENG.NS,36.33000183105469,2026-10-01T23:11:23.693897+05:30,WAITING FOR 0.786,2025-09-26,66.91000366210938,2026-03-30,34.380001068115234,,59.94858310699463,50.645002365112305,75.36780433654785,39.39806422744993
MEIL.NS,262.1000061035156,2026-10-01T23:11:23.693897+05:30,WAITING FOR 0.786,2025-10-21,495.0,2026-03-30,206.25999450683594,,433.2096388244629,350.62999725341797,570.0724014282226,39.49811301181161
INDOUS.NS,76.75,2026-10-01T23:11:23.693897+05:30,WAITING FOR 0.786,2026-03-05,142.38999938964844,2026-09-04,70.0,,126.89853952026368,106.19499969482422,161.21139923095703,39.51861046616361
GOODYEAR.NS,694.2999877929688,2026-10-01T23:11:23.693897+05:30,WAITING FOR 0.786,2026-04-15,1273.699951171875,2026-10-01,690.0,,1148.7881616210939,981.8499755859375,1425.4619384765624,39.56240053751785
BAGFILMS.NS,4.070000171661377,2026-10-01T23:11:23.693897+05:30,WAITING FOR 0.786,2025-12-02,7.590000152587891,2026-03-30,3.609999895095825,,6.738280097484589,5.600000023841858,8.624800219535828,39.598827701141204
TOKYOPLAST.NS,71.01000213623047,2026-10-01T23:11:23.693897+05:30,WAITING FOR 0.786,2025-10-14,135.0,2026-03-30,53.86000061035156,,117.63604013061524,94.43000030517578,156.0963998413086,39.6358445444222
GUJENERGY.NS,230.07000732421875,2026-10-01T23:11:23.693897+05:30,WAITING FOR 0.786,2026-06-02,423.8999938964844,2026-10-01,225.5,,381.4423952026367,324.6999969482422,475.48399230957034,39.68420652298054
PRAKASHSTL.NS,3.559999942779541,2026-10-01T23:11:23.693897+05:30,WAITING FOR 0.786,2025-12-30,6.570000171661377,2026-09-29,3.4600000381469727,,5.9044601430892945,5.015000104904175,7.378600206375122,39.70659710615135
EASEMYTRIP.NS,5.760000228881836,2026-10-01T23:11:23.693897+05:30,WAITING FOR 0.786,2026-02-18,10.600000381469727,2026-09-17,5.710000038146973,,9.553540307998658,8.15500020980835,11.871400470733644,39.70821241985757
HBSL.NS,57.029998779296875,2026-10-01T23:11:23.693897+05:30,WAITING FOR 0.786,2025-11-10,108.80000305175781,2026-03-30,42.630001068115234,,94.6396226272583,75.71500205993652,126.00420356750489,39.739828629799526
CELEBRITY.NS,6.260000228881836,2026-10-01T23:11:23.693897+05:30,WAITING FOR 0.786,2025-10-28,11.680000305175781,2026-03-30,5.650000095367432,,10.389580260276794,8.665000200271606,13.247800359725952,39.74732306736076
DBREALTY.NS,91.69999694824219,2026-10-01T23:11:23.693897+05:30,WAITING FOR 0.786,2025-09-26,171.67999267578125,2026-03-30,83.5,,152.80947424316406,127.58999633789062,194.60679077148438,39.990633825281684
INNOVISION.NS,253.0,2026-10-01T23:11:23.693897+05:30,WAITING FOR 0.786,2026-03-23,470.0,2026-08-28,246.1999969482422,,422.1067993469238,358.0999984741211,528.188000793457,40.06256227299889
MAANALU.NS,99.33999633789062,2026-10-01T23:11:23.693897+05:30,WAITING FOR 0.786,2025-12-18,184.74000549316406,2026-10-01,96.0,,165.74964431762697,140.37000274658203,207.81240692138672,40.06623860529991
INA.NS,87.0199966430664,2026-10-01T23:11:23.693897+05:30,WAITING FOR 0.786,2026-04-28,161.80999755859375,2026-09-16,84.19999694824219,,145.2014574279785,123.00499725341797,181.98859771728516,40.06947438097909
VMSTMT.NS,46.650001525878906,2026-10-01T23:11:23.693897+05:30,WAITING FOR 0.786,2025-09-26,89.91999816894531,2026-03-30,33.5,,77.84611856079101,61.709999084472656,104.5891976928711,40.07408154916634
JKLAKSHMI.NS,476.6000061035156,2026-10-01T23:11:23.693897+05:30,WAITING FOR 0.786,2025-11-03,884.9500122070312,2026-10-01,471.6000061035156,,796.493110900879,678.2750091552734,992.4210137939453,40.16269574956475
SHREYANIND.NS,126.29000091552734,2026-10-01T23:11:23.693897+05:30,WAITING FOR 0.786,2025-10-06,235.5,2026-08-25,121.76000213623047,,211.15964045715333,178.63000106811523,265.07239944458007,40.192168994930164
VAKRANGEE.NS,5.119999885559082,2026-10-01T23:11:23.693897+05:30,WAITING FOR 0.786,2025-10-27,9.640000343322754,2026-03-30,4.610000133514404,,8.563580298423767,7.125000238418579,10.947800397872925,40.21192413526523
SARVESHWAR.NS,3.440000057220459,2026-10-01T23:11:23.693897+05:30,WAITING FOR 0.786,2025-10-08,6.639999866485596,2026-03-30,2.5,,5.754039895057678,4.569999933242798,7.7163998317718505,40.215915774668495
COASTCORP.NS,35.81999969482422,2026-10-01T23:11:23.693897+05:30,WAITING FOR 0.786,2026-05-15,66.69999694824219,2026-09-17,35.20000076293945,,59.95899776458741,50.94999885559082,74.8899959564209,40.259175386050245
ROHLTD.NS,298.6499938964844,2026-10-01T23:11:23.693897+05:30,WAITING FOR 0.786,2025-10-06,562.9500122070312,2026-03-30,269.3999938964844,,500.13030828857427,416.1750030517578,639.2730169677734,40.285563792673834
MHRIL.NS,194.85000610351562,2026-10-01T23:11:23.693897+05:30,WAITING FOR 0.786,2025-09-29,363.95001220703125,2026-09-16,188.2100067138672,,326.34165103149417,276.0800094604492,409.6424136352539,40.29263335291783
PRECAM.NS,109.9000015258789,2026-10-01T23:11:23.693897+05:30,WAITING FOR 0.786,2025-10-06,205.89999389648438,2026-03-30,103.9800033569336,,184.0891159210205,154.93999862670898,232.39919143676758,40.30065222702837
RUSHIL.NS,15.899999618530273,2026-10-01T23:11:23.693897+05:30,WAITING FOR 0.786,2025-09-26,30.5,2026-03-30,12.489999771118164,,26.64585995101929,21.494999885559082,35.18260005950928,40.32844258823762
INDBANK.NS,25.200000762939453,2026-10-01T23:11:23.693897+05:30,WAITING FOR 0.786,2025-10-07,47.150001525878906,2026-09-29,24.209999084472656,,42.24084100341797,35.68000030517578,53.11440216064453,40.34209508068184
TRENT.NS,2580.0,2026-10-01T23:11:23.693897+05:30,WAITING FOR 0.786,2025-10-06,4908.0,2026-03-30,2183.666748046875,,4324.992684082032,3545.8333740234375,5616.326645507812,40.346719903236135
CPEDU.NS,176.36000061035156,2026-10-01T23:11:23.693897+05:30,WAITING FOR 0.786,2025-10-29,338.75,2026-03-30,141.0,,296.4315,239.875,390.16499999999996,40.505647810589785
ASHAPURMIN.NS,489.95001220703125,2026-10-01T23:11:23.693897+05:30,WAITING FOR 0.786,2026-01-07,924.9000244140625,2026-03-30,455.1000061035156,,824.3628204956055,690.0000152587891,1047.0480291748047,40.56621671602388
ADSL.NS,106.37999725341797,2026-10-01T23:11:23.693897+05:30,WAITING FOR 0.786,2025-10-06,204.64999389648438,2026-03-30,86.2699966430664,,179.31667448425293,145.4599952697754,235.42879318237306,40.674788019917266
DIGIDRIVE.NS,17.610000610351562,2026-10-01T23:11:23.693897+05:30,WAITING FOR 0.786,2025-09-29,33.38999938964844,2026-03-27,16.100000381469727,,29.689939601898196,24.744999885559082,37.8853991317749,40.68697731798119
SYNGENE.NS,361.29998779296875,2026-10-01T23:11:23.693897+05:30,WAITING FOR 0.786,2026-01-07,678.9500122070312,2026-10-01,353.29998779296875,,609.2609069824218,516.125,763.6190185546875,40.69864262546672
HERANBA.NS,172.1199951171875,2026-10-01T23:11:23.693897+05:30,WAITING FOR 0.786,2025-10-14,327.0,2026-03-30,155.3800048828125,,290.2733210449219,241.19000244140625,371.6211987304688,40.70416306342163
CENTEXT.NS,18.18000030517578,2026-10-01T23:11:23.693897+05:30,WAITING FOR 0.786,2025-10-10,34.75,2026-03-30,15.670000076293945,,30.666880016326907,25.210000038146973,39.71079998016357,40.71780273866519
GLOBECIVIL.NS,41.4900016784668,2026-10-01T23:11:23.693897+05:30,WAITING FOR 0.786,2025-11-27,80.0,2026-03-30,33.5,,70.049,56.75,92.09,40.7700300097549
GLOBALVECT.NS,131.0399932861328,2026-10-01T23:11:23.693897+05:30,WAITING FOR 0.786,2025-10-17,248.0,2026-09-17,123.0,,221.25,185.5,280.5,40.772884390448446
CSBBANK.NS,304.75,2026-10-01T23:11:23.693897+05:30,WAITING FOR 0.786,2026-01-05,574.4000244140625,2026-09-15,295.0,,514.6084191894531,434.70001220703125,647.0440307617188,40.78021489038129
ZENSARTECH.NS,434.3500061035156,2026-10-01T23:11:23.693897+05:30,WAITING FOR 0.786,2025-10-23,822.0,2026-09-25,416.1499938964844,,735.1480986938477,619.0749969482422,927.521001586914,40.91666606018108
CIFL.NS,20.760000228881836,2026-10-01T23:11:23.693897+05:30,WAITING FOR 0.786,2026-01-14,39.689998626708984,2026-09-16,18.559999465942383,,35.16817880630494,29.124999046325684,45.1837984085083,40.969362265753745
HILINFRA.NS,45.060001373291016,2026-10-01T23:11:23.693897+05:30,WAITING FOR 0.786,2025-10-06,86.3499984741211,2026-09-15,40.099998474121094,,76.45249847412109,63.224998474121094,98.3749984741211,41.06144040728286
BESTAGRO.NS,17.469999313354492,2026-10-01T23:11:23.693897+05:30,WAITING FOR 0.786,2026-01-16,34.400001525878906,2026-03-30,12.300000190734863,,29.67060124015808,23.350000858306885,40.14600187301636,41.12017086559917
INDRAMEDCO.NS,338.6000061035156,2026-10-01T23:11:23.693897+05:30,WAITING FOR 0.786,2025-11-06,640.8499755859375,2026-10-01,335.5,,575.5050808105468,488.17498779296875,720.2409692382812,41.164723406676416
BANG.NS,31.440000534057617,2026-10-01T23:11:23.693897+05:30,WAITING FOR 0.786,2025-11-19,61.0,2026-06-29,25.84000015258789,,53.47576003265381,43.420000076293945,70.14159996032714,41.20700572584763
EUREKAFORB.NS,352.5,2026-10-01T23:11:23.693897+05:30,WAITING FOR 0.786,2025-11-28,668.2999877929688,2026-10-01,348.0,,599.7557904052735,508.1499938964844,751.5779846191406,41.2260780739099
TATAINVEST.NS,615.0499877929688,2026-10-01T23:11:23.693897+05:30,WAITING FOR 0.786,2025-10-03,1184.699951171875,2026-03-30,538.8499755859375,,1046.4880563964844,861.7749633789062,1352.620944824219,41.227232930793825
HUBTOWN.NS,177.4199981689453,2026-10-01T23:11:23.693897+05:30,WAITING FOR 0.786,2025-11-18,339.0,2026-09-29,165.5500030517578,,301.88170065307617,252.2750015258789,384.09699920654293,41.22863433420326
SUMMITSEC.NS,1315.5,2026-10-01T23:11:23.693897+05:30,WAITING FOR 0.786,2025-10-23,2495.0,2026-10-01,1301.0,,2239.484,1898.0,2805.44,41.25878997126124
GOYALALUM.NS,5.909999847412109,2026-10-01T23:11:23.693897+05:30,WAITING FOR 0.786,2026-01-07,11.369999885559082,2026-09-18,5.300000190734863,,10.071019950866699,8.335000038146973,12.94819980621338,41.3167695402738
DAMCAPITAL.NS,146.55999755859375,2026-10-01T23:11:23.693897+05:30,WAITING FOR 0.786,2025-11-07,286.0,2026-03-16,119.22000122070312,,250.30908026123046,202.61000061035156,329.36279968261715,41.448389564757655
CEINSYS.NS,654.25,2026-10-01T23:11:23.693897+05:30,WAITING FOR 0.786,2026-04-20,1249.9000244140625,2026-10-01,634.9500122070312,,1118.3007218017578,942.4250183105469,1409.7870275878906,41.49605850688349
HGM.NS,40.36000061035156,2026-10-01T23:11:23.693897+05:30,WAITING FOR 0.786,2025-12-16,77.0,2026-10-01,39.79999923706055,,69.03919983673096,58.39999961853027,86.67200019836426,41.54045715217167
GODFRYPHLP.NS,1849.699951171875,2026-10-01T23:11:23.693897+05:30,WAITING FOR 0.786,2025-09-29,3540.0,2026-10-01,1830.0,,3174.06,2685.0,3984.6,41.724480596716035
PIONEEREMB.NS,20.06999969482422,2026-10-01T23:11:23.693897+05:30,WAITING FOR 0.786,2025-10-10,38.5,2026-03-30,19.610000610351562,,34.457540130615236,29.05500030517578,43.411399841308594,41.75440377128897
ROUTE.NS,436.3999938964844,2026-10-01T23:11:23.693897+05:30,WAITING FOR 0.786,2025-09-26,842.0,2026-03-30,410.70001220703125,,749.7018026123046,626.3500061035156,954.1379968261718,41.7901901294799
BAJAJELEC.NS,299.79998779296875,2026-10-01T23:11:23.693897+05:30,WAITING FOR 0.786,2025-09-29,575.0,2026-10-01,296.0,,515.294,435.5,647.54,41.81962378894985
REPRO.NS,303.8999938964844,2026-10-01T23:11:23.693897+05:30,WAITING FOR 0.786,2025-11-14,590.0,2026-09-25,276.1000061035156,,522.8254013061523,433.0500030517578,671.6139984130859,41.8735216121359
MBLINFRA.NS,23.110000610351562,2026-10-01T23:11:23.693897+05:30,WAITING FOR 0.786,2025-10-07,45.599998474121094,2026-03-30,18.3700008392334,,39.772778980255126,31.984999656677246,52.67979785919189,41.8949311492055
TATAELXSI.NS,3092.800048828125,2026-10-01T23:11:23.693897+05:30,WAITING FOR 0.786,2026-01-08,5950.0,2026-10-01,3046.199951171875,,5328.586789550782,4498.0999755859375,6704.988012695312,41.95834334737638
MANAKALUCO.NS,33.7599983215332,2026-10-01T23:11:23.693897+05:30,WAITING FOR 0.786,2026-01-20,68.12000274658203,2026-03-30,21.729999542236328,,58.192542060852055,44.92500114440918,80.18140357971191,41.98569588826295
MEDIASSIST.NS,298.5,2026-10-01T23:11:23.693897+05:30,WAITING FOR 0.786,2025-11-03,575.5499877929688,2026-10-01,291.25,,514.7097904052735,433.3999938964844,649.4679846191407,42.00615462065208
RAYMONDLSL.NS,627.7000122070312,2026-10-01T23:11:23.693897+05:30,WAITING FOR 0.786,2025-12-10,1210.0,2026-10-01,615.0,,1082.67,912.5,1364.7,42.02296062447179
KRITIKA.NS,4.909999847412109,2026-10-01T23:11:23.693897+05:30,WAITING FOR 0.786,2025-10-14,9.550000190734863,2026-03-30,4.5,,8.469300149917602,7.025000095367432,10.863000240325928,42.02590815653311
COHANCE.NS,451.29998779296875,2026-10-01T23:11:23.693897+05:30,WAITING FOR 0.786,2025-10-21,917.8499755859375,2026-03-09,266.70001220703125,,778.5038834228516,592.2749938964844,1087.1489660644531,42.02983473778756
TREEHOUSE.NS,5.679999828338623,2026-10-01T23:11:23.693897+05:30,WAITING FOR 0.786,2026-02-26,11.0,2026-09-29,5.460000038146973,,9.814440008163452,8.230000019073486,12.440399990081787,42.126093555881795
MASTERTR.NS,81.66000366210938,2026-10-01T23:11:23.693897+05:30,WAITING FOR 0.786,2025-10-06,164.5,2026-03-30,55.599998474121094,,141.1953996734619,110.04999923706055,192.81400039672852,42.165251948036655
SWIGGY.NS,238.0,2026-10-01T23:11:23.693897+05:30,WAITING FOR 0.786,2025-10-16,459.95001220703125,2026-10-01,235.5,,411.9177095947266,347.7250061035156,518.3070153808594,42.2214693720838
JAICORPLTD.NS,89.54000091552734,2026-10-01T23:11:23.693897+05:30,WAITING FOR 0.786,2025-10-29,173.39999389648438,2026-10-01,87.5999984741211,,155.03879487609862,130.49999618530273,195.70799270629882,42.24671251664174
KIOCL.NS,323.8500061035156,2026-10-01T23:11:23.693897+05:30,WAITING FOR 0.786,2025-10-06,634.5499877929688,2026-03-16,290.6499938964844,,560.955389099121,462.59999084472656,723.9639862060546,42.26813532826383
AHLUCONT.NS,555.9000244140625,2026-10-01T23:11:23.693897+05:30,WAITING FOR 0.786,2025-11-18,1077.949951171875,2026-10-01,540.5499877929688,,962.9463590087892,809.2499694824219,1217.6739416503906,42.27092514412959
SAKUMA.NS,1.5399999618530273,2026-10-01T23:11:23.693897+05:30,WAITING FOR 0.786,2025-10-29,3.0999999046325684,2026-03-30,1.100000023841858,,2.6719999301433566,2.099999964237213,3.619999873638153,42.3652693819343
AVROIND.NS,6.679999828338623,2026-10-01T23:11:23.693897+05:30,WAITING FOR 0.786,2026-06-08,12.989999771118164,2026-10-01,6.579999923706055,,11.618259803771974,9.78499984741211,14.656599731445313,42.50429977327671
BALAXI.NS,22.34000015258789,2026-10-01T23:11:23.693897+05:30,WAITING FOR 0.786,2025-10-03,45.34000015258789,2026-03-27,15.199999809265137,,38.89004007911682,30.269999980926514,53.17640024185181,42.55598578160369
SRD.NS,38.08000183105469,2026-10-01T23:11:23.693897+05:30,WAITING FOR 0.786,2025-11-11,74.9000015258789,2026-08-07,36.0,,66.57540119934082,55.45000076293945,85.01400192260742,42.80169380123581
DIGISPICE.NS,14.789999961853027,2026-10-01T23:11:23.693897+05:30,WAITING FOR 0.786,2025-10-06,28.979999542236328,2026-10-01,14.399999618530273,,25.859879558563232,21.6899995803833,32.7707995223999,42.807158369167766
EFCIL.NS,171.1999969482422,2026-10-01T23:11:23.693897+05:30,WAITING FOR 0.786,2025-10-09,335.8500061035156,2026-10-01,167.0500030517578,,299.72680545043943,251.45000457763672,379.73800689697265,42.88131930977707
AFCONS.NS,242.38999938964844,2026-10-01T23:11:23.693897+05:30,WAITING FOR 0.786,2025-10-10,479.3999938964844,2026-09-16,225.35000610351562,,425.0332965087891,352.375,545.4529907226563,42.97152684727698
UNITECH.NS,3.930000066757202,2026-10-01T23:11:23.693897+05:30,WAITING FOR 0.786,2025-10-06,7.929999828338623,2026-03-30,3.0999999046325684,,6.896379844665527,5.514999866485596,9.185799808502196,43.013578786598785
GREENPANEL.NS,158.58999633789062,2026-10-01T23:11:23.693897+05:30,WAITING FOR 0.786,2025-10-01,314.3999938964844,2026-09-16,148.50999450683594,,278.8995340270996,231.45499420166016,357.531393737793,43.13723151560338
ATAM.NS,55.349998474121094,2026-10-01T23:11:23.693897+05:30,WAITING FOR 0.786,2025-11-03,111.0,2026-03-25,48.5,,97.625,79.75,127.25,43.30345866927417
TOUCHWOOD.NS,57.13999938964844,2026-10-01T23:11:23.693897+05:30,WAITING FOR 0.786,2026-01-06,113.0,2026-09-30,57.0,,101.016,85.0,127.56,43.43470401753343
SGL.NS,8.5,2026-10-01T23:11:23.693897+05:30,WAITING FOR 0.786,2025-09-29,16.84000015258789,2026-03-30,8.399999618530273,,15.03384003829956,12.619999885559082,19.03440029144287,43.460885719511666
CRIZAC.NS,166.88999938964844,2026-10-01T23:11:23.693897+05:30,WAITING FOR 0.786,2025-10-27,333.0,2026-09-04,159.9499969482422,,295.9672993469238,246.4749984741211,377.99300079345704,43.61201397657615
VISACHROME.NS,35.90999984741211,2026-10-01T23:11:23.693897+05:30,WAITING FOR 0.786,2025-10-17,73.68000030517578,2026-04-01,27.049999237060547,,63.70118007659912,50.364999771118164,85.80380058288574,43.62741819816963
ZENITHSTL.NS,5.099999904632568,2026-10-01T23:11:23.693897+05:30,WAITING FOR 0.786,2025-10-23,10.329999923706055,2026-01-29,4.409999847412109,,9.06311990737915,7.369999885559082,11.86919994354248,43.72798819002524
HEADSUP.NS,6.400000095367432,2026-10-01T23:11:23.693897+05:30,WAITING FOR 0.786,2025-10-09,12.949999809265137,2026-03-30,5.690000057220459,,11.396359862327575,9.319999933242798,14.837599744796753,43.84171636661265
ABFRL.NS,44.529998779296875,2026-10-01T23:11:23.693897+05:30,WAITING FOR 0.786,2025-10-03,88.98999786376953,2026-10-01,44.040000915527344,,79.3706985168457,66.51499938964844,100.6769970703125,43.896173762606125
DCAL.NS,150.35000610351562,2026-10-01T23:11:23.693897+05:30,WAITING FOR 0.786,2025-10-08,306.0,2026-03-30,128.5,,268.015,217.25,352.15,43.90239124544685
VIKRAN.NS,58.27000045776367,2026-10-01T23:11:23.693897+05:30,WAITING FOR 0.786,2025-11-20,118.4000015258789,2026-03-30,51.099998474121094,,103.99780087280274,84.75,135.89800231933594,43.96996862555552
SERVOTECH.NS,69.19999694824219,2026-10-01T23:11:23.693897+05:30,WAITING FOR 0.786,2025-10-07,141.5,2026-01-30,57.5099983215332,,123.52613964080811,99.5049991607666,163.33740043640137,43.97947094480295
ORIENTCEM.NS,115.91000366210938,2026-10-01T23:11:23.693897+05:30,WAITING FOR 0.786,2025-09-26,232.47999572753906,2026-10-01,114.30000305175781,,207.18947729492186,173.38999938964844,263.20679382324215,44.05603741298194
PIGL.NS,93.87000274658203,2026-10-01T23:11:23.693897+05:30,WAITING FOR 0.786,2025-09-29,189.6999969482422,2026-06-01,88.05000305175781,,167.94689825439454,138.875,216.12899536132812,44.10733170886304
IFBAGRO.NS,866.9500122070312,2026-10-01T23:11:23.693897+05:30,WAITING FOR 0.786,2026-01-08,1790.0,2026-03-16,679.1500244140625,,1552.2781052246094,1234.5750122070312,2078.8209936523435,44.14982667802387
JSWHL.NS,11258.0,2026-10-01T23:11:23.693897+05:30,WAITING FOR 0.786,2025-12-03,22790.0,2026-07-24,10530.0,,20166.36,16660.0,25977.6,44.17435769271202
KAVDEFENCE.NS,77.5999984741211,2026-10-01T23:11:23.693897+05:30,WAITING FOR 0.786,2025-10-01,162.8699951171875,2026-04-01,51.5099983215332,,139.03895580291749,107.18999671936035,191.8235942840576,44.1883046186594
SRTL.NS,36.400001525878906,2026-10-01T23:11:23.693897+05:30,WAITING FOR 0.786,2026-03-04,73.36000061035156,2026-09-21,35.75,,65.31146047973633,54.55500030517578,83.13860076904297,44.267053196318514
SOMICONVEY.NS,83.7300033569336,2026-10-01T23:11:23.693897+05:30,WAITING FOR 0.786,2025-10-06,169.39999389648438,2026-08-18,80.16000366210938,,150.30263598632814,124.77999877929688,192.60239135742188,44.29239194144948
SUVIDHAA.NS,2.069999933242798,2026-10-01T23:11:23.693897+05:30,WAITING FOR 0.786,2025-10-20,4.25,2026-09-02,1.7699999809265137,,3.7192799959182743,3.009999990463257,4.894800004959107,44.34406832735044
IGCL.NS,54.619998931884766,2026-10-01T23:11:23.693897+05:30,WAITING FOR 0.786,2025-10-23,111.4000015258789,2026-03-27,49.459999084472656,,98.14484100341798,80.43000030517578,127.50440216064453,44.34755981724747
VIKASECO.NS,1.0099999904632568,2026-10-01T23:11:23.693897+05:30,WAITING FOR 0.786,2025-10-03,2.0399999618530273,2026-03-30,0.9900000095367432,,1.8152999720573426,1.5149999856948853,2.3129999494552616,44.36181314327964
BATAINDIA.NS,613.0,2026-10-01T23:11:23.693897+05:30,WAITING FOR 0.786,2025-10-07,1238.0,2026-03-30,605.0,,1102.538,921.5,1402.58,44.4010093076157
INDOFARM.NS,131.77000427246094,2026-10-01T23:11:23.693897+05:30,WAITING FOR 0.786,2025-10-20,271.69000244140625,2026-03-30,110.69999694824219,,237.23814126586916,191.19499969482422,313.5474038696289,44.4566528934366
ENERGYDEV.NS,14.520000457763672,2026-10-01T23:11:23.693897+05:30,WAITING FOR 0.786,2025-11-19,29.690000534057617,2026-03-30,13.149999618530273,,26.150440338134764,21.420000076293945,33.99040077209473,44.475120609768894
SECURKLOUD.NS,16.770000457763672,2026-10-01T23:11:23.693897+05:30,WAITING FOR 0.786,2025-11-24,34.18000030517578,2026-09-11,15.600000381469727,,30.203880321502687,24.890000343322754,39.01080028533936,44.47733112680623
YATRA.NS,98.83000183105469,2026-10-01T23:11:23.693897+05:30,WAITING FOR 0.786,2025-11-17,202.0,2026-03-30,89.9000015258789,,178.0106003265381,145.95000076293945,231.1459996032715,44.48083336061816
ABLBL.NS,74.44000244140625,2026-10-01T23:11:23.693897+05:30,WAITING FOR 0.786,2025-10-06,150.7899932861328,2026-10-01,73.41000366210938,,134.2306755065918,112.0999984741211,170.9087905883789,44.54322593515471
SUNDARAM.NS,1.0800000429153442,2026-10-01T23:11:23.693897+05:30,WAITING FOR 0.786,2025-10-16,2.200000047683716,2026-09-24,1.0199999809265137,,1.9474800333976745,1.6100000143051147,2.506800065040588,44.543716783010076
GKENERGY.NS,114.76000213623047,2026-10-01T23:11:23.693897+05:30,WAITING FOR 0.786,2025-10-23,239.60000610351562,2026-04-02,87.19999694824219,,206.98640414428712,163.4000015258789,279.2240084838867,44.55674390273818
ATLANTAA.NS,35.709999084472656,2026-10-01T23:11:23.693897+05:30,WAITING FOR 0.786,2025-10-07,73.38999938964844,2026-03-30,31.520000457763672,,64.4298196182251,52.454999923706055,84.27619911193847,44.57535455466111
ASHOKA.NS,105.30999755859375,2026-10-01T23:11:23.693897+05:30,WAITING FOR 0.786,2025-11-04,214.5,2026-03-30,101.0,,190.211,157.75,244.01,44.63516959660917
DSSL.NS,948.75,2026-10-01T23:11:23.693897+05:30,WAITING FOR 0.786,2026-05-25,1924.800048828125,2026-10-01,941.0499877929688,,1714.2775357666014,1432.9250183105469,2180.5750646972656,44.655985964622005
MINDTECK.NS,150.92999267578125,2026-10-01T23:11:23.693897+05:30,WAITING FOR 0.786,2025-10-20,307.67999267578125,2026-03-30,145.1300048828125,,272.8942952880859,226.40499877929688,349.9429895019531,44.69287365774751
SHALBY.NS,133.5500030517578,2026-10-01T23:11:23.693897+05:30,WAITING FOR 0.786,2025-10-06,273.0,2026-03-30,125.81999969482422,,241.5034799346924,199.4099998474121,311.26680007934567,44.70058854312471
INTELLECT.NS,610.9500122070312,2026-10-01T23:11:23.693897+05:30,WAITING FOR 0.786,2025-11-03,1244.5999755859375,2026-10-01,593.2000122070312,,1105.2003834228517,918.8999938964844,1413.963966064453,44.72043066842833
DEVIT.NS,20.75,2026-10-01T23:11:23.693897+05:30,WAITING FOR 0.786,2025-12-24,42.189998626708984,2026-10-01,20.489999771118164,,37.546198871612546,31.339999198913574,47.8319983291626,44.734751789512316
RVNL.NS,197.0,2026-10-01T23:11:23.693897+05:30,WAITING FOR 0.786,2025-12-29,400.70001220703125,2026-10-01,194.0500030517578,,356.4769102478027,297.37500762939453,454.4290145874023,44.736953688513324
JISLJALEQS.NS,27.299999237060547,2026-10-01T23:11:23.693897+05:30,WAITING FOR 0.786,2025-10-30,55.790000915527344,2026-08-17,26.110000610351562,,49.438480850219726,40.95000076293945,63.506800994873046,44.779858184216
BELLACASA.NS,241.22000122070312,2026-10-01T23:11:23.693897+05:30,WAITING FOR 0.786,2025-10-15,497.3500061035156,2026-08-14,214.67999267578125,,436.8586232299805,356.01499938964844,570.8442095947266,44.78305145101487
AURIONPRO.NS,607.7999877929688,2026-10-01T23:11:23.693897+05:30,WAITING FOR 0.786,2025-11-04,1240.0,2026-10-01,593.3499755859375,,1101.6168947753906,916.6749877929688,1408.1290063476563,44.82655534101141
CCCL.NS,13.449999809265137,2026-10-01T23:11:23.693897+05:30,WAITING FOR 0.786,2025-09-30,27.600000381469727,2026-03-30,12.760000228881836,,24.424240348815918,20.18000030517578,31.458400421142578,44.931757888153975
EUROPRATIK.NS,190.4199981689453,2026-10-01T23:11:23.693897+05:30,WAITING FOR 0.786,2025-11-17,390.0,2026-10-01,184.7100067138672,,346.06794143676757,287.3550033569336,443.37539825439455,44.97612307618553
MIDWESTLTD.NS,904.1500244140625,2026-10-01T23:11:23.693897+05:30,WAITING FOR 0.786,2026-01-08,1859.9000244140625,2026-10-01,860.0,,1645.921419189453,1359.9500122070312,2119.874030761719,45.06724234384662
TIRUMALCHM.NS,146.25999450683594,2026-10-01T23:11:23.693897+05:30,WAITING FOR 0.786,2025-09-26,300.0,2026-10-01,143.1199951171875,,266.42767895507814,221.55999755859375,340.7888012695313,45.10330342535598
BLUECHIP.NS,1.9800000190734863,2026-10-01T23:11:23.693897+05:30,WAITING FOR 0.786,2025-09-25,4.139999866485596,2026-08-06,1.649999976158142,,3.607139889955521,2.894999921321869,4.787399837970733,45.1088652096079
BIGBLOC.NS,38.779998779296875,2026-10-01T23:11:23.693897+05:30,WAITING FOR 0.786,2026-01-01,80.0,2026-10-01,36.79999923706055,,70.75519983673095,58.39999961853027,91.23200019836426,45.19130909278399
RACE.NS,113.18000030517578,2026-10-01T23:11:23.693897+05:30,WAITING FOR 0.786,2025-10-16,240.0,2026-03-30,84.11000061035156,,206.63954013061525,162.05500030517578,280.5313998413086,45.22829452986801
DECCANCE.NS,548.9500122070312,2026-10-01T23:11:23.693897+05:30,WAITING FOR 0.786,2025-09-26,1133.0999755859375,2026-08-12,525.0,,1002.9665808105469,829.0499877929688,1291.2059692382813,45.26736755641473
RHETAN.NS,16.639999389648438,2026-10-01T23:11:23.693897+05:30,WAITING FOR 0.786,2026-08-11,34.869998931884766,2026-09-28,14.420000076293945,,30.49369917678833,24.644999504089355,40.18699863433838,45.431351922318655
GENESYS.NS,281.3500061035156,2026-10-01T23:11:23.693897+05:30,WAITING FOR 0.786,2025-10-17,612.0,2026-08-18,168.5,,517.091,390.25,727.3100000000001,45.58984664140052
SAURASHCEM.NS,53.369998931884766,2026-10-01T23:11:23.693897+05:30,WAITING FOR 0.786,2025-10-03,112.25,2026-03-30,47.650001525878906,,98.42560032653809,79.95000076293945,129.04599960327147,45.77630336536049
SULA.NS,130.94000244140625,2026-10-01T23:11:23.693897+05:30,WAITING FOR 0.786,2025-09-26,271.8900146484375,2026-10-01,130.0,,241.52555151367187,200.94500732421875,308.78141845703124,45.786273286288626
IXIGO.NS,161.89999389648438,2026-10-01T23:11:23.693897+05:30,WAITING FOR 0.786,2025-10-16,339.1499938964844,2026-06-08,151.27000427246094,,298.9436761169434,245.20999908447266,387.9987911987305,45.84264300237248
CELLO.NS,323.1000061035156,2026-10-01T23:11:23.693897+05:30,WAITING FOR 0.786,2025-10-30,673.7999877929688,2026-10-01,314.0,,596.8027904052735,493.8999938964844,767.3479846191406,45.86151216147856
AGRITECH.NS,89.95999908447266,2026-10-01T23:11:23.693897+05:30,WAITING FOR 0.786,2025-12-17,187.19000244140625,2026-10-01,89.0,,166.17734191894533,138.09500122070312,212.7194030761719,45.865063163453684
GANESHCP.NS,148.85000610351562,2026-10-01T23:11:23.693897+05:30,WAITING FOR 0.786,2025-10-06,309.95001220703125,2026-10-01,146.75,,275.02520959472656,228.35000610351562,352.38201538085934,45.87768651358943
ESSENTIA.NS,1.0,2026-10-01T23:11:23.693897+05:30,WAITING FOR 0.786,2025-10-30,2.0799999237060547,2026-09-29,1.0,,1.848879940032959,1.5399999618530273,2.360799903869629,45.91319975151153
ASALCBR.NS,611.0999755859375,2026-10-01T23:11:23.693897+05:30,WAITING FOR 0.786,2025-11-03,1277.0,2026-10-01,596.0499877929688,,1131.2766973876953,936.5249938964844,1454.0470031738282,45.9813874892793
SUMIT.NS,47.7599983215332,2026-10-01T23:11:23.693897+05:30,WAITING FOR 0.786,2025-10-06,104.0,2026-03-12,31.739999771118164,,88.53635995101929,67.86999988555908,122.78760005950927,46.05606290121332
JAINREC.NS,282.5,2026-10-01T23:11:23.693897+05:30,WAITING FOR 0.786,2026-05-08,593.9500122070312,2026-09-21,271.0,,524.8387095947265,432.4750061035156,677.9170153808593,46.17393975796055
MBEL.NS,251.75,2026-10-01T23:11:23.693897+05:30,WAITING FOR 0.786,2025-11-10,535.9000244140625,2026-03-30,223.0500030517578,,468.9501198425293,379.47501373291016,617.2410299682617,46.316252124098796
KELLTONTEC.NS,12.420000076293945,2026-10-01T23:11:23.693897+05:30,WAITING FOR 0.786,2025-10-03,26.139999389648438,2026-10-01,12.199999809265137,,23.15683947944641,19.169999599456787,29.764399280548094,46.36573748625018
TRF.NS,192.3300018310547,2026-10-01T23:11:23.693897+05:30,WAITING FOR 0.786,2025-10-03,404.8999938964844,2026-10-01,191.19000244140625,,359.16605572509764,298.0449981689453,460.4645916748047,46.45095248692925
SEMAC.NS,241.99000549316406,2026-10-01T23:11:23.693897+05:30,WAITING FOR 0.786,2025-10-07,519.25,2026-03-09,205.0,,452.0005,362.125,600.9549999999999,46.462447388185616
CHEMFAB.NS,328.3500061035156,2026-10-01T23:11:23.693897+05:30,WAITING FOR 0.786,2025-09-30,703.0,2026-03-30,290.3500061035156,,614.6929013061524,496.6750030517578,810.2889984130859,46.583081502029835
TRIVENI.NS,230.9199981689453,2026-10-01T23:11:23.693897+05:30,WAITING FOR 0.786,2026-07-14,490.1000061035156,2026-07-31,220.0500030517578,,432.30930545043947,355.0750045776367,560.3130068969726,46.58454137869158
SAMBHAAV.NS,5.420000076293945,2026-10-01T23:11:23.693897+05:30,WAITING FOR 0.786,2025-11-24,11.529999732971191,2026-03-30,5.070000171661377,,10.147559826850891,8.299999952316284,13.209599618911744,46.588143664328186
CHEMPLASTS.NS,191.55999755859375,2026-10-01T23:11:23.693897+05:30,WAITING FOR 0.786,2025-11-04,412.5,2026-09-16,161.0,,358.679,286.75,477.89,46.59291523657817
ARIHANTSUP.NS,216.6300048828125,2026-10-01T23:11:23.693897+05:30,WAITING FOR 0.786,2025-10-07,465.0,2026-03-30,188.8000030517578,,405.8932006530762,326.9000015258789,536.811999206543,46.628816512753104
GTPL.NS,55.38999938964844,2026-10-01T23:11:23.693897+05:30,WAITING FOR 0.786,2025-10-14,118.25,2026-08-17,50.849998474121094,,103.8263996734619,84.54999923706055,135.77400039672852,46.65133379963848
BAJAJINDEF.NS,208.52000427246094,2026-10-01T23:11:23.693897+05:30,WAITING FOR 0.786,2025-10-08,442.6000061035156,2026-10-01,201.5,,391.0046047973633,322.0500030517578,505.2860076904297,46.67070369144996
BALAJEE.NS,25.200000762939453,2026-10-01T23:11:23.693897+05:30,WAITING FOR 0.786,2025-10-10,54.47999954223633,2026-03-30,21.100000381469727,,47.336679721832276,37.78999996185303,63.15879932403565,46.76432544271395
ACL.NS,39.33000183105469,2026-10-01T23:11:23.693897+05:30,WAITING FOR 0.786,2025-11-12,83.83999633789062,2026-09-29,38.400001525878906,,74.11583744812012,61.119998931884766,95.65439498901367,46.934416198717244
SOMATEX.NS,75.76000213623047,2026-10-01T23:11:23.693897+05:30,WAITING FOR 0.786,2025-11-06,161.25,2026-10-01,75.30000305175781,,142.8567006530762,118.2750015258789,183.596999206543,46.967834347363464
NETWORK18.NS,25.43000030517578,2026-10-01T23:11:23.693897+05:30,WAITING FOR 0.786,2025-09-29,54.209999084472656,2026-10-01,25.020000457763672,,47.963339378356935,39.614999771118164,61.79939872741699,46.9803382442323
SADBHAV.NS,6.800000190734863,2026-10-01T23:11:23.693897+05:30,WAITING FOR 0.786,2025-12-23,14.699999809265137,2026-02-06,6.050000190734863,,12.84889989089966,10.375,16.948999710083008,47.077179770456304
EPACK.NS,171.58999633789062,2026-10-01T23:11:23.693897+05:30,WAITING FOR 0.786,2025-09-29,368.29998779296875,2026-10-01,168.61000061035156,,325.5663305358887,268.45499420166016,420.2193844604492,47.29491957738687
SVPGLOB.NS,3.0999999046325684,2026-10-01T23:11:23.693897+05:30,WAITING FOR 0.786,2025-11-28,6.889999866485596,2026-03-30,2.180000066757202,,5.88205990934372,4.534999966621399,8.114599814414978,47.297376218351964
RTNINDIA.NS,25.31999969482422,2026-10-01T23:11:23.693897+05:30,WAITING FOR 0.786,2025-10-06,54.5,2026-03-09,24.399999618530273,,48.05859991836548,39.44999980926514,62.32600009918213,47.31432097931709
GUJRAFFIA.NS,40.27000045776367,2026-10-01T23:11:23.693897+05:30,WAITING FOR 0.786,2025-10-27,88.0,2026-03-17,35.099998474121094,,76.67939967346192,61.54999923706055,101.75400039672851,47.4826346720855
HARDWYN.NS,9.1899995803833,2026-10-01T23:11:23.693897+05:30,WAITING FOR 0.786,2026-06-01,20.200000762939453,2026-09-09,7.610000133514404,,17.505740628242492,13.905000448226929,23.473400926589967,47.5029376046117
KRITI.NS,60.77000045776367,2026-10-01T23:11:23.693897+05:30,WAITING FOR 0.786,2025-10-01,132.89999389648438,2026-03-24,53.0,,115.80139520263671,92.94999694824219,153.6739923095703,47.52222082348453
TREJHARA.NS,131.66000366210938,2026-10-01T23:11:23.693897+05:30,WAITING FOR 0.786,2025-12-02,284.8500061035156,2026-10-01,127.02999877929688,,251.0765245361328,205.94000244140625,325.8832080078125,47.56180255985581
JARO.NS,408.3999938964844,2026-10-01T23:11:23.693897+05:30,WAITING FOR 0.786,2025-09-30,890.0,2026-03-30,383.5,,781.609,636.75,1021.69,47.74881124750555
NECLIFE.NS,10.229999542236328,2026-10-01T23:11:23.693897+05:30,WAITING FOR 0.786,2025-12-23,22.399999618530273,2026-03-30,9.300000190734863,,19.596599740982057,15.849999904632568,25.80599946975708,47.7970684840672
TCC.NS,47.470001220703125,2026-10-01T23:11:23.693897+05:30,WAITING FOR 0.786,2026-02-25,105.27999877929688,2026-09-08,39.369998931884766,,91.17525881195068,72.32499885559082,122.41659873962402,47.935435731956424
ANNAPURNA.NS,128.60000610351562,2026-10-01T23:11:23.693897+05:30,WAITING FOR 0.786,2025-10-20,281.5,2026-07-29,120.75,,247.0995,201.125,323.29499999999996,47.95618521951051
PGHH.NS,6639.0,2026-10-01T23:11:23.693897+05:30,WAITING FOR 0.786,2025-10-07,14509.0,2026-10-01,6579.0,,12811.98,10544.0,16570.8,48.18131155371769
SHANTI.NS,5.5,2026-10-01T23:11:23.693897+05:30,WAITING FOR 0.786,2025-10-07,12.260000228881836,2026-03-25,4.699999809265137,,10.642160139083863,8.480000019073486,14.225600337982177,48.318763031943334
INDOWIND.NS,8.4399995803833,2026-10-01T23:11:23.693897+05:30,WAITING FOR 0.786,2025-12-01,18.940000534057617,2026-03-30,7.0,,16.38484041976929,12.970000267028809,22.044400672912598,48.488972952095786
KAMOPAINTS.NS,4.099999904632568,2026-10-01T23:11:23.693897+05:30,WAITING FOR 0.786,2025-09-29,9.149999618530273,2026-03-30,3.5999999046325684,,7.962299679756165,6.374999761581421,10.592999544143677,48.50733997042767
LATENTVIEW.NS,234.47999572753906,2026-10-01T23:11:23.693897+05:30,WAITING FOR 0.786,2025-12-08,517.5,2026-10-01,230.0,,455.975,373.75,592.25,48.57612901419178
STANLEY.NS,136.22000122070312,2026-10-01T23:11:23.693897+05:30,WAITING FOR 0.786,2025-10-09,304.0,2026-03-30,123.0,,265.266,213.5,351.06,48.647771964479766
PAKKA.NS,72.26000213623047,2026-10-01T23:11:23.693897+05:30,WAITING FOR 0.786,2025-10-03,160.3000030517578,2026-07-17,69.0999984741211,,140.78320207214355,114.70000076293945,184.01200424194337,48.67285224894854
PNCINFRA.NS,138.16000366210938,2026-10-01T23:11:23.693897+05:30,WAITING FOR 0.786,2025-09-29,311.0,2026-09-16,116.4000015258789,,269.3556003265381,213.70000076293945,361.5959996032715,48.70720954210015
VIRINCHI.NS,13.289999961853027,2026-10-01T23:11:23.693897+05:30,WAITING FOR 0.786,2025-10-16,29.469999313354492,2026-10-01,13.0,,25.945419460296634,21.234999656677246,33.75219913482666,48.7770857503759
FIRSTCRY.NS,174.75,2026-10-01T23:11:23.693897+05:30,WAITING FOR 0.786,2025-10-07,389.6499938964844,2026-09-18,163.3699951171875,,341.22607415771483,276.50999450683594,448.48279357910155,48.78761817034226
LASA.NS,5.599999904632568,2026-10-01T23:11:23.693897+05:30,WAITING FOR 0.786,2026-01-05,12.479999542236328,2026-09-28,5.599999904632568,,11.007679619789123,9.039999723434448,14.268799448013306,49.126427203012575
ODIGMA.NS,21.110000610351562,2026-10-01T23:11:23.693897+05:30,WAITING FOR 0.786,2025-10-01,47.36000061035156,2026-06-04,20.0,,41.504960479736326,33.68000030517578,54.47360076904297,49.1386080932231
TARACHAND.NS,46.349998474121094,2026-10-01T23:11:23.693897+05:30,WAITING FOR 0.786,2025-10-14,103.66999816894531,2026-09-23,45.15999984741211,,91.14885852813721,74.41499900817871,118.88259773254394,49.14911802234685
ORIENTALTL.NS,4.809999942779541,2026-10-01T23:11:23.693897+05:30,WAITING FOR 0.786,2025-10-30,10.84000015258789,2026-03-30,4.400000095367432,,9.461840140342712,7.620000123977661,12.51440016746521,49.164223116907145
KAYNES.NS,3399.0,2026-10-01T23:11:23.693897+05:30,WAITING FOR 0.786,2025-10-07,7705.0,2026-05-20,2995.0,,6697.0599999999995,5350.0,8929.6,49.246385727468464
AVANTIFEED.NS,711.5499877929688,2026-10-01T23:11:23.693897+05:30,WAITING FOR 0.786,2026-04-21,1593.800048828125,2026-10-01,700.0,,1402.5268383789062,1146.9000244140625,1826.1880615234375,49.26656885828971
VASCONEQ.NS,32.58000183105469,2026-10-01T23:11:23.693897+05:30,WAITING FOR 0.786,2025-10-10,74.58999633789062,2026-03-30,26.75,,64.35223712158204,50.66999816894531,87.02839538574219,49.37238658929509
ALPINETEX.NS,46.630001068115234,2026-10-01T23:11:23.693897+05:30,WAITING FOR 0.786,2026-07-21,105.0,2026-10-01,45.5,,92.267,75.25,120.47,49.461886624562155
NEWGEN.NS,456.3500061035156,2026-10-01T23:11:23.693897+05:30,WAITING FOR 0.786,2025-10-29,1041.949951171875,2026-03-30,401.04998779296875,,904.797359008789,721.4999694824219,1208.5839416503907,49.56329154149501
GRMOVER.NS,77.87000274658203,2026-10-01T23:11:23.693897+05:30,WAITING FOR 0.786,2026-05-18,175.60000610351562,2026-10-01,77.0,,154.4996047973633,126.30000305175781,201.2360076904297,49.598574799777765
OSWALGREEN.NS,19.280000686645508,2026-10-01T23:11:23.693897+05:30,WAITING FOR 0.786,2025-09-30,43.790000915527344,2026-09-16,18.549999237060547,,38.388640556335446,31.170000076293945,50.35240135192871,49.776807911829934
TECILCHEM.NS,9.25,2026-10-01T23:11:23.693897+05:30,WAITING FOR 0.786,2025-12-30,21.3799991607666,2026-08-26,8.0,,18.51667934036255,14.6899995803833,24.85879894256592,50.04503869202453
HINDWAREAP.NS,170.52999877929688,2026-10-01T23:11:23.693897+05:30,WAITING FOR 0.786,2025-11-11,390.0,2026-09-29,165.0,,341.85,277.5,448.5,50.1155481119506
TURTLEMINT.NS,69.79000091552734,2026-10-01T23:11:23.693897+05:30,WAITING FOR 0.786,2026-08-28,160.0,2026-10-01,69.25,,140.5795,114.625,183.595,50.355492148195616
VIKRAMSOLR.NS,154.35000610351562,2026-10-01T23:11:23.693897+05:30,WAITING FOR 0.786,2025-10-17,354.3999938964844,2026-10-01,151.60000610351562,,311.0007965087891,253.0,407.12799072265625,50.36990006578533
UGROCAP.NS,82.3499984741211,2026-10-01T23:11:23.693897+05:30,WAITING FOR 0.786,2025-11-18,189.9199981689453,2026-09-29,79.19999694824219,,166.22591790771486,134.55999755859375,218.70719848632814,50.45899008370037
MAHAPEXLTD.NS,50.18000030517578,2026-10-01T23:11:23.693897+05:30,WAITING FOR 0.786,2026-03-09,117.88999938964844,2026-07-24,42.0,,101.64953952026367,79.94499969482422,137.62139923095702,50.63430632150333
INOXWIND.NS,68.75,2026-10-01T23:11:23.693897+05:30,WAITING FOR 0.786,2025-10-29,159.3000030517578,2026-10-01,67.0999984741211,,139.56920207214355,113.20000076293945,183.27200424194336,50.74128175894922
NIITMTS.NS,191.0800018310547,2026-10-01T23:11:23.693897+05:30,WAITING FOR 0.786,2025-12-26,443.8999938964844,2026-10-01,185.0,,388.4953952026367,314.4499969482422,511.2139923095703,50.81537537108037
HGINFRA.NS,419.8999938964844,2026-10-01T23:11:23.693897+05:30,WAITING FOR 0.786,2025-10-03,976.4500122070312,2026-10-01,409.0,,855.0157095947266,692.7250061035156,1123.9870153808592,50.88979194364569
SPENCERS.NS,26.239999771118164,2026-10-01T23:11:23.693897+05:30,WAITING FOR 0.786,2025-10-06,61.400001525878906,2026-03-30,24.3799991607666,,53.47772101974488,42.890000343322754,71.0252021408081,50.93283844046026
MITTAL.NS,0.699999988079071,2026-10-01T23:11:23.693897+05:30,WAITING FOR 0.786,2025-09-26,1.6299999952316284,2026-10-01,0.6800000071525574,,1.4266999977827073,1.155000001192093,1.876999992132187,50.93572656010586
TOLINS.NS,84.58999633789062,2026-10-01T23:11:23.693897+05:30,WAITING FOR 0.786,2025-11-04,197.69000244140625,2026-03-30,83.04000091552734,,173.15490211486815,140.3650016784668,227.49900283813477,51.14779003959414
ZAGGLE.NS,171.72999572753906,2026-10-01T23:11:23.693897+05:30,WAITING FOR 0.786,2025-11-17,405.3999938964844,2026-08-18,154.36000061035156,,351.677435333252,279.87999725341797,470.6703921508789,51.16832117340525
NEXTMEDIA.NS,3.5799999237060547,2026-10-01T23:11:23.693897+05:30,WAITING FOR 0.786,2025-10-30,8.479999542236328,2026-08-26,3.1600000858306885,,7.341519658565521,5.819999814033508,9.863199400901795,51.23625502345164
MEDICO.NS,21.860000610351562,2026-10-01T23:11:23.693897+05:30,WAITING FOR 0.786,2026-08-03,51.4900016784668,2026-09-29,20.469999313354492,,44.851721172332766,35.980000495910645,59.55520229339599,51.261623770558614
MAPMYINDIA.NS,845.75,2026-10-01T23:11:23.693897+05:30,WAITING FOR 0.786,2025-10-14,1998.0,2026-03-30,795.0,,1740.558,1396.5,2310.7799999999997,51.409260708347546
DISHTV.NS,2.1500000953674316,2026-10-01T23:11:23.693897+05:30,WAITING FOR 0.786,2025-09-26,5.170000076293945,2026-03-30,1.8200000524520874,,4.453100071191788,3.4950000643730164,6.041000082492828,51.71902582481096
DAVANGERE.NS,2.259999990463257,2026-10-01T23:11:23.693897+05:30,WAITING FOR 0.786,2026-01-22,5.5,2026-09-09,1.7400000095367432,,4.695360002040863,3.6200000047683716,6.477599997520447,51.867375675540615
GOCOLORS.NS,294.95001220703125,2026-10-01T23:11:23.693897+05:30,WAITING FOR 0.786,2025-10-06,715.4500122070312,2026-03-17,237.0500030517578,,613.0724102478027,476.25000762939453,839.8340145874023,51.8898571723668
RSSOFTWARE.NS,30.040000915527344,2026-10-01T23:11:23.693897+05:30,WAITING FOR 0.786,2025-11-03,73.48999786376953,2026-03-30,21.93000030517578,,62.45615838623047,47.709999084472656,86.89559722900391,51.90225961424137
CAMLINFINE.NS,91.01000213623047,2026-10-01T23:11:23.693897+05:30,WAITING FOR 0.786,2025-09-26,217.5800018310547,2026-10-01,89.12000274658203,,190.08956202697755,153.35000228881836,250.97960159301758,52.12256729629673
KEC.NS,372.3500061035156,2026-10-01T23:11:23.693897+05:30,WAITING FOR 0.786,2025-10-14,893.0,2026-10-01,367.5,,780.543,630.25,1029.63,52.29602903318386
SRGHFL.NS,135.77000427246094,2026-10-01T23:11:23.693897+05:30,WAITING FOR 0.786,2026-07-24,335.0,2026-09-17,118.5999984741211,,288.6903996734619,226.79999923706055,391.26400039672853,52.970377807495304
SEPC.NS,5.079999923706055,2026-10-01T23:11:23.693897+05:30,WAITING FOR 0.786,2025-09-26,12.479999542236328,2026-03-23,4.650000095367432,,10.804379660606385,8.56499981880188,14.51579939842224,52.982030590537896
OSWALAGRO.NS,33.11000061035156,2026-10-01T23:11:23.693897+05:30,WAITING FOR 0.786,2025-11-03,81.0,2026-09-16,32.36000061035156,,70.59104013061523,56.68000030517578,93.6463998413086,53.09602953988518
GAYAHWS.NS,1.7200000286102295,2026-10-01T23:11:23.693897+05:30,WAITING FOR 0.786,2025-11-13,4.199999809265137,2026-10-01,1.7100000381469727,,3.6671398582458496,2.9549999237060547,4.847399749755859,53.096961253259124
SHYAMTEL.NS,10.319999694824219,2026-10-01T23:11:23.693897+05:30,WAITING FOR 0.786,2026-05-06,25.420000076293945,2026-10-01,10.239999771118164,,22.17148001098633,17.829999923706055,29.36680015563965,53.45371761510512
WEL.NS,71.69999694824219,2026-10-01T23:11:23.693897+05:30,WAITING FOR 0.786,2026-08-27,179.1999969482422,2026-09-18,68.01000213623047,,155.40533805847167,123.60499954223633,208.10939559936523,53.86259066515149
FINOPB.NS,128.22000122070312,2026-10-01T23:11:23.693897+05:30,WAITING FOR 0.786,2025-12-08,324.0,2026-03-25,110.02999877929688,,278.21041973876953,217.01499938964844,379.6322003173828,53.91258122499599
ABCOTS.NS,189.91000366210938,2026-10-01T23:11:23.693897+05:30,WAITING FOR 0.786,2025-10-07,474.8999938964844,2026-10-01,181.72999572753906,,412.1616142883301,328.3149948120117,551.1241934204102,53.92341327320776
ESSARSHPNG.NS,17.18000030517578,2026-10-01T23:11:23.693897+05:30,WAITING FOR 0.786,2025-10-30,43.2599983215332,2026-09-22,15.430000305175781,,37.30437874603271,29.344999313354492,50.49579780578613,53.946424300115545
AGARIND.NS,386.0,2026-10-01T23:11:23.693897+05:30,WAITING FOR 0.786,2025-09-26,971.0,2026-04-30,360.0,,840.2460000000001,665.5,1129.8600000000001,54.06107259064608
MANGALAM.NS,29.149999618530273,2026-10-01T23:11:23.693897+05:30,WAITING FOR 0.786,2025-09-26,75.25,2025-12-29,22.799999237060547,,64.02569983673095,49.02499961853027,88.88700019836426,54.47140805510229
RPPINFRA.NS,52.599998474121094,2026-10-01T23:11:23.693897+05:30,WAITING FOR 0.786,2025-09-26,134.0,2026-09-30,50.20000076293945,,116.06680016326905,92.10000038146973,155.78799980163575,54.68127112996169
RAMKY.NS,274.6000061035156,2026-10-01T23:11:23.693897+05:30,WAITING FOR 0.786,2025-10-07,705.0,2026-10-01,264.5,,610.733,484.75,819.53,55.03763410467166
DIGITIDE.NS,72.33999633789062,2026-10-01T23:11:23.693897+05:30,WAITING FOR 0.786,2025-10-06,185.9199981689453,2026-03-23,69.9000015258789,,161.0917188873291,127.90999984741211,216.08519729614258,55.09390747237186
DREAMFOLKS.NS,61.5,2026-10-01T23:11:23.693897+05:30,WAITING FOR 0.786,2025-10-14,160.0,2026-03-30,56.0,,137.744,108.0,187.04,55.35195725403648
TRU.NS,4.21999979019165,2026-10-01T23:11:23.693897+05:30,WAITING FOR 0.786,2025-11-06,10.989999771118164,2026-09-01,3.9000000953674316,,9.472739840507508,7.444999933242798,12.833399686813355,55.45111698153043
SALASAR.NS,4.130000114440918,2026-10-01T23:11:23.693897+05:30,WAITING FOR 0.786,2025-11-27,10.789999961853027,2026-09-30,3.799999952316284,,9.294139959812163,7.294999957084656,12.607399964332581,55.5633965886136
RMC.NS,202.57000732421875,2026-10-01T23:11:23.693897+05:30,WAITING FOR 0.786,2026-04-23,530.0,2026-09-16,194.10000610351562,,458.1174013061524,362.0500030517578,617.333998413086,55.78207534866275
KPITTECH.NS,492.0,2026-10-01T23:11:23.693897+05:30,WAITING FOR 0.786,2025-12-04,1284.9000244140625,2026-10-01,484.5,,1113.6144191894532,884.7000122070312,1493.0040307617187,55.819537577638116
ALOKINDS.NS,7.059999942779541,2026-10-01T23:11:23.693897+05:30,WAITING FOR 0.786,2025-10-16,18.450000762939453,2026-10-01,6.920000076293945,,15.982580615997314,12.6850004196167,21.447800941467285,55.826908605028194
RPOWER.NS,19.40999984741211,2026-10-01T23:11:23.693897+05:30,WAITING FOR 0.786,2025-10-10,50.72999954223633,2026-10-01,19.09000015258789,,43.95903967285156,34.90999984741211,58.95639938354492,55.845259605615475
GSS.NS,10.329999923706055,2026-10-01T23:11:23.693897+05:30,WAITING FOR 0.786,2025-10-08,27.5,2026-03-30,8.680000305175781,,23.47252006530762,18.09000015258789,32.3931999206543,55.991091306068185
TMPV.NS,279.3999938964844,2026-10-01T23:11:23.693897+05:30,WAITING FOR 0.786,2025-10-03,739.7000122070312,2026-09-29,272.20001220703125,,639.6550122070313,505.95001220703125,861.2500122070312,56.32020564765722
KHAICHEM.NS,49.220001220703125,2026-10-01T23:11:23.693897+05:30,WAITING FOR 0.786,2025-10-28,132.89999389648438,2026-03-30,42.91999816894531,,113.64427481079102,87.90999603271484,156.29479278564452,56.68941413665524
AWFIS.NS,235.25999450683594,2026-10-01T23:11:23.693897+05:30,WAITING FOR 0.786,2025-11-11,639.4000244140625,2026-03-30,229.0500030517578,,551.5851198425294,434.22501373291016,746.0910299682618,57.34837905453293
PAVNAIND.NS,15.359999656677246,2026-10-01T23:11:23.693897+05:30,WAITING FOR 0.786,2025-10-13,42.29999923706055,2026-03-30,14.109999656677246,,36.26733932685852,28.204999446868896,49.629399127960205,57.64784530167593
GANGAFORGE.NS,1.4800000190734863,2026-10-01T23:11:23.693897+05:30,WAITING FOR 0.786,2025-12-29,4.099999904632568,2026-09-29,1.350000023841858,,3.5114999301433563,2.724999964237213,4.814999873638153,57.852768090100305
ADVENTHTL.NS,123.7699966430664,2026-10-01T23:11:23.693897+05:30,WAITING FOR 0.786,2025-11-14,345.04998779296875,2026-06-11,120.0199966430664,,296.8935696868897,232.53499221801758,403.5577854919434,58.31166138977113
ELIN.NS,79.7300033569336,2026-10-01T23:11:23.693897+05:30,WAITING FOR 0.786,2025-11-10,222.99000549316406,2026-10-01,78.30999755859375,,192.02848379516604,150.6500015258789,260.6068075561524,58.48011618839817
ATALREAL.NS,12.779999732971191,2026-10-01T23:11:23.693897+05:30,WAITING FOR 0.786,2026-08-14,36.70000076293945,2026-09-30,11.699999809265137,,31.35000055885315,24.200000286102295,43.20000101089478,59.234451339229224
TERASOFT.NS,207.91000366210938,2026-10-01T23:11:23.693897+05:30,WAITING FOR 0.786,2025-11-17,598.0,2026-10-01,194.11000061035156,,511.56754013061527,396.0550003051758,703.0113998413086,59.35824942899524
DHRUV.NS,19.739999771118164,2026-10-01T23:11:23.693897+05:30,WAITING FOR 0.786,2025-12-18,56.9900016784668,2026-10-01,19.459999084472656,,48.95858112335205,38.22500038146973,66.74780235290527,59.680204535783275
SOLEX.NS,670.9500122070312,2026-10-01T23:11:23.693897+05:30,WAITING FOR 0.786,2025-11-21,1985.0,2026-09-10,651.2000122070312,,1699.5668026123046,1318.1000061035156,2331.787996826172,60.522292435004424
OSWALPUMPS.NS,264.25,2026-10-01T23:11:23.693897+05:30,WAITING FOR 0.786,2025-10-10,790.0,2026-10-01,259.20001220703125,,676.4088026123047,524.6000061035156,928.0079968261718,60.93338836226538
BHARATRAS.NS,998.5999755859375,2026-10-01T23:11:23.693897+05:30,WAITING FOR 0.786,2025-10-24,2987.5,2026-10-01,977.4000244140625,,2557.3386052246096,1982.4500122070312,3510.125993652344,60.95159344383217
KALAMANDIR.NS,74.37000274658203,2026-10-01T23:11:23.693897+05:30,WAITING FOR 0.786,2025-10-28,223.02999877929688,2026-10-01,73.0999984741211,,190.94497871398926,148.06499862670898,262.0117988586426,61.051605940380014
BCONCEPTS.NS,140.41000366210938,2026-10-01T23:11:23.693897+05:30,WAITING FOR 0.786,2025-09-26,425.0,2026-09-30,136.5,,363.26099999999997,280.75,500.01,61.34734979474554
SOLARWORLD.NS,125.55000305175781,2026-10-01T23:11:23.693897+05:30,WAITING FOR 0.786,2025-09-30,388.5,2026-10-01,123.3499984741211,,331.7578996734619,255.92499923706055,457.43900039672855,62.156137600541705
SUPREME.NS,31.079999923706055,2026-10-01T23:11:23.693897+05:30,WAITING FOR 0.786,2025-10-13,97.83999633789062,2026-09-29,29.059999465942383,,83.1210770072937,63.449997901916504,115.72279552459717,62.60876176931773
HEG.NS,237.64999389648438,2026-10-01T23:11:23.693897+05:30,WAITING FOR 0.786,2026-09-01,753.9000244140625,2026-09-16,214.10000610351562,,638.3828204956055,484.00001525878906,894.2480291748047,62.77312197844142
TARAPUR.NS,12.199999809265137,2026-10-01T23:11:23.693897+05:30,WAITING FOR 0.786,2025-11-24,39.279998779296875,2026-09-29,10.800000190734863,,33.1852790813446,25.03999948501587,46.684798412323,63.23671173787574
CURAA.NS,72.25,2026-10-01T23:11:23.693897+05:30,WAITING FOR 0.786,2025-09-26,235.1999969482422,2026-09-04,60.0,,197.70719760131837,147.5999984741211,280.75199615478516,63.456059831623335
ORCHASP.NS,1.2799999713897705,2026-10-01T23:11:23.693897+05:30,WAITING FOR 0.786,2025-10-16,4.159999847412109,2026-10-01,1.2200000286102295,,3.5308398861885073,2.6899999380111694,4.924399800300598,63.74800294975957
PRAXIS.NS,4.389999866485596,2026-10-01T23:11:23.693897+05:30,WAITING FOR 0.786,2025-10-10,14.4399995803833,2026-09-18,3.9100000858306885,,12.186579688549042,9.174999833106995,17.17779944896698,63.97676806224308
MCLOUD.NS,24.25,2026-10-01T23:11:23.693897+05:30,WAITING FOR 0.786,2025-09-26,80.38999938964844,2026-03-30,19.399999618530273,,67.33813943862916,49.894999504089355,96.24739933013916,63.98771899229405
FILATFASH.NS,0.18000000715255737,2026-10-01T23:11:23.693897+05:30,WAITING FOR 0.786,2025-09-26,0.6000000238418579,2026-03-30,0.14000000059604645,,0.5015600188672542,0.3700000122189522,0.7196000298857689,64.11197057551009
TAKE.NS,12.649999618530273,2026-10-01T23:11:23.693897+05:30,WAITING FOR 0.786,2026-05-04,42.689998626708984,2026-09-04,12.520000457763672,,36.23361901855469,27.604999542236328,50.534198150634765,65.08767282657469
SPCENET.NS,3.240000009536743,2026-10-01T23:11:23.693897+05:30,WAITING FOR 0.786,2025-10-28,11.239999771118164,2026-03-30,3.0,,9.476639820098878,7.119999885559082,13.382399711608887,65.81066632220136
SKFINDIA.NS,1450.199951171875,2026-10-01T23:11:23.693897+05:30,WAITING FOR 0.786,2025-10-14,5074.0,2026-03-30,1404.0,,4288.62,3239.0,6028.2,66.18492775830279
ALLCARGO.NS,10.119999885559082,2026-10-01T23:11:23.693897+05:30,WAITING FOR 0.786,2025-11-10,36.13999938964844,2026-03-30,7.110000133514404,,29.927579548835755,21.62499976158142,43.68779919624328,66.1850372194474
RKEC.NS,21.940000534057617,2026-10-01T23:11:23.693897+05:30,WAITING FOR 0.786,2025-09-26,77.9000015258789,2026-09-22,17.399999618530273,,64.9530011177063,47.65000057220459,93.63000202178955,66.22172931732828
VPRPL.NS,28.389999389648438,2026-10-01T23:11:23.693897+05:30,WAITING FOR 0.786,2025-10-10,100.41999816894531,2026-06-12,23.940000534057617,,84.05327867507935,62.179999351501465,120.30479755401612,66.22380490427474
WAAREEINDO.NS,203.38999938964844,2026-10-01T23:11:23.693897+05:30,WAITING FOR 0.786,2025-10-13,725.0,2026-10-01,199.4600067138672,,612.5344414367676,462.2300033569336,861.6403982543945,66.79533661608079
FISCHER.NS,33.459999084472656,2026-10-01T23:11:23.693897+05:30,WAITING FOR 0.786,2025-10-29,121.69999694824219,2026-06-09,31.049999237060547,,102.30089743804932,76.37499809265137,145.26899635314942,67.2925654393842
LEXUS.NS,10.5600004196167,2026-10-01T23:11:23.693897+05:30,WAITING FOR 0.786,2026-03-05,39.25,2026-10-01,9.579999923706055,,32.900619983673096,24.414999961853027,46.964200019836426,67.90333913203736
SUMEETINDS.NS,10.380000114440918,2026-10-01T23:11:23.693897+05:30,WAITING FOR 0.786,2025-10-23,40.5,2026-09-17,9.260000228881836,,33.81464004898071,24.880000114440918,48.62239994049072,69.30323641060374
GRADIENTE.NS,2.359999895095825,2026-10-01T23:11:23.693897+05:30,WAITING FOR 0.786,2026-05-08,9.399999618530273,2026-09-28,1.9500000476837158,,7.80569971036911,5.674999833106995,11.336999506950379,69.76568427349574
INDIAGLYCO.NS,298.79998779296875,2026-10-01T23:11:23.693897+05:30,WAITING FOR 0.786,2026-08-25,1219.0,2026-09-17,245.0,,1010.5640000000001,732.0,1472.24,70.43235383479238
DUCON.NS,1.2999999523162842,2026-10-01T23:11:23.693897+05:30,WAITING FOR 0.786,2025-10-29,5.5,2026-09-18,1.149999976158142,,4.569099994897842,3.324999988079071,6.631000006198883,71.54800827804273
AASTHA.NS,32.45000076293945,2026-10-01T23:11:23.693897+05:30,WAITING FOR 0.786,2026-07-06,136.5,2026-10-01,32.45000076293945,,114.23330016326905,84.47500038146973,163.55299980163574,71.5932213141352
RAJTV.NS,10.800000190734863,2026-10-01T23:11:23.693897+05:30,WAITING FOR 0.786,2025-12-17,46.900001525878906,2026-09-11,7.699999809265137,,38.51120115852356,27.30000066757202,57.09200197219849,71.95621048982905
GSLSU.NS,29.959999084472656,2026-10-01T23:11:23.693897+05:30,WAITING FOR 0.786,2025-11-19,139.6699981689453,2026-07-22,23.059999465942383,,114.7154584465027,81.36499881744385,169.98859783172608,73.88320677073837
DCMSRIND.NS,37.689998626708984,2026-10-01T23:11:23.693897+05:30,WAITING FOR 0.786,2025-12-10,175.75,2026-03-24,31.899999618530273,,144.9660999183655,103.82499980926514,213.15100009918214,74.0008190549837
LEMERITE.NS,19.280000686645508,2026-10-01T23:11:23.693897+05:30,WAITING FOR 0.786,2025-12-12,107.56999969482422,2026-09-21,17.729999542236328,,88.34423966217041,62.64999961853027,130.92839973449708,78.17627865679472
RNBDENIMS.NS,9.029999732971191,2026-10-01T23:11:23.693897+05:30,WAITING FOR 0.786,2026-02-25,67.66666412353516,2026-08-21,7.71999979019165,,54.83807795619965,37.6933319568634,83.25279685020446,83.53334020899922
GICL.NS,22.270000457763672,2026-10-01T23:11:23.693897+05:30,WAITING FOR 0.786,2025-09-29,169.0,2026-07-09,15.609999656677246,,136.17453992652895,92.30499982833862,208.8814000892639,83.64598810484021
SILVERTUC.NS,138.67999267578125,2026-10-01T23:11:23.693897+05:30,WAITING FOR 0.786,2025-12-31,1117.449951171875,2026-03-17,100.5,,899.8226616210937,608.9749755859375,1381.8569384765626,84.5880751184973
INDOTHAI.NS,35.189998626708984,2026-10-01T23:11:23.693897+05:30,WAITING FOR 0.786,2025-12-03,439.8999938964844,2026-09-29,29.0,,351.96739520263674,234.4499969482422,546.7339923095703,90.00191520397814
AQYLON.NS,15.460000038146973,2026-10-01T23:11:23.693897+05:30,WAITING FOR 0.786,2025-12-15,1714.9000244140625,2026-10-01,15.449999809265137,,1351.217719148636,865.1750121116638,2156.75703081131,98.85584685435535
20MICRONS.NS,207.25999450683594,2026-10-01T23:11:23.693897+05:30,NO CURRENT SETUP,,,,,,,,,
360ONE.NS,1040.0,2026-10-01T23:11:23.693897+05:30,NO CURRENT SETUP,,,,,,,,,
3MINDIA.NS,30795.0,2026-10-01T23:11:23.693897+05:30,NO CURRENT SETUP,,,,,,,,,
AAREYDRUGS.NS,103.8499984741211,2026-10-01T23:11:23.693897+05:30,NO CURRENT SETUP,,,,,,,,,
AARNAV.NS,35.5,2026-10-01T23:11:23.693897+05:30,NO CURRENT SETUP,,,,,,,,,
AARTIPHARM.NS,968.5,2026-10-01T23:11:23.693897+05:30,NO CURRENT SETUP,,,,,,,,,
ABB.NS,6900.0,2026-10-01T23:11:23.693897+05:30,NO CURRENT SETUP,,,,,,,,,
ACE.NS,1212.300048828125,2026-10-01T23:11:23.693897+05:30,NO CURRENT SETUP,,,,,,,,,
ACMESOLAR.NS,432.54998779296875,2026-10-01T23:11:23.693897+05:30,NO CURRENT SETUP,,,,,,,,,
ADROITINFO.NS,13.9399995803833,2026-10-01T23:11:23.693897+05:30,NO CURRENT SETUP,,,,,,,,,
ADVANCE.NS,116.75,2026-10-01T23:11:23.693897+05:30,NO CURRENT SETUP,,,,,,,,,
AEGISLOG.NS,1401.0999755859375,2026-10-01T23:11:23.693897+05:30,NO CURRENT SETUP,,,,,,,,,
AEGISVOPAK.NS,290.75,2026-10-01T23:11:23.693897+05:30,NO CURRENT SETUP,,,,,,,,,
AEQUS.NS,275.04998779296875,2026-10-01T23:11:23.693897+05:30,NO CURRENT SETUP,,,,,,,,,
AETHER.NS,1670.0,2026-10-01T23:11:23.693897+05:30,NO CURRENT SETUP,,,,,,,,,
AGARWALEYE.NS,486.45001220703125,2026-10-01T23:11:23.693897+05:30,NO CURRENT SETUP,,,,,,,,,
AHCL.NS,32.86000061035156,2026-10-01T23:11:23.693897+05:30,NO CURRENT SETUP,,,,,,,,,
AJANTPHARM.NS,3581.0,2026-10-01T23:11:23.693897+05:30,NO CURRENT SETUP,,,,,,,,,
AJAXENGG.NS,586.4000244140625,2026-10-01T23:11:23.693897+05:30,NO CURRENT SETUP,,,,,,,,,
AKUMS.NS,813.0999755859375,2026-10-01T23:11:23.693897+05:30,NO CURRENT SETUP,,,,,,,,,
ALMONDZ.NS,19.110000610351562,2026-10-01T23:11:23.693897+05:30,NO CURRENT SETUP,,,,,,,,,
AMNPLST.NS,165.42999267578125,2026-10-01T23:11:23.693897+05:30,NO CURRENT SETUP,,,,,,,,,
ANANDRATHI.NS,2117.5,2026-10-01T23:11:23.693897+05:30,NO CURRENT SETUP,,,,,,,,,
ANDHRSUGAR.NS,91.05999755859375,2026-10-01T23:11:23.693897+05:30,NO CURRENT SETUP,,,,,,,,,
ANMOL.NS,13.5,2026-10-01T23:11:23.693897+05:30,NO CURRENT SETUP,,,,,,,,,
ANTELOPUS.NS,1106.5,2026-10-01T23:11:23.693897+05:30,NO CURRENT SETUP,,,,,,,,,
APARINDS.NS,17648.0,2026-10-01T23:11:23.693897+05:30,NO CURRENT SETUP,,,,,,,,,
APOLLOHOSP.NS,8133.5,2026-10-01T23:11:23.693897+05:30,NO CURRENT SETUP,,,,,,,,,
ARIS.NS,138.66000366210938,2026-10-01T23:11:23.693897+05:30,NO CURRENT SETUP,,,,,,,,,
ARTEMISMED.NS,336.3999938964844,2026-10-01T23:11:23.693897+05:30,NO CURRENT SETUP,,,,,,,,,
ASHIANA.NS,383.95001220703125,2026-10-01T23:11:23.693897+05:30,NO CURRENT SETUP,,,,,,,,,
ASKAUTOLTD.NS,618.1500244140625,2026-10-01T23:11:23.693897+05:30,NO CURRENT SETUP,,,,,,,,,
AUROPHARMA.NS,1676.800048828125,2026-10-01T23:11:23.693897+05:30,NO CURRENT SETUP,,,,,,,,,
AVALON.NS,2280.199951171875,2026-10-01T23:11:23.693897+05:30,NO CURRENT SETUP,,,,,,,,,
AVTNPL.NS,87.8499984741211,2026-10-01T23:11:23.693897+05:30,NO CURRENT SETUP,,,,,,,,,
AYE.NS,163.2899932861328,2026-10-01T23:11:23.693897+05:30,NO CURRENT SETUP,,,,,,,,,
AZAD.NS,2860.89990234375,2026-10-01T23:11:23.693897+05:30,NO CURRENT SETUP,,,,,,,,,
BAJFINANCE.NS,948.2999877929688,2026-10-01T23:11:23.693897+05:30,NO CURRENT SETUP,,,,,,,,,
BCG.NS,9.520000457763672,2026-10-01T23:11:23.693897+05:30,NO CURRENT SETUP,,,,,,,,,
BHAGYANGR.NS,402.6499938964844,2026-10-01T23:11:23.693897+05:30,NO CURRENT SETUP,,,,,,,,,
BHEL.NS,421.0,2026-10-01T23:11:23.693897+05:30,NO CURRENT SETUP,,,,,,,,,
BIOCON.NS,370.70001220703125,2026-10-01T23:11:23.693897+05:30,NO CURRENT SETUP,,,,,,,,,
BLKASHYAP.NS,50.22999954223633,2026-10-01T23:11:23.693897+05:30,NO CURRENT SETUP,,,,,,,,,
BLSE.NS,322.04998779296875,2026-10-01T23:11:23.693897+05:30,NO CURRENT SETUP,,,,,,,,,
BLUESTONE.NS,787.9500122070312,2026-10-01T23:11:23.693897+05:30,NO CURRENT SETUP,,,,,,,,,
BLUSPRING.NS,147.82000732421875,2026-10-01T23:11:23.693897+05:30,NO CURRENT SETUP,,,,,,,,,
BOSCH-HCIL.NS,1967.199951171875,2026-10-01T23:11:23.693897+05:30,NO CURRENT SETUP,,,,,,,,,
CAPLIPOINT.NS,2631.89990234375,2026-10-01T23:11:23.693897+05:30,NO CURRENT SETUP,,,,,,,,,
CCAVENUE.NS,15.279999732971191,2026-10-01T23:11:23.693897+05:30,NO CURRENT SETUP,,,,,,,,,
CENTUM.NS,4701.7001953125,2026-10-01T23:11:23.693897+05:30,NO CURRENT SETUP,,,,,,,,,
CHALET.NS,830.25,2026-10-01T23:11:23.693897+05:30,NO CURRENT SETUP,,,,,,,,,
CLEANMAX.NS,1299.800048828125,2026-10-01T23:11:23.693897+05:30,NO CURRENT SETUP,,,,,,,,,
COMSYN.NS,262.3999938964844,2026-10-01T23:11:23.693897+05:30,NO CURRENT SETUP,,,,,,,,,
CONCORDBIO.NS,1374.0999755859375,2026-10-01T23:11:23.693897+05:30,NO CURRENT SETUP,,,,,,,,,
CONFIPET.NS,86.05000305175781,2026-10-01T23:11:23.693897+05:30,NO CURRENT SETUP,,,,,,,,,
CORDELIA.NS,100.91000366210938,2026-10-01T23:11:23.693897+05:30,NO CURRENT SETUP,,,,,,,,,
CPCAP.NS,140.85000610351562,2026-10-01T23:11:23.693897+05:30,NO CURRENT SETUP,,,,,,,,,
CPPLUS.NS,3799.60009765625,2026-10-01T23:11:23.693897+05:30,NO CURRENT SETUP,,,,,,,,,
CREST.NS,362.3500061035156,2026-10-01T23:11:23.693897+05:30,NO CURRENT SETUP,,,,,,,,,
CROWN.NS,111.52999877929688,2026-10-01T23:11:23.693897+05:30,NO CURRENT SETUP,,,,,,,,,
CSM.NS,94.25,2026-10-01T23:11:23.693897+05:30,NO CURRENT SETUP,,,,,,,,,
CTE.NS,38.90999984741211,2026-10-01T23:11:23.693897+05:30,NO CURRENT SETUP,,,,,,,,,
CUBEXTUB.NS,166.10000610351562,2026-10-01T23:11:23.693897+05:30,NO CURRENT SETUP,,,,,,,,,
CUPID.NS,312.5,2026-10-01T23:11:23.693897+05:30,NO CURRENT SETUP,,,,,,,,,
DBOL.NS,120.91000366210938,2026-10-01T23:11:23.693897+05:30,NO CURRENT SETUP,,,,,,,,,
DEEDEV.NS,663.2000122070312,2026-10-01T23:11:23.693897+05:30,NO CURRENT SETUP,,,,,,,,,
DHARMAJ.NS,267.6499938964844,2026-10-01T23:11:23.693897+05:30,NO CURRENT SETUP,,,,,,,,,
DIAMONDYD.NS,1073.0,2026-10-01T23:11:23.693897+05:30,NO CURRENT SETUP,,,,,,,,,
DICIND.NS,613.6500244140625,2026-10-01T23:11:23.693897+05:30,NO CURRENT SETUP,,,,,,,,,
DIVGIITTS.NS,1136.4000244140625,2026-10-01T23:11:23.693897+05:30,NO CURRENT SETUP,,,,,,,,,
DIVISLAB.NS,9249.0,2026-10-01T23:11:23.693897+05:30,NO CURRENT SETUP,,,,,,,,,
DOLPHIN.NS,628.0999755859375,2026-10-01T23:11:23.693897+05:30,NO CURRENT SETUP,,,,,,,,,
DPABHUSHAN.NS,1874.0,2026-10-01T23:11:23.693897+05:30,NO CURRENT SETUP,,,,,,,,,
DTIL.NS,158.57000732421875,2026-10-01T23:11:23.693897+05:30,NO CURRENT SETUP,,,,,,,,,
DYNAMATECH.NS,13756.0,2026-10-01T23:11:23.693897+05:30,NO CURRENT SETUP,,,,,,,,,
EBGNG.NS,704.7000122070312,2026-10-01T23:11:23.693897+05:30,NO CURRENT SETUP,,,,,,,,,
EDELWEISS.NS,137.89999389648438,2026-10-01T23:11:23.693897+05:30,NO CURRENT SETUP,,,,,,,,,
EICHERMOT.NS,6920.0,2026-10-01T23:11:23.693897+05:30,NO CURRENT SETUP,,,,,,,,,
ELANTAS.NS,13474.0,2026-10-01T23:11:23.693897+05:30,NO CURRENT SETUP,,,,,,,,,
EMCURE.NS,1944.5999755859375,2026-10-01T23:11:23.693897+05:30,NO CURRENT SETUP,,,,,,,,,
EMIL.NS,204.0500030517578,2026-10-01T23:11:23.693897+05:30,NO CURRENT SETUP,,,,,,,,,
ENGINERSIN.NS,312.75,2026-10-01T23:11:23.693897+05:30,NO CURRENT SETUP,,,,,,,,,
FCL.NS,55.720001220703125,2026-10-01T23:11:23.693897+05:30,NO CURRENT SETUP,,,,,,,,,
FILATEX.NS,106.0999984741211,2026-10-01T23:11:23.693897+05:30,NO CURRENT SETUP,,,,,,,,,
FINCABLES.NS,1458.800048828125,2026-10-01T23:11:23.693897+05:30,NO CURRENT SETUP,,,,,,,,,
FINEORG.NS,5131.0,2026-10-01T23:11:23.693897+05:30,NO CURRENT SETUP,,,,,,,,,
FOSECOIND.NS,6382.5,2026-10-01T23:11:23.693897+05:30,NO CURRENT SETUP,,,,,,,,,
GAEL.NS,157.69000244140625,2026-10-01T23:11:23.693897+05:30,NO CURRENT SETUP,,,,,,,,,
GANDHITUBE.NS,975.5499877929688,2026-10-01T23:11:23.693897+05:30,NO CURRENT SETUP,,,,,,,,,
GARFIBRES.NS,768.4000244140625,2026-10-01T23:11:23.693897+05:30,NO CURRENT SETUP,,,,,,,,,
GCSL.NS,679.9000244140625,2026-10-01T23:11:23.693897+05:30,NO CURRENT SETUP,,,,,,,,,
GHCLTEXTIL.NS,129.22000122070312,2026-10-01T23:11:23.693897+05:30,NO CURRENT SETUP,,,,,,,,,
GKSL.NS,194.27000427246094,2026-10-01T23:11:23.693897+05:30,NO CURRENT SETUP,,,,,,,,,
GLAND.NS,2874.39990234375,2026-10-01T23:11:23.693897+05:30,NO CURRENT SETUP,,,,,,,,,
GLENMARK.NS,2331.0,2026-10-01T23:11:23.693897+05:30,NO CURRENT SETUP,,,,,,,,,
GLOBAL.NS,136.50999450683594,2026-10-01T23:11:23.693897+05:30,NO CURRENT SETUP,,,,,,,,,
GMMPFAUDLR.NS,1443.4000244140625,2026-10-01T23:11:23.693897+05:30,NO CURRENT SETUP,,,,,,,,,
GNA.NS,580.7000122070312,2026-10-01T23:11:23.693897+05:30,NO CURRENT SETUP,,,,,,,,,
GNFC.NS,589.1500244140625,2026-10-01T23:11:23.693897+05:30,NO CURRENT SETUP,,,,,,,,,
GOCLCORP.NS,351.6499938964844,2026-10-01T23:11:23.693897+05:30,NO CURRENT SETUP,,,,,,,,,
GOODLUCK.NS,499.3500061035156,2026-10-01T23:11:23.693897+05:30,NO CURRENT SETUP,,,,,,,,,
GPTHEALTH.NS,151.47000122070312,2026-10-01T23:11:23.693897+05:30,NO CURRENT SETUP,,,,,,,,,
GRANULES.NS,821.75,2026-10-01T23:11:23.693897+05:30,NO CURRENT SETUP,,,,,,,,,
GULFOILLUB.NS,1093.0,2026-10-01T23:11:23.693897+05:30,NO CURRENT SETUP,,,,,,,,,
HARSHA.NS,474.5,2026-10-01T23:11:23.693897+05:30,NO CURRENT SETUP,,,,,,,,,
HCG.NS,668.75,2026-10-01T23:11:23.693897+05:30,NO CURRENT SETUP,,,,,,,,,
HEXATRADEX.NS,154.9600067138672,2026-10-01T23:11:23.693897+05:30,NO CURRENT SETUP,,,,,,,,,
HISARMETAL.NS,146.9199981689453,2026-10-01T23:11:23.693897+05:30,NO CURRENT SETUP,,,,,,,,,
HOMEFIRST.NS,1125.699951171875,2026-10-01T23:11:23.693897+05:30,NO CURRENT SETUP,,,,,,,,,
IBULLSLTD.NS,29.43000030517578,2026-10-01T23:11:23.693897+05:30,NO CURRENT SETUP,,,,,,,,,
ICIL.NS,443.6499938964844,2026-10-01T23:11:23.693897+05:30,NO CURRENT SETUP,,,,,,,,,
IGPL.NS,569.5499877929688,2026-10-01T23:11:23.693897+05:30,NO CURRENT SETUP,,,,,,,,,
IKS.NS,1776.4000244140625,2026-10-01T23:11:23.693897+05:30,NO CURRENT SETUP,,,,,,,,,
INDGN.NS,593.5,2026-10-01T23:11:23.693897+05:30,NO CURRENT SETUP,,,,,,,,,
INDIANHUME.NS,346.1000061035156,2026-10-01T23:11:23.693897+05:30,NO CURRENT SETUP,,,,,,,,,
INDOCO.NS,251.75,2026-10-01T23:11:23.693897+05:30,NO CURRENT SETUP,,,,,,,,,
INDOMIM.NS,1271.800048828125,2026-10-01T23:11:23.693897+05:30,NO CURRENT SETUP,,,,,,,,,
INDORAMA.NS,95.80999755859375,2026-10-01T23:11:23.693897+05:30,NO CURRENT SETUP,,,,,,,,,
INDSWFTLAB.NS,395.1499938964844,2026-10-01T23:11:23.693897+05:30,NO CURRENT SETUP,,,,,,,,,
INNOVACAP.NS,1168.0,2026-10-01T23:11:23.693897+05:30,NO CURRENT SETUP,,,,,,,,,
IONEXCHANG.NS,406.3999938964844,2026-10-01T23:11:23.693897+05:30,NO CURRENT SETUP,,,,,,,,,
IPCALAB.NS,1943.199951171875,2026-10-01T23:11:23.693897+05:30,NO CURRENT SETUP,,,,,,,,,
IRISDOREME.NS,60.459999084472656,2026-10-01T23:11:23.693897+05:30,NO CURRENT SETUP,,,,,,,,,
ISFT.NS,97.91000366210938,2026-10-01T23:11:23.693897+05:30,NO CURRENT SETUP,,,,,,,,,
JAMNAAUTO.NS,131.66000366210938,2026-10-01T23:11:23.693897+05:30,NO CURRENT SETUP,,,,,,,,,
JASH.NS,576.2999877929688,2026-10-01T23:11:23.693897+05:30,NO CURRENT SETUP,,,,,,,,,
JAYKAY.NS,201.4600067138672,2026-10-01T23:11:23.693897+05:30,NO CURRENT SETUP,,,,,,,,,
JGCHEM.NS,610.2999877929688,2026-10-01T23:11:23.693897+05:30,NO CURRENT SETUP,,,,,,,,,
JHS.NS,11.699999809265137,2026-10-01T23:11:23.693897+05:30,NO CURRENT SETUP,,,,,,,,,
JINDALSTEL.NS,1100.5,2026-10-01T23:11:23.693897+05:30,NO CURRENT SETUP,,,,,,,,,
JNPR.NS,268.25,2026-10-01T23:11:23.693897+05:30,NO CURRENT SETUP,,,,,,,,,
JSWINFRA.NS,357.45001220703125,2026-10-01T23:11:23.693897+05:30,NO CURRENT SETUP,,,,,,,,,
JTLIND.NS,86.2300033569336,2026-10-01T23:11:23.693897+05:30,NO CURRENT SETUP,,,,,,,,,
KABRAEXTRU.NS,765.2999877929688,2026-10-01T23:11:23.693897+05:30,NO CURRENT SETUP,,,,,,,,,
KAJARIACER.NS,1225.0999755859375,2026-10-01T23:11:23.693897+05:30,NO CURRENT SETUP,,,,,,,,,
KAPSTON.NS,542.3499755859375,2026-10-01T23:11:23.693897+05:30,NO CURRENT SETUP,,,,,,,,,
KDDL.NS,3911.199951171875,2026-10-01T23:11:23.693897+05:30,NO CURRENT SETUP,,,,,,,,,
KINGFA.NS,6586.5,2026-10-01T23:11:23.693897+05:30,NO CURRENT SETUP,,,,,,,,,
KIRLOSBROS.NS,1767.5999755859375,2026-10-01T23:11:23.693897+05:30,NO CURRENT SETUP,,,,,,,,,
KISSHT.NS,371.1499938964844,2026-10-01T23:11:23.693897+05:30,NO CURRENT SETUP,,,,,,,,,
KMEW.NS,2950.10009765625,2026-10-01T23:11:23.693897+05:30,NO CURRENT SETUP,,,,,,,,,
KMSUGAR.NS,27.739999771118164,2026-10-01T23:11:23.693897+05:30,NO CURRENT SETUP,,,,,,,,,
KNAGRI.NS,200.5,2026-10-01T23:11:23.693897+05:30,NO CURRENT SETUP,,,,,,,,,
KOTAKBANK.NS,418.3500061035156,2026-10-01T23:11:23.693897+05:30,NO CURRENT SETUP,,,,,,,,,
KPIL.NS,1356.4000244140625,2026-10-01T23:11:23.693897+05:30,NO CURRENT SETUP,,,,,,,,,
KREBSBIO.NS,68.05000305175781,2026-10-01T23:11:23.693897+05:30,NO CURRENT SETUP,,,,,,,,,
KROSS.NS,258.3999938964844,2026-10-01T23:11:23.693897+05:30,NO CURRENT SETUP,,,,,,,,,
KRYSTAL.NS,610.2000122070312,2026-10-01T23:11:23.693897+05:30,NO CURRENT SETUP,,,,,,,,,
KSB.NS,806.4500122070312,2026-10-01T23:11:23.693897+05:30,NO CURRENT SETUP,,,,,,,,,
KSL.NS,913.0,2026-10-01T23:11:23.693897+05:30,NO CURRENT SETUP,,,,,,,,,
KSR.NS,37.380001068115234,2026-10-01T23:11:23.693897+05:30,NO CURRENT SETUP,,,,,,,,,
KTKBANK.NS,321.6000061035156,2026-10-01T23:11:23.693897+05:30,NO CURRENT SETUP,,,,,,,,,
KUSUMGAR.NS,592.5499877929688,2026-10-01T23:11:23.693897+05:30,NO CURRENT SETUP,,,,,,,,,
LAL.NS,8.449999809265137,2026-10-01T23:11:23.693897+05:30,NO CURRENT SETUP,,,,,,,,,
LALPATHLAB.NS,2005.0999755859375,2026-10-01T23:11:23.693897+05:30,NO CURRENT SETUP,,,,,,,,,
LAMBODHARA.NS,128.63999938964844,2026-10-01T23:11:23.693897+05:30,NO CURRENT SETUP,,,,,,,,,
LAURUSLABS.NS,1984.0,2026-10-01T23:11:23.693897+05:30,NO CURRENT SETUP,,,,,,,,,
LCL.NS,553.5999755859375,2026-10-01T23:11:23.693897+05:30,NO CURRENT SETUP,,,,,,,,,
LENSKART.NS,691.1500244140625,2026-10-01T23:11:23.693897+05:30,NO CURRENT SETUP,,,,,,,,,
LIBAS.NS,11.289999961853027,2026-10-01T23:11:23.693897+05:30,NO CURRENT SETUP,,,,,,,,,
LICHSGFIN.NS,509.0,2026-10-01T23:11:23.693897+05:30,NO CURRENT SETUP,,,,,,,,,
LLOYDSENT.NS,77.94999694824219,2026-10-01T23:11:23.693897+05:30,NO CURRENT SETUP,,,,,,,,,
LOYALTEX.NS,207.5,2026-10-01T23:11:23.693897+05:30,NO CURRENT SETUP,,,,,,,,,
LTF.NS,264.3500061035156,2026-10-01T23:11:23.693897+05:30,NO CURRENT SETUP,,,,,,,,,
LTFOODS.NS,399.1499938964844,2026-10-01T23:11:23.693897+05:30,NO CURRENT SETUP,,,,,,,,,
LUMAXTECH.NS,1978.9000244140625,2026-10-01T23:11:23.693897+05:30,NO CURRENT SETUP,,,,,,,,,
LXCHEM.NS,181.38999938964844,2026-10-01T23:11:23.693897+05:30,NO CURRENT SETUP,,,,,,,,,
MACPOWER.NS,2144.800048828125,2026-10-01T23:11:23.693897+05:30,NO CURRENT SETUP,,,,,,,,,
MAHLIFE.NS,351.1499938964844,2026-10-01T23:11:23.693897+05:30,NO CURRENT SETUP,,,,,,,,,
MAHLOG.NS,416.3999938964844,2026-10-01T23:11:23.693897+05:30,NO CURRENT SETUP,,,,,,,,,
MAHSEAMLES.NS,698.75,2026-10-01T23:11:23.693897+05:30,NO CURRENT SETUP,,,,,,,,,
MANINDS.NS,921.5499877929688,2026-10-01T23:11:23.693897+05:30,NO CURRENT SETUP,,,,,,,,,
MANINFRA.NS,124.30000305175781,2026-10-01T23:11:23.693897+05:30,NO CURRENT SETUP,,,,,,,,,
MARINE.NS,436.54998779296875,2026-10-01T23:11:23.693897+05:30,NO CURRENT SETUP,,,,,,,,,
MARKOLINES.NS,167.25999450683594,2026-10-01T23:11:23.693897+05:30,NO CURRENT SETUP,,,,,,,,,
MARKSANS.NS,325.6000061035156,2026-10-01T23:11:23.693897+05:30,NO CURRENT SETUP,,,,,,,,,
MAXESTATES.NS,566.25,2026-10-01T23:11:23.693897+05:30,NO CURRENT SETUP,,,,,,,,,
MAXHEALTH.NS,940.9500122070312,2026-10-01T23:11:23.693897+05:30,NO CURRENT SETUP,,,,,,,,,
MBAPL.NS,165.8300018310547,2026-10-01T23:11:23.693897+05:30,NO CURRENT SETUP,,,,,,,,,
MEDANTA.NS,1357.300048828125,2026-10-01T23:11:23.693897+05:30,NO CURRENT SETUP,,,,,,,,,
MEESHO.NS,218.69000244140625,2026-10-01T23:11:23.693897+05:30,NO CURRENT SETUP,,,,,,,,,
METROPOLIS.NS,537.9000244140625,2026-10-01T23:11:23.693897+05:30,NO CURRENT SETUP,,,,,,,,,
MMWL.NS,15.5600004196167,2026-10-01T23:11:23.693897+05:30,NO CURRENT SETUP,,,,,,,,,
MOLDTKPAC.NS,658.8499755859375,2026-10-01T23:11:23.693897+05:30,NO CURRENT SETUP,,,,,,,,,
MOREPENLAB.NS,133.72000122070312,2026-10-01T23:11:23.693897+05:30,NO CURRENT SETUP,,,,,,,,,
MOTISONS.NS,17.8799991607666,2026-10-01T23:11:23.693897+05:30,NO CURRENT SETUP,,,,,,,,,
MUFIN.NS,130.58999633789062,2026-10-01T23:11:23.693897+05:30,NO CURRENT SETUP,,,,,,,,,
MUKANDLTD.NS,172.66000366210938,2026-10-01T23:11:23.693897+05:30,NO CURRENT SETUP,,,,,,,,,
NAGREEKCAP.NS,25.34000015258789,2026-10-01T23:11:23.693897+05:30,NO CURRENT SETUP,,,,,,,,,
NAZARA.NS,384.70001220703125,2026-10-01T23:11:23.693897+05:30,NO CURRENT SETUP,,,,,,,,,
NDL.NS,2.5399999618530273,2026-10-01T23:11:23.693897+05:30,NO CURRENT SETUP,,,,,,,,,
NEOGEN.NS,2407.10009765625,2026-10-01T23:11:23.693897+05:30,NO CURRENT SETUP,,,,,,,,,
NEPHROPLUS.NS,648.9500122070312,2026-10-01T23:11:23.693897+05:30,NO CURRENT SETUP,,,,,,,,,
NOCIL.NS,168.85000610351562,2026-10-01T23:11:23.693897+05:30,NO CURRENT SETUP,,,,,,,,,
NORTHARC.NS,288.70001220703125,2026-10-01T23:11:23.693897+05:30,NO CURRENT SETUP,,,,,,,,,
NRAIL.NS,659.5,2026-10-01T23:11:23.693897+05:30,NO CURRENT SETUP,,,,,,,,,
NRBBEARING.NS,542.5999755859375,2026-10-01T23:11:23.693897+05:30,NO CURRENT SETUP,,,,,,,,,
OAL.NS,532.2000122070312,2026-10-01T23:11:23.693897+05:30,NO CURRENT SETUP,,,,,,,,,
OBCL.NS,54.38999938964844,2026-10-01T23:11:23.693897+05:30,NO CURRENT SETUP,,,,,,,,,
OIL.NS,444.0,2026-10-01T23:11:23.693897+05:30,NO CURRENT SETUP,,,,,,,,,
ONEPOINT.NS,74.37000274658203,2026-10-01T23:11:23.693897+05:30,NO CURRENT SETUP,,,,,,,,,
OPTIEMUS.NS,803.7000122070312,2026-10-01T23:11:23.693897+05:30,NO CURRENT SETUP,,,,,,,,,
ORCHPHARMA.NS,990.0,2026-10-01T23:11:23.693897+05:30,NO CURRENT SETUP,,,,,,,,,
PAGEIND.NS,36660.0,2026-10-01T23:11:23.693897+05:30,NO CURRENT SETUP,,,,,,,,,
PAISALO.NS,79.9000015258789,2026-10-01T23:11:23.693897+05:30,NO CURRENT SETUP,,,,,,,,,
PATELRMART.NS,211.0,2026-10-01T23:11:23.693897+05:30,NO CURRENT SETUP,,,,,,,,,
PCBL.NS,321.5,2026-10-01T23:11:23.693897+05:30,NO CURRENT SETUP,,,,,,,,,
PGIL.NS,1263.0,2026-10-01T23:11:23.693897+05:30,NO CURRENT SETUP,,,,,,,,,
PLASTIBLEN.NS,193.6199951171875,2026-10-01T23:11:23.693897+05:30,NO CURRENT SETUP,,,,,,,,,
POLICYBZR.NS,980.0,2026-10-01T23:11:23.693897+05:30,NO CURRENT SETUP,,,,,,,,,
POLYMED.NS,1638.0999755859375,2026-10-01T23:11:23.693897+05:30,NO CURRENT SETUP,,,,,,,,,
POWERMECH.NS,2476.199951171875,2026-10-01T23:11:23.693897+05:30,NO CURRENT SETUP,,,,,,,,,
PREMIERPOL.NS,90.63999938964844,2026-10-01T23:11:23.693897+05:30,NO CURRENT SETUP,,,,,,,,,
PRESTIGE.NS,1486.0999755859375,2026-10-01T23:11:23.693897+05:30,NO CURRENT SETUP,,,,,,,,,
PRIMESECU.NS,301.5,2026-10-01T23:11:23.693897+05:30,NO CURRENT SETUP,,,,,,,,,
PRIMO.NS,25.40999984741211,2026-10-01T23:11:23.693897+05:30,NO CURRENT SETUP,,,,,,,,,
PRIVISCL.NS,3573.0,2026-10-01T23:11:23.693897+05:30,NO CURRENT SETUP,,,,,,,,,
PSPPROJECT.NS,747.0999755859375,2026-10-01T23:11:23.693897+05:30,NO CURRENT SETUP,,,,,,,,,
PVP.NS,50.470001220703125,2026-10-01T23:11:23.693897+05:30,NO CURRENT SETUP,,,,,,,,,
PVRINOX.NS,1215.300048828125,2026-10-01T23:11:23.693897+05:30,NO CURRENT SETUP,,,,,,,,,
PWL.NS,120.16999816894531,2026-10-01T23:11:23.693897+05:30,NO CURRENT SETUP,,,,,,,,,
QPOWER.NS,1564.5999755859375,2026-10-01T23:11:23.693897+05:30,NO CURRENT SETUP,,,,,,,,,
QUADFUTURE.NS,531.4000244140625,2026-10-01T23:11:23.693897+05:30,NO CURRENT SETUP,,,,,,,,,
RACLGEAR.NS,1538.199951171875,2026-10-01T23:11:23.693897+05:30,NO CURRENT SETUP,,,,,,,,,
RADAAN.NS,2.9800000190734863,2026-10-01T23:11:23.693897+05:30,NO CURRENT SETUP,,,,,,,,,
RADHIKAJWE.NS,68.9800033569336,2026-10-01T23:11:23.693897+05:30,NO CURRENT SETUP,,,,,,,,,
RAJRATAN.NS,453.54998779296875,2026-10-01T23:11:23.693897+05:30,NO CURRENT SETUP,,,,,,,,,
RAMBHAJO.NS,288.75,2026-10-01T23:11:23.693897+05:30,NO CURRENT SETUP,,,,,,,,,
RATNAVEER.NS,345.45001220703125,2026-10-01T23:11:23.693897+05:30,NO CURRENT SETUP,,,,,,,,,
RAYMOND.NS,1197.199951171875,2026-10-01T23:11:23.693897+05:30,NO CURRENT SETUP,,,,,,,,,
RAYMONDREL.NS,648.4500122070312,2026-10-01T23:11:23.693897+05:30,NO CURRENT SETUP,,,,,,,,,
RBLBANK.NS,411.3999938964844,2026-10-01T23:11:23.693897+05:30,NO CURRENT SETUP,,,,,,,,,
RBZJEWEL.NS,196.8699951171875,2026-10-01T23:11:23.693897+05:30,NO CURRENT SETUP,,,,,,,,,
REDINGTON.NS,397.95001220703125,2026-10-01T23:11:23.693897+05:30,NO CURRENT SETUP,,,,,,,,,
REFEX.NS,271.29998779296875,2026-10-01T23:11:23.693897+05:30,NO CURRENT SETUP,,,,,,,,,
REGAAL.NS,85.98999786376953,2026-10-01T23:11:23.693897+05:30,NO CURRENT SETUP,,,,,,,,,
RGL.NS,162.5,2026-10-01T23:11:23.693897+05:30,NO CURRENT SETUP,,,,,,,,,
RIR.NS,176.97000122070312,2026-10-01T23:11:23.693897+05:30,NO CURRENT SETUP,,,,,,,,,
ROLEXRINGS.NS,196.36000061035156,2026-10-01T23:11:23.693897+05:30,NO CURRENT SETUP,,,,,,,,,
ROSSTECH.NS,1522.300048828125,2026-10-01T23:11:23.693897+05:30,NO CURRENT SETUP,,,,,,,,,
RPEL.NS,1818.9000244140625,2026-10-01T23:11:23.693897+05:30,NO CURRENT SETUP,,,,,,,,,
RPGLIFE.NS,2930.699951171875,2026-10-01T23:11:23.693897+05:30,NO CURRENT SETUP,,,,,,,,,
RSL.NS,174.42999267578125,2026-10-01T23:11:23.693897+05:30,NO CURRENT SETUP,,,,,,,,,
SAIL.NS,174.5,2026-10-01T23:11:23.693897+05:30,NO CURRENT SETUP,,,,,,,,,
SAKAR.NS,1075.0,2026-10-01T23:11:23.693897+05:30,NO CURRENT SETUP,,,,,,,,,
SALSTEEL.NS,98.91999816894531,2026-10-01T23:11:23.693897+05:30,NO CURRENT SETUP,,,,,,,,,
SAMBHV.NS,161.4499969482422,2026-10-01T23:11:23.693897+05:30,NO CURRENT SETUP,,,,,,,,,
SANATHAN.NS,504.3500061035156,2026-10-01T23:11:23.693897+05:30,NO CURRENT SETUP,,,,,,,,,
SANSERA.NS,4276.60009765625,2026-10-01T23:11:23.693897+05:30,NO CURRENT SETUP,,,,,,,,,
SBC.NS,58.540000915527344,2026-10-01T23:11:23.693897+05:30,NO CURRENT SETUP,,,,,,,,,
SCHAEFFLER.NS,3885.60009765625,2026-10-01T23:11:23.693897+05:30,NO CURRENT SETUP,,,,,,,,,
SEDEMAC.NS,3432.800048828125,2026-10-01T23:11:23.693897+05:30,NO CURRENT SETUP,,,,,,,,,
SGIL.NS,613.8499755859375,2026-10-01T23:11:23.693897+05:30,NO CURRENT SETUP,,,,,,,,,
SHADOWFAX.NS,273.1499938964844,2026-10-01T23:11:23.693897+05:30,NO CURRENT SETUP,,,,,,,,,
SHANTIGOLD.NS,303.54998779296875,2026-10-01T23:11:23.693897+05:30,NO CURRENT SETUP,,,,,,,,,
SHILPAMED.NS,1064.0999755859375,2026-10-01T23:11:23.693897+05:30,NO CURRENT SETUP,,,,,,,,,
SHIVAUM.NS,554.5999755859375,2026-10-01T23:11:23.693897+05:30,NO CURRENT SETUP,,,,,,,,,
SHREEJISPG.NS,775.3499755859375,2026-10-01T23:11:23.693897+05:30,NO CURRENT SETUP,,,,,,,,,
SHRIPISTON.NS,4490.5,2026-10-01T23:11:23.693897+05:30,NO CURRENT SETUP,,,,,,,,,
SHYAMMETL.NS,1047.800048828125,2026-10-01T23:11:23.693897+05:30,NO CURRENT SETUP,,,,,,,,,
SIGACHI.NS,28.34000015258789,2026-10-01T23:11:23.693897+05:30,NO CURRENT SETUP,,,,,,,,,
SIGIND.NS,67.41999816894531,2026-10-01T23:11:23.693897+05:30,NO CURRENT SETUP,,,,,,,,,
SIGMAADV.NS,1076.9000244140625,2026-10-01T23:11:23.693897+05:30,NO CURRENT SETUP,,,,,,,,,
SKFINDUS.NS,2734.199951171875,2026-10-01T23:11:23.693897+05:30,NO CURRENT SETUP,,,,,,,,,
SMCGLOBAL.NS,99.05999755859375,2026-10-01T23:11:23.693897+05:30,NO CURRENT SETUP,,,,,,,,,
SMLMAH.NS,6251.0,2026-10-01T23:11:23.693897+05:30,NO CURRENT SETUP,,,,,,,,,
SMSPHARMA.NS,471.29998779296875,2026-10-01T23:11:23.693897+05:30,NO CURRENT SETUP,,,,,,,,,
SOFTTECH.NS,474.29998779296875,2026-10-01T23:11:23.693897+05:30,NO CURRENT SETUP,,,,,,,,,
SOMANYCERA.NS,614.2000122070312,2026-10-01T23:11:23.693897+05:30,NO CURRENT SETUP,,,,,,,,,
SONACOMS.NS,805.0,2026-10-01T23:11:23.693897+05:30,NO CURRENT SETUP,,,,,,,,,
SOTL.NS,729.5,2026-10-01T23:11:23.693897+05:30,NO CURRENT SETUP,,,,,,,,,
SOUTHBANK.NS,47.439998626708984,2026-10-01T23:11:23.693897+05:30,NO CURRENT SETUP,,,,,,,,,
SRHHYPOLTD.NS,543.5999755859375,2026-10-01T23:11:23.693897+05:30,NO CURRENT SETUP,,,,,,,,,
SSDL.NS,69.38999938964844,2026-10-01T23:11:23.693897+05:30,NO CURRENT SETUP,,,,,,,,,
SSWL.NS,390.79998779296875,2026-10-01T23:11:23.693897+05:30,NO CURRENT SETUP,,,,,,,,,
STAR.NS,1084.800048828125,2026-10-01T23:11:23.693897+05:30,NO CURRENT SETUP,,,,,,,,,
STEELCAS.NS,356.45001220703125,2026-10-01T23:11:23.693897+05:30,NO CURRENT SETUP,,,,,,,,,
STLNETWORK.NS,47.18000030517578,2026-10-01T23:11:23.693897+05:30,NO CURRENT SETUP,,,,,,,,,
SUBEXLTD.NS,19.34000015258789,2026-10-01T23:11:23.693897+05:30,NO CURRENT SETUP,,,,,,,,,
SUNFLAG.NS,433.5,2026-10-01T23:11:23.693897+05:30,NO CURRENT SETUP,,,,,,,,,
SURAKSHA.NS,350.1499938964844,2026-10-01T23:11:23.693897+05:30,NO CURRENT SETUP,,,,,,,,,
SYNCOMF.NS,23.959999084472656,2026-10-01T23:11:23.693897+05:30,NO CURRENT SETUP,,,,,,,,,
SYRMA.NS,1717.9000244140625,2026-10-01T23:11:23.693897+05:30,NO CURRENT SETUP,,,,,,,,,
TALBROAUTO.NS,419.70001220703125,2026-10-01T23:11:23.693897+05:30,NO CURRENT SETUP,,,,,,,,,
TARSONS.NS,329.3999938964844,2026-10-01T23:11:23.693897+05:30,NO CURRENT SETUP,,,,,,,,,
TATACOMM.NS,1683.0,2026-10-01T23:11:23.693897+05:30,NO CURRENT SETUP,,,,,,,,,
TBZ.NS,623.4500122070312,2026-10-01T23:11:23.693897+05:30,NO CURRENT SETUP,,,,,,,,,
TDPOWERSYS.NS,792.1500244140625,2026-10-01T23:11:23.693897+05:30,NO CURRENT SETUP,,,,,,,,,
TEGA.NS,2093.39990234375,2026-10-01T23:11:23.693897+05:30,NO CURRENT SETUP,,,,,,,,,
TEXINFRA.NS,119.38999938964844,2026-10-01T23:11:23.693897+05:30,NO CURRENT SETUP,,,,,,,,,
TEXRAIL.NS,126.86000061035156,2026-10-01T23:11:23.693897+05:30,NO CURRENT SETUP,,,,,,,,,
TFCILTD.NS,138.7899932861328,2026-10-01T23:11:23.693897+05:30,NO CURRENT SETUP,,,,,,,,,
THEJO.NS,2071.39990234375,2026-10-01T23:11:23.693897+05:30,NO CURRENT SETUP,,,,,,,,,
THELEELA.NS,568.9500122070312,2026-10-01T23:11:23.693897+05:30,NO CURRENT SETUP,,,,,,,,,
TI.NS,542.5499877929688,2026-10-01T23:11:23.693897+05:30,NO CURRENT SETUP,,,,,,,,,
TIMEX.NS,729.5,2026-10-01T23:11:23.693897+05:30,NO CURRENT SETUP,,,,,,,,,
TMCV.NS,415.5,2026-10-01T23:11:23.693897+05:30,NO CURRENT SETUP,,,,,,,,,
TNPL.NS,147.6300048828125,2026-10-01T23:11:23.693897+05:30,NO CURRENT SETUP,,,,,,,,,
TNTELE.NS,11.5600004196167,2026-10-01T23:11:23.693897+05:30,NO CURRENT SETUP,,,,,,,,,
TREL.NS,27.290000915527344,2026-10-01T23:11:23.693897+05:30,NO CURRENT SETUP,,,,,,,,,
TVSSCS.NS,128.4199981689453,2026-10-01T23:11:23.693897+05:30,NO CURRENT SETUP,,,,,,,,,
UDS.NS,208.5500030517578,2026-10-01T23:11:23.693897+05:30,NO CURRENT SETUP,,,,,,,,,
UGARSUGAR.NS,56.040000915527344,2026-10-01T23:11:23.693897+05:30,NO CURRENT SETUP,,,,,,,,,
ULTRAMAR.NS,406.1499938964844,2026-10-01T23:11:23.693897+05:30,NO CURRENT SETUP,,,,,,,,,
UNIMECH.NS,1773.0,2026-10-01T23:11:23.693897+05:30,NO CURRENT SETUP,,,,,,,,,
UNIONBANK.NS,167.58999633789062,2026-10-01T23:11:23.693897+05:30,NO CURRENT SETUP,,,,,,,,,
UNOMINDA.NS,1111.0,2026-10-01T23:11:23.693897+05:30,NO CURRENT SETUP,,,,,,,,,
USHAMART.NS,491.70001220703125,2026-10-01T23:11:23.693897+05:30,NO CURRENT SETUP,,,,,,,,,
V2RETAIL.NS,201.38999938964844,2026-10-01T23:11:23.693897+05:30,NO CURRENT SETUP,,,,,,,,,
VALIANTLAB.NS,125.08000183105469,2026-10-01T23:11:23.693897+05:30,NO CURRENT SETUP,,,,,,,,,
VARROC.NS,830.5999755859375,2026-10-01T23:11:23.693897+05:30,NO CURRENT SETUP,,,,,,,,,
VENUSPIPES.NS,2204.89990234375,2026-10-01T23:11:23.693897+05:30,NO CURRENT SETUP,,,,,,,,,
VGL.NS,63.11000061035156,2026-10-01T23:11:23.693897+05:30,NO CURRENT SETUP,,,,,,,,,
VIDHIING.NS,350.25,2026-10-01T23:11:23.693897+05:30,NO CURRENT SETUP,,,,,,,,,
VIJAYA.NS,1428.0,2026-10-01T23:11:23.693897+05:30,NO CURRENT SETUP,,,,,,,,,
VINCOFE.NS,178.9499969482422,2026-10-01T23:11:23.693897+05:30,NO CURRENT SETUP,,,,,,,,,
VISAKAIND.NS,83.58000183105469,2026-10-01T23:11:23.693897+05:30,NO CURRENT SETUP,,,,,,,,,
VRAJ.NS,121.76000213623047,2026-10-01T23:11:23.693897+05:30,NO CURRENT SETUP,,,,,,,,,
VSSL.NS,383.29998779296875,2026-10-01T23:11:23.693897+05:30,NO CURRENT SETUP,,,,,,,,,
WELCORP.NS,2605.800048828125,2026-10-01T23:11:23.693897+05:30,NO CURRENT SETUP,,,,,,,,,
WELENT.NS,724.4500122070312,2026-10-01T23:11:23.693897+05:30,NO CURRENT SETUP,,,,,,,,,
WELSPUNLIV.NS,239.1699981689453,2026-10-01T23:11:23.693897+05:30,NO CURRENT SETUP,,,,,,,,,
WOCKPHARMA.NS,2083.89990234375,2026-10-01T23:11:23.693897+05:30,NO CURRENT SETUP,,,,,,,,,
WSTCSTPAPR.NS,727.6500244140625,2026-10-01T23:11:23.693897+05:30,NO CURRENT SETUP,,,,,,,,,
XTRANET.NS,272.3999938964844,2026-10-01T23:11:23.693897+05:30,NO CURRENT SETUP,,,,,,,,,
YATHARTH.NS,1033.699951171875,2026-10-01T23:11:23.693897+05:30,NO CURRENT SETUP,,,,,,,,,
YUKEN.NS,1141.4000244140625,2026-10-01T23:11:23.693897+05:30,NO CURRENT SETUP,,,,,,,,,
ZYDUSLIFE.NS,1145.699951171875,2026-10-01T23:11:23.693897+05:30,NO CURRENT SETUP,,,,,,,,,
