Symbol,Trades,Wins,Losses,Timeouts,Resolved Trades,Win Rate %,Avg Return %,Expectancy %,Avg Holding Days,Avg Win Days,Median Win Days,Avg Loss Days,Fast <=5d %,Fast <=10d %,Fast <=20d %,Return / Day,Quality Score,Grade
MINDTECK.NS,6,5,0,1,5,100.0,8.81350183439847,8.81350183439847,12.833333333333334,3.0,1.0,,80.0,80.0,100.0,0.6867663767063743,95.0,A+
RATNAVEER.NS,6,5,1,0,6,83.33333333333334,7.226441816077096,7.226441816077096,4.0,4.2,5.0,0.0,80.0,80.0,100.0,1.806610454019274,87.12,A+
GPIL.NS,6,5,1,0,6,83.33333333333334,11.11873645977498,11.11873645977498,13.666666666666666,16.2,2.0,0.0,60.0,60.0,60.0,0.8135660824225595,86.33,A+
SWARAJ.NS,8,5,2,1,7,71.42857142857143,7.8716716715265775,7.8716716715265775,10.5,4.4,5.0,0.0,80.0,100.0,100.0,0.7496830163358645,85.37,A+
TATAINVEST.NS,6,5,1,0,6,83.33333333333334,11.767039181901401,11.767039181901401,5.833333333333333,5.8,9.0,4.0,40.0,80.0,100.0,2.017206716897383,85.33,A+
KAVDEFENCE.NS,8,6,1,1,7,85.71428571428571,10.991861296532457,10.991861296532457,16.0,8.0,8.5,19.0,33.33333333333333,66.66666666666666,100.0,0.6869913310332786,84.95,A+
HFCL.NS,7,6,1,0,7,85.71428571428571,14.769305242861439,14.769305242861439,15.428571428571429,16.666666666666668,10.0,8.0,33.33333333333333,50.0,66.66666666666666,0.9572697842595377,83.29,A+
SUPREMEINF.NS,10,8,2,0,10,80.0,13.585363868216414,13.585363868216414,8.1,9.125,7.0,4.0,37.5,62.5,100.0,1.677205415829187,83.25,A+
VISACHROME.NS,7,5,1,1,6,83.33333333333334,7.935063705315054,7.935063705315054,20.142857142857142,12.0,8.0,21.0,20.0,60.0,80.0,0.3939393328879814,83.23,A+
MAANALU.NS,15,10,5,0,15,66.66666666666666,6.65605153906863,6.65605153906863,6.266666666666667,8.7,2.5,0.4,70.0,80.0,80.0,1.0621358838939303,81.57,A+
SKYGOLD.NS,12,8,4,0,12,66.66666666666666,7.474879064250036,7.474879064250036,11.333333333333334,15.0,3.5,3.5,62.5,75.0,75.0,0.6595481527279443,81.35,A+
BAGFILMS.NS,6,4,2,0,6,66.66666666666666,8.521404548738868,8.521404548738868,7.833333333333333,8.5,5.0,6.5,50.0,75.0,75.0,1.0878388785624087,81.17,A+
INDNIPPON.NS,7,4,1,2,5,80.0,9.23506187883759,9.23506187883759,27.285714285714285,17.25,10.0,0.0,25.0,50.0,75.0,0.3384577651930007,81.0,A+
MUTHOOTFIN.NS,6,4,1,1,5,80.0,4.108529346867669,4.108529346867669,15.0,6.75,2.5,2.0,75.0,75.0,75.0,0.2739019564578446,80.42,A+
JGCHEM.NS,7,5,2,0,7,71.42857142857143,6.923176050676571,6.923176050676571,14.285714285714286,9.8,5.0,25.0,60.0,60.0,60.0,0.48462232354735996,79.89,A+
SONATSOFTW.NS,7,5,2,0,7,71.42857142857143,5.392880961453792,5.392880961453792,5.285714285714286,6.2,1.0,1.5,60.0,80.0,80.0,1.020274776491258,79.5,A+
SIGMA.NS,9,6,3,0,9,66.66666666666666,5.868947653331461,5.868947653331461,3.888888888888889,4.0,2.5,3.3333333333333335,66.66666666666666,83.33333333333334,100.0,1.5091579679995186,78.67,A+
INDSWFTLAB.NS,11,7,4,0,11,63.63636363636363,7.584051378435124,7.584051378435124,11.272727272727273,16.285714285714285,3.0,1.75,57.14285714285714,57.14285714285714,57.14285714285714,0.6727787513127932,78.52,A+
BSE.NS,16,10,5,1,15,66.66666666666666,5.954366427089175,5.954366427089175,10.6875,8.4,5.5,4.6,50.0,80.0,80.0,0.5571337007802737,77.47,A+
HUBTOWN.NS,13,8,5,0,13,61.53846153846154,9.616694011863832,9.616694011863832,8.153846153846153,10.875,7.5,3.6,37.5,75.0,75.0,1.1794058693795266,77.12,A+
BALRAMCHIN.NS,7,5,2,0,7,71.42857142857143,5.145559122199513,5.145559122199513,11.428571428571429,13.4,3.0,5.5,60.0,60.0,60.0,0.4502364231924574,77.11,A+
TIPSMUSIC.NS,9,6,3,0,9,66.66666666666666,6.703425412125324,6.703425412125324,5.555555555555555,6.5,5.5,3.0,50.0,83.33333333333334,100.0,1.2066165741825585,76.97,A+
IRIS.NS,7,4,2,1,6,66.66666666666666,3.6655586993436287,3.6655586993436287,14.571428571428571,5.0,5.0,11.0,50.0,100.0,100.0,0.2515579499549549,76.89,A+
GMRP&UI.NS,7,5,2,0,7,71.42857142857143,3.4346134323693827,3.4346134323693827,10.428571428571429,6.4,5.0,20.0,60.0,80.0,100.0,0.3293464935148723,76.44,A+
BCONCEPTS.NS,13,8,5,0,13,61.53846153846154,4.803442714483389,4.803442714483389,6.0,6.875,4.5,3.8,62.5,87.5,87.5,0.8005737857472316,76.37,A+
NINSYS.NS,7,4,3,0,7,57.14285714285714,7.2703624938842575,7.2703624938842575,7.142857142857143,11.75,5.0,0.0,50.0,75.0,75.0,1.017850749143796,76.22,A+
INDOTECH.NS,15,9,6,0,15,60.0,3.5685913631931694,3.5685913631931694,3.2,2.5555555555555554,2.0,3.8333333333333335,88.88888888888889,100.0,100.0,1.1151848009978653,76.08,A+
TARAPUR.NS,9,6,3,0,9,66.66666666666666,3.041100522263956,3.041100522263956,5.222222222222222,3.6666666666666665,4.0,8.333333333333334,83.33333333333334,100.0,100.0,0.582338397880332,75.92,A+
LGHL.NS,13,9,4,0,13,69.23076923076923,5.018930261268612,5.018930261268612,6.3076923076923075,6.777777777777778,6.0,4.5,44.44444444444444,77.77777777777779,100.0,0.7956840658108776,75.81,A+
RELIABLE.NS,11,6,5,0,11,54.54545454545454,6.422976428243351,6.422976428243351,8.727272727272727,11.833333333333334,4.0,4.6,66.66666666666666,83.33333333333334,83.33333333333334,0.7359660490695508,75.69,A+
ASTRAMICRO.NS,11,7,3,1,10,70.0,6.049985937056814,6.049985937056814,16.90909090909091,14.142857142857142,6.0,8.333333333333334,42.857142857142854,57.14285714285714,71.42857142857143,0.3577948672452954,75.67,A+
BEARDSELL.NS,12,7,5,0,12,58.333333333333336,5.273291584786584,5.273291584786584,6.666666666666667,7.285714285714286,5.0,5.4,71.42857142857143,85.71428571428571,85.71428571428571,0.7909937377179875,75.64,A+
MKPL.NS,6,3,2,1,5,60.0,4.565384492213629,4.565384492213629,22.833333333333332,2.6666666666666665,1.0,33.5,66.66666666666666,100.0,100.0,0.19994384637431953,75.63,A+
VIYASH.NS,6,3,1,2,4,75.0,2.661791687927558,2.661791687927558,28.0,14.333333333333334,5.0,5.0,66.66666666666666,66.66666666666666,66.66666666666666,0.09506398885455565,75.33,A+
NTPC.NS,9,7,2,0,9,77.77777777777779,4.378152215913257,4.378152215913257,13.0,14.0,9.0,9.5,28.57142857142857,57.14285714285714,85.71428571428571,0.33678093968563516,75.17,A+
SERVOTECH.NS,13,7,6,0,13,53.84615384615385,6.7926391457132524,6.7926391457132524,4.3076923076923075,5.714285714285714,6.0,2.3333333333333335,28.57142857142857,100.0,100.0,1.5768626588262908,74.65,A
BELRISE.NS,7,5,2,0,7,71.42857142857143,3.2974043177482195,3.2974043177482195,7.714285714285714,10.2,5.0,0.0,60.0,60.0,80.0,0.42744130044884326,74.22,A
BECTORFOOD.NS,6,3,2,1,5,60.0,5.7813429262599385,5.7813429262599385,18.166666666666668,15.333333333333334,5.0,0.0,66.66666666666666,66.66666666666666,66.66666666666666,0.3182390601610975,74.2,A
ATULAUTO.NS,9,5,4,0,9,55.55555555555556,5.9499165850610405,5.9499165850610405,5.555555555555555,9.0,2.0,0.0,80.0,80.0,80.0,1.0709849853109874,74.02,A
WEBELSOLAR.NS,9,5,4,0,9,55.55555555555556,7.772829725655291,7.772829725655291,6.111111111111111,10.2,7.0,0.0,40.0,80.0,80.0,1.2719175914708658,73.87,A
63MOONS.NS,7,4,2,1,6,66.66666666666666,3.222636867450223,3.222636867450223,21.0,9.25,1.0,23.5,75.0,75.0,75.0,0.15345889845001062,73.7,A
ELECTHERM.NS,12,8,4,0,12,66.66666666666666,1.7151337677096399,1.7151337677096399,7.833333333333333,5.125,4.5,13.0,75.0,87.5,100.0,0.21895324694165616,73.6,A
SPMLINFRA.NS,11,6,5,0,11,54.54545454545454,5.870604069874392,5.870604069874392,8.181818181818182,11.5,3.0,3.8,66.66666666666666,66.66666666666666,66.66666666666666,0.7175182752068702,73.16,A
ETERNAL.NS,6,4,1,1,5,80.0,11.539725387538477,11.539725387538477,30.5,20.5,16.0,40.0,25.0,50.0,50.0,0.37835165205044186,73.0,A
NDL.NS,6,3,2,1,5,60.0,4.79773001978557,4.79773001978557,13.5,6.333333333333333,7.0,0.5,33.33333333333333,100.0,100.0,0.3553874088730052,73.0,A
SOLARINDS.NS,12,7,4,1,11,63.63636363636363,5.932673162219806,5.932673162219806,12.833333333333334,11.714285714285714,9.0,2.5,14.285714285714285,57.14285714285714,85.71428571428571,0.4622862204327121,72.94,A
NITCO.NS,11,7,4,0,11,63.63636363636363,4.944193832612185,4.944193832612185,8.181818181818182,8.428571428571429,6.0,7.75,42.857142857142854,71.42857142857143,85.71428571428571,0.6042903573192671,72.82,A
KERNEX.NS,18,11,7,0,18,61.111111111111114,4.788569047512334,4.788569047512334,10.88888888888889,6.909090909090909,6.0,16.714285714285715,45.45454545454545,72.72727272727273,100.0,0.43976654517970415,72.7,A
SHAILY.NS,16,9,7,0,16,56.25,5.668844248905428,5.668844248905428,6.9375,11.0,7.0,1.0,33.33333333333333,77.77777777777779,77.77777777777779,0.8171307025449265,72.64,A
KRITIKA.NS,7,5,2,0,7,71.42857142857143,12.148303376425371,12.148303376425371,16.857142857142858,23.0,11.0,0.0,40.0,40.0,60.0,0.7206620647031999,72.57,A
AUROPHARMA.NS,9,5,3,1,8,62.5,4.47626360500584,4.47626360500584,21.333333333333332,23.0,3.0,4.666666666666667,60.0,60.0,60.0,0.20982485648464877,72.49,A
ENERGYDEV.NS,8,5,3,0,8,62.5,1.884523972865717,1.884523972865717,3.375,3.0,3.0,3.6666666666666665,80.0,100.0,100.0,0.558377473441694,72.44,A
RSSOFTWARE.NS,9,5,3,1,8,62.5,1.868871669780817,1.868871669780817,9.444444444444445,1.8,2.0,4.333333333333333,100.0,100.0,100.0,0.19788052974149825,72.42,A
SOBHA.NS,9,5,4,0,9,55.55555555555556,6.120568908798727,6.120568908798727,8.444444444444445,13.0,3.0,2.0,60.0,60.0,60.0,0.7248042128840598,72.29,A
EMSLIMITED.NS,6,4,2,0,6,66.66666666666666,5.8063803663505515,5.8063803663505515,6.0,8.5,9.0,0.0,25.0,50.0,100.0,0.9677300610584253,72.24,A
SIGMAADV.NS,9,5,4,0,9,55.55555555555556,8.286563006541522,8.286563006541522,10.11111111111111,9.8,7.0,10.25,20.0,60.0,100.0,0.8195501874601506,72.22,A
TREJHARA.NS,8,4,3,1,7,57.14285714285714,4.5198131794218765,4.5198131794218765,14.875,12.0,4.0,2.3333333333333335,75.0,75.0,75.0,0.3038529868518909,71.92,A
SUMIT.NS,13,7,6,0,13,53.84615384615385,3.124715117908106,3.124715117908106,5.846153846153846,4.714285714285714,4.0,6.666666666666667,71.42857142857143,100.0,100.0,0.5344907438527023,71.92,A
HINDCON.NS,7,3,3,1,6,50.0,4.717361978040013,4.717361978040013,9.571428571428571,0.6666666666666666,1.0,0.0,100.0,100.0,100.0,0.49285871412358345,71.87,A
GLOBAL.NS,9,4,4,1,8,50.0,4.645280211274176,4.645280211274176,8.222222222222221,2.5,1.5,0.0,75.0,100.0,100.0,0.5649665121819943,71.76,A
JYOTISTRUC.NS,6,4,2,0,6,66.66666666666666,11.922494662516252,11.922494662516252,9.0,12.25,11.0,2.5,50.0,50.0,75.0,1.3247216291684725,71.67,A
JINDALSAW.NS,9,5,3,1,8,62.5,5.813347357603416,5.813347357603416,16.555555555555557,14.8,8.0,3.6666666666666665,20.0,60.0,60.0,0.3511417867008774,71.58,A
PARASPETRO.NS,7,4,3,0,7,57.14285714285714,4.287872158669858,4.287872158669858,10.142857142857142,7.75,3.5,13.333333333333334,75.0,75.0,75.0,0.422747959305479,71.56,A
ADROITINFO.NS,15,8,7,0,15,53.333333333333336,2.3781388403725723,2.3781388403725723,7.266666666666667,2.875,1.5,11.857142857142858,75.0,100.0,100.0,0.3272668128953081,71.55,A
SENCO.NS,7,4,3,0,7,57.14285714285714,3.991869383913497,3.991869383913497,6.571428571428571,9.0,4.5,2.0,50.0,75.0,75.0,0.6074583845085756,71.09,A
3PLAND.NS,9,4,4,1,8,50.0,4.203144737558822,4.203144737558822,8.0,2.0,1.5,0.0,100.0,100.0,100.0,0.5253930921948528,71.07,A
SALSTEEL.NS,12,6,6,0,12,50.0,4.462906448450629,4.462906448450629,11.0,4.5,3.5,17.166666666666668,66.66666666666666,83.33333333333334,100.0,0.40571876804096624,70.81,A
GLOBALVECT.NS,9,5,3,1,8,62.5,3.919912478817141,3.919912478817141,15.222222222222221,12.4,7.0,4.333333333333333,40.0,80.0,80.0,0.25751249860842534,70.62,A
RPOWER.NS,11,6,5,0,11,54.54545454545454,2.0066835816867186,2.0066835816867186,8.818181818181818,2.5,1.0,16.0,83.33333333333334,100.0,100.0,0.22756205565519488,70.45,A
DICIND.NS,6,3,2,1,5,60.0,3.348652708389908,3.348652708389908,17.666666666666668,14.333333333333334,2.0,0.0,66.66666666666666,66.66666666666666,66.66666666666666,0.18954637972018346,70.4,A
CHENNPETRO.NS,13,6,6,1,12,50.0,4.136240110407352,4.136240110407352,10.76923076923077,5.333333333333333,3.5,7.333333333333333,66.66666666666666,83.33333333333334,100.0,0.3840794388235398,70.3,A
S&SPOWER.NS,19,9,8,2,17,52.94117647058824,1.504794184226269,1.504794184226269,13.210526315789474,4.111111111111111,4.0,11.125,66.66666666666666,100.0,100.0,0.1139087231087614,70.03,A
VPRPL.NS,6,3,3,0,6,50.0,5.3951308515106,5.3951308515106,3.8333333333333335,6.666666666666667,7.0,0.0,33.33333333333333,100.0,100.0,1.4074254395245043,69.93,A
MBLINFRA.NS,7,3,3,1,6,50.0,5.588738163606193,5.588738163606193,12.857142857142858,5.0,2.0,4.0,66.66666666666666,66.66666666666666,100.0,0.4346796349471483,69.9,A
TIMETECHNO.NS,17,8,8,1,16,50.0,3.7022398859607715,3.7022398859607715,8.882352941176471,8.5,3.0,2.25,62.5,75.0,87.5,0.4168084639823385,69.78,A
KPIGREEN.NS,19,10,9,0,19,52.63157894736842,2.697866050188643,2.697866050188643,5.894736842105263,6.1,3.0,4.888888888888889,80.0,80.0,90.0,0.45767370494271625,69.77,A
NDRAUTO.NS,16,8,7,1,15,53.333333333333336,2.7891355605787065,2.7891355605787065,9.8125,9.125,3.5,2.2857142857142856,75.0,75.0,87.5,0.2842431144538809,69.69,A
WANBURY.NS,17,9,8,0,17,52.94117647058824,2.638852484546431,2.638852484546431,9.588235294117647,10.444444444444445,4.0,8.125,66.66666666666666,77.77777777777779,77.77777777777779,0.2752177437870511,69.58,A
DWARKESH.NS,6,3,3,0,6,50.0,3.0913893182166436,3.0913893182166436,1.3333333333333333,0.6666666666666666,0.0,0.6666666666666666,100.0,100.0,100.0,2.3185419886624827,69.33,A
ATLANTAA.NS,12,5,6,1,11,45.45454545454545,3.4862823277736545,3.4862823277736545,8.5,3.8,4.0,3.1666666666666665,80.0,100.0,100.0,0.4101508620910182,69.13,A
ZEEMEDIA.NS,6,3,2,1,5,60.0,4.43693013764729,4.43693013764729,14.666666666666666,7.333333333333333,6.0,2.5,33.33333333333333,66.66666666666666,100.0,0.30251796393049707,69.1,A
RVHL.NS,7,4,3,0,7,57.14285714285714,4.630983353002695,4.630983353002695,12.857142857142858,7.0,5.5,20.0,50.0,75.0,100.0,0.36018759412243184,69.09,A
ZODIAC.NS,8,4,3,1,7,57.14285714285714,2.686343439117812,2.686343439117812,13.375,7.0,2.5,6.0,75.0,75.0,75.0,0.20084810759759342,69.05,A
AQYLON.NS,8,4,4,0,8,50.0,9.748770107293144,9.748770107293144,20.75,13.0,9.5,28.5,25.0,50.0,75.0,0.4698202461346093,69.0,A
GOODLUCK.NS,11,5,5,1,10,50.0,6.636693434287337,6.636693434287337,11.909090909090908,12.8,10.0,0.6,20.0,60.0,80.0,0.5572796013523719,68.87,A
IIFLCAPS.NS,7,3,3,1,6,50.0,6.813044620772746,6.813044620772746,22.714285714285715,22.666666666666668,7.0,9.333333333333334,33.33333333333333,66.66666666666666,66.66666666666666,0.2999453606629511,68.81,A
ZUARI.NS,9,5,4,0,9,55.55555555555556,3.8926165329337183,3.8926165329337183,11.333333333333334,13.4,5.0,8.5,60.0,60.0,60.0,0.3434661646706222,68.8,A
ARVSMART.NS,13,6,6,1,12,50.0,4.105866962777203,4.105866962777203,13.23076923076923,13.833333333333334,5.0,3.8333333333333335,50.0,66.66666666666666,83.33333333333334,0.31032715416339324,68.58,A
POONAWALLA.NS,10,5,3,2,8,62.5,3.2129714472553252,3.2129714472553252,24.2,16.0,9.0,13.666666666666666,0.0,60.0,60.0,0.1327674151758399,68.52,A
ATGL.NS,8,4,4,0,8,50.0,2.502580523158426,2.502580523158426,6.5,3.25,3.5,8.75,50.0,100.0,100.0,0.38501238817821937,68.41,A
SANSERA.NS,17,9,7,1,16,56.25,2.4563939211786687,2.4563939211786687,10.294117647058824,8.0,4.0,5.285714285714286,55.55555555555556,55.55555555555556,100.0,0.23862112377164207,68.39,A
TERASOFT.NS,15,8,7,0,15,53.333333333333336,3.7770673973544033,3.7770673973544033,4.2,6.125,5.5,1.1428571428571428,50.0,75.0,100.0,0.899301761274858,68.24,A
ORCHPHARMA.NS,14,8,6,0,14,57.14285714285714,2.2610731706514855,2.2610731706514855,8.214285714285714,9.0,5.0,6.5,50.0,62.5,75.0,0.27526108164452867,68.14,A
MACPOWER.NS,15,7,8,0,15,46.666666666666664,2.7625497963678893,2.7625497963678893,5.4,8.0,2.0,2.375,71.42857142857143,85.71428571428571,85.71428571428571,0.5115832956236832,68.05,A
RADAAN.NS,14,8,6,0,14,57.14285714285714,3.26345046938449,3.26345046938449,13.714285714285714,10.875,7.5,17.333333333333332,12.5,75.0,75.0,0.23795993005928576,67.96,A
SATIN.NS,14,6,7,1,13,46.15384615384615,4.6340759694164495,4.6340759694164495,12.857142857142858,13.666666666666666,5.0,4.142857142857143,50.0,66.66666666666666,66.66666666666666,0.36042813095461274,67.87,A
VASCONEQ.NS,7,4,3,0,7,57.14285714285714,9.109523062362417,9.109523062362417,12.857142857142858,21.0,12.0,1.3333333333333333,25.0,50.0,75.0,0.7085184604059658,67.86,A
PIGL.NS,14,7,6,1,13,53.84615384615385,0.5034900568264972,0.5034900568264972,9.928571428571429,3.2857142857142856,2.0,9.166666666666666,71.42857142857143,100.0,100.0,0.05071122874511482,67.83,A
GVT&D.NS,18,9,8,1,17,52.94117647058824,2.842916894238714,2.842916894238714,12.38888888888889,12.88888888888889,4.0,5.125,55.55555555555556,55.55555555555556,88.88888888888889,0.22947311253944774,67.67,A
PCBL.NS,7,4,3,0,7,57.14285714285714,3.712699391023521,3.712699391023521,7.428571428571429,7.75,5.5,7.0,50.0,75.0,100.0,0.4997864564839355,67.66,A
PRAJIND.NS,12,6,5,1,11,54.54545454545454,4.175001552286265,4.175001552286265,13.416666666666666,11.666666666666666,9.0,5.6,33.33333333333333,66.66666666666666,83.33333333333334,0.31118023992195765,67.51,A
KEYFINSERV.NS,10,5,5,0,10,50.0,2.521560430258492,2.521560430258492,4.2,5.4,3.0,2.2,60.0,80.0,100.0,0.6003715310139266,67.44,A
NFL.NS,7,4,3,0,7,57.14285714285714,5.132565356332912,5.132565356332912,9.142857142857142,10.75,10.0,6.666666666666667,50.0,50.0,75.0,0.5613743358489123,67.38,A
CUBEXTUB.NS,16,8,8,0,16,50.0,0.5601343421075178,0.5601343421075178,6.375,2.0,2.0,10.0,100.0,100.0,100.0,0.08786421052666946,67.38,A
THOMASCOTT.NS,11,5,5,1,10,50.0,4.362624055525152,4.362624055525152,10.727272727272727,8.6,7.0,2.6,40.0,80.0,80.0,0.40668529331166675,67.32,A
AVROIND.NS,10,5,5,0,10,50.0,3.702084683282718,3.702084683282718,6.5,9.6,5.0,2.6,60.0,60.0,80.0,0.5695514897358028,67.28,A
REDTAPE.NS,6,4,2,0,6,66.66666666666666,5.14469847601488,5.14469847601488,6.666666666666667,9.5,11.0,0.0,25.0,50.0,100.0,0.7717047714022319,67.21,A
GEEKAYWIRE.NS,14,7,7,0,14,50.0,1.0888943342230692,1.0888943342230692,4.0,1.8571428571428572,1.0,5.571428571428571,100.0,100.0,100.0,0.2722235835557673,67.2,A
RAILTEL.NS,7,4,2,1,6,66.66666666666666,6.710868411112451,6.710868411112451,21.142857142857142,21.5,14.0,0.0,25.0,25.0,75.0,0.31740593836342673,67.15,A
BHARATWIRE.NS,13,7,6,0,13,53.84615384615385,3.7885189662227585,3.7885189662227585,6.538461538461538,7.857142857142857,6.0,4.0,42.857142857142854,71.42857142857143,85.71428571428571,0.5794205477752454,67.1,A
ABINFRA.NS,15,8,7,0,15,53.333333333333336,3.84507744304439,3.84507744304439,6.0,8.0,7.5,3.142857142857143,50.0,62.5,100.0,0.6408462405073984,67.09,A
GOKEX.NS,9,4,4,1,8,50.0,3.180396305395209,3.180396305395209,16.88888888888889,13.5,3.5,9.0,75.0,75.0,75.0,0.18831293913524264,66.97,A
HERITGFOOD.NS,6,3,2,1,5,60.0,1.1036977946597013,1.1036977946597013,14.5,5.666666666666667,2.0,4.0,66.66666666666666,66.66666666666666,100.0,0.07611708928687595,66.89,A
TI.NS,18,8,9,1,17,47.05882352941176,2.5551566672340686,2.5551566672340686,10.0,7.0,4.0,6.222222222222222,62.5,75.0,87.5,0.25551566672340686,66.82,A
HARIOMPIPE.NS,7,4,3,0,7,57.14285714285714,4.592746075644954,4.592746075644954,9.428571428571429,13.5,8.0,3.3333333333333335,50.0,50.0,75.0,0.48710943226537395,66.53,A
KIRLPNU.NS,9,5,4,0,9,55.55555555555556,4.306686848630481,4.306686848630481,9.444444444444445,12.8,7.0,5.0,40.0,60.0,80.0,0.4560021369138156,66.45,A
SOLEX.NS,14,6,7,1,13,46.15384615384615,1.5933165629465482,1.5933165629465482,10.928571428571429,3.6666666666666665,3.5,9.857142857142858,83.33333333333334,100.0,100.0,0.14579367242648153,66.45,A
LUPIN.NS,9,4,4,1,8,50.0,2.816287643520055,2.816287643520055,15.0,11.0,2.5,7.25,75.0,75.0,75.0,0.18775250956800366,66.4,A
SOUTHBANK.NS,9,3,4,2,7,42.857142857142854,2.9790291572702805,2.9790291572702805,17.77777777777778,5.666666666666667,5.0,5.0,66.66666666666666,100.0,100.0,0.16757039009645328,66.3,A
BDL.NS,18,8,10,0,18,44.44444444444444,2.7777700861845678,2.7777700861845678,6.333333333333333,10.375,2.5,2.3,62.5,75.0,87.5,0.4385952767659844,66.12,A
NAVKARCORP.NS,10,6,4,0,10,60.0,8.313134668024876,8.313134668024876,17.5,19.833333333333332,16.0,13.75,33.33333333333333,50.0,50.0,0.4750362667442786,66.0,A
GODREJCP.NS,7,3,3,1,6,50.0,0.9091960933320582,0.9091960933320582,10.857142857142858,0.3333333333333333,0.0,4.0,100.0,100.0,100.0,0.08374174543847904,65.92,A
APOLLO.NS,15,7,8,0,15,46.666666666666664,3.160361241916796,3.160361241916796,6.0,10.428571428571429,1.0,1.5,57.14285714285714,57.14285714285714,71.42857142857143,0.5267268736527994,65.82,A
EPIGRAL.NS,7,4,3,0,7,57.14285714285714,4.1287746637225755,4.1287746637225755,11.428571428571429,13.25,6.5,8.333333333333334,50.0,50.0,75.0,0.3612677830757253,65.81,A
SUVEN.NS,11,5,5,1,10,50.0,3.391316308292792,3.391316308292792,13.818181818181818,14.0,7.0,3.0,40.0,80.0,80.0,0.24542420652118888,65.8,A
IZMO.NS,13,5,7,1,12,41.66666666666667,5.5106030707734375,5.5106030707734375,12.76923076923077,9.0,9.0,8.0,20.0,80.0,100.0,0.4315532525304499,65.78,A
MANAPPURAM.NS,8,4,2,2,6,66.66666666666666,4.182554566912211,4.182554566912211,23.375,11.0,11.5,10.5,0.0,50.0,100.0,0.17893281569677907,65.7,A
AVONMORE.NS,10,6,4,0,10,60.0,2.648757329238449,2.648757329238449,8.7,8.333333333333334,9.0,8.25,33.33333333333333,50.0,100.0,0.30445486542970684,65.64,A
APOLLOHOSP.NS,7,3,3,1,6,50.0,2.833692169266445,2.833692169266445,23.571428571428573,20.333333333333332,2.0,14.333333333333334,66.66666666666666,66.66666666666666,66.66666666666666,0.12021724354463705,65.59,A
NATIONALUM.NS,13,5,6,2,11,45.45454545454545,4.402685318281395,4.402685318281395,14.76923076923077,12.6,6.0,1.0,40.0,80.0,80.0,0.29809848509196946,65.56,A
SARDAEN.NS,14,7,6,1,13,53.84615384615385,1.8229978084745306,1.8229978084745306,12.714285714285714,8.857142857142858,8.0,8.666666666666666,42.857142857142854,85.71428571428571,85.71428571428571,0.14338185010473836,65.46,A
INOXWIND.NS,10,4,5,1,9,44.44444444444444,2.967820752131516,2.967820752131516,13.1,11.5,4.5,4.0,50.0,75.0,75.0,0.22655120245278748,65.41,A
PTCIL.NS,11,4,5,2,9,44.44444444444444,2.8759263981373056,2.8759263981373056,14.636363636363637,8.25,4.5,1.2,75.0,75.0,75.0,0.19649186571124447,65.27,A
ELGIEQUIP.NS,10,5,5,0,10,50.0,-0.15545360469038894,-0.15545360469038894,10.6,3.8,0.0,16.4,60.0,100.0,100.0,-0.014665434404753673,65.26,A
SUKHJITS.NS,8,4,3,1,7,57.14285714285714,0.19639187074985998,0.19639187074985998,15.625,2.75,0.0,16.666666666666668,75.0,75.0,100.0,0.012569079727991038,65.16,A
ORIENTCEM.NS,9,3,4,2,7,42.857142857142854,2.217251701764247,2.217251701764247,17.11111111111111,4.333333333333333,4.0,4.75,66.66666666666666,100.0,100.0,0.12957964490830015,65.11,A
CEATLTD.NS,12,7,5,0,12,58.333333333333336,5.72607237537576,5.72607237537576,11.083333333333334,13.142857142857142,12.0,7.6,28.57142857142857,42.857142857142854,85.71428571428571,0.5166381090564596,65.07,A
ABCOTS.NS,7,4,2,1,6,66.66666666666666,7.912995476079908,7.912995476079908,18.285714285714285,14.75,16.0,4.5,25.0,25.0,50.0,0.43274194009812,65.03,A
NAHARPOLY.NS,6,3,3,0,6,50.0,4.341179349894641,4.341179349894641,5.166666666666667,9.333333333333334,9.0,0.0,0.0,66.66666666666666,100.0,0.8402282612699304,64.95,B
VEEDOL.NS,6,4,2,0,6,66.66666666666666,1.0816161149033834,1.0816161149033834,8.5,9.5,8.5,5.5,50.0,50.0,75.0,0.1272489546945157,64.86,B
SHRIPISTON.NS,14,7,7,0,14,50.0,4.254549300488759,4.254549300488759,11.214285714285714,19.142857142857142,9.0,2.857142857142857,14.285714285714285,57.14285714285714,57.14285714285714,0.3793865618270231,64.86,B
PREMEXPLN.NS,11,5,5,1,10,50.0,2.767454618383035,2.767454618383035,11.454545454545455,10.8,6.0,1.8,20.0,80.0,80.0,0.24160318096994748,64.82,B
NETWEB.NS,12,6,6,0,12,50.0,3.573427687622552,3.573427687622552,9.333333333333334,7.5,5.5,10.5,50.0,66.66666666666666,100.0,0.3828672522452734,64.75,B
NUVAMA.NS,13,6,7,0,13,46.15384615384615,2.551901348184865,2.551901348184865,8.846153846153847,14.666666666666666,1.0,3.0,66.66666666666666,66.66666666666666,66.66666666666666,0.2884758045774195,64.62,B
AURIONPRO.NS,14,7,7,0,14,50.0,4.054835451477394,4.054835451477394,7.785714285714286,11.142857142857142,7.0,3.857142857142857,42.857142857142854,57.14285714285714,85.71428571428571,0.5208045534007661,64.55,B
SUMMITSEC.NS,13,6,7,0,13,46.15384615384615,2.478233423419449,2.478233423419449,5.0,7.0,3.0,2.142857142857143,50.0,66.66666666666666,83.33333333333334,0.49564668468388984,64.5,B
SHREERAMA.NS,11,4,6,1,10,40.0,1.897310713784755,1.897310713784755,9.818181818181818,2.25,1.0,5.666666666666667,75.0,100.0,100.0,0.19324460973733615,64.46,B
ADSL.NS,10,4,5,1,9,44.44444444444444,2.3311978697947504,2.3311978697947504,11.8,5.75,3.5,6.2,75.0,75.0,100.0,0.1975591415080297,64.42,B
FINEORG.NS,9,4,5,0,9,44.44444444444444,1.3382245890973363,1.3382245890973363,2.4444444444444446,3.25,2.5,0.6,75.0,100.0,100.0,0.5474555137216376,64.37,B
KSB.NS,16,7,8,1,15,46.666666666666664,1.2550873925524677,1.2550873925524677,10.6875,7.857142857142857,4.0,6.25,57.14285714285714,71.42857142857143,85.71428571428571,0.11743507766572797,64.27,B
JKTYRE.NS,6,2,3,1,5,40.0,4.329153773906205,4.329153773906205,15.5,8.0,8.0,5.0,0.0,100.0,100.0,0.2793002434778197,64.26,B
TRF.NS,13,6,7,0,13,46.15384615384615,2.316251139299296,2.316251139299296,6.384615384615385,6.666666666666667,3.0,5.857142857142857,66.66666666666666,66.66666666666666,100.0,0.36278632302278124,64.25,B
MAHLIFE.NS,11,4,6,1,10,40.0,1.7574365894899886,1.7574365894899886,9.636363636363637,4.25,5.0,4.0,50.0,100.0,100.0,0.18237549513575352,64.25,B
UTLSOLAR.NS,6,3,3,0,6,50.0,1.7190897749404537,1.7190897749404537,5.666666666666667,6.0,7.0,5.333333333333333,33.33333333333333,100.0,100.0,0.30336878381302124,64.19,B
SHREEPUSHK.NS,10,5,5,0,10,50.0,1.7172396837352586,1.7172396837352586,12.3,15.8,5.0,8.2,60.0,60.0,60.0,0.1396129824175007,64.18,B
IRCON.NS,8,5,3,0,8,62.5,4.871034812027895,4.871034812027895,14.375,16.6,12.0,10.333333333333334,20.0,40.0,80.0,0.3388545956193318,64.11,B
INDOTHAI.NS,10,5,4,1,9,55.55555555555556,-0.3955077306146434,-0.3955077306146434,13.0,4.6,6.0,11.75,40.0,100.0,100.0,-0.030423671585741798,64.1,B
KAMATHOTEL.NS,11,5,6,0,11,45.45454545454545,2.8299484847983516,2.8299484847983516,7.545454545454546,10.6,3.0,4.666666666666667,60.0,60.0,60.0,0.3750534136479743,64.1,B
MANKIND.NS,6,3,3,0,6,50.0,1.87309351869911,1.87309351869911,11.0,12.666666666666666,4.0,8.666666666666666,66.66666666666666,66.66666666666666,66.66666666666666,0.17028122897264636,64.09,B
HUDCO.NS,7,3,3,1,6,50.0,3.7429584053385483,3.7429584053385483,14.285714285714286,8.0,7.0,4.666666666666667,33.33333333333333,66.66666666666666,100.0,0.26200708837369835,64.02,B
MANAKCOAT.NS,9,3,5,1,8,37.5,2.8710057438668093,2.8710057438668093,9.0,5.333333333333333,5.0,0.0,66.66666666666666,100.0,100.0,0.31900063820742325,63.99,B
HSCL.NS,18,7,10,1,17,41.17647058823529,1.5201771717586092,1.5201771717586092,8.11111111111111,7.142857142857143,3.0,2.8,57.14285714285714,85.71428571428571,85.71428571428571,0.18741910336749978,63.92,B
APOLSINHOT.NS,7,2,4,1,6,33.33333333333333,3.8597887580857524,3.8597887580857524,9.714285714285714,1.5,1.5,0.0,100.0,100.0,100.0,0.39733119568529807,63.86,B
DECCANCE.NS,7,3,3,1,6,50.0,1.625674536643997,1.625674536643997,12.714285714285714,8.0,2.0,1.0,66.66666666666666,66.66666666666666,66.66666666666666,0.12786204220795483,63.71,B
SEMAC.NS,14,6,7,1,13,46.15384615384615,0.8490359414559426,0.8490359414559426,7.142857142857143,5.166666666666667,2.5,0.0,66.66666666666666,83.33333333333334,100.0,0.11886503180383197,63.62,B
RKDL.NS,12,5,7,0,12,41.66666666666667,0.9022989178186568,0.9022989178186568,4.416666666666667,4.6,5.0,3.857142857142857,60.0,100.0,100.0,0.2042940946004506,63.58,B
TRENT.NS,10,5,5,0,10,50.0,3.208041749996153,3.208041749996153,7.7,14.0,8.0,0.6,20.0,60.0,80.0,0.41662879870079905,63.51,B
KOKUYOCMLN.NS,10,5,5,0,10,50.0,3.179514858643882,3.179514858643882,7.9,10.8,7.0,4.6,40.0,60.0,80.0,0.40247023527137743,63.47,B
LEMERITE.NS,6,3,3,0,6,50.0,3.3804477162380064,3.3804477162380064,19.333333333333332,17.333333333333332,7.0,21.0,33.33333333333333,66.66666666666666,66.66666666666666,0.17485074394334518,63.45,B
INDHOTEL.NS,13,7,6,0,13,53.84615384615385,2.258680707004369,2.258680707004369,12.923076923076923,18.428571428571427,10.0,6.166666666666667,14.285714285714285,57.14285714285714,71.42857142857143,0.17477886423248093,63.28,B
HNDFDS.NS,6,3,3,0,6,50.0,1.3385187094183901,1.3385187094183901,5.166666666666667,6.0,3.0,3.6666666666666665,66.66666666666666,66.66666666666666,100.0,0.2590681373067852,63.26,B
BAJAJHIND.NS,14,6,8,0,14,42.857142857142854,0.39015838236574296,0.39015838236574296,8.785714285714286,3.3333333333333335,3.0,12.375,83.33333333333334,100.0,100.0,0.044408271163580496,63.25,B
SENORES.NS,8,4,4,0,8,50.0,2.6918682658263164,2.6918682658263164,8.125,14.5,7.5,1.0,25.0,75.0,75.0,0.3313068634863159,63.21,B
HBLENGINE.NS,23,9,14,0,23,39.130434782608695,0.6479104720581216,0.6479104720581216,5.565217391304348,3.7777777777777777,3.0,6.071428571428571,66.66666666666666,88.88888888888889,100.0,0.11642141294794373,63.05,B
USHAMART.NS,16,7,8,1,15,46.666666666666664,1.3817461539627705,1.3817461539627705,11.875,14.0,4.0,3.0,57.14285714285714,57.14285714285714,71.42857142857143,0.11635757086002277,63.04,B
RAMRAT.NS,12,5,6,1,11,45.45454545454545,2.7237256376915386,2.7237256376915386,11.833333333333334,9.2,7.0,5.166666666666667,20.0,80.0,80.0,0.2301739975513976,62.94,B
PERSISTENT.NS,8,3,3,2,6,50.0,3.0094448784707506,3.0094448784707506,27.125,24.0,9.0,8.0,0.0,66.66666666666666,66.66666666666666,0.1109472766256498,62.87,B
CASTROLIND.NS,6,2,3,1,5,40.0,1.5140071845357663,1.5140071845357663,12.166666666666666,4.5,4.5,0.0,50.0,100.0,100.0,0.12443894667417259,62.87,B
DCMFINSERV.NS,12,6,6,0,12,50.0,-1.794717161291052,-1.794717161291052,10.25,3.8333333333333335,4.5,16.666666666666668,83.33333333333334,100.0,100.0,-0.17509435719912703,62.7,B
TEXMOPIPES.NS,6,3,3,0,6,50.0,-1.159480571142731,-1.159480571142731,5.5,0.6666666666666666,1.0,9.666666666666666,100.0,100.0,100.0,-0.21081464929867835,62.69,B
JKIL.NS,8,4,4,0,8,50.0,3.920304046651256,3.920304046651256,6.625,10.25,9.5,2.25,50.0,50.0,75.0,0.591744007041699,62.63,B
TITAGARH.NS,17,7,10,0,17,41.17647058823529,1.5484390474363412,1.5484390474363412,4.352941176470588,7.142857142857143,2.0,1.4,71.42857142857143,71.42857142857143,85.71428571428571,0.35572248387051086,62.53,B
ANDREWYU.NS,6,3,3,0,6,50.0,2.7780622793105425,2.7780622793105425,6.833333333333333,7.333333333333333,10.0,5.333333333333333,33.33333333333333,66.66666666666666,100.0,0.4065456994112989,62.51,B
AJMERA.NS,6,3,2,1,5,60.0,7.464141066742442,7.464141066742442,19.0,16.666666666666668,20.0,0.0,0.0,33.33333333333333,66.66666666666666,0.3928495298285496,62.5,B
MARINE.NS,14,6,7,1,13,46.15384615384615,-0.9344465680398878,-0.9344465680398878,12.5,2.5,1.5,13.857142857142858,83.33333333333334,100.0,100.0,-0.07475572544319102,62.5,B
MSPL.NS,8,3,5,0,8,37.5,4.014453041023963,4.014453041023963,8.125,18.333333333333332,3.0,1.2,66.66666666666666,66.66666666666666,66.66666666666666,0.49408652812602627,62.44,B
CELEBRITY.NS,9,4,5,0,9,44.44444444444444,0.09013585734281311,0.09013585734281311,3.6666666666666665,2.0,1.0,4.4,100.0,100.0,100.0,0.02458250654803994,62.42,B
WSI.NS,6,3,3,0,6,50.0,0.5854295038854076,0.5854295038854076,11.666666666666666,6.0,7.0,17.0,33.33333333333333,100.0,100.0,0.05017967176160637,62.41,B
JAIBALAJI.NS,8,4,4,0,8,50.0,0.2603773617233971,0.2603773617233971,5.75,4.25,2.0,6.5,75.0,75.0,100.0,0.045283019430156016,62.41,B
NAGREEKCAP.NS,16,7,8,1,15,46.666666666666664,-1.7621873463578241,-1.7621873463578241,9.4375,4.857142857142857,5.0,7.0,57.14285714285714,100.0,100.0,-0.1867218380246701,62.41,B
ESSARSHPNG.NS,8,3,5,0,8,37.5,1.8162650320972258,1.8162650320972258,3.0,2.6666666666666665,3.0,2.6,100.0,100.0,100.0,0.6054216773657419,62.34,B
JAGRAN.NS,7,3,3,1,6,50.0,2.6384330063476122,2.6384330063476122,13.142857142857142,9.666666666666666,7.0,0.0,33.33333333333333,66.66666666666666,100.0,0.20075033743949225,62.29,B
NIRAJ.NS,9,4,5,0,9,44.44444444444444,-0.03958298238008062,-0.03958298238008062,3.4444444444444446,0.75,1.0,5.2,100.0,100.0,100.0,-0.011491833594216955,62.22,B
SARVESHWAR.NS,13,5,8,0,13,38.46153846153847,0.8502066669034648,0.8502066669034648,5.538461538461538,3.2,3.0,6.5,100.0,100.0,100.0,0.15350953707979226,62.21,B
TARMAT.NS,7,3,4,0,7,42.857142857142854,2.470078172745281,2.470078172745281,8.428571428571429,6.666666666666667,1.0,9.0,66.66666666666666,66.66666666666666,100.0,0.2930601221901181,62.17,B
DCAL.NS,7,3,4,0,7,42.857142857142854,2.365236390648774,2.365236390648774,16.0,11.333333333333334,1.0,19.25,66.66666666666666,66.66666666666666,66.66666666666666,0.14782727441554838,62.01,B
JWL.NS,11,5,6,0,11,45.45454545454545,1.484146819678449,1.484146819678449,14.909090909090908,16.2,3.0,13.666666666666666,60.0,60.0,60.0,0.09954643302721305,62.0,B
NILASPACES.NS,9,4,4,1,8,50.0,-1.6071887694664788,-1.6071887694664788,10.88888888888889,2.75,2.0,6.5,75.0,100.0,100.0,-0.14759896862447253,61.99,B
ADANIPORTS.NS,13,6,5,2,11,54.54545454545454,0.6350026156630066,0.6350026156630066,20.923076923076923,9.333333333333334,9.5,18.4,16.666666666666664,66.66666666666666,100.0,0.030349389719187818,61.98,B
NRBBEARING.NS,14,6,8,0,14,42.857142857142854,1.6090667717730527,1.6090667717730527,6.142857142857143,8.833333333333334,4.0,3.5,50.0,66.66666666666666,83.33333333333334,0.26194110238165974,61.82,B
HINDPETRO.NS,11,5,5,1,10,50.0,2.100950859753562,2.100950859753562,14.0,13.6,9.0,4.4,40.0,60.0,60.0,0.15006791855382587,61.78,B
KFINTECH.NS,8,4,4,0,8,50.0,3.374085653635376,3.374085653635376,10.75,17.5,9.5,3.25,0.0,50.0,75.0,0.31386843289631405,61.77,B
SHAKTIPUMP.NS,8,3,4,1,7,42.857142857142854,2.2165850508270166,2.2165850508270166,12.0,7.666666666666667,2.0,3.0,66.66666666666666,66.66666666666666,100.0,0.18471542090225138,61.77,B
MAHSCOOTER.NS,9,3,5,1,8,37.5,1.4402787058567508,1.4402787058567508,11.222222222222221,3.6666666666666665,4.0,4.8,66.66666666666666,100.0,100.0,0.12834166685852236,61.75,B
ETHOSLTD.NS,13,6,7,0,13,46.15384615384615,0.7073150093446128,0.7073150093446128,7.769230769230769,12.666666666666666,2.5,2.5714285714285716,66.66666666666666,66.66666666666666,66.66666666666666,0.09104054575722739,61.73,B
AXISCADES.NS,18,8,10,0,18,44.44444444444444,2.6363772469298374,2.6363772469298374,8.11111111111111,11.625,6.5,4.8,37.5,62.5,87.5,0.32503281126532246,61.65,B
ANANDRATHI.NS,16,7,8,1,15,46.666666666666664,1.4942806282567875,1.4942806282567875,10.0625,7.714285714285714,7.0,5.125,42.857142857142854,71.42857142857143,100.0,0.14849993821185467,61.64,B
SHARDAMOTR.NS,11,5,5,1,10,50.0,1.9055067973408577,1.9055067973408577,18.818181818181817,17.4,7.0,11.4,40.0,60.0,80.0,0.10125881531763013,61.48,B
BALMLAWRIE.NS,10,5,5,0,10,50.0,1.8887036568431796,1.8887036568431796,7.5,11.4,7.0,3.0,40.0,60.0,60.0,0.2518271542457573,61.45,B
OSWALAGRO.NS,8,3,5,0,8,37.5,1.2065203047048236,1.2065203047048236,5.75,2.3333333333333335,2.0,7.2,100.0,100.0,100.0,0.20982961820953455,61.39,B
GRPLTD.NS,20,7,13,0,20,35.0,-0.0787736863248063,-0.0787736863248063,2.4,1.8571428571428572,1.0,1.6153846153846154,100.0,100.0,100.0,-0.03282236930200263,61.38,B
APARINDS.NS,23,9,13,1,22,40.909090909090914,2.4422465117932446,2.4422465117932446,8.434782608695652,9.444444444444445,6.0,2.923076923076923,44.44444444444444,66.66666666666666,88.88888888888889,0.28954468954249807,61.35,B
DIXON.NS,6,2,3,1,5,40.0,0.5250112181064251,0.5250112181064251,20.0,0.0,0.0,18.666666666666668,100.0,100.0,100.0,0.026250560905321258,61.32,B
RECLTD.NS,8,3,4,1,7,42.857142857142854,-0.2387544518414585,-0.2387544518414585,10.125,2.6666666666666665,3.0,2.75,100.0,100.0,100.0,-0.02358068660162553,61.27,B
ADANIENT.NS,8,4,2,2,6,66.66666666666666,2.926999180909689,2.926999180909689,24.125,12.25,13.0,11.0,0.0,25.0,100.0,0.12132639091853632,61.24,B
GLAXO.NS,7,4,3,0,7,57.14285714285714,3.7612900125748565,3.7612900125748565,9.714285714285714,11.75,11.0,6.333333333333333,50.0,50.0,75.0,0.38719161894152937,61.23,B
DRCSYSTEMS.NS,13,5,7,1,12,41.66666666666667,-0.623010032283116,-0.623010032283116,11.846153846153847,2.4,2.0,11.285714285714286,100.0,100.0,100.0,-0.05259175597195135,61.19,B
VADILALIND.NS,12,6,5,1,11,54.54545454545454,7.3755832063255236,7.3755832063255236,17.166666666666668,22.833333333333332,17.0,1.0,16.666666666666664,33.33333333333333,50.0,0.4296456236694479,61.18,B
PATELENG.NS,9,4,5,0,9,44.44444444444444,4.385347593430547,4.385347593430547,11.777777777777779,17.75,10.0,6.6,50.0,50.0,75.0,0.3723408334044804,61.13,B
PREMIERPOL.NS,9,4,5,0,9,44.44444444444444,1.1130020792024808,1.1130020792024808,6.0,4.75,5.5,6.4,50.0,100.0,100.0,0.1855003465337468,61.02,B
KIRLOSENG.NS,16,5,10,1,15,33.33333333333333,1.9383611561843161,1.9383611561843161,8.0625,5.2,4.0,3.5,60.0,80.0,100.0,0.2404168875887524,60.86,B
BLS.NS,10,4,6,0,10,40.0,1.122371242699981,1.122371242699981,5.4,7.75,3.0,3.1666666666666665,75.0,75.0,75.0,0.20784652642592238,60.75,B
GMDCLTD.NS,12,4,7,1,11,36.36363636363637,2.040153103955079,2.040153103955079,13.75,14.25,4.0,6.428571428571429,75.0,75.0,75.0,0.148374771196733,60.73,B
NMDC.NS,17,7,8,2,15,46.666666666666664,-0.01756167202365056,-0.01756167202365056,13.0,8.571428571428571,7.0,4.75,28.57142857142857,85.71428571428571,85.71428571428571,-0.00135089784797312,60.71,B
WALCHANNAG.NS,17,7,10,0,17,41.17647058823529,0.3677292766608651,0.3677292766608651,6.529411764705882,8.0,2.0,5.0,71.42857142857143,71.42857142857143,85.71428571428571,0.056318898227339695,60.69,B
NORBTEAEXP.NS,17,7,10,0,17,41.17647058823529,1.2623031575356458,1.2623031575356458,10.176470588235293,15.285714285714286,5.0,6.1,57.14285714285714,57.14285714285714,71.42857142857143,0.12404135074049699,60.66,B
KALYANKJIL.NS,16,7,9,0,16,43.75,2.5211141008165963,2.5211141008165963,5.8125,10.857142857142858,9.0,1.2222222222222223,14.285714285714285,57.14285714285714,100.0,0.43374006035554347,60.65,B
INNOVANA.NS,14,6,8,0,14,42.857142857142854,-0.22707413201520654,-0.22707413201520654,7.357142857142857,4.333333333333333,1.5,9.25,83.33333333333334,83.33333333333334,100.0,-0.0308644451282805,60.62,B
PASHUPATI.NS,11,6,5,0,11,54.54545454545454,3.3469183766954504,3.3469183766954504,15.0,21.333333333333332,15.0,6.8,16.666666666666664,50.0,50.0,0.2231278917796967,60.55,B
BCLIND.NS,8,4,3,1,7,57.14285714285714,3.313952937988384,3.313952937988384,22.625,15.25,10.5,19.333333333333332,50.0,50.0,75.0,0.14647305803263574,60.54,B
A2ZINFRA.NS,12,5,6,1,11,45.45454545454545,-0.09031084605963857,-0.09031084605963857,14.5,5.8,6.0,13.833333333333334,20.0,100.0,100.0,-0.0062283342110095565,60.54,B
JUBLPHARMA.NS,7,2,3,2,5,40.0,0.011599399515921403,0.011599399515921403,18.571428571428573,2.0,2.0,0.3333333333333333,100.0,100.0,100.0,0.0006245830508573063,60.52,B
DODLA.NS,11,5,6,0,11,45.45454545454545,2.450990116940003,2.450990116940003,8.818181818181818,12.6,10.0,4.833333333333333,40.0,60.0,80.0,0.2779473328488663,60.51,B
BASF.NS,10,4,6,0,10,40.0,-0.6392506298593076,-0.6392506298593076,5.2,3.25,3.0,5.833333333333333,75.0,100.0,100.0,-0.12293281343448223,60.5,B
UTTAMSUGAR.NS,12,5,7,0,12,41.66666666666667,0.2064178225078089,0.2064178225078089,7.083333333333333,5.0,5.0,8.142857142857142,60.0,80.0,100.0,0.02914133964816126,60.49,B
ASHOKLEY.NS,9,3,4,2,7,42.857142857142854,1.3874599741505496,1.3874599741505496,19.333333333333332,13.333333333333334,3.0,2.25,66.66666666666666,66.66666666666666,66.66666666666666,0.07176517107675257,60.48,B
POLYMED.NS,11,5,5,1,10,50.0,1.2405018555097593,1.2405018555097593,13.272727272727273,13.6,8.0,3.0,20.0,60.0,60.0,0.09346246856580379,60.44,B
TEXINFRA.NS,12,5,7,0,12,41.66666666666667,3.3081914513675783,3.3081914513675783,8.583333333333334,12.8,6.0,5.0,40.0,60.0,60.0,0.3854203632661256,60.34,B
EIMCOELECO.NS,19,7,11,1,18,38.88888888888889,-0.19345831648421827,-0.19345831648421827,5.578947368421052,4.714285714285714,2.0,0.5454545454545454,85.71428571428571,85.71428571428571,100.0,-0.03467649069056743,60.32,B
INDIANHUME.NS,8,3,5,0,8,37.5,2.651205731328881,2.651205731328881,6.75,8.0,0.0,5.0,66.66666666666666,66.66666666666666,66.66666666666666,0.3927712194561305,60.31,B
RAIN.NS,6,3,3,0,6,50.0,1.358268000039412,1.358268000039412,18.333333333333332,21.333333333333332,6.0,15.333333333333334,33.33333333333333,66.66666666666666,66.66666666666666,0.07408734545669521,60.29,B
MEDANTA.NS,10,4,6,0,10,40.0,-0.7945490899077525,-0.7945490899077525,9.1,2.75,2.5,12.833333333333334,75.0,100.0,100.0,-0.08731308680304974,60.26,B
SPANDANA.NS,8,3,4,1,7,42.857142857142854,1.230081638867648,1.230081638867648,11.25,4.333333333333333,0.0,3.0,66.66666666666666,66.66666666666666,100.0,0.10934059012156871,60.23,B
YATHARTH.NS,9,3,5,1,8,37.5,2.550251138705212,2.550251138705212,17.11111111111111,21.666666666666668,5.0,5.0,66.66666666666666,66.66666666666666,66.66666666666666,0.1490406509632916,60.15,B
BBOX.NS,13,6,5,2,11,54.54545454545454,0.508343385486964,0.508343385486964,15.461538461538462,8.833333333333334,7.0,4.8,50.0,50.0,83.33333333333334,0.03287793040462951,60.11,B
TIMKEN.NS,13,5,8,0,13,38.46153846153847,0.7516479078096133,0.7516479078096133,4.3076923076923075,6.0,3.0,2.5,80.0,80.0,100.0,0.17448969288437452,60.06,B
ICEMAKE.NS,20,7,13,0,20,35.0,-0.9228340776065579,-0.9228340776065579,3.0,3.857142857142857,4.0,1.8461538461538463,57.14285714285714,100.0,100.0,-0.30761135920218596,60.06,B
TEMBO.NS,6,2,3,1,5,40.0,-0.30832008624493284,-0.30832008624493284,26.0,2.5,2.5,30.333333333333332,100.0,100.0,100.0,-0.01185846485557434,60.02,B
DBCORP.NS,8,3,4,1,7,42.857142857142854,3.003745323831775,3.003745323831775,12.25,10.333333333333334,9.0,1.0,0.0,66.66666666666666,100.0,0.2452036999046347,60.0,B
BHEL.NS,11,5,4,2,9,55.55555555555556,3.3666056473136576,3.3666056473136576,19.545454545454547,14.2,12.0,5.0,40.0,40.0,60.0,0.17224494009511734,59.98,B
PARACABLES.NS,7,3,4,0,7,42.857142857142854,0.99104440137111,0.99104440137111,10.857142857142858,6.0,4.0,14.5,66.66666666666666,66.66666666666666,100.0,0.09128040538944435,59.86,B
THERMAX.NS,12,6,6,0,12,50.0,0.43563220370089084,0.43563220370089084,11.333333333333334,14.166666666666666,6.0,7.666666666666667,50.0,66.66666666666666,66.66666666666666,0.038438135620666836,59.85,B
GICRE.NS,8,3,4,1,7,42.857142857142854,2.892018504240497,2.892018504240497,11.75,8.666666666666666,10.0,0.75,33.33333333333333,66.66666666666666,100.0,0.24612923440344656,59.83,B
JAYNECOIND.NS,12,5,7,0,12,41.66666666666667,1.6973853580321592,1.6973853580321592,7.416666666666667,11.2,7.0,4.0,40.0,80.0,80.0,0.22886094715040348,59.82,B
SILVERTUC.NS,17,5,12,0,17,29.411764705882355,2.243036898128153,2.243036898128153,3.6470588235294117,5.8,5.0,2.0,60.0,80.0,100.0,0.6150262462609453,59.77,B
KRISHIVAL.NS,11,4,6,1,10,40.0,2.3836946975746205,2.3836946975746205,15.727272727272727,8.0,8.0,13.333333333333334,25.0,75.0,100.0,0.15156440273595853,59.72,B
TFL.NS,9,3,6,0,9,33.33333333333333,1.2076987234562002,1.2076987234562002,5.222222222222222,3.6666666666666665,3.0,5.666666666666667,66.66666666666666,100.0,100.0,0.23126145768310216,59.72,B
CROWN.NS,10,4,5,1,9,44.44444444444444,-2.327136889687673,-2.327136889687673,8.7,3.5,3.5,2.0,75.0,100.0,100.0,-0.2674869988146751,59.64,B
LUMAXTECH.NS,17,6,11,0,17,35.294117647058826,0.4019603875829875,0.4019603875829875,6.117647058823529,3.1666666666666665,0.0,6.909090909090909,66.66666666666666,83.33333333333334,100.0,0.06570506335491143,59.58,B
RAMKY.NS,12,5,7,0,12,41.66666666666667,-0.38282442487807433,-0.38282442487807433,4.666666666666667,3.8,2.0,4.714285714285714,80.0,80.0,100.0,-0.08203380533101592,59.57,B
360ONE.NS,17,7,9,1,16,43.75,0.9022710662448683,0.9022710662448683,10.941176470588236,9.428571428571429,8.0,6.333333333333333,14.285714285714285,71.42857142857143,85.71428571428571,0.08246563508689657,59.55,B
V2RETAIL.NS,16,6,9,1,15,40.0,2.167409537153766,2.167409537153766,11.0,14.333333333333334,6.0,2.6666666666666665,50.0,66.66666666666666,83.33333333333334,0.19703723065034237,59.55,B
AGRITECH.NS,12,5,7,0,12,41.66666666666667,-1.682027968275598,-1.682027968275598,2.5,2.4,1.0,1.7142857142857142,80.0,100.0,100.0,-0.6728111873102393,59.54,B
ANGELONE.NS,10,4,5,1,9,44.44444444444444,-0.8009596409981491,-0.8009596409981491,15.4,10.0,2.5,10.0,75.0,75.0,75.0,-0.05201036629858111,59.53,B
HEROMOTOCO.NS,9,4,4,1,8,50.0,1.9358538207191183,1.9358538207191183,16.77777777777778,11.0,10.0,11.25,25.0,50.0,75.0,0.11538201580445075,59.52,B
CREATIVEYE.NS,7,3,4,0,7,42.857142857142854,0.7073099645761073,0.7073099645761073,9.714285714285714,11.666666666666666,5.0,7.75,66.66666666666666,66.66666666666666,66.66666666666666,0.07281131988283458,59.41,B
IONEXCHANG.NS,14,5,9,0,14,35.714285714285715,1.0409880342902529,1.0409880342902529,5.357142857142857,7.6,4.0,3.4444444444444446,80.0,80.0,80.0,0.19431776640084722,59.41,B
PVP.NS,17,7,10,0,17,41.17647058823529,-0.4595142661531376,-0.4595142661531376,6.882352941176471,6.571428571428571,3.0,6.8,71.42857142857143,71.42857142857143,85.71428571428571,-0.06676703012481486,59.4,B
EIHAHOTELS.NS,10,3,5,2,8,37.5,1.180668581348937,1.180668581348937,15.8,5.0,6.0,3.6,33.33333333333333,100.0,100.0,0.07472585957904665,59.34,B
SWARAJENG.NS,17,6,11,0,17,35.294117647058826,0.23647943343534572,0.23647943343534572,5.411764705882353,6.833333333333333,5.0,4.181818181818182,50.0,83.33333333333334,83.33333333333334,0.04369728661305301,59.32,B
CINEVISTA.NS,7,3,4,0,7,42.857142857142854,-1.5442438843866273,-1.5442438843866273,5.0,3.3333333333333335,3.0,6.0,100.0,100.0,100.0,-0.3088487768773255,59.23,B
ASHOKA.NS,11,4,7,0,11,36.36363636363637,1.0654444817049915,1.0654444817049915,6.545454545454546,11.5,2.0,2.7142857142857144,75.0,75.0,75.0,0.16277624026048482,59.21,B
KAJARIACER.NS,7,3,3,1,6,50.0,-1.2807070311505218,-1.2807070311505218,19.285714285714285,6.0,0.0,17.333333333333332,66.66666666666666,66.66666666666666,100.0,-0.06640703124484187,59.17,B
INDUSTOWER.NS,6,1,3,2,4,25.0,2.9731267626247253,2.9731267626247253,25.166666666666668,5.0,5.0,7.666666666666667,100.0,100.0,100.0,0.11813748725661159,59.15,B
NRAIL.NS,10,3,5,2,8,37.5,1.2454435913838524,1.2454435913838524,18.4,7.666666666666667,3.0,7.2,66.66666666666666,66.66666666666666,100.0,0.06768715170564416,59.11,B
HINDALCO.NS,6,4,1,1,5,80.0,4.854646275934638,4.854646275934638,34.5,33.25,30.0,14.0,0.0,0.0,25.0,0.14071438480969964,59.09,B
KPITTECH.NS,12,5,6,1,11,45.45454545454545,1.5095729715923971,1.5095729715923971,11.916666666666666,11.2,7.0,3.8333333333333335,40.0,60.0,80.0,0.12667745216159976,59.04,B
NBCC.NS,13,6,6,1,12,50.0,0.9455978160428755,0.9455978160428755,15.153846153846153,15.333333333333334,9.0,7.0,16.666666666666664,50.0,66.66666666666666,0.06239985588100194,58.98,B
UNITDSPR.NS,11,3,6,2,9,33.33333333333333,0.08304276450706084,0.08304276450706084,21.181818181818183,2.6666666666666665,1.0,16.833333333333332,66.66666666666666,100.0,100.0,0.0039204738608483655,58.96,B
PURVA.NS,9,3,6,0,9,33.33333333333333,2.8002871624096857,2.8002871624096857,8.444444444444445,21.0,4.0,1.1666666666666667,66.66666666666666,66.66666666666666,66.66666666666666,0.33161295344325226,58.88,B
BLUEDART.NS,6,3,3,0,6,50.0,0.41735955013168774,0.41735955013168774,14.333333333333334,21.0,8.0,7.0,33.33333333333333,66.66666666666666,66.66666666666666,0.0291181081487224,58.82,B
MAYURUNIQ.NS,8,3,4,1,7,42.857142857142854,2.2425311420810026,2.2425311420810026,11.5,7.666666666666667,7.0,1.25,33.33333333333333,66.66666666666666,100.0,0.1950027080070437,58.81,B
MANINFRA.NS,7,3,4,0,7,42.857142857142854,2.212471679408682,2.212471679408682,17.857142857142858,20.0,9.0,15.75,33.33333333333333,66.66666666666666,66.66666666666666,0.12389841404688619,58.77,B
GEOJITFSL.NS,6,2,3,1,5,40.0,-1.104865880573323,-1.104865880573323,15.0,5.0,5.0,6.333333333333333,50.0,100.0,100.0,-0.07365772537155486,58.77,B
FINCABLES.NS,7,2,4,1,6,33.33333333333333,0.5780788898255292,0.5780788898255292,10.285714285714286,1.0,1.0,1.5,100.0,100.0,100.0,0.05620211428859312,58.74,B
PITTIENG.NS,15,5,9,1,14,35.714285714285715,-0.05260768079719759,-0.05260768079719759,8.866666666666667,4.6,4.0,4.666666666666667,80.0,80.0,100.0,-0.005933197082390706,58.7,B
SHYAMTEL.NS,8,3,5,0,8,37.5,3.5217303922125875,3.5217303922125875,5.125,7.333333333333333,9.0,3.4,33.33333333333333,66.66666666666666,100.0,0.6871669057975781,58.67,B
ARCHIES.NS,9,3,5,1,8,37.5,-0.5769994052702507,-0.5769994052702507,8.333333333333334,1.3333333333333333,1.0,1.4,100.0,100.0,100.0,-0.06923992863243009,58.6,B
GODFRYPHLP.NS,18,7,11,0,18,38.88888888888889,-0.40220028747152514,-0.40220028747152514,5.388888888888889,7.285714285714286,2.0,3.6363636363636362,71.42857142857143,71.42857142857143,85.71428571428571,-0.07463510489162321,58.57,B
TEJASNET.NS,12,4,8,0,12,33.33333333333333,1.4273698624534912,1.4273698624534912,4.916666666666667,12.25,5.0,0.375,75.0,75.0,75.0,0.2903125143973202,58.56,B
ZOTA.NS,17,5,11,1,16,31.25,1.0004527809593833,1.0004527809593833,7.823529411764706,11.4,3.0,0.7272727272727273,80.0,80.0,80.0,0.12787742313014674,58.56,B
KENNAMET.NS,10,4,6,0,10,40.0,1.604493350514342,1.604493350514342,8.6,14.25,6.5,4.166666666666667,50.0,75.0,75.0,0.18656899424585371,58.51,B
VARDMNPOLY.NS,19,7,12,0,19,36.84210526315789,0.07504403359341243,0.07504403359341243,8.105263157894736,8.571428571428571,2.0,7.5,71.42857142857143,71.42857142857143,85.71428571428571,0.009258679469317119,58.5,B
GIPCL.NS,9,4,5,0,9,44.44444444444444,2.6831560114019997,2.6831560114019997,13.444444444444445,20.0,10.0,7.6,25.0,50.0,75.0,0.19957358762494212,58.47,B
DEEPAKFERT.NS,10,3,5,2,8,37.5,2.7363972608707963,2.7363972608707963,19.5,19.0,7.0,2.8,0.0,66.66666666666666,66.66666666666666,0.14032806466004083,58.44,B
VSTTILLERS.NS,11,3,6,2,9,33.33333333333333,1.8798848586195702,1.8798848586195702,17.181818181818183,14.0,2.0,3.5,66.66666666666666,66.66666666666666,66.66666666666666,0.10941128806780566,58.44,B
RTNINDIA.NS,11,4,7,0,11,36.36363636363637,0.557976379033379,0.557976379033379,7.2727272727272725,6.5,2.0,7.285714285714286,75.0,75.0,75.0,0.07672175211708962,58.42,B
UNIONBANK.NS,10,5,4,1,9,55.55555555555556,3.6091111141419914,3.6091111141419914,21.6,19.4,15.0,14.25,20.0,20.0,60.0,0.16708847750657366,58.36,B
OMINFRAL.NS,14,5,9,0,14,35.714285714285715,0.2833323155815569,0.2833323155815569,5.5,11.8,4.0,1.5555555555555556,80.0,80.0,80.0,0.051514966469373986,58.23,B
BTML.NS,11,3,7,1,10,30.0,0.454920444250537,0.454920444250537,9.363636363636363,2.6666666666666665,3.0,4.571428571428571,100.0,100.0,100.0,0.04858373676462046,58.21,B
GENESYS.NS,11,4,6,1,10,40.0,1.3864865218441507,1.3864865218441507,9.454545454545455,8.75,6.0,0.8333333333333334,50.0,75.0,75.0,0.14664761288736208,58.17,B
SUBROS.NS,12,5,7,0,12,41.66666666666667,1.9022994862963472,1.9022994862963472,11.333333333333334,14.4,8.0,8.571428571428571,40.0,60.0,60.0,0.1678499546732071,58.14,B
BHAGCHEM.NS,14,5,9,0,14,35.714285714285715,0.22482976511109135,0.22482976511109135,6.214285714285714,4.2,2.0,6.222222222222222,80.0,80.0,100.0,0.03617950243166987,58.14,B
REPCOHOME.NS,9,3,5,1,8,37.5,3.150112812698592,3.150112812698592,13.666666666666666,10.333333333333334,6.0,5.6,33.33333333333333,66.66666666666666,66.66666666666666,0.23049605946575064,58.09,B
HAPPYFORGE.NS,7,2,4,1,6,33.33333333333333,2.0834054587664053,2.0834054587664053,11.714285714285714,5.5,5.5,1.75,50.0,100.0,100.0,0.17785168550444924,58.09,B
SANDHAR.NS,9,3,5,1,8,37.5,1.2241696173247698,1.2241696173247698,11.11111111111111,9.0,0.0,1.6,66.66666666666666,66.66666666666666,66.66666666666666,0.11017526555922928,58.08,B
ANDHRAPAP.NS,12,4,8,0,12,33.33333333333333,-0.4933823350787381,-0.4933823350787381,5.25,2.25,1.0,6.125,75.0,100.0,100.0,-0.09397758763404535,58.06,B
HOMEFIRST.NS,9,3,5,1,8,37.5,1.201914120651426,1.201914120651426,13.222222222222221,7.0,2.0,6.8,66.66666666666666,66.66666666666666,100.0,0.09090106794842719,58.04,B
MCX.NS,8,5,3,0,8,62.5,7.3386097552585365,7.3386097552585365,20.875,27.6,28.0,9.333333333333334,20.0,20.0,40.0,0.3515501679165766,57.97,B
FORCEMOT.NS,11,4,7,0,11,36.36363636363637,0.23506680249046596,0.23506680249046596,9.727272727272727,11.25,1.5,8.0,75.0,75.0,75.0,0.024165746050421735,57.91,B
DEVIT.NS,16,7,9,0,16,43.75,0.7462873006426649,0.7462873006426649,7.75,13.285714285714286,8.0,2.5555555555555554,42.857142857142854,57.14285714285714,71.42857142857143,0.09629513556679548,57.88,B
SKFINDIA.NS,8,4,4,0,8,50.0,3.421463156706106,3.421463156706106,11.75,17.25,15.0,5.75,50.0,50.0,50.0,0.2911883537622218,57.85,B
NAHARCAP.NS,6,2,4,0,6,33.33333333333333,0.013843166449779787,0.013843166449779787,2.0,4.0,4.0,0.0,100.0,100.0,100.0,0.006921583224889893,57.85,B
TALBROAUTO.NS,9,3,5,1,8,37.5,2.9851676036124064,2.9851676036124064,11.333333333333334,6.666666666666667,8.0,3.6,33.33333333333333,66.66666666666666,100.0,0.2633971414952123,57.83,B
JSLL.NS,14,5,9,0,14,35.714285714285715,0.02705265758553797,0.02705265758553797,6.357142857142857,12.2,4.0,2.5555555555555554,60.0,80.0,80.0,0.004255474226938557,57.83,B
GRAVITA.NS,11,4,7,0,11,36.36363636363637,0.15474877712358948,0.15474877712358948,10.636363636363637,17.0,4.0,6.428571428571429,75.0,75.0,75.0,0.01454903032785884,57.79,B
NEULANDLAB.NS,16,5,10,1,15,33.33333333333333,-0.03444896002035902,-0.03444896002035902,8.125,8.0,4.0,2.5,60.0,80.0,100.0,-0.004239872002505725,57.78,B
THEJO.NS,15,6,8,1,14,42.857142857142854,0.2894336701174069,0.2894336701174069,10.533333333333333,9.5,7.5,4.375,33.33333333333333,66.66666666666666,83.33333333333334,0.027477880074437362,57.76,B
VARROC.NS,14,5,8,1,13,38.46153846153847,0.554402887313098,0.554402887313098,14.214285714285714,18.2,5.0,5.0,60.0,60.0,60.0,0.03900321820293152,57.75,B
SANDUMA.NS,10,4,6,0,10,40.0,-2.404486441556159,-2.404486441556159,7.4,0.5,0.5,11.5,100.0,100.0,100.0,-0.32493060021029174,57.74,B
ALPA.NS,9,3,5,1,8,37.5,2.889178923281938,2.889178923281938,10.555555555555555,8.666666666666666,6.0,0.8,33.33333333333333,66.66666666666666,100.0,0.2737116874688152,57.68,B
ASALCBR.NS,8,3,5,0,8,37.5,-1.2143571975087966,-1.2143571975087966,6.0,2.3333333333333335,3.0,7.6,100.0,100.0,100.0,-0.2023928662514661,57.6,B
SUDARSCHEM.NS,9,3,5,1,8,37.5,2.8211761489166935,2.8211761489166935,17.666666666666668,19.666666666666668,8.0,7.0,33.33333333333333,66.66666666666666,66.66666666666666,0.1596892159764166,57.57,B
TAJGVK.NS,11,4,6,1,10,40.0,0.9886701634282034,0.9886701634282034,15.545454545454545,15.0,5.5,8.333333333333334,50.0,75.0,75.0,0.0635986654836856,57.54,B
POKARNA.NS,10,3,6,1,9,33.33333333333333,1.2977267677892435,1.2977267677892435,9.2,5.333333333333333,0.0,1.6666666666666667,66.66666666666666,66.66666666666666,100.0,0.14105725736839603,57.53,B
INOXGREEN.NS,9,4,5,0,9,44.44444444444444,4.603018570796082,4.603018570796082,9.777777777777779,18.25,15.0,2.4,0.0,50.0,50.0,0.4707632629223265,57.47,B
DSSL.NS,18,5,12,1,17,29.411764705882355,0.7745507154574803,0.7745507154574803,6.5,5.8,5.0,1.3333333333333333,60.0,80.0,100.0,0.11916164853192004,57.47,B
KUANTUM.NS,9,3,6,0,9,33.33333333333333,1.8440142083461906,1.8440142083461906,6.444444444444445,17.333333333333332,5.0,0.16666666666666666,66.66666666666666,66.66666666666666,66.66666666666666,0.28614013577785713,57.38,B
NEWGEN.NS,11,4,6,1,10,40.0,2.437191357662074,2.437191357662074,10.909090909090908,12.5,8.5,0.3333333333333333,50.0,50.0,75.0,0.22340920778569015,57.31,B
ONIDA.NS,10,4,5,1,9,44.44444444444444,-0.33043048669335706,-0.33043048669335706,13.2,9.25,9.0,6.2,25.0,75.0,100.0,-0.02503261262828463,57.26,B
AUSOMENT.NS,9,4,5,0,9,44.44444444444444,-1.298089479804637,-1.298089479804637,7.888888888888889,6.25,6.0,9.0,50.0,100.0,100.0,-0.16454655377805255,57.25,B
ASIANHOTNR.NS,12,4,8,0,12,33.33333333333333,-1.0120589819613854,-1.0120589819613854,4.75,2.75,2.0,5.25,75.0,100.0,100.0,-0.2130650488339759,57.25,B
MAZDOCK.NS,9,3,6,0,9,33.33333333333333,-0.39947795058655466,-0.39947795058655466,11.11111111111111,3.0,1.0,14.666666666666666,66.66666666666666,100.0,100.0,-0.03595301555278992,57.21,B
ECLERX.NS,13,5,7,1,12,41.66666666666667,1.3030939334455027,1.3030939334455027,10.076923076923077,8.0,6.0,3.7142857142857144,40.0,60.0,100.0,0.12931466515108042,57.2,B
RSYSTEMS.NS,8,3,5,0,8,37.5,2.58037937226826,2.58037937226826,3.75,8.333333333333334,8.0,0.0,33.33333333333333,66.66666666666666,100.0,0.6881011659382027,57.2,B
SALZERELEC.NS,18,5,12,1,17,29.411764705882355,0.5836439868348446,0.5836439868348446,7.333333333333333,8.8,3.0,1.6666666666666667,60.0,80.0,80.0,0.07958781638656973,57.18,B
MUKANDLTD.NS,11,4,7,0,11,36.36363636363637,-1.8425894014699127,-1.8425894014699127,9.818181818181818,1.25,1.0,14.285714285714286,100.0,100.0,100.0,-0.18767114274230592,57.17,B
DBREALTY.NS,10,3,6,1,9,33.33333333333333,-1.0981057708620916,-1.0981057708620916,9.8,5.666666666666667,5.0,2.6666666666666665,66.66666666666666,100.0,100.0,-0.112051609271642,57.12,B
MWL.NS,8,3,5,0,8,37.5,0.6001927343842539,0.6001927343842539,8.75,19.666666666666668,4.0,1.4,66.66666666666666,66.66666666666666,66.66666666666666,0.06859345535820045,57.1,B
GOACARBON.NS,11,3,7,1,10,30.0,-0.26285860819994994,-0.26285860819994994,14.090909090909092,1.0,1.0,12.428571428571429,100.0,100.0,100.0,-0.018654481872254512,57.09,B
ONEPOINT.NS,19,6,13,0,19,31.57894736842105,-1.335655419335146,-1.335655419335146,6.2631578947368425,3.8333333333333335,3.0,6.923076923076923,66.66666666666666,100.0,100.0,-0.2132559072888048,57.04,B
POWERINDIA.NS,24,8,16,0,24,33.33333333333333,-0.8446914996268533,-0.8446914996268533,5.25,4.75,3.0,4.875,75.0,75.0,100.0,-0.16089361897654347,57.01,B
SANGHVIMOV.NS,13,4,8,1,12,33.33333333333333,0.42034954307697003,0.42034954307697003,7.769230769230769,7.0,2.0,0.75,75.0,75.0,75.0,0.05410439663366941,56.99,B
TSFINV.NS,16,5,11,0,16,31.25,1.9141592387697386,1.9141592387697386,5.9375,13.6,9.0,1.8181818181818181,20.0,80.0,80.0,0.3223847138980612,56.99,B
TRIVENI.NS,16,4,10,2,14,28.57142857142857,-0.6387715526161192,-0.6387715526161192,12.25,4.5,4.0,5.2,50.0,100.0,100.0,-0.05214461654009136,56.93,B
UNIINFO.NS,9,4,5,0,9,44.44444444444444,-1.8793132128907277,-1.8793132128907277,3.6666666666666665,4.5,2.0,2.6,75.0,75.0,100.0,-0.5125399671520167,56.84,B
BEML.NS,9,4,4,1,8,50.0,2.654883532921841,2.654883532921841,17.333333333333332,13.0,14.0,9.75,25.0,50.0,75.0,0.15316635766856776,56.65,B
STAR.NS,6,1,4,1,5,20.0,2.6315264044251223,2.6315264044251223,11.833333333333334,2.0,2.0,1.5,100.0,100.0,100.0,0.22238251305001033,56.61,B
MARUTI.NS,11,4,5,2,9,44.44444444444444,0.8271390945647048,0.8271390945647048,18.90909090909091,11.5,10.0,7.8,50.0,50.0,75.0,0.043742932885633426,56.57,B
PKTEA.NS,20,7,13,0,20,35.0,-1.3554736711415867,-1.3554736711415867,11.25,13.571428571428571,3.0,9.384615384615385,57.14285714285714,71.42857142857143,71.42857142857143,-0.12048654854591881,56.52,B
AVALON.NS,8,4,4,0,8,50.0,4.163854350729285,4.163854350729285,8.0,14.0,15.0,1.25,25.0,25.0,75.0,0.5204817938411607,56.51,B
SIMPLEXINF.NS,13,4,8,1,12,33.33333333333333,0.10635979294080346,0.10635979294080346,14.461538461538462,6.25,5.0,12.375,75.0,75.0,100.0,0.007354666533140665,56.5,B
SAKAR.NS,17,5,11,1,16,31.25,-0.32796689290509007,-0.32796689290509007,6.235294117647059,3.8,2.0,1.4545454545454546,80.0,80.0,100.0,-0.05259846395647671,56.49,B
SBCL.NS,14,4,9,1,13,30.76923076923077,0.7572692552627893,0.7572692552627893,7.857142857142857,6.5,0.0,1.4444444444444444,75.0,75.0,75.0,0.09637972339708228,56.49,B
MBAPL.NS,21,6,15,0,21,28.57142857142857,-0.5334706896990118,-0.5334706896990118,5.809523809523809,10.833333333333334,1.5,3.0,66.66666666666666,83.33333333333334,83.33333333333334,-0.09182692199737089,56.43,B
GREENLAM.NS,7,2,5,0,7,28.57142857142857,0.2990805106436901,0.2990805106436901,7.428571428571429,1.5,1.5,9.4,100.0,100.0,100.0,0.04026083797126598,56.4,B
RAJTV.NS,9,3,6,0,9,33.33333333333333,1.212024432776686,1.212024432776686,6.111111111111111,10.333333333333334,4.0,3.5,66.66666666666666,66.66666666666666,66.66666666666666,0.19833127081800317,56.39,B
UNOMINDA.NS,13,4,6,3,10,40.0,0.19611247433191417,0.19611247433191417,19.692307692307693,7.0,7.0,6.666666666666667,50.0,75.0,100.0,0.009958836587167516,56.31,B
PCJEWELLER.NS,11,3,8,0,11,27.27272727272727,2.059181940947946,2.059181940947946,7.454545454545454,15.666666666666666,3.0,3.75,66.66666666666666,66.66666666666666,66.66666666666666,0.2762317237857001,56.29,B
RBLBANK.NS,6,2,2,2,4,50.0,4.970206453714601,4.970206453714601,27.833333333333332,19.0,19.0,3.5,50.0,50.0,50.0,0.1785702917502252,56.27,B
KAPSTON.NS,21,8,13,0,21,38.095238095238095,0.9699028093045431,0.9699028093045431,8.523809523809524,13.75,8.0,4.538461538461538,50.0,50.0,62.5,0.11378748042120337,56.25,B
SUPRIYA.NS,8,2,5,1,7,28.57142857142857,0.20377473462100548,0.20377473462100548,17.0,3.5,3.5,13.4,50.0,100.0,100.0,0.011986749095353263,56.25,B
SKMEGGPROD.NS,9,5,4,0,9,55.55555555555556,9.313176359327306,9.313176359327306,14.88888888888889,24.8,22.0,2.0,20.0,20.0,40.0,0.6255118450294459,56.22,B
AJANTPHARM.NS,13,5,8,0,13,38.46153846153847,0.17155619802782732,0.17155619802782732,7.846153846153846,13.4,6.0,3.625,40.0,80.0,80.0,0.0218650056309976,56.15,B
PAVNAIND.NS,12,3,8,1,11,27.27272727272727,-0.17340704871251145,-0.17340704871251145,6.5,3.3333333333333335,2.0,0.125,66.66666666666666,100.0,100.0,-0.02667800749423253,56.14,B
STYLAMIND.NS,14,5,7,2,12,41.66666666666667,-0.6979761411054168,-0.6979761411054168,15.214285714285714,7.4,7.0,7.571428571428571,20.0,80.0,100.0,-0.04587636608204618,56.08,B
BHARTIHEXA.NS,6,3,3,0,6,50.0,3.3261233900443323,3.3261233900443323,5.0,9.0,11.0,0.0,33.33333333333333,33.33333333333333,100.0,0.6652246780088664,56.03,B
GKWLIMITED.NS,8,3,5,0,8,37.5,1.833297207215565,1.833297207215565,9.625,22.666666666666668,6.0,1.2,33.33333333333333,66.66666666666666,66.66666666666666,0.19047243711330547,56.03,B
LATTEYS.NS,7,3,4,0,7,42.857142857142854,0.44761092645957923,0.44761092645957923,13.857142857142858,9.666666666666666,6.0,16.75,33.33333333333333,66.66666666666666,100.0,0.032301819435227364,56.01,B
BANARISUG.NS,9,3,5,1,8,37.5,-0.11498053560928392,-0.11498053560928392,13.11111111111111,10.333333333333334,4.0,4.4,66.66666666666666,66.66666666666666,66.66666666666666,-0.008769701868504707,55.99,B
LOTUSEYE.NS,12,4,7,1,11,36.36363636363637,0.9184915073565588,0.9184915073565588,9.916666666666666,9.5,7.5,2.142857142857143,50.0,75.0,75.0,0.09262099233847652,55.98,B
STEL.NS,11,3,7,1,10,30.0,0.9482816814683998,0.9482816814683998,11.363636363636363,4.333333333333333,6.0,6.571428571428571,33.33333333333333,100.0,100.0,0.08344878796921917,55.98,B
NITIRAJ.NS,14,5,9,0,14,35.714285714285715,-1.1601035341103072,-1.1601035341103072,2.7142857142857144,4.8,3.0,0.5555555555555556,60.0,80.0,100.0,-0.4274065651985342,55.97,B
RITCO.NS,9,3,6,0,9,33.33333333333333,0.9430935921108422,0.9430935921108422,5.0,7.666666666666667,4.0,3.0,66.66666666666666,66.66666666666666,100.0,0.18861871842216843,55.97,B
DIAMONDYD.NS,8,2,5,1,7,28.57142857142857,0.01824256047318573,0.01824256047318573,16.25,5.0,5.0,11.2,50.0,100.0,100.0,0.001122619106042199,55.96,B
FORTIS.NS,14,5,9,0,14,35.714285714285715,-1.1998455745818024,-1.1998455745818024,9.571428571428571,6.8,2.0,10.555555555555555,80.0,80.0,80.0,-0.12535700032944205,55.91,B
HIRECT.NS,16,5,11,0,16,31.25,-0.723817814260425,-0.723817814260425,6.6875,7.8,5.0,5.7272727272727275,80.0,80.0,80.0,-0.10823443951557757,55.87,B
SPLPETRO.NS,6,2,3,1,5,40.0,-1.0669571542319725,-1.0669571542319725,16.666666666666668,6.5,6.5,8.666666666666666,0.0,100.0,100.0,-0.06401742925391835,55.83,B
PRICOLLTD.NS,21,7,14,0,21,33.33333333333333,0.5325499435720926,0.5325499435720926,9.952380952380953,14.285714285714286,8.0,7.214285714285714,28.57142857142857,71.42857142857143,85.71428571428571,0.05350980294265045,55.81,B
HLVLTD.NS,9,3,5,1,8,37.5,-2.3916285084682265,-2.3916285084682265,8.333333333333334,0.3333333333333333,0.0,1.6,100.0,100.0,100.0,-0.28699542101618714,55.76,B
SDBL.NS,14,5,9,0,14,35.714285714285715,-1.311800986541032,-1.311800986541032,5.928571428571429,7.0,3.0,4.777777777777778,80.0,80.0,80.0,-0.22126763628402948,55.74,B
NSIL.NS,13,4,8,1,12,33.33333333333333,1.5203752983541747,1.5203752983541747,9.307692307692308,6.75,7.5,3.625,25.0,75.0,100.0,0.16334610643474604,55.71,B
RALLIS.NS,8,2,5,1,7,28.57142857142857,-0.13935439416730744,-0.13935439416730744,10.5,2.0,2.0,3.4,100.0,100.0,100.0,-0.01327184706355309,55.71,B
ABB.NS,13,3,8,2,11,27.27272727272727,-0.5257769140692343,-0.5257769140692343,11.692307692307692,0.6666666666666666,1.0,2.875,100.0,100.0,100.0,-0.044967762387500304,55.59,B
XCHANGING.NS,7,3,4,0,7,42.857142857142854,-3.90598303530412,-3.90598303530412,1.8571428571428572,0.0,0.0,2.0,100.0,100.0,100.0,-2.1032216343945263,55.54,B
GLFL.NS,8,3,5,0,8,37.5,-0.4058993056821194,-0.4058993056821194,13.375,21.0,4.0,8.2,66.66666666666666,66.66666666666666,66.66666666666666,-0.030347611639784628,55.53,B
LTTS.NS,8,2,5,1,7,28.57142857142857,-0.2729279125675703,-0.2729279125675703,19.25,2.0,2.0,17.8,100.0,100.0,100.0,-0.014178073380133523,55.5,B
PARAGMILK.NS,9,4,5,0,9,44.44444444444444,3.3067467122735597,3.3067467122735597,11.222222222222221,17.5,13.5,5.6,50.0,50.0,50.0,0.2946605981233865,55.44,B
AHLUCONT.NS,12,4,8,0,12,33.33333333333333,-0.5694297129290108,-0.5694297129290108,9.25,3.25,0.5,11.625,75.0,75.0,100.0,-0.061559968965298466,55.44,B
POCL.NS,14,5,9,0,14,35.714285714285715,1.68448975858844,1.68448975858844,8.571428571428571,15.6,10.0,4.222222222222222,20.0,60.0,60.0,0.19652380516865134,55.42,B
OMAXAUTO.NS,16,5,10,1,15,33.33333333333333,1.6287354228550444,1.6287354228550444,10.4375,15.8,6.0,1.9,40.0,60.0,60.0,0.1560465075789264,55.38,B
DHUNINV.NS,11,4,7,0,11,36.36363636363637,-1.3992831740532046,-1.3992831740532046,4.454545454545454,10.0,0.5,0.0,75.0,75.0,75.0,-0.3141247941752092,55.36,B
IVC.NS,7,3,4,0,7,42.857142857142854,0.02231571177676983,0.02231571177676983,11.0,15.333333333333334,10.0,7.0,33.33333333333333,66.66666666666666,66.66666666666666,0.0020287010706154392,55.34,B
LEXUS.NS,9,3,6,0,9,33.33333333333333,0.3034223583464428,0.3034223583464428,2.888888888888889,4.666666666666667,6.0,1.5,33.33333333333333,100.0,100.0,0.10503081635069175,55.31,B
BAJAJ-AUTO.NS,6,2,4,0,6,33.33333333333333,-1.6194779300229154,-1.6194779300229154,7.166666666666667,3.0,3.0,9.0,50.0,100.0,100.0,-0.22597366465436028,55.3,B
UPL.NS,6,2,2,2,4,50.0,-0.8289930880424466,-0.8289930880424466,31.666666666666668,8.5,8.5,25.5,50.0,50.0,100.0,-0.026178729096077262,55.2,B
TARIL.NS,20,7,13,0,20,35.0,0.6015652708089436,0.6015652708089436,4.95,10.285714285714286,6.0,1.3076923076923077,42.857142857142854,57.14285714285714,85.71428571428571,0.12152833753716032,55.15,B
PRIVISCL.NS,11,4,6,1,10,40.0,-0.5531039756906349,-0.5531039756906349,11.272727272727273,8.0,7.5,4.333333333333333,25.0,75.0,100.0,-0.049065675262878895,55.14,B
MODIRUBBER.NS,6,2,4,0,6,33.33333333333333,-1.7648932464582252,-1.7648932464582252,8.5,1.5,1.5,11.5,100.0,100.0,100.0,-0.20763449958332061,55.08,B
KIMS.NS,18,7,11,0,18,38.88888888888889,0.19055133705129665,0.19055133705129665,8.38888888888889,13.857142857142858,8.0,4.454545454545454,42.857142857142854,57.14285714285714,71.42857142857143,0.022714728920022118,55.07,B
INDIANCARD.NS,6,2,4,0,6,33.33333333333333,0.08075121603841377,0.08075121603841377,5.666666666666667,8.0,8.0,4.0,0.0,100.0,100.0,0.014250214595014195,54.96,C
CUPID.NS,14,4,10,0,14,28.57142857142857,0.34322676140996805,0.34322676140996805,6.571428571428571,14.5,4.0,2.8,50.0,75.0,75.0,0.05223015934499514,54.96,C
NHPC.NS,9,3,5,1,8,37.5,-0.8310195974140563,-0.8310195974140563,13.0,8.333333333333334,4.0,5.6,66.66666666666666,66.66666666666666,100.0,-0.06392458441646587,54.87,C
SYMPHONY.NS,6,2,4,0,6,33.33333333333333,-1.8983245604686525,-1.8983245604686525,12.833333333333334,5.0,5.0,16.5,50.0,100.0,100.0,-0.14792139432223267,54.87,C
ASKAUTOLTD.NS,10,4,6,0,10,40.0,-0.7350778097652494,-0.7350778097652494,19.9,14.0,6.0,23.666666666666668,50.0,75.0,75.0,-0.03693858340528892,54.85,C
CONCOR.NS,8,3,5,0,8,37.5,1.0668460358416165,1.0668460358416165,9.875,16.333333333333332,9.0,5.6,33.33333333333333,66.66666666666666,66.66666666666666,0.10803504160421433,54.83,C
ARIHANTCAP.NS,14,4,8,2,12,33.33333333333333,-0.9709645320010386,-0.9709645320010386,14.071428571428571,13.5,3.0,2.25,75.0,75.0,75.0,-0.06900255557367788,54.82,C
BBL.NS,15,4,10,1,14,28.57142857142857,-0.43994754722639473,-0.43994754722639473,6.8,5.0,2.0,1.5,75.0,75.0,100.0,-0.06469816870976393,54.74,C
COFORGE.NS,9,3,4,2,7,42.857142857142854,-0.37334828136655474,-0.37334828136655474,26.88888888888889,15.333333333333334,8.0,17.75,33.33333333333333,66.66666666666666,66.66666666666666,-0.013884853439252035,54.73,C
JINDWORLD.NS,9,3,6,0,9,33.33333333333333,0.13874638063063452,0.13874638063063452,7.111111111111111,15.666666666666666,3.0,1.8333333333333333,66.66666666666666,66.66666666666666,66.66666666666666,0.01951120977618298,54.72,C
KSL.NS,8,3,5,0,8,37.5,-0.9630810917610688,-0.9630810917610688,11.875,14.333333333333334,4.0,10.0,66.66666666666666,66.66666666666666,66.66666666666666,-0.08110156562198474,54.66,C
LODHA.NS,11,3,7,1,10,30.0,-1.8237376338923819,-1.8237376338923819,9.909090909090908,1.6666666666666667,1.0,5.571428571428571,100.0,100.0,100.0,-0.18404691718180002,54.65,C
NAVINFLUOR.NS,14,5,8,1,13,38.46153846153847,-0.7957527019465481,-0.7957527019465481,14.642857142857142,9.8,10.0,11.0,40.0,80.0,80.0,-0.05434408696220329,54.64,C
KPRMILL.NS,12,4,7,1,11,36.36363636363637,1.6240063039488977,1.6240063039488977,11.166666666666666,8.25,8.5,5.285714285714286,50.0,50.0,100.0,0.14543340035363264,54.58,C
AGI.NS,14,4,9,1,13,30.76923076923077,-0.46316957415359356,-0.46316957415359356,9.285714285714286,3.75,1.5,5.222222222222222,75.0,75.0,100.0,-0.049879800293463915,54.58,C
KHANDSE.NS,9,3,6,0,9,33.33333333333333,-0.1881051767323289,-0.1881051767323289,6.444444444444445,5.0,7.0,6.5,33.33333333333333,100.0,100.0,-0.029188734320533795,54.54,C
UNIVCABLES.NS,26,6,19,1,25,24.0,-0.5747908493421908,-0.5747908493421908,5.846153846153846,5.166666666666667,4.5,2.4210526315789473,50.0,83.33333333333334,100.0,-0.09831948738748002,54.54,C
KICL.NS,11,3,8,0,11,27.27272727272727,-1.2030501357617005,-1.2030501357617005,8.727272727272727,5.0,5.0,9.5,66.66666666666666,100.0,100.0,-0.13784949472269487,54.53,C
WEL.NS,17,5,12,0,17,29.411764705882355,-1.149943677580966,-1.149943677580966,7.764705882352941,7.4,2.0,7.416666666666667,60.0,80.0,80.0,-0.14809880696118502,54.47,C
ASHIANA.NS,8,2,5,1,7,28.57142857142857,-0.9307675434956124,-0.9307675434956124,12.0,4.0,4.0,4.8,100.0,100.0,100.0,-0.0775639619579677,54.47,C
PFOCUS.NS,14,4,8,2,12,33.33333333333333,-1.2044944445028063,-1.2044944445028063,12.428571428571429,8.5,3.0,1.625,75.0,75.0,75.0,-0.09691334610942119,54.45,C
MEGASTAR.NS,18,6,12,0,18,33.33333333333333,-1.3134938996515169,-1.3134938996515169,6.166666666666667,9.166666666666666,4.0,4.166666666666667,66.66666666666666,66.66666666666666,83.33333333333334,-0.21299901075430003,54.45,C
KIRLOSBROS.NS,15,4,10,1,14,28.57142857142857,-2.2283680334456557,-2.2283680334456557,9.0,3.25,1.5,5.7,75.0,100.0,100.0,-0.24759644816062842,54.45,C
ELECTCAST.NS,9,2,6,1,8,25.0,-0.032510396457255036,-0.032510396457255036,13.777777777777779,4.0,4.0,8.5,50.0,100.0,100.0,-0.0023596255493168977,54.45,C
ANTELOPUS.NS,20,5,14,1,19,26.31578947368421,-1.036216713172743,-1.036216713172743,6.7,6.2,1.0,2.2142857142857144,80.0,80.0,80.0,-0.15465921092130494,54.41,C
KHAITANLTD.NS,13,4,9,0,13,30.76923076923077,1.337604326796352,1.337604326796352,4.230769230769231,7.0,8.0,2.3333333333333335,25.0,75.0,100.0,0.31616102269731955,54.4,C
BLKASHYAP.NS,11,4,6,1,10,40.0,0.5508319547023365,0.5508319547023365,11.818181818181818,10.5,9.5,4.0,25.0,50.0,100.0,0.04660885770558232,54.36,C
COHANCE.NS,16,4,11,1,15,26.666666666666668,-1.7948041017422967,-1.7948041017422967,6.125,2.75,2.5,2.0,100.0,100.0,100.0,-0.2930292411007831,54.36,C
SIEMENS.NS,13,4,9,0,13,30.76923076923077,-0.6275194940304034,-0.6275194940304034,5.384615384615385,4.75,2.0,5.222222222222222,75.0,75.0,100.0,-0.11653933460564633,54.33,C
TIINDIA.NS,16,5,11,0,16,31.25,-0.5122086648838471,-0.5122086648838471,6.25,8.2,4.0,4.7272727272727275,60.0,60.0,80.0,-0.08195338638141553,54.2,C
ANNAPURNA.NS,9,3,6,0,9,33.33333333333333,-0.4113379019701024,-0.4113379019701024,3.888888888888889,7.666666666666667,8.0,1.1666666666666667,0.0,100.0,100.0,-0.10577260336374061,54.19,C
LLOYDSENGG.NS,12,6,6,0,12,50.0,0.401669489608197,0.401669489608197,11.583333333333334,15.166666666666666,13.5,7.333333333333333,50.0,50.0,50.0,0.034676502699988225,54.13,C
ARVIND.NS,11,5,6,0,11,45.45454545454545,4.765481486729728,4.765481486729728,11.727272727272727,21.4,16.0,3.0,20.0,40.0,80.0,0.40635888646532564,54.13,C
ACE.NS,10,3,6,1,9,33.33333333333333,1.0380859727537721,1.0380859727537721,15.1,10.666666666666666,7.0,9.333333333333334,33.33333333333333,66.66666666666666,100.0,0.06874741541415709,54.12,C
MARKSANS.NS,9,4,4,1,8,50.0,2.5889161735340562,2.5889161735340562,13.444444444444445,13.5,14.5,1.0,0.0,25.0,100.0,0.19256401290749178,54.05,C
AFSL.NS,10,3,7,0,10,30.0,-0.0834282259873202,-0.0834282259873202,10.1,12.0,5.0,8.714285714285714,66.66666666666666,66.66666666666666,66.66666666666666,-0.00826022039478418,54.04,C
MOHITIND.NS,8,3,5,0,8,37.5,-1.613241718285447,-1.613241718285447,8.5,5.333333333333333,7.0,9.8,33.33333333333333,100.0,100.0,-0.18979314332769964,53.98,C
HUHTAMAKI.NS,7,2,4,1,6,33.33333333333333,2.6570306318297563,2.6570306318297563,13.857142857142858,7.5,7.5,5.0,50.0,50.0,100.0,0.19174447858565252,53.98,C
GALAXYSURF.NS,6,2,4,0,6,33.33333333333333,-0.5689451462640053,-0.5689451462640053,8.0,7.5,7.5,8.0,0.0,100.0,100.0,-0.07111814328300066,53.94,C
CERA.NS,7,3,3,1,6,50.0,1.937805297442633,1.937805297442633,18.428571428571427,20.333333333333332,12.0,1.6666666666666667,33.33333333333333,33.33333333333333,66.66666666666666,0.10515222544262351,53.86,C
DNAMEDIA.NS,12,4,8,0,12,33.33333333333333,-1.267813996931288,-1.267813996931288,10.0,4.75,5.5,12.5,50.0,100.0,100.0,-0.1267813996931288,53.85,C
SMLMAH.NS,16,4,12,0,16,25.0,-0.15652232846583525,-0.15652232846583525,7.9375,15.25,5.0,5.0,50.0,75.0,75.0,-0.019719348468136725,53.76,C
AIAENG.NS,9,4,3,2,7,57.14285714285714,4.0665196301393856,4.0665196301393856,24.22222222222222,21.75,21.0,2.6666666666666665,0.0,50.0,50.0,0.16788383794153428,53.71,C
INFOBEAN.NS,6,1,4,1,5,20.0,0.7712130831093796,0.7712130831093796,11.666666666666666,4.0,4.0,1.0,100.0,100.0,100.0,0.06610397855223255,53.71,C
JISLDVREQS.NS,9,3,6,0,9,33.33333333333333,1.397223834218003,1.397223834218003,6.0,10.666666666666666,10.0,3.0,33.33333333333333,66.66666666666666,66.66666666666666,0.23287063903633384,53.68,C
YESBANK.NS,9,3,6,0,9,33.33333333333333,1.3875706995331654,1.3875706995331654,8.333333333333334,20.666666666666668,10.0,1.3333333333333333,33.33333333333333,66.66666666666666,66.66666666666666,0.16650848394397982,53.67,C
TFCILTD.NS,17,6,9,2,15,40.0,2.021687386780995,2.021687386780995,13.0,11.333333333333334,10.5,2.7777777777777777,33.33333333333333,50.0,83.33333333333334,0.15551441436776883,53.66,C
NELCO.NS,6,2,4,0,6,33.33333333333333,-0.7665838929915818,-0.7665838929915818,6.5,5.5,5.5,6.75,50.0,100.0,100.0,-0.11793598353716643,53.64,C
SAKUMA.NS,15,4,11,0,15,26.666666666666668,-2.267139570666236,-2.267139570666236,7.866666666666666,4.0,4.0,8.545454545454545,75.0,100.0,100.0,-0.28819570813553846,53.62,C
DHANUKA.NS,8,2,5,1,7,28.57142857142857,-1.4906145548621934,-1.4906145548621934,9.875,5.0,5.0,1.0,50.0,100.0,100.0,-0.1509483093531335,53.6,C
PETRONET.NS,6,2,3,1,5,40.0,0.6956997839340407,0.6956997839340407,12.5,5.5,5.5,0.0,50.0,50.0,100.0,0.05565598271472326,53.59,C
KRISHNADEF.NS,21,7,14,0,21,33.33333333333333,0.028854552770464892,0.028854552770464892,8.523809523809524,13.571428571428571,8.0,5.214285714285714,42.857142857142854,57.14285714285714,71.42857142857143,0.0033851709954176687,53.59,C
MONARCH.NS,15,5,10,0,15,33.33333333333333,0.47611542504849774,0.47611542504849774,7.733333333333333,16.0,9.0,2.9,40.0,60.0,80.0,0.06156664979075402,53.58,C
KRITINUT.NS,10,3,7,0,10,30.0,-0.3976429882840888,-0.3976429882840888,4.5,11.666666666666666,1.0,0.42857142857142855,66.66666666666666,66.66666666666666,66.66666666666666,-0.08836510850757529,53.55,C
MANAKSIA.NS,6,3,3,0,6,50.0,4.290772772824592,4.290772772824592,7.5,12.666666666666666,16.0,1.6666666666666667,33.33333333333333,33.33333333333333,66.66666666666666,0.5721030363766123,53.54,C
CNL.NS,15,5,9,1,14,35.714285714285715,-0.16421619062212375,-0.16421619062212375,10.533333333333333,13.0,10.0,3.111111111111111,40.0,60.0,80.0,-0.015590144679315547,53.53,C
BAJAJHLDNG.NS,16,5,11,0,16,31.25,-0.34194512207529326,-0.34194512207529326,6.1875,6.4,6.0,5.363636363636363,40.0,80.0,100.0,-0.05526385811317871,53.47,C
CRISIL.NS,8,3,5,0,8,37.5,0.13569704012431538,0.13569704012431538,7.375,9.0,9.0,5.8,33.33333333333333,66.66666666666666,100.0,0.01839959866092412,53.38,C
COALINDIA.NS,6,2,3,1,5,40.0,0.4871127665417457,0.4871127665417457,15.0,9.5,9.5,3.6666666666666665,50.0,50.0,100.0,0.032474184436116375,53.26,C
GOKULAGRO.NS,15,4,10,1,14,28.57142857142857,0.5078384938917673,0.5078384938917673,10.666666666666666,12.5,7.0,4.6,25.0,75.0,75.0,0.04760985880235318,53.22,C
MRF.NS,6,1,3,2,4,25.0,-0.8250539384553791,-0.8250539384553791,22.0,2.0,2.0,2.6666666666666665,100.0,100.0,100.0,-0.03750245174797178,53.21,C
M&MFIN.NS,12,4,8,0,12,33.33333333333333,-2.0185101468527296,-2.0185101468527296,9.166666666666666,7.5,3.5,9.625,75.0,75.0,75.0,-0.22020110692938868,53.18,C
WELCORP.NS,18,7,11,0,18,38.88888888888889,2.431852662022212,2.431852662022212,8.61111111111111,17.142857142857142,12.0,2.8181818181818183,28.57142857142857,42.857142857142854,71.42857142857143,0.2824086962348375,53.14,C
AUBANK.NS,9,3,5,1,8,37.5,-0.08885041967816489,-0.08885041967816489,32.0,17.0,7.0,35.0,33.33333333333333,66.66666666666666,66.66666666666666,-0.0027765756149426527,53.03,C
AETHER.NS,8,2,5,1,7,28.57142857142857,-1.874104210210402,-1.874104210210402,9.375,0.5,0.5,2.2,100.0,100.0,100.0,-0.19990444908910954,53.0,C
SONAMLTD.NS,14,4,10,0,14,28.57142857142857,-0.9131766472855214,-0.9131766472855214,4.214285714285714,6.75,2.0,2.4,75.0,75.0,75.0,-0.21668598410164913,53.0,C
PGHL.NS,9,2,6,1,8,25.0,-0.9818995205089962,-0.9818995205089962,11.555555555555555,1.0,1.0,6.5,100.0,100.0,100.0,-0.0849720738902016,52.97,C
OSWALSEEDS.NS,8,2,6,0,8,25.0,-0.9781046947049181,-0.9781046947049181,6.125,4.0,4.0,6.5,100.0,100.0,100.0,-0.15969056240080295,52.97,C
BETA.NS,13,3,9,1,12,25.0,0.508860350839764,0.508860350839764,9.538461538461538,12.0,4.0,2.3333333333333335,66.66666666666666,66.66666666666666,66.66666666666666,0.05334826258803978,52.96,C
NLCINDIA.NS,12,5,7,0,12,41.66666666666667,-1.427748054834117,-1.427748054834117,15.75,8.0,7.0,21.0,40.0,60.0,80.0,-0.0906506701481979,52.94,C
RAJSREESUG.NS,9,3,6,0,9,33.33333333333333,-3.1342523629484083,-3.1342523629484083,4.777777777777778,0.6666666666666666,1.0,6.333333333333333,100.0,100.0,100.0,-0.6560063085240855,52.94,C
PILANIINVS.NS,10,3,7,0,10,30.0,-0.7834315347335084,-0.7834315347335084,12.3,16.0,3.0,10.142857142857142,66.66666666666666,66.66666666666666,66.66666666666666,-0.06369362071004132,52.94,C
KARMAENG.NS,14,4,10,0,14,28.57142857142857,-2.571312257623312,-2.571312257623312,7.5,2.25,2.0,9.4,100.0,100.0,100.0,-0.34284163434977494,52.91,C
VLSFINANCE.NS,8,2,5,1,7,28.57142857142857,-1.9418482147444651,-1.9418482147444651,8.5,1.5,1.5,0.2,100.0,100.0,100.0,-0.22845273114640766,52.89,C
WORTHPERI.NS,12,3,9,0,12,25.0,-1.6848610909351265,-1.6848610909351265,5.333333333333333,5.0,4.0,4.777777777777778,66.66666666666666,100.0,100.0,-0.31591145455033626,52.87,C
BSHSL.NS,7,2,5,0,7,28.57142857142857,-1.9670336947305225,-1.9670336947305225,2.2857142857142856,2.5,2.5,1.4,100.0,100.0,100.0,-0.8605772414446037,52.86,C
SIL.NS,6,2,4,0,6,33.33333333333333,-3.192438319105941,-3.192438319105941,4.833333333333333,2.5,2.5,5.75,100.0,100.0,100.0,-0.6605044798150222,52.85,C
EMKAY.NS,11,3,6,2,9,33.33333333333333,-1.7097129084520766,-1.7097129084520766,15.454545454545455,4.333333333333333,1.0,4.833333333333333,66.66666666666666,66.66666666666666,100.0,-0.11062848231160495,52.83,C
BIL.NS,17,4,12,1,16,25.0,-0.7652569911918663,-0.7652569911918663,8.823529411764707,11.75,1.5,2.8333333333333335,75.0,75.0,75.0,-0.08672912566841151,52.8,C
ENGINERSIN.NS,6,2,3,1,5,40.0,2.7088490260604026,2.7088490260604026,16.166666666666668,14.0,14.0,2.3333333333333335,50.0,50.0,50.0,0.16755767171507643,52.73,C
JINDALPHOT.NS,18,5,12,1,17,29.411764705882355,-2.274751662858446,-2.274751662858446,6.944444444444445,3.4,0.0,2.75,80.0,80.0,100.0,-0.3275642394516162,52.71,C
AZAD.NS,9,3,6,0,9,33.33333333333333,0.7629744753378828,0.7629744753378828,6.666666666666667,14.666666666666666,8.0,2.3333333333333335,33.33333333333333,66.66666666666666,66.66666666666666,0.11444617130068241,52.69,C
JSL.NS,14,7,6,1,13,53.84615384615385,4.05849287302516,4.05849287302516,18.214285714285715,20.857142857142858,27.0,7.833333333333333,28.57142857142857,42.857142857142854,42.857142857142854,0.22281921655824405,52.67,C
AXISBANK.NS,8,2,4,2,6,33.33333333333333,-1.3879687549301045,-1.3879687549301045,21.125,6.0,6.0,9.25,50.0,100.0,100.0,-0.06570266295527122,52.66,C
INSECTICID.NS,8,3,4,1,7,42.857142857142854,-1.702616810638051,-1.702616810638051,19.0,13.0,8.0,12.25,33.33333333333333,66.66666666666666,66.66666666666666,-0.08961141108621322,52.65,C
ZENTEC.NS,19,5,14,0,19,26.31578947368421,-2.8325953384334204,-2.8325953384334204,6.947368421052632,4.2,4.0,7.5,80.0,100.0,100.0,-0.40772205628965896,52.6,C
NACLIND.NS,11,3,8,0,11,27.27272727272727,-2.4493672680482406,-2.4493672680482406,1.9090909090909092,1.0,1.0,1.5,100.0,100.0,100.0,-1.283001902310983,52.58,C
APCOTEXIND.NS,8,2,5,1,7,28.57142857142857,-0.2870420609715838,-0.2870420609715838,16.375,5.5,5.5,11.6,50.0,100.0,100.0,-0.01752928616620359,52.48,C
OBEROIRLTY.NS,11,3,7,1,10,30.0,-1.097218675571189,-1.097218675571189,13.818181818181818,10.666666666666666,5.0,8.0,66.66666666666666,66.66666666666666,66.66666666666666,-0.07940398310054657,52.45,C
SHRIRAMPPS.NS,6,1,4,1,5,20.0,-0.10526275652556209,-0.10526275652556209,20.666666666666668,0.0,0.0,15.25,100.0,100.0,100.0,-0.005093359186720746,52.34,C
WABAG.NS,11,3,7,1,10,30.0,0.7471449974412462,0.7471449974412462,10.909090909090908,11.0,9.0,3.0,33.33333333333333,66.66666666666666,100.0,0.06848829143211424,52.33,C
PRECWIRE.NS,19,6,12,1,18,33.33333333333333,-1.8686805799328627,-1.8686805799328627,9.157894736842104,9.0,6.5,4.25,50.0,83.33333333333334,83.33333333333334,-0.20405132769381837,52.25,C
JINDRILL.NS,11,3,7,1,10,30.0,-1.2256856046262805,-1.2256856046262805,12.454545454545455,16.666666666666668,3.0,2.857142857142857,66.66666666666666,66.66666666666666,66.66666666666666,-0.0984127127802123,52.25,C
STARCEMENT.NS,13,3,10,0,13,23.076923076923077,-1.587377956395592,-1.587377956395592,4.461538461538462,2.6666666666666665,2.0,4.3,66.66666666666666,100.0,100.0,-0.3557916109162534,52.25,C
IMFA.NS,12,4,7,1,11,36.36363636363637,2.646942856300543,2.646942856300543,13.666666666666666,10.5,10.5,8.285714285714286,25.0,50.0,100.0,0.19367874558296658,52.18,C
XPROINDIA.NS,12,3,8,1,11,27.27272727272727,-0.7838357259493351,-0.7838357259493351,13.5,5.333333333333333,7.0,10.125,33.33333333333333,100.0,100.0,-0.05806190562587668,52.18,C
RPPINFRA.NS,6,2,3,1,5,40.0,-0.21075240740993242,-0.21075240740993242,17.5,9.5,9.5,8.333333333333334,50.0,50.0,100.0,-0.012042994709138995,52.17,C
VOLTAMP.NS,13,3,10,0,13,23.076923076923077,-1.6632363915271542,-1.6632363915271542,3.8461538461538463,5.0,5.0,2.8,66.66666666666666,100.0,100.0,-0.43244146179706006,52.13,C
JSWENERGY.NS,9,4,5,0,9,44.44444444444444,1.1758120522741018,1.1758120522741018,15.555555555555555,22.75,11.5,9.8,0.0,50.0,75.0,0.07558791764619226,52.11,C
DYCL.NS,16,3,11,2,14,21.428571428571427,-1.896341079117895,-1.896341079117895,10.3125,3.0,3.0,2.1818181818181817,100.0,100.0,100.0,-0.1838876197932504,52.11,C
AARON.NS,16,4,12,0,16,25.0,-2.8221272237590416,-2.8221272237590416,5.5625,0.75,1.0,6.666666666666667,100.0,100.0,100.0,-0.5073487143836479,52.09,C
AMBUJACEM.NS,7,2,3,2,5,40.0,-0.28667901098949716,-0.28667901098949716,29.428571428571427,9.5,9.5,21.666666666666668,0.0,50.0,100.0,-0.009741519790905245,52.05,C
MANORAMA.NS,12,5,7,0,12,41.66666666666667,3.111316260851643,3.111316260851643,7.166666666666667,14.2,15.0,1.7142857142857142,20.0,20.0,100.0,0.4341371526769734,52.03,C
RADICO.NS,13,4,6,3,10,40.0,1.6196141422482018,1.6196141422482018,22.23076923076923,14.25,13.5,8.166666666666666,0.0,50.0,75.0,0.07285461539524783,52.03,C
DELTAMAGNT.NS,8,3,5,0,8,37.5,-4.787023466546543,-4.787023466546543,5.625,2.0,2.0,7.6,100.0,100.0,100.0,-0.8510263940527187,52.02,C
BFUTILITIE.NS,8,2,5,1,7,28.57142857142857,-2.5008667549819297,-2.5008667549819297,12.5,4.5,4.5,5.6,50.0,100.0,100.0,-0.20006934039855437,52.02,C
POLYCAB.NS,15,7,7,1,14,50.0,2.297613710458555,2.297613710458555,21.533333333333335,20.714285714285715,16.0,16.428571428571427,14.285714285714285,28.57142857142857,57.14285714285714,0.1067003271110784,51.95,C
CGPOWER.NS,14,6,8,0,14,42.857142857142854,1.865906585546138,1.865906585546138,10.857142857142858,18.0,13.0,5.0,33.33333333333333,33.33333333333333,83.33333333333334,0.17185981708977588,51.89,C
HGINFRA.NS,7,1,5,1,6,16.666666666666664,0.4604336145469243,0.4604336145469243,12.571428571428571,0.0,0.0,4.2,100.0,100.0,100.0,0.036625401157141704,51.89,C
THANGAMAYL.NS,17,5,12,0,17,29.411764705882355,0.38647846637353545,0.38647846637353545,6.882352941176471,11.0,6.0,4.416666666666667,40.0,60.0,80.0,0.05615499084059916,51.87,C
CHALET.NS,19,4,14,1,18,22.22222222222222,-2.248977765289703,-2.248977765289703,6.157894736842105,4.5,4.0,2.0714285714285716,50.0,100.0,100.0,-0.3652186114573022,51.87,C
DJML.NS,8,2,6,0,8,25.0,-1.6981004545086749,-1.6981004545086749,8.5,4.5,4.5,9.5,50.0,100.0,100.0,-0.1997765240598441,51.85,C
SOTL.NS,6,2,2,2,4,50.0,5.291814745761223,5.291814745761223,29.5,16.0,16.0,11.5,0.0,0.0,100.0,0.17938355070377027,51.77,C
WIPL.NS,11,2,8,1,10,20.0,-1.1123424528907175,-1.1123424528907175,10.545454545454545,5.0,5.0,5.125,50.0,100.0,100.0,-0.1054807498430853,51.76,C
ADANIPOWER.NS,13,3,8,2,11,27.27272727272727,-0.8575427571582778,-0.8575427571582778,12.923076923076923,8.666666666666666,5.0,1.875,66.66666666666666,66.66666666666666,100.0,-0.0663574752562953,51.74,C
ARCHIDPLY.NS,11,3,8,0,11,27.27272727272727,-2.9863338861007196,-2.9863338861007196,4.636363636363637,2.0,1.0,5.0,100.0,100.0,100.0,-0.6441112303354493,51.74,C
VESUVIUS.NS,18,5,12,1,17,29.411764705882355,0.27163281286023144,0.27163281286023144,9.222222222222221,15.6,10.0,1.75,20.0,60.0,80.0,0.02945416043062751,51.69,C
ABSLAMC.NS,8,2,4,2,6,33.33333333333333,1.1804646592955619,1.1804646592955619,19.25,8.5,8.5,3.0,50.0,50.0,100.0,0.06132283944392529,51.68,C
SHARDACROP.NS,9,3,5,1,8,37.5,3.7372329284730657,3.7372329284730657,18.333333333333332,22.666666666666668,11.0,6.4,0.0,33.33333333333333,66.66666666666666,0.2038490688258036,51.67,C
VIKASLIFE.NS,6,2,4,0,6,33.33333333333333,-3.9828312431260513,-3.9828312431260513,1.6666666666666667,3.0,3.0,0.5,100.0,100.0,100.0,-2.3896987458756307,51.61,C
CARYSIL.NS,8,2,5,1,7,28.57142857142857,-0.8518915316053585,-0.8518915316053585,17.375,6.5,6.5,12.8,50.0,100.0,100.0,-0.049029728437718474,51.6,C
TCPLPACK.NS,19,4,15,0,19,21.052631578947366,-2.1320900787257555,-2.1320900787257555,1.7894736842105263,4.25,4.0,0.26666666666666666,75.0,100.0,100.0,-1.191462102817334,51.59,C
AARTIPHARM.NS,18,6,12,0,18,33.33333333333333,-0.16948976557614134,-0.16948976557614134,5.777777777777778,7.833333333333333,7.0,4.166666666666667,50.0,50.0,100.0,-0.02933476711894754,51.57,C
GOLDIAM.NS,8,2,5,1,7,28.57142857142857,-2.791807312049071,-2.791807312049071,15.375,0.0,0.0,12.0,100.0,100.0,100.0,-0.18158096338530544,51.57,C
KOLTEPATIL.NS,12,3,8,1,11,27.27272727272727,-0.9628271248338732,-0.9628271248338732,11.916666666666666,12.333333333333334,5.0,5.125,66.66666666666666,66.66666666666666,66.66666666666666,-0.08079668180424111,51.57,C
BEDMUTHA.NS,9,3,6,0,9,33.33333333333333,-1.9165317394730539,-1.9165317394730539,9.333333333333334,12.666666666666666,2.0,7.0,66.66666666666666,66.66666666666666,66.66666666666666,-0.2053426863721129,51.51,C
MONTECARLO.NS,7,2,4,1,6,33.33333333333333,1.0616019395888294,1.0616019395888294,21.142857142857142,10.0,10.0,15.75,0.0,50.0,100.0,0.050210902548120315,51.49,C
SCHNEIDER.NS,20,7,12,1,19,36.84210526315789,1.2225632167470155,1.2225632167470155,11.7,16.571428571428573,14.0,4.0,28.57142857142857,42.857142857142854,71.42857142857143,0.10449258262795005,51.43,C
INTELLECT.NS,9,4,5,0,9,44.44444444444444,4.852186925567186,4.852186925567186,19.22222222222222,26.0,19.5,13.6,0.0,25.0,75.0,0.25242590942257037,51.36,C
INDRAMEDCO.NS,19,5,14,0,19,26.31578947368421,-0.4553855811540138,-0.4553855811540138,5.842105263157895,6.4,7.0,5.142857142857143,40.0,80.0,100.0,-0.07794888326059696,51.31,C
VGL.NS,16,4,11,1,15,26.666666666666668,-2.1959988771094445,-2.1959988771094445,8.9375,9.5,4.5,3.5454545454545454,50.0,75.0,75.0,-0.2457061680681896,51.24,C
GAIL.NS,10,2,7,1,9,22.22222222222222,-2.054807526793648,-2.054807526793648,8.3,2.5,2.5,2.2857142857142856,100.0,100.0,100.0,-0.24756717190284916,51.18,C
HONDAPOWER.NS,12,3,8,1,11,27.27272727272727,0.6995385031363567,0.6995385031363567,8.166666666666666,9.666666666666666,9.0,0.25,33.33333333333333,66.66666666666666,100.0,0.08565777589424776,51.17,C
MAGNUM.NS,10,3,7,0,10,30.0,-0.0012478618190923108,-0.0012478618190923108,6.0,8.0,6.0,4.571428571428571,33.33333333333333,66.66666666666666,100.0,-0.00020797696984871847,51.16,C
ACUTAAS.NS,13,3,8,2,11,27.27272727272727,-1.464607990857046,-1.464607990857046,12.923076923076923,6.0,6.0,3.0,33.33333333333333,100.0,100.0,-0.11333276119727141,51.12,C
CUMMINSIND.NS,10,4,5,1,9,44.44444444444444,1.4941986588045117,1.4941986588045117,14.4,17.0,13.5,3.0,25.0,25.0,75.0,0.10376379575031332,51.11,C
VAISHALI.NS,12,3,9,0,12,25.0,-2.8174315722142147,-2.8174315722142147,8.333333333333334,1.6666666666666667,1.0,9.88888888888889,100.0,100.0,100.0,-0.3380917886657057,51.1,C
RAINBOW.NS,13,3,9,1,12,25.0,-0.696991089936252,-0.696991089936252,9.384615384615385,5.333333333333333,4.0,4.444444444444445,66.66666666666666,66.66666666666666,100.0,-0.07426954237025636,51.08,C
ARE&M.NS,6,2,4,0,6,33.33333333333333,-2.4512738347550416,-2.4512738347550416,6.166666666666667,8.5,8.5,4.5,0.0,100.0,100.0,-0.39750386509541213,51.0,C
ARIHANTSUP.NS,11,4,7,0,11,36.36363636363637,1.885779509226878,1.885779509226878,8.909090909090908,14.75,13.5,5.0,0.0,50.0,75.0,0.21166912858669043,50.99,C
SHANTIGEAR.NS,11,3,7,1,10,30.0,-0.12002047462721324,-0.12002047462721324,13.181818181818182,14.0,10.0,5.285714285714286,33.33333333333333,66.66666666666666,66.66666666666666,-0.009105001523443764,50.98,C
JSWINFRA.NS,8,2,6,0,8,25.0,-2.256321516704799,-2.256321516704799,3.875,3.0,3.0,3.6666666666666665,100.0,100.0,100.0,-0.5822765204399482,50.97,C
GANGESSECU.NS,18,4,14,0,18,22.22222222222222,-2.832596585094302,-2.832596585094302,1.9444444444444444,3.75,3.5,0.5714285714285714,75.0,100.0,100.0,-1.4567639580484981,50.96,C
INCREDIBLE.NS,7,2,5,0,7,28.57142857142857,1.9289170254138028,1.9289170254138028,4.142857142857143,7.0,7.0,2.6,50.0,50.0,100.0,0.46560066130677996,50.94,C
DATAMATICS.NS,17,4,13,0,17,23.52941176470588,-3.189553669108725,-3.189553669108725,5.882352941176471,1.75,0.5,6.538461538461538,75.0,100.0,100.0,-0.5422241237484832,50.93,C
ABBOTINDIA.NS,9,3,5,1,8,37.5,-1.4349575945051227,-1.4349575945051227,12.444444444444445,9.0,6.0,4.6,33.33333333333333,66.66666666666666,100.0,-0.11530909241559022,50.92,C
DCI.NS,14,4,10,0,14,28.57142857142857,-3.878800719504251,-3.878800719504251,5.214285714285714,1.75,1.0,6.2,100.0,100.0,100.0,-0.7438795900419111,50.87,C
M&M.NS,21,8,12,1,20,40.0,0.3824857863009536,0.3824857863009536,12.523809523809524,15.75,15.0,6.25,37.5,37.5,75.0,0.030540690160912643,50.85,C
AMDIND.NS,7,2,5,0,7,28.57142857142857,-3.2844543426738,-3.2844543426738,13.0,3.0,3.0,16.4,100.0,100.0,100.0,-0.2526503340518308,50.8,C
TDPOWERSYS.NS,24,7,17,0,24,29.166666666666668,-0.7408763118400734,-0.7408763118400734,7.166666666666667,13.285714285714286,9.0,4.0588235294117645,28.57142857142857,57.14285714285714,71.42857142857143,-0.10337809002419629,50.72,C
ALLDIGI.NS,15,3,11,1,14,21.428571428571427,-2.7862523556249594,-2.7862523556249594,8.2,0.0,0.0,5.0,100.0,100.0,100.0,-0.3397868726371902,50.72,C
HINDCOPPER.NS,6,2,3,1,5,40.0,7.177536694746258,7.177536694746258,16.166666666666668,17.0,17.0,0.0,0.0,0.0,50.0,0.4439713419430675,50.71,C
BOROLTD.NS,8,1,4,3,5,20.0,-1.1437688912167596,-1.1437688912167596,23.25,0.0,0.0,0.0,100.0,100.0,100.0,-0.0491943609125488,50.71,C
MCLEODRUSS.NS,11,3,7,1,10,30.0,-2.2431130549547436,-2.2431130549547436,12.363636363636363,5.0,1.0,8.0,66.66666666666666,66.66666666666666,100.0,-0.18142826179781016,50.66,C
SWANCORP.NS,11,3,8,0,11,27.27272727272727,-1.5429750815148446,-1.5429750815148446,8.727272727272727,8.0,0.0,8.0,66.66666666666666,66.66666666666666,66.66666666666666,-0.17679922809024262,50.66,C
TNPL.NS,10,3,7,0,10,30.0,-0.38665381589958625,-0.38665381589958625,7.2,8.0,10.0,6.428571428571429,33.33333333333333,66.66666666666666,100.0,-0.053701918874942536,50.56,C
WEWIN.NS,13,4,9,0,13,30.76923076923077,-3.047534896989987,-3.047534896989987,8.461538461538462,9.0,2.5,7.666666666666667,75.0,75.0,75.0,-0.3601632150988166,50.55,C
JINDALSTEL.NS,16,4,11,1,15,26.666666666666668,-0.711819383386486,-0.711819383386486,13.625,6.75,6.5,11.454545454545455,50.0,75.0,100.0,-0.052243624468732916,50.55,C
WOCKPHARMA.NS,13,4,8,1,12,33.33333333333333,-0.18979700311990683,-0.18979700311990683,11.461538461538462,10.25,9.0,5.5,50.0,50.0,75.0,-0.016559470070864352,50.54,C
TATACOMM.NS,6,3,2,1,5,60.0,4.268560652864211,4.268560652864211,28.833333333333332,32.0,36.0,8.0,0.0,33.33333333333333,33.33333333333333,0.14804256599529056,50.5,C
ADFFOODS.NS,15,3,11,1,14,21.428571428571427,-2.9424618350647758,-2.9424618350647758,7.0,2.0,1.0,3.0,100.0,100.0,100.0,-0.4203516907235394,50.47,C
SHILPAMED.NS,7,2,3,2,5,40.0,6.368240101013351,6.368240101013351,24.571428571428573,23.0,23.0,1.6666666666666667,50.0,50.0,50.0,0.2591725622505433,50.45,C
SHYAMMETL.NS,9,5,4,0,9,55.55555555555556,4.292581102863006,4.292581102863006,18.22222222222222,28.8,22.0,4.75,20.0,20.0,40.0,0.2355684751571162,50.43,C
WILLAMAGOR.NS,17,4,13,0,17,23.52941176470588,-3.5082116053430354,-3.5082116053430354,5.588235294117647,0.5,0.5,6.3076923076923075,100.0,100.0,100.0,-0.6277852346403326,50.43,C
BLUECHIP.NS,11,5,6,0,11,45.45454545454545,2.3866558688229875,2.3866558688229875,21.454545454545453,22.8,20.0,20.0,0.0,40.0,60.0,0.11124243456378333,50.41,C
DONEAR.NS,13,3,10,0,13,23.076923076923077,-0.643214918287216,-0.643214918287216,5.6923076923076925,5.0,3.0,5.4,66.66666666666666,66.66666666666666,100.0,-0.11299721537478119,50.39,C
GILLETTE.NS,8,1,5,2,6,16.666666666666664,-0.5207780253279991,-0.5207780253279991,17.375,2.0,2.0,2.8,100.0,100.0,100.0,-0.029972835990100668,50.35,C
TARACHAND.NS,15,4,11,0,15,26.666666666666668,-2.782548674214613,-2.782548674214613,10.066666666666666,9.5,3.5,9.636363636363637,75.0,75.0,75.0,-0.276412119955094,50.32,C
MANINDS.NS,17,4,12,1,16,25.0,-2.368001783794594,-2.368001783794594,10.882352941176471,13.75,3.0,5.166666666666667,75.0,75.0,75.0,-0.21760016391626,50.3,C
POWERMECH.NS,13,5,7,1,12,41.66666666666667,0.7205391135245086,0.7205391135245086,18.384615384615383,18.0,11.0,12.0,40.0,40.0,60.0,0.03919250408292307,50.29,C
AUTOAXLES.NS,10,2,8,0,10,20.0,-2.0637324111594895,-2.0637324111594895,1.5,0.5,0.5,1.0,100.0,100.0,100.0,-1.3758216074396596,50.28,C
GRSE.NS,19,4,15,0,19,21.052631578947366,-1.3815884702598924,-1.3815884702598924,6.526315789473684,7.75,4.5,5.6,75.0,75.0,100.0,-0.21169500753982223,50.26,C
PROZONER.NS,13,4,9,0,13,30.76923076923077,-3.2461833013163375,-3.2461833013163375,10.307692307692308,15.5,1.5,7.222222222222222,75.0,75.0,75.0,-0.31492823072471926,50.24,C
VIMTALABS.NS,17,4,13,0,17,23.52941176470588,-2.0478147683031787,-2.0478147683031787,8.117647058823529,10.75,3.5,6.6923076923076925,50.0,75.0,75.0,-0.25226703667502925,50.21,C
MMFL.NS,9,2,7,0,9,22.22222222222222,-2.0389415870290666,-2.0389415870290666,6.888888888888889,3.5,3.5,7.285714285714286,50.0,100.0,100.0,-0.2959753916655096,50.2,C
UNICHEMLAB.NS,9,2,6,1,8,25.0,-2.766113043040311,-2.766113043040311,13.444444444444445,3.5,3.5,8.166666666666666,50.0,100.0,100.0,-0.2057439453501058,50.18,C
FIEMIND.NS,18,5,13,0,18,27.77777777777778,-0.29413929215271406,-0.29413929215271406,6.166666666666667,12.6,9.0,3.076923076923077,40.0,60.0,80.0,-0.04769826359233201,50.15,C
DEEPINDS.NS,25,5,20,0,25,20.0,-2.1771747908956316,-2.1771747908956316,5.04,7.4,4.0,3.7,60.0,80.0,80.0,-0.4319791251777047,50.1,C
KITEX.NS,10,2,7,1,9,22.22222222222222,-2.7921874993687794,-2.7921874993687794,11.2,1.5,1.5,6.285714285714286,100.0,100.0,100.0,-0.2493024553007839,50.03,C
CCL.NS,15,4,10,1,14,28.57142857142857,0.04137333400865965,0.04137333400865965,10.2,8.25,8.5,5.3,50.0,50.0,100.0,0.00405620921653526,49.99,C
BANCOINDIA.NS,11,5,6,0,11,45.45454545454545,4.645602443007098,4.645602443007098,11.090909090909092,21.0,23.0,2.0,40.0,40.0,40.0,0.41886579404162355,49.94,C
SBIN.NS,9,4,5,0,9,44.44444444444444,-0.21623171339044026,-0.21623171339044026,13.666666666666666,11.0,12.0,15.8,0.0,50.0,100.0,-0.015821832687105384,49.94,C
LGBBROSLTD.NS,13,4,9,0,13,30.76923076923077,0.0714631430499686,0.0714631430499686,7.230769230769231,17.25,9.0,2.2222222222222223,25.0,50.0,75.0,0.009883200634570126,49.92,C
MANGLMCEM.NS,6,2,4,0,6,33.33333333333333,2.607671582240095,2.607671582240095,12.0,12.5,12.5,11.5,0.0,50.0,100.0,0.21730596518667458,49.91,C
ICIL.NS,8,1,5,2,6,16.666666666666664,-0.8133162126779314,-0.8133162126779314,16.75,5.0,5.0,1.0,100.0,100.0,100.0,-0.04855619180166755,49.9,C
WENDT.NS,13,3,10,0,13,23.076923076923077,-0.9775694582393304,-0.9775694582393304,5.3076923076923075,10.333333333333334,0.0,2.8,66.66666666666666,66.66666666666666,66.66666666666666,-0.184179753001613,49.87,C
DYNAMATECH.NS,12,2,8,2,10,20.0,-0.4106613334424811,-0.4106613334424811,16.666666666666668,8.5,8.5,7.25,0.0,100.0,100.0,-0.024639680006548866,49.86,C
NAGREEKEXP.NS,8,2,6,0,8,25.0,-2.9920038879210287,-2.9920038879210287,8.625,4.5,4.5,9.666666666666666,50.0,100.0,100.0,-0.3468990014980903,49.82,C
CDSL.NS,13,4,9,0,13,30.76923076923077,0.002616129166098367,0.002616129166098367,11.076923076923077,13.5,6.5,9.444444444444445,50.0,50.0,75.0,0.00023617832749499147,49.81,C
ARTEMISMED.NS,20,4,15,1,19,21.052631578947366,-2.3171556426164504,-2.3171556426164504,6.15,11.0,2.0,0.2,75.0,75.0,75.0,-0.376773275222187,49.8,C
JKPAPER.NS,9,2,7,0,9,22.22222222222222,-2.3128104538686056,-2.3128104538686056,10.0,3.0,3.0,11.714285714285714,100.0,100.0,100.0,-0.23128104538686056,49.78,C
GULFOILLUB.NS,7,2,4,1,6,33.33333333333333,-0.05116918357361629,-0.05116918357361629,14.0,9.5,9.5,4.0,50.0,50.0,100.0,-0.003654941683829735,49.75,C
RANEHOLDIN.NS,13,4,9,0,13,30.76923076923077,-0.039155981279216226,-0.039155981279216226,9.153846153846153,10.75,7.0,7.888888888888889,50.0,50.0,75.0,-0.004277544173359756,49.75,C
TIIL.NS,16,4,12,0,16,25.0,0.7763957903504322,0.7763957903504322,6.3125,17.25,9.5,1.8333333333333333,50.0,50.0,75.0,0.12299339253076153,49.71,C
CREDITACC.NS,13,3,10,0,13,23.076923076923077,-3.2231026072464126,-3.2231026072464126,4.769230769230769,0.6666666666666666,0.0,5.2,100.0,100.0,100.0,-0.6758118370032801,49.69,C
UGARSUGAR.NS,6,3,3,0,6,50.0,6.304458726823698,6.304458726823698,21.0,38.0,54.0,3.3333333333333335,33.33333333333333,33.33333333333333,33.33333333333333,0.300212320324938,49.68,C
FOSECOIND.NS,16,3,12,1,15,20.0,-0.969099328487574,-0.969099328487574,8.1875,16.0,3.0,1.0833333333333333,66.66666666666666,66.66666666666666,66.66666666666666,-0.1183632767618411,49.65,C
ISGEC.NS,6,2,3,1,5,40.0,-1.8443497408722502,-1.8443497408722502,21.0,10.0,10.0,15.0,0.0,50.0,100.0,-0.08782617813677382,49.62,C
PNB.NS,6,3,2,1,5,60.0,5.826866424492889,5.826866424492889,29.833333333333332,38.333333333333336,31.0,0.0,0.0,0.0,0.0,0.19531395836289014,49.6,C
ALANKIT.NS,6,1,4,1,5,20.0,0.06250022942025124,0.06250022942025124,11.666666666666666,6.0,6.0,0.0,0.0,100.0,100.0,0.005357162521735821,49.6,C
SHRIRAMFIN.NS,13,5,8,0,13,38.46153846153847,1.0942491751974177,1.0942491751974177,9.846153846153847,16.2,15.0,5.5,20.0,40.0,80.0,0.11113468185598772,49.59,C
HPL.NS,14,3,10,1,13,23.076923076923077,-1.1656084539777163,-1.1656084539777163,11.428571428571429,6.666666666666667,5.0,7.5,66.66666666666666,66.66666666666666,100.0,-0.10199073972305017,49.58,C
KOTHARIPRO.NS,11,3,8,0,11,27.27272727272727,-4.374754742855461,-4.374754742855461,7.818181818181818,0.6666666666666666,1.0,9.875,100.0,100.0,100.0,-0.5595616531559311,49.57,C
FOODSIN.NS,8,3,5,0,8,37.5,2.3778153342551067,2.3778153342551067,4.875,11.333333333333334,12.0,0.0,33.33333333333333,33.33333333333333,100.0,0.48775699164207315,49.55,C
PENIND.NS,23,6,17,0,23,26.08695652173913,-0.2738392058939632,-0.2738392058939632,6.608695652173913,15.0,9.0,2.9411764705882355,16.666666666666664,50.0,83.33333333333334,-0.0414361956286918,49.51,C
SIYSIL.NS,8,2,6,0,8,25.0,-3.2143408128311095,-3.2143408128311095,9.375,1.0,1.0,12.166666666666666,100.0,100.0,100.0,-0.3428630200353183,49.48,C
EIDPARRY.NS,12,3,9,0,12,25.0,-1.7380891238575644,-1.7380891238575644,11.833333333333334,15.666666666666666,0.0,9.777777777777779,66.66666666666666,66.66666666666666,66.66666666666666,-0.1468807710302167,49.45,C
MIRZAINT.NS,9,2,7,0,9,22.22222222222222,-2.530471314082484,-2.530471314082484,1.5555555555555556,0.0,0.0,1.0,100.0,100.0,100.0,-1.6267315590530254,49.44,C
ZYDUSWELL.NS,7,1,4,2,5,20.0,-1.9556351798892704,-1.9556351798892704,20.857142857142858,0.0,0.0,5.0,100.0,100.0,100.0,-0.09376333054263625,49.44,C
CSLFINANCE.NS,10,2,8,0,10,20.0,-2.6169891477042113,-2.6169891477042113,3.0,4.0,4.0,1.875,50.0,100.0,100.0,-0.8723297159014037,49.41,C
UMIYA-MRO.NS,12,3,9,0,12,25.0,-3.918782781412812,-3.918782781412812,5.75,0.3333333333333333,0.0,6.888888888888889,100.0,100.0,100.0,-0.6815274402457064,49.38,C
IIFL.NS,12,4,8,0,12,33.33333333333333,-2.534934458755416,-2.534934458755416,9.75,14.25,7.5,6.875,50.0,75.0,75.0,-0.25999327782106835,49.37,C
CANTABIL.NS,11,4,7,0,11,36.36363636363637,-1.7208075322085454,-1.7208075322085454,12.363636363636363,10.5,10.0,13.0,0.0,50.0,100.0,-0.13918296216392648,49.36,C
BLUESTARCO.NS,18,4,13,1,17,23.52941176470588,-2.5999536384173005,-2.5999536384173005,14.333333333333334,5.0,4.0,13.461538461538462,75.0,75.0,100.0,-0.18139211430818375,49.35,C
GANESHHOU.NS,21,4,17,0,21,19.047619047619047,-2.123612059013921,-2.123612059013921,5.666666666666667,16.0,3.5,2.588235294117647,50.0,75.0,75.0,-0.3747550692377507,49.3,C
WINDMACHIN.NS,19,5,14,0,19,26.31578947368421,-2.392376885448853,-2.392376885448853,7.473684210526316,9.0,4.0,6.357142857142857,60.0,60.0,80.0,-0.32010676636287466,49.29,C
ANUP.NS,12,3,8,1,11,27.27272727272727,-0.5068474616063077,-0.5068474616063077,8.666666666666666,9.0,10.0,1.125,33.33333333333333,66.66666666666666,100.0,-0.05848239941611243,49.28,C
SOMICONVEY.NS,13,3,10,0,13,23.076923076923077,-3.5009919323937586,-3.5009919323937586,6.538461538461538,1.0,1.0,7.8,100.0,100.0,100.0,-0.5354458249543396,49.26,C
SINTERCOM.NS,14,3,11,0,14,21.428571428571427,-0.9529513146344504,-0.9529513146344504,2.4285714285714284,6.666666666666667,1.0,0.2727272727272727,66.66666666666666,66.66666666666666,100.0,-0.39239171779065607,49.25,C
GAYAHWS.NS,12,4,8,0,12,33.33333333333333,-4.220119259804532,-4.220119259804532,21.416666666666668,5.5,6.0,29.25,25.0,100.0,100.0,-0.1970483701076046,49.24,C
UMESLTD.NS,7,2,5,0,7,28.57142857142857,-2.3742407845630114,-2.3742407845630114,14.857142857142858,6.0,6.0,18.2,0.0,100.0,100.0,-0.15980466819174113,49.22,C
PATANJALI.NS,13,3,9,1,12,25.0,-1.9613152721668035,-1.9613152721668035,15.384615384615385,14.0,1.0,10.666666666666666,66.66666666666666,66.66666666666666,66.66666666666666,-0.12748549269084222,49.1,C
COCHINSHIP.NS,6,3,3,0,6,50.0,6.137590558427912,6.137590558427912,15.166666666666666,29.333333333333332,27.0,0.0,0.0,0.0,0.0,0.40467630055568654,49.09,C
MAGADSUGAR.NS,8,1,5,2,6,16.666666666666664,-1.3597121443057985,-1.3597121443057985,18.125,0.0,0.0,3.6,100.0,100.0,100.0,-0.0750186010651475,49.04,C
HDFCAMC.NS,8,1,6,1,7,14.285714285714285,-0.756163064542628,-0.756163064542628,18.0,5.0,5.0,12.833333333333334,100.0,100.0,100.0,-0.04200905914125711,49.03,C
CEMPRO.NS,14,6,8,0,14,42.857142857142854,5.148184408117619,5.148184408117619,11.0,19.5,23.0,3.875,33.33333333333333,33.33333333333333,50.0,0.46801676437432904,49.02,C
RML.NS,12,3,9,0,12,25.0,-2.0122353734268184,-2.0122353734268184,6.166666666666667,4.666666666666667,1.0,5.888888888888889,66.66666666666666,66.66666666666666,100.0,-0.3263084389340786,49.02,C
PANSARI.NS,7,1,4,2,5,20.0,-2.2419336670097594,-2.2419336670097594,18.571428571428573,4.0,4.0,0.0,100.0,100.0,100.0,-0.12071950514667934,49.0,C
BLUEJET.NS,9,2,7,0,9,22.22222222222222,-2.814854895229785,-2.814854895229785,7.555555555555555,1.5,1.5,8.714285714285714,100.0,100.0,100.0,-0.372554324368648,48.99,C
VENTIVE.NS,9,2,7,0,9,22.22222222222222,-2.8192749011174136,-2.8192749011174136,8.333333333333334,0.5,0.5,10.142857142857142,100.0,100.0,100.0,-0.3383129881340896,48.98,C
FILATEX.NS,12,4,6,2,10,40.0,1.2633834172648166,1.2633834172648166,19.75,11.0,11.0,11.5,0.0,25.0,100.0,0.06396878062100338,48.97,C
HINDZINC.NS,7,2,5,0,7,28.57142857142857,-4.468560690443856,-4.468560690443856,9.857142857142858,2.5,2.5,12.2,100.0,100.0,100.0,-0.4533322439580723,48.95,C
IDFCFIRSTB.NS,7,3,4,0,7,42.857142857142854,3.132652117579155,3.132652117579155,12.0,23.333333333333332,18.0,3.25,0.0,33.33333333333333,66.66666666666666,0.26105434313159626,48.87,C
LINDEINDIA.NS,6,1,4,1,5,20.0,-2.336424637535544,-2.336424637535544,10.833333333333334,1.0,1.0,0.25,100.0,100.0,100.0,-0.2156699665417425,48.85,C
GLENMARK.NS,9,4,5,0,9,44.44444444444444,3.2132255418198494,3.2132255418198494,12.555555555555555,20.0,19.5,6.0,25.0,25.0,50.0,0.25592061837503227,48.8,C
BSL.NS,12,3,8,1,11,27.27272727272727,-2.9482558678108064,-2.9482558678108064,8.416666666666666,4.333333333333333,6.0,2.5,33.33333333333333,100.0,100.0,-0.35028782587851165,48.8,C
GRAUWEIL.NS,8,3,5,0,8,37.5,1.8869202045186066,1.8869202045186066,11.625,14.0,13.0,9.6,33.33333333333333,33.33333333333333,66.66666666666666,0.1623157165177296,48.78,C
TATACONSUM.NS,7,3,2,2,5,60.0,0.810784924643434,0.810784924643434,30.571428571428573,22.0,19.0,12.5,0.0,0.0,66.66666666666666,0.02652100220796279,48.77,C
SBGLP.NS,8,2,6,0,8,25.0,-1.8293149939718476,-1.8293149939718476,6.5,5.5,5.5,6.5,50.0,100.0,100.0,-0.28143307599566886,48.64,C
RKFORGE.NS,11,2,8,1,10,20.0,-1.188736374139491,-1.188736374139491,13.727272727272727,5.5,5.5,9.5,50.0,100.0,100.0,-0.08659668950685034,48.64,C
GRANULES.NS,6,2,2,2,4,50.0,5.835718818310397,5.835718818310397,32.5,30.0,30.0,7.5,0.0,0.0,50.0,0.1795605790249353,48.62,C
ARMANFIN.NS,14,3,11,0,14,21.428571428571427,-1.3531948131337532,-1.3531948131337532,4.785714285714286,7.0,5.0,3.6363636363636362,66.66666666666666,66.66666666666666,100.0,-0.28275712513242607,48.62,C
SREEL.NS,8,1,6,1,7,14.285714285714285,-1.0279776004343961,-1.0279776004343961,9.0,2.0,2.0,0.8333333333333334,100.0,100.0,100.0,-0.11421973338159958,48.61,C
BALAXI.NS,6,1,4,1,5,20.0,-2.5148171472260805,-2.5148171472260805,15.833333333333334,3.0,3.0,7.0,100.0,100.0,100.0,-0.15883055666691034,48.57,C
NESCO.NS,13,3,9,1,12,25.0,-0.41395509015368437,-0.41395509015368437,10.23076923076923,8.0,6.0,4.777777777777778,33.33333333333333,66.66666666666666,100.0,-0.040461775729307495,48.52,C
SAREGAMA.NS,9,2,6,1,8,25.0,-3.828713738353131,-3.828713738353131,13.0,4.5,4.5,7.0,50.0,100.0,100.0,-0.2945164414117793,48.52,C
WINDLAS.NS,11,2,8,1,10,20.0,-3.1865982089660743,-3.1865982089660743,8.0,3.5,3.5,1.875,100.0,100.0,100.0,-0.3983247761207593,48.52,C
TGBHOTELS.NS,8,2,6,0,8,25.0,-3.842635096498937,-3.842635096498937,6.25,2.5,2.5,7.166666666666667,100.0,100.0,100.0,-0.6148216154398299,48.5,C
GICL.NS,16,4,11,1,15,26.666666666666668,-2.0490477548210304,-2.0490477548210304,10.125,7.75,7.0,6.363636363636363,0.0,75.0,100.0,-0.20237508689590425,48.47,C
VSTIND.NS,6,1,4,1,5,20.0,-2.5893732748907126,-2.5893732748907126,21.166666666666668,0.0,0.0,16.25,100.0,100.0,100.0,-0.12233259566412814,48.45,C
MOTHERSON.NS,6,1,4,1,5,20.0,-2.6797515327807915,-2.6797515327807915,19.333333333333332,4.0,4.0,12.25,100.0,100.0,100.0,-0.13860783790245473,48.31,C
SUPRAJIT.NS,7,1,5,1,6,16.666666666666664,-1.8323221616515941,-1.8323221616515941,13.571428571428571,0.0,0.0,6.2,100.0,100.0,100.0,-0.1350132119111701,48.3,C
KECL.NS,16,4,12,0,16,25.0,-1.7579684415205314,-1.7579684415205314,6.6875,7.0,7.0,6.083333333333333,25.0,75.0,100.0,-0.26287378564792996,48.25,C
PNCINFRA.NS,6,1,4,1,5,20.0,-2.7338885361781333,-2.7338885361781333,10.833333333333334,1.0,1.0,0.0,100.0,100.0,100.0,-0.25235894180105845,48.23,C
WAAREEINDO.NS,7,2,4,1,6,33.33333333333333,-4.235211222510523,-4.235211222510523,12.428571428571429,5.5,5.5,3.25,50.0,100.0,100.0,-0.3407641213514214,48.22,C
GILLANDERS.NS,12,3,8,1,11,27.27272727272727,-3.1108312301484475,-3.1108312301484475,8.416666666666666,5.0,3.0,2.5,66.66666666666666,66.66666666666666,100.0,-0.36960371051268687,48.22,C
GUFICBIO.NS,16,2,13,1,15,13.333333333333334,-2.346205405024468,-2.346205405024468,9.75,4.0,4.0,5.923076923076923,50.0,100.0,100.0,-0.24063645179738133,48.17,C
LMW.NS,11,5,5,1,10,50.0,2.265868727258798,2.265868727258798,20.727272727272727,27.4,28.0,5.4,20.0,40.0,40.0,0.1093182280695034,48.04,C
CARBORUNIV.NS,11,2,9,0,11,18.181818181818183,-3.0466749055273605,-3.0466749055273605,2.5454545454545454,2.5,2.5,1.7777777777777777,100.0,100.0,100.0,-1.1969079986000346,48.01,C
INFOMEDIA.NS,17,4,13,0,17,23.52941176470588,-3.466186242941516,-3.466186242941516,15.647058823529411,5.25,4.0,18.53846153846154,75.0,75.0,100.0,-0.2215231809398713,48.0,C
TOUCHWOOD.NS,13,3,10,0,13,23.076923076923077,-4.310414498715206,-4.310414498715206,5.538461538461538,1.6666666666666667,2.0,6.5,100.0,100.0,100.0,-0.7782692844902455,48.0,C
JASH.NS,21,3,18,0,21,14.285714285714285,-3.3503812613753787,-3.3503812613753787,4.095238095238095,0.6666666666666666,0.0,3.8333333333333335,100.0,100.0,100.0,-0.8181163545218949,47.98,C
HAL.NS,12,4,7,1,11,36.36363636363637,-0.09613903951810758,-0.09613903951810758,15.0,12.5,11.0,9.714285714285714,50.0,50.0,75.0,-0.006409269301207172,47.9,C
AVTNPL.NS,9,2,7,0,9,22.22222222222222,-3.5356129370836924,-3.5356129370836924,4.333333333333333,2.0,2.0,4.142857142857143,100.0,100.0,100.0,-0.8159106777885444,47.86,C
DLF.NS,14,3,10,1,13,23.076923076923077,-2.2838542508290085,-2.2838542508290085,18.285714285714285,17.666666666666668,4.0,14.0,66.66666666666666,66.66666666666666,66.66666666666666,-0.12489827934221141,47.83,C
PNBGILTS.NS,16,2,14,0,16,12.5,-2.3589749608889368,-2.3589749608889368,1.625,3.0,3.0,0.5,100.0,100.0,100.0,-1.4516768990085764,47.81,C
DOMS.NS,6,2,4,0,6,33.33333333333333,-1.3002059993502681,-1.3002059993502681,6.666666666666667,7.0,7.0,5.75,50.0,50.0,100.0,-0.19503089990254022,47.8,C
CENTEXT.NS,13,4,9,0,13,30.76923076923077,-1.2829314852320306,-1.2829314852320306,5.153846153846154,8.0,7.0,3.2222222222222223,50.0,50.0,100.0,-0.24892700459725967,47.8,C
DPABHUSHAN.NS,15,3,12,0,15,20.0,-2.1567993833458514,-2.1567993833458514,7.4,9.0,2.0,6.583333333333333,66.66666666666666,66.66666666666666,66.66666666666666,-0.29145937612781775,47.8,C
YASHO.NS,6,1,4,1,5,20.0,-1.110431187844678,-1.110431187844678,12.666666666666666,6.0,6.0,1.5,0.0,100.0,100.0,-0.0876656200930009,47.76,C
KIRLFER.NS,13,2,11,0,13,15.384615384615385,-2.501743127410425,-2.501743127410425,3.6923076923076925,4.0,4.0,2.8181818181818183,50.0,100.0,100.0,-0.6775554303403234,47.74,C
INDIACEM.NS,13,3,10,0,13,23.076923076923077,-0.42809629580683545,-0.42809629580683545,10.846153846153847,8.666666666666666,6.0,11.1,33.33333333333333,66.66666666666666,100.0,-0.03946987124460185,47.73,C
PDMJEPAPER.NS,13,2,10,1,12,16.666666666666664,-2.883528139248926,-2.883528139248926,10.846153846153847,1.0,1.0,7.3,100.0,100.0,100.0,-0.26585720432791515,47.66,C
TVSHLTD.NS,11,3,6,2,9,33.33333333333333,1.5904885358230345,1.5904885358230345,19.727272727272727,19.0,13.0,6.0,33.33333333333333,33.33333333333333,66.66666666666666,0.08062384282973908,47.65,C
RADHIKAJWE.NS,8,2,6,0,8,25.0,-4.395974732030105,-4.395974732030105,2.125,3.0,3.0,1.1666666666666667,100.0,100.0,100.0,-2.068693991543579,47.63,C
ROLEXRINGS.NS,13,3,10,0,13,23.076923076923077,-2.6636690971062924,-2.6636690971062924,5.615384615384615,7.333333333333333,7.0,4.8,0.0,100.0,100.0,-0.47435203099153156,47.57,C
BHAGYANGR.NS,17,3,13,1,16,18.75,-4.112398366549533,-4.112398366549533,7.0,3.0,0.0,3.0,66.66666666666666,100.0,100.0,-0.5874854809356476,47.57,C
RELTD.NS,11,2,9,0,11,18.181818181818183,-3.3367396236929747,-3.3367396236929747,5.454545454545454,1.5,1.5,6.111111111111111,100.0,100.0,100.0,-0.6117355976770454,47.56,C
MAHSEAMLES.NS,9,1,7,1,8,12.5,-1.2574209398118896,-1.2574209398118896,12.88888888888889,1.0,1.0,7.571428571428571,100.0,100.0,100.0,-0.09755852119230178,47.54,C
SKIPPER.NS,15,3,12,0,15,20.0,-2.3563336061781546,-2.3563336061781546,6.066666666666666,20.0,5.0,2.0833333333333335,66.66666666666666,66.66666666666666,66.66666666666666,-0.3884066383810145,47.48,C
JAMNAAUTO.NS,15,2,12,1,14,14.285714285714285,-3.043959623095216,-3.043959623095216,10.6,4.5,4.5,6.75,50.0,100.0,100.0,-0.28716600217879396,47.46,C
SHANKARA.NS,8,2,5,1,7,28.57142857142857,2.22852447136328,2.22852447136328,13.25,14.5,14.5,2.8,0.0,50.0,50.0,0.1681905261406249,47.41,C
BHARATFORG.NS,11,5,6,0,11,45.45454545454545,3.0131330883320246,3.0131330883320246,10.454545454545455,19.2,20.0,2.6666666666666665,0.0,0.0,60.0,0.2882127301882806,47.39,C
KEEPLEARN.NS,6,2,4,0,6,33.33333333333333,-4.761959109516241,-4.761959109516241,10.0,6.5,6.5,11.5,50.0,100.0,100.0,-0.47619591095162406,47.39,C
MANYAVAR.NS,7,1,5,1,6,16.666666666666664,-2.4206087030085395,-2.4206087030085395,13.714285714285714,4.0,4.0,5.6,100.0,100.0,100.0,-0.17650271792770603,47.38,C
SAMHI.NS,8,1,6,1,7,14.285714285714285,-1.8453410333753424,-1.8453410333753424,12.75,2.0,2.0,6.0,100.0,100.0,100.0,-0.1447326300686543,47.33,C
WSTCSTPAPR.NS,7,2,5,0,7,28.57142857142857,-0.38868884154414934,-0.38868884154414934,12.285714285714286,9.0,9.0,13.2,0.0,50.0,100.0,-0.0316374638466168,47.32,C
JPOLYINVST.NS,18,4,14,0,18,22.22222222222222,-3.566957275319387,-3.566957275319387,4.5,5.75,3.5,3.5714285714285716,50.0,75.0,100.0,-0.7926571722931972,47.32,C
MADRASFERT.NS,13,3,9,1,12,25.0,-3.1177106717198244,-3.1177106717198244,9.23076923076923,4.666666666666667,3.0,4.222222222222222,66.66666666666666,66.66666666666666,100.0,-0.33775198943631435,47.3,C
NUCLEUS.NS,10,2,8,0,10,20.0,-3.9750267301291258,-3.9750267301291258,5.7,1.5,1.5,6.0,100.0,100.0,100.0,-0.6973731105489694,47.29,C
BRIGADE.NS,16,3,13,0,16,18.75,-2.2142367839683827,-2.2142367839683827,10.125,10.666666666666666,3.0,9.384615384615385,66.66666666666666,66.66666666666666,66.66666666666666,-0.21869005273761805,47.21,C
KELLTONTEC.NS,6,2,3,1,5,40.0,-3.404795053270265,-3.404795053270265,13.833333333333334,6.5,6.5,2.3333333333333335,50.0,50.0,100.0,-0.2461297628870071,47.18,C
TIRUMALCHM.NS,11,2,9,0,11,18.181818181818183,-3.5855700254503504,-3.5855700254503504,7.909090909090909,2.5,2.5,8.777777777777779,100.0,100.0,100.0,-0.45334793425234315,47.17,C
MOREPENLAB.NS,6,1,4,1,5,20.0,-3.4150124193468834,-3.4150124193468834,17.0,2.0,2.0,9.0,100.0,100.0,100.0,-0.20088308349099315,47.16,C
ORISSAMINE.NS,8,2,5,1,7,28.57142857142857,-0.49589845419632456,-0.49589845419632456,13.25,9.5,9.5,4.2,50.0,50.0,100.0,-0.037426298429911284,47.15,C
BRITANNIA.NS,6,1,3,2,4,25.0,-2.78952800547419,-2.78952800547419,27.833333333333332,7.0,7.0,12.666666666666666,0.0,100.0,100.0,-0.100222563070929,47.14,C
RVNL.NS,9,3,6,0,9,33.33333333333333,1.881505942377232,1.881505942377232,7.333333333333333,11.666666666666666,11.0,4.833333333333333,33.33333333333333,33.33333333333333,66.66666666666666,0.25656899214234985,47.11,C
INDTERRAIN.NS,9,1,6,2,7,14.285714285714285,-1.9917289607867998,-1.9917289607867998,19.0,3.0,3.0,7.333333333333333,100.0,100.0,100.0,-0.10482784004141052,47.1,C
MPSLTD.NS,13,2,10,1,12,16.666666666666664,-3.2539348206509215,-3.2539348206509215,7.0,5.0,5.0,1.5,50.0,100.0,100.0,-0.46484783152156023,47.08,C
AMNPLST.NS,6,1,4,1,5,20.0,-3.5015573535079216,-3.5015573535079216,13.5,0.0,0.0,4.5,100.0,100.0,100.0,-0.25937461877836454,47.03,C
TMPV.NS,10,2,8,0,10,20.0,-2.23336651386717,-2.23336651386717,10.2,6.5,6.5,11.125,50.0,100.0,100.0,-0.21895750135952646,47.01,C
OLECTRA.NS,6,2,4,0,6,33.33333333333333,-1.8175244136569557,-1.8175244136569557,5.333333333333333,6.5,6.5,4.5,50.0,50.0,100.0,-0.3407858275606792,46.99,C
MAHAPEXLTD.NS,9,2,6,1,8,25.0,-4.80498167130933,-4.80498167130933,10.222222222222221,2.0,2.0,4.333333333333333,100.0,100.0,100.0,-0.4700525548019997,46.99,C
VISHNU.NS,19,3,15,1,18,16.666666666666664,-2.0336676789052626,-2.0336676789052626,6.7894736842105265,7.0,8.0,2.6,33.33333333333333,100.0,100.0,-0.29953244883100766,46.99,C
APLLTD.NS,7,1,5,1,6,16.666666666666664,-0.788228575493328,-0.788228575493328,14.857142857142858,6.0,6.0,7.2,0.0,100.0,100.0,-0.05305384642743554,46.94,C
DCBBANK.NS,12,3,9,0,12,25.0,-1.4319107597329594,-1.4319107597329594,12.333333333333334,9.666666666666666,7.0,12.88888888888889,33.33333333333333,66.66666666666666,66.66666666666666,-0.11610087241078049,46.93,C
DENORA.NS,8,2,5,1,7,28.57142857142857,-0.7469667772991202,-0.7469667772991202,14.0,7.0,7.0,6.4,50.0,50.0,100.0,-0.05335476980708002,46.76,C
ERIS.NS,10,1,8,1,9,11.11111111111111,-2.081817180677354,-2.081817180677354,9.3,1.0,1.0,3.25,100.0,100.0,100.0,-0.2238513097502531,46.69,C
SAMBHAAV.NS,7,2,5,0,7,28.57142857142857,-5.931730526387873,-5.931730526387873,9.285714285714286,2.0,2.0,11.8,100.0,100.0,100.0,-0.638801748995617,46.66,C
UGROCAP.NS,11,2,9,0,11,18.181818181818183,-3.9223064358707633,-3.9223064358707633,3.1818181818181817,0.5,0.5,3.111111111111111,100.0,100.0,100.0,-1.2327248798450972,46.64,C
DEVYANI.NS,8,2,5,1,7,28.57142857142857,-0.8455978766489998,-0.8455978766489998,11.875,7.0,7.0,2.8,50.0,50.0,100.0,-0.0712082422441263,46.61,C
KOTHARIPET.NS,7,2,4,1,6,33.33333333333333,0.4810600737568486,0.4810600737568486,13.428571428571429,12.0,12.0,1.5,50.0,50.0,50.0,0.03582362251380788,46.58,C
EIHOTEL.NS,17,4,12,1,16,25.0,-1.2281077826923765,-1.2281077826923765,12.117647058823529,13.0,9.5,7.333333333333333,50.0,50.0,75.0,-0.10134870051344855,46.58,C
MARICO.NS,9,3,5,1,8,37.5,0.4543540612139662,0.4543540612139662,14.444444444444445,17.0,13.0,3.2,0.0,33.33333333333333,66.66666666666666,0.031455281160966894,46.54,C
CHOICEIN.NS,9,4,5,0,9,44.44444444444444,1.7322282694269693,1.7322282694269693,11.88888888888889,18.0,16.0,6.2,0.0,25.0,75.0,0.14570144322282919,46.48,C
MSUMI.NS,10,2,6,2,8,25.0,-0.6676987091764052,-0.6676987091764052,16.7,6.5,6.5,4.333333333333333,50.0,50.0,100.0,-0.039981958633317674,46.46,C
PRIMESECU.NS,17,3,13,1,16,18.75,-2.9145430640179675,-2.9145430640179675,8.823529411764707,6.666666666666667,8.0,4.769230769230769,33.33333333333333,100.0,100.0,-0.33031488058870295,46.45,C
PSPPROJECT.NS,11,1,8,2,9,11.11111111111111,-2.2380231411017593,-2.2380231411017593,16.09090909090909,3.0,3.0,5.875,100.0,100.0,100.0,-0.13908618391027883,46.45,C
CHAMBLFERT.NS,11,3,8,0,11,27.27272727272727,-2.386205859016353,-2.386205859016353,10.181818181818182,10.666666666666666,9.0,9.625,33.33333333333333,66.66666666666666,100.0,-0.23435950401053468,46.35,C
NDLVENTURE.NS,13,2,10,1,12,16.666666666666664,-3.738657888480753,-3.738657888480753,10.307692307692308,0.0,0.0,6.6,100.0,100.0,100.0,-0.3627056160466402,46.33,C
SAKSOFT.NS,14,4,9,1,13,30.76923076923077,-2.2357013175448706,-2.2357013175448706,12.5,14.25,7.0,5.888888888888889,50.0,50.0,75.0,-0.17885610540358965,46.31,C
TOTAL.NS,6,1,5,0,6,16.666666666666664,-3.1390017572508833,-3.1390017572508833,4.166666666666667,1.0,1.0,4.4,100.0,100.0,100.0,-0.7533604217402119,46.26,C
SYRMA.NS,15,4,11,0,15,26.666666666666668,0.6922732714450441,0.6922732714450441,10.733333333333333,17.25,10.5,7.454545454545454,50.0,50.0,75.0,0.06449750976196064,46.25,C
JAGSNPHARM.NS,12,4,8,0,12,33.33333333333333,-0.3784150933860155,-0.3784150933860155,7.5,15.5,13.5,2.625,50.0,50.0,50.0,-0.05045534578480206,46.24,C
TVSSRICHAK.NS,9,2,5,2,7,28.57142857142857,-1.0958402726326162,-1.0958402726326162,16.11111111111111,9.5,9.5,0.0,0.0,50.0,100.0,-0.06801767209443825,46.22,C
HINDCOMPOS.NS,13,3,10,0,13,23.076923076923077,-3.350565530811099,-3.350565530811099,8.692307692307692,15.0,0.0,6.3,66.66666666666666,66.66666666666666,66.66666666666666,-0.38546329115525924,46.16,C
VTL.NS,11,1,8,2,9,11.11111111111111,-2.4212997547020247,-2.4212997547020247,15.727272727272727,3.0,3.0,5.375,100.0,100.0,100.0,-0.15395547573249868,46.16,C
MAHABANK.NS,9,3,5,1,8,37.5,2.291741545422909,2.291741545422909,15.666666666666666,21.0,14.0,3.0,0.0,0.0,66.66666666666666,0.14628137523976015,46.08,C
KRISHANA.NS,21,4,16,1,20,20.0,-0.9090250349366444,-0.9090250349366444,6.380952380952381,7.75,9.0,1.75,25.0,50.0,100.0,-0.14245914726619055,46.08,C
GHCL.NS,9,4,5,0,9,44.44444444444444,1.4694708998693222,1.4694708998693222,19.333333333333332,23.0,17.0,16.4,25.0,25.0,75.0,0.07600711551048218,46.07,C
ZENSARTECH.NS,9,1,6,2,7,14.285714285714285,-2.665938088312293,-2.665938088312293,19.0,0.0,0.0,7.5,100.0,100.0,100.0,-0.14031253096380492,46.05,C
TMB.NS,7,2,5,0,7,28.57142857142857,1.3459872895027047,1.3459872895027047,6.714285714285714,15.0,15.0,2.8,50.0,50.0,50.0,0.2004661920535943,46.03,C
MGL.NS,6,2,3,1,5,40.0,1.606299815089215,1.606299815089215,14.666666666666666,11.5,11.5,0.3333333333333333,0.0,0.0,100.0,0.10952044193790102,46.01,C
SMSPHARMA.NS,7,2,4,1,6,33.33333333333333,5.230723380642267,5.230723380642267,17.714285714285715,28.0,28.0,1.25,50.0,50.0,50.0,0.2952827714878699,46.01,C
BBTC.NS,7,1,6,0,7,14.285714285714285,-2.712162337674149,-2.712162337674149,6.428571428571429,3.0,3.0,6.333333333333333,100.0,100.0,100.0,-0.42189191919375646,45.98,C
ACCELYA.NS,6,2,3,1,5,40.0,0.9343938993561993,0.9343938993561993,15.666666666666666,15.5,15.5,0.0,50.0,50.0,50.0,0.059642163788693574,45.96,C
PARADEEP.NS,14,3,11,0,14,21.428571428571427,-1.1378688922428721,-1.1378688922428721,3.7857142857142856,8.0,8.0,2.090909090909091,33.33333333333333,66.66666666666666,100.0,-0.3005691413471738,45.96,C
CHEMFAB.NS,9,3,6,0,9,33.33333333333333,1.1322440306587191,1.1322440306587191,10.0,20.666666666666668,13.0,4.333333333333333,33.33333333333333,33.33333333333333,66.66666666666666,0.11322440306587192,45.94,C
STEELCITY.NS,13,2,11,0,13,15.384615384615385,-3.6678706804197647,-3.6678706804197647,2.1538461538461537,0.5,0.5,1.6363636363636365,100.0,100.0,100.0,-1.7029399587663194,45.92,C
HESTERBIO.NS,6,1,4,1,5,20.0,-2.2964560776603853,-2.2964560776603853,12.0,8.0,8.0,0.25,0.0,100.0,100.0,-0.1913713398050321,45.91,C
AGARIND.NS,14,3,11,0,14,21.428571428571427,-3.324928195500146,-3.324928195500146,13.5,5.666666666666667,6.0,15.363636363636363,33.33333333333333,100.0,100.0,-0.24629097744445527,45.88,C
AIIL.NS,7,1,5,1,6,16.666666666666664,-3.385599066188122,-3.385599066188122,16.0,0.0,0.0,10.2,100.0,100.0,100.0,-0.21159994163675763,45.88,C
REMSONSIND.NS,13,3,10,0,13,23.076923076923077,-3.5767794624449443,-3.5767794624449443,5.230769230769231,5.666666666666667,2.0,4.4,66.66666666666666,66.66666666666666,100.0,-0.6837960737027099,45.81,C
OIL.NS,8,1,6,1,7,14.285714285714285,-2.8246741539046014,-2.8246741539046014,11.875,3.0,3.0,4.666666666666667,100.0,100.0,100.0,-0.23786729717091382,45.8,C
ADL.NS,12,1,9,2,10,10.0,-2.364873635331236,-2.364873635331236,11.416666666666666,4.0,4.0,0.2222222222222222,100.0,100.0,100.0,-0.20714221623339293,45.8,C
VBL.NS,16,2,13,1,15,13.333333333333334,-1.9485778148168882,-1.9485778148168882,7.75,6.5,6.5,3.4615384615384617,50.0,100.0,100.0,-0.2514293954602436,45.79,C
CCHHL.NS,14,3,11,0,14,21.428571428571427,-3.171271706617326,-3.171271706617326,5.5,9.0,1.0,4.0,66.66666666666666,66.66666666666666,66.66666666666666,-0.5765948557486047,45.78,C
SULA.NS,7,3,4,0,7,42.857142857142854,1.1510174699609126,1.1510174699609126,7.428571428571429,14.333333333333334,17.0,1.5,33.33333333333333,33.33333333333333,66.66666666666666,0.15494465941781516,45.77,C
ASIANPAINT.NS,9,1,5,3,6,16.666666666666664,-1.5674613661420613,-1.5674613661420613,35.888888888888886,9.0,9.0,26.8,0.0,100.0,100.0,-0.04367539410302958,45.72,C
FMGOETZE.NS,10,2,7,1,9,22.22222222222222,-0.43192618420916906,-0.43192618420916906,9.9,9.5,9.5,2.142857142857143,50.0,50.0,100.0,-0.04362890749587566,45.71,C
PONNIERODE.NS,7,2,4,1,6,33.33333333333333,-0.08743899267363504,-0.08743899267363504,17.428571428571427,12.5,12.5,9.0,50.0,50.0,50.0,-0.005016991382913487,45.7,C
NITINSPIN.NS,14,4,10,0,14,28.57142857142857,-2.0731417290328227,-2.0731417290328227,14.571428571428571,10.5,9.0,15.7,25.0,50.0,100.0,-0.1422744323846055,45.69,C
KINGFA.NS,23,3,20,0,23,13.043478260869565,-4.495033159155079,-4.495033159155079,4.869565217391305,2.3333333333333335,1.0,4.6,100.0,100.0,100.0,-0.9230871666122036,45.69,C
SJVN.NS,9,4,5,0,9,44.44444444444444,1.214394503373389,1.214394503373389,8.88888888888889,13.5,16.5,4.4,25.0,25.0,75.0,0.13661938162950624,45.68,C
MOLDTKPAC.NS,7,2,5,0,7,28.57142857142857,-1.43692565858757,-1.43692565858757,12.285714285714286,5.5,5.5,14.8,50.0,50.0,100.0,-0.11695906523387198,45.68,C
KAYNES.NS,13,3,9,1,12,25.0,-2.250455627589218,-2.250455627589218,10.0,13.333333333333334,7.0,2.6666666666666665,0.0,66.66666666666666,66.66666666666666,-0.2250455627589218,45.65,C
BOSCHLTD.NS,9,3,5,1,8,37.5,2.4342873174077946,2.4342873174077946,26.555555555555557,27.0,19.0,19.4,33.33333333333333,33.33333333333333,66.66666666666666,0.0916677232496659,45.64,C
LIKHITHA.NS,8,3,5,0,8,37.5,2.422449498075315,2.422449498075315,9.125,20.0,18.0,2.2,0.0,33.33333333333333,66.66666666666666,0.26547391759729483,45.62,C
NAVA.NS,12,4,7,1,11,36.36363636363637,0.927285290684898,0.927285290684898,15.75,16.5,16.0,8.428571428571429,50.0,50.0,50.0,0.05887525655142209,45.49,C
CHEMBOND.NS,9,2,6,1,8,25.0,-0.6482840882376525,-0.6482840882376525,10.88888888888889,7.0,7.0,3.3333333333333335,50.0,50.0,100.0,-0.05953629381774359,45.49,C
RHL.NS,8,1,6,1,7,14.285714285714285,-3.0273492029553966,-3.0273492029553966,9.125,0.0,0.0,1.1666666666666667,100.0,100.0,100.0,-0.33176429621429004,45.48,C
BFINVEST.NS,12,2,10,0,12,16.666666666666664,-2.3640561185526106,-2.3640561185526106,6.416666666666667,5.5,5.5,6.0,50.0,100.0,100.0,-0.3684243301640432,45.47,C
KCP.NS,7,1,6,0,7,14.285714285714285,-3.0717127487762004,-3.0717127487762004,2.142857142857143,4.0,4.0,1.3333333333333333,100.0,100.0,100.0,-1.4334659494288935,45.41,C
COROMANDEL.NS,11,4,7,0,11,36.36363636363637,0.8661369520371971,0.8661369520371971,11.636363636363637,24.75,17.0,3.857142857142857,25.0,50.0,50.0,0.07443364431569663,45.4,C
AAREYDRUGS.NS,10,1,6,3,7,14.285714285714285,-3.7240091792229775,-3.7240091792229775,23.2,5.0,5.0,6.666666666666667,100.0,100.0,100.0,-0.16051763703547317,45.4,C
WEALTH.NS,17,3,14,0,17,17.647058823529413,-3.120277308396976,-3.120277308396976,3.4705882352941178,11.0,3.0,1.2142857142857142,66.66666666666666,66.66666666666666,66.66666666666666,-0.8990629532669253,45.35,C
PTC.NS,9,1,7,1,8,12.5,-2.666126652148264,-2.666126652148264,11.333333333333334,3.0,3.0,5.142857142857143,100.0,100.0,100.0,-0.23524646930719975,45.33,C
SUNPHARMA.NS,14,7,7,0,14,50.0,0.5215453106747968,0.5215453106747968,18.642857142857142,18.714285714285715,18.0,18.571428571428573,0.0,0.0,57.14285714285714,0.027975610534280288,45.31,C
CSBBANK.NS,8,1,6,1,7,14.285714285714285,-1.23693371587853,-1.23693371587853,11.375,6.0,6.0,3.5,0.0,100.0,100.0,-0.10874142557173891,45.28,C
KDDL.NS,17,3,14,0,17,17.647058823529413,-3.388696345890839,-3.388696345890839,6.764705882352941,6.0,6.0,6.357142857142857,33.33333333333333,100.0,100.0,-0.5009377206969067,45.26,C
SBILIFE.NS,11,3,6,2,9,33.33333333333333,-0.00538675402237124,-0.00538675402237124,17.545454545454547,10.666666666666666,12.0,6.333333333333333,33.33333333333333,33.33333333333333,100.0,-0.0003070170686325577,45.16,C
JISLJALEQS.NS,11,2,8,1,10,20.0,-5.361270897680743,-5.361270897680743,12.727272727272727,0.5,0.5,9.5,100.0,100.0,100.0,-0.4212427133892013,45.12,C
SANDESH.NS,11,1,9,1,10,10.0,-2.8030258949043927,-2.8030258949043927,10.636363636363637,0.0,0.0,5.333333333333333,100.0,100.0,100.0,-0.26353234909357537,45.12,C
KNRCON.NS,6,1,5,0,6,16.666666666666664,-3.889871157650038,-3.889871157650038,7.5,2.0,2.0,8.0,100.0,100.0,100.0,-0.5186494876866717,45.09,C
ELDEHSG.NS,14,3,11,0,14,21.428571428571427,-3.623915472240905,-3.623915472240905,5.428571428571429,8.666666666666666,0.0,3.6363636363636362,66.66666666666666,66.66666666666666,66.66666666666666,-0.6675633764654298,45.08,C
GNA.NS,9,2,6,1,8,25.0,-0.9154465462181326,-0.9154465462181326,14.333333333333334,10.0,10.0,7.666666666666667,0.0,50.0,100.0,-0.06386836368963715,45.07,C
PIXTRANS.NS,13,3,10,0,13,23.076923076923077,-2.139714224428477,-2.139714224428477,5.3076923076923075,7.666666666666667,6.0,4.0,33.33333333333333,66.66666666666666,100.0,-0.4031345640227565,45.05,C
JAICORPLTD.NS,9,3,6,0,9,33.33333333333333,0.5608490079904844,0.5608490079904844,12.444444444444445,11.333333333333334,12.0,12.666666666666666,0.0,33.33333333333333,100.0,0.04506822385637821,45.04,C
JYOTHYLAB.NS,7,3,3,1,6,50.0,3.3183016114888773,3.3183016114888773,22.142857142857142,28.0,37.0,3.0,33.33333333333333,33.33333333333333,33.33333333333333,0.1498587824543364,45.02,C
MARATHON.NS,22,6,16,0,22,27.27272727272727,0.1713744023033528,0.1713744023033528,8.590909090909092,13.0,11.0,6.375,33.33333333333333,33.33333333333333,83.33333333333334,0.019948343125257995,45.01,C
PHOENIXLTD.NS,18,5,12,1,17,29.411764705882355,-0.16713978623779616,-0.16713978623779616,10.166666666666666,19.2,12.0,1.5833333333333333,20.0,40.0,60.0,-0.01643997897420946,45.0,C
GFLLIMITED.NS,7,2,5,0,7,28.57142857142857,-1.8785503438848785,-1.8785503438848785,5.428571428571429,9.5,9.5,3.2,50.0,50.0,100.0,-0.3460487475577408,44.99,D
AADHARHFC.NS,8,3,5,0,8,37.5,-0.5574065893650919,-0.5574065893650919,9.875,11.0,11.0,8.8,33.33333333333333,33.33333333333333,100.0,-0.056446236897730824,44.96,D
MHRIL.NS,12,2,10,0,12,16.666666666666664,-2.7569275086304645,-2.7569275086304645,5.916666666666667,8.5,8.5,4.9,0.0,100.0,100.0,-0.4659595789234588,44.86,D
BAJAJHCARE.NS,6,1,5,0,6,16.666666666666664,-2.175155106460922,-2.175155106460922,16.833333333333332,9.0,9.0,18.0,0.0,100.0,100.0,-0.1292171350372825,44.77,D
PNC.NS,9,1,7,1,8,12.5,-3.0356304508559973,-3.0356304508559973,8.555555555555555,0.0,0.0,1.5714285714285714,100.0,100.0,100.0,-0.3548139488013503,44.76,D
JSWHL.NS,13,3,10,0,13,23.076923076923077,-2.346895689554998,-2.346895689554998,5.3076923076923075,7.666666666666667,10.0,3.9,33.33333333333333,66.66666666666666,100.0,-0.4421687531045648,44.73,D
RAMCOSYS.NS,10,2,8,0,10,20.0,-3.7025598414628007,-3.7025598414628007,5.2,5.5,5.5,4.75,50.0,100.0,100.0,-0.7120307387428463,44.71,D
NH.NS,14,1,12,1,13,7.6923076923076925,-2.496022798891971,-2.496022798891971,9.5,0.0,0.0,5.5,100.0,100.0,100.0,-0.2627392419886285,44.68,D
MIDHANI.NS,10,3,7,0,10,30.0,0.4989430671584259,0.4989430671584259,7.7,11.0,13.0,5.714285714285714,0.0,33.33333333333333,100.0,0.0647978009296657,44.61,D
ALLCARGO.NS,7,1,6,0,7,14.285714285714285,-3.5849162154869267,-3.5849162154869267,11.714285714285714,1.0,1.0,13.333333333333334,100.0,100.0,100.0,-0.3060294330293718,44.61,D
BLACKBUCK.NS,7,1,6,0,7,14.285714285714285,-3.608475833377246,-3.608475833377246,2.142857142857143,2.0,2.0,1.3333333333333333,100.0,100.0,100.0,-1.6839553889093817,44.58,D
TITAN.NS,12,5,5,2,10,50.0,1.3107962592706546,1.3107962592706546,29.75,24.2,27.0,22.8,0.0,20.0,40.0,0.04406037846287914,44.55,D
KSOLVES.NS,16,2,14,0,16,12.5,-4.463856463732726,-4.463856463732726,5.9375,4.5,4.5,5.5,50.0,100.0,100.0,-0.7518074044181433,44.53,D
20MICRONS.NS,11,1,8,2,9,11.11111111111111,-1.5553201326297843,-1.5553201326297843,13.363636363636363,6.0,6.0,1.625,0.0,100.0,100.0,-0.11638449972059611,44.51,D
OMAXE.NS,8,1,5,2,6,16.666666666666664,-4.297410244192012,-4.297410244192012,16.75,2.0,2.0,1.2,100.0,100.0,100.0,-0.2565618056234037,44.45,D
HECPROJECT.NS,11,2,8,1,10,20.0,-5.807928785646514,-5.807928785646514,11.090909090909092,3.0,3.0,6.75,100.0,100.0,100.0,-0.523665710181243,44.43,D
NIBL.NS,14,4,10,0,14,28.57142857142857,-4.489353275182819,-4.489353275182819,6.0,6.0,6.0,5.6,50.0,75.0,100.0,-0.7482255458638032,44.41,D
PDSL.NS,17,3,14,0,17,17.647058823529413,-3.755936820448674,-3.755936820448674,2.2941176470588234,4.0,1.0,1.0714285714285714,66.66666666666666,66.66666666666666,100.0,-1.6372032294263452,44.36,D
VRLLOG.NS,10,1,9,0,10,10.0,-3.2913478159988303,-3.2913478159988303,9.2,1.0,1.0,9.777777777777779,100.0,100.0,100.0,-0.3577551973911772,44.36,D
PFS.NS,6,2,4,0,6,33.33333333333333,1.610959619829612,1.610959619829612,15.666666666666666,17.5,17.5,14.0,50.0,50.0,50.0,0.10282720977635823,44.35,D
KIRIINDUS.NS,8,3,5,0,8,37.5,1.595075408647151,1.595075408647151,8.25,14.666666666666666,18.0,3.8,33.33333333333333,33.33333333333333,66.66666666666666,0.19334247377541225,44.33,D
ASTRAZEN.NS,9,2,5,2,7,28.57142857142857,0.16966829341843,0.16966829341843,16.555555555555557,12.0,12.0,0.0,0.0,50.0,100.0,0.010248420407824631,44.19,D
SRM.NS,9,2,7,0,9,22.22222222222222,-0.7691839567013053,-0.7691839567013053,2.7777777777777777,9.0,9.0,0.2857142857142857,50.0,50.0,100.0,-0.2769062244124699,44.19,D
ANURAS.NS,9,2,6,1,8,25.0,1.0661265089503686,1.0661265089503686,12.333333333333334,14.0,14.0,3.1666666666666665,50.0,50.0,50.0,0.08644268991489475,44.17,D
SHOPERSTOP.NS,6,2,3,1,5,40.0,2.3193919032194077,2.3193919032194077,22.166666666666668,29.5,29.5,4.0,0.0,50.0,50.0,0.10463422119786801,44.12,D
GVPIL.NS,6,1,4,1,5,20.0,-5.3754262788845395,-5.3754262788845395,17.166666666666668,5.0,5.0,9.0,100.0,100.0,100.0,-0.31313162789618676,44.1,D
FSL.NS,12,1,10,1,11,9.090909090909092,-3.223037300058099,-3.223037300058099,13.166666666666666,3.0,3.0,9.1,100.0,100.0,100.0,-0.2447876430423873,44.1,D
HCC.NS,12,4,8,0,12,33.33333333333333,2.3817140017675387,2.3817140017675387,8.916666666666666,22.5,20.0,1.375,25.0,25.0,50.0,0.2671081123477614,44.05,D
DGCONTENT.NS,14,3,11,0,14,21.428571428571427,-2.3720329783849468,-2.3720329783849468,4.642857142857143,14.333333333333334,7.0,1.3636363636363635,33.33333333333333,66.66666666666666,66.66666666666666,-0.5108994107290654,44.03,D
LLOYDSME.NS,12,2,9,1,11,18.181818181818183,-0.4759997491364067,-0.4759997491364067,8.333333333333334,9.0,9.0,1.4444444444444444,50.0,50.0,100.0,-0.0571199698963688,44.03,D
SASKEN.NS,7,2,5,0,7,28.57142857142857,0.049676992812005646,0.049676992812005646,13.428571428571429,11.5,11.5,13.4,50.0,50.0,50.0,0.003699350528553612,44.01,D
GENUSPOWER.NS,14,3,10,1,13,23.076923076923077,-2.814207296362199,-2.814207296362199,10.642857142857142,11.333333333333334,9.0,5.0,33.33333333333333,66.66666666666666,66.66666666666666,-0.2644221620743006,44.0,D
SUMICHEM.NS,10,1,8,1,9,11.11111111111111,-3.8195021422806716,-3.8195021422806716,10.2,0.0,0.0,4.625,100.0,100.0,100.0,-0.37446099434124236,43.98,D
SHIVAUM.NS,7,1,6,0,7,14.285714285714285,-4.010279137897071,-4.010279137897071,5.0,0.0,0.0,5.166666666666667,100.0,100.0,100.0,-0.8020558275794143,43.95,D
NPST.NS,17,4,13,0,17,23.52941176470588,-2.5636621925651415,-2.5636621925651415,4.470588235294118,9.75,8.5,2.3846153846153846,50.0,50.0,75.0,-0.5734507536000975,43.91,D
MMP.NS,15,1,13,1,14,7.142857142857142,-3.500966186008187,-3.500966186008187,8.333333333333334,3.0,3.0,3.8461538461538463,100.0,100.0,100.0,-0.4201159423209824,43.89,D
BALPHARMA.NS,6,1,5,0,6,16.666666666666664,-4.668551639407739,-4.668551639407739,6.5,0.0,0.0,6.8,100.0,100.0,100.0,-0.7182387137550368,43.87,D
CIEINDIA.NS,8,2,5,1,7,28.57142857142857,-0.0552631219637838,-0.0552631219637838,13.5,14.0,14.0,3.0,50.0,50.0,50.0,-0.004093564589909911,43.84,D
IFGLEXPOR.NS,6,2,4,0,6,33.33333333333333,1.2455096996632289,1.2455096996632289,9.0,19.0,19.0,3.25,50.0,50.0,50.0,0.13838996662924766,43.78,D
VIPCLOTHNG.NS,12,4,7,1,11,36.36363636363637,-1.1337094643674697,-1.1337094643674697,15.0,13.75,12.0,8.857142857142858,25.0,25.0,75.0,-0.07558063095783131,43.77,D
ESSENTIA.NS,6,2,4,0,6,33.33333333333333,-3.8918343236609316,-3.8918343236609316,12.166666666666666,10.0,10.0,12.75,0.0,50.0,100.0,-0.31987679372555605,43.75,D
HCG.NS,18,5,13,0,18,27.77777777777778,-0.5726962658464427,-0.5726962658464427,8.5,20.4,13.0,3.3076923076923075,20.0,40.0,60.0,-0.06737603127605209,43.72,D
CAPACITE.NS,14,3,11,0,14,21.428571428571427,-2.6234974009114973,-2.6234974009114973,7.928571428571429,12.333333333333334,7.0,6.363636363636363,33.33333333333333,66.66666666666666,66.66666666666666,-0.33089156407892756,43.64,D
JSWSTEEL.NS,11,3,5,3,8,37.5,0.05805910190682278,0.05805910190682278,30.181818181818183,27.333333333333332,14.0,13.6,0.0,0.0,66.66666666666666,0.0019236449426959354,43.59,D
SCHAND.NS,7,2,5,0,7,28.57142857142857,-0.22673912458839954,-0.22673912458839954,5.571428571428571,13.0,13.0,1.8,0.0,50.0,100.0,-0.040696765951764025,43.57,D
FLUOROCHEM.NS,12,1,10,1,11,9.090909090909092,-3.5840691081473914,-3.5840691081473914,12.583333333333334,5.0,5.0,8.1,100.0,100.0,100.0,-0.2848266840911834,43.54,D
ABREL.NS,14,4,10,0,14,28.57142857142857,-0.9203220797980947,-0.9203220797980947,8.571428571428571,12.25,10.5,6.5,50.0,50.0,75.0,-0.10737090930977772,43.49,D
BEL.NS,14,5,9,0,14,35.714285714285715,0.44703201792195124,0.44703201792195124,12.071428571428571,15.6,17.0,9.666666666666666,40.0,40.0,60.0,0.03703223817104922,43.48,D
SUZLON.NS,12,4,8,0,12,33.33333333333333,0.36092206892615025,0.36092206892615025,8.5,17.0,15.5,4.0,25.0,50.0,50.0,0.04246141987366474,43.4,D
CMSINFO.NS,7,2,5,0,7,28.57142857142857,-0.33989883628423784,-0.33989883628423784,5.571428571428571,15.0,15.0,1.2,50.0,50.0,50.0,-0.061007483435632434,43.4,D
NETWORK18.NS,6,1,4,1,5,20.0,-5.83301023800394,-5.83301023800394,12.833333333333334,4.0,4.0,1.75,100.0,100.0,100.0,-0.45452027828602126,43.39,D
AVADHSUGAR.NS,10,1,9,0,10,10.0,-3.9230872130952483,-3.9230872130952483,10.9,5.0,5.0,10.88888888888889,100.0,100.0,100.0,-0.35991625808213284,43.37,D
CONTROLPR.NS,15,3,12,0,15,20.0,-3.0816833044002157,-3.0816833044002157,6.2,19.0,6.0,2.4166666666666665,33.33333333333333,66.66666666666666,66.66666666666666,-0.4970456942580993,43.35,D
SALASAR.NS,9,1,7,1,8,12.5,-3.9351429399322564,-3.9351429399322564,13.333333333333334,0.0,0.0,7.714285714285714,100.0,100.0,100.0,-0.2951357204949192,43.35,D
PRECAM.NS,8,3,5,0,8,37.5,5.4253891879595875,5.4253891879595875,15.25,39.0,56.0,0.0,33.33333333333333,33.33333333333333,33.33333333333333,0.35576322543997296,43.31,D
RAMANEWS.NS,12,3,8,1,11,27.27272727272727,0.33817096589437573,0.33817096589437573,9.416666666666666,12.333333333333334,15.0,0.875,0.0,33.33333333333333,100.0,0.03591196097993371,43.27,D
GANDHITUBE.NS,16,4,12,0,16,25.0,-0.8173129523616867,-0.8173129523616867,8.6875,22.25,12.0,3.5,0.0,50.0,75.0,-0.09407918876105746,43.22,D
ORIENTPPR.NS,9,2,5,2,7,28.57142857142857,-3.0187430397512585,-3.0187430397512585,24.88888888888889,8.0,8.0,16.8,50.0,50.0,100.0,-0.12128878284714878,43.21,D
VIDHIING.NS,11,1,10,0,11,9.090909090909092,-3.8010572107253395,-3.8010572107253395,6.545454545454546,1.0,1.0,6.4,100.0,100.0,100.0,-0.5807170738608157,43.2,D
PGEL.NS,14,4,10,0,14,28.57142857142857,-1.1366829547596882,-1.1366829547596882,7.357142857142857,10.75,11.0,5.4,50.0,50.0,75.0,-0.154500595792579,43.15,D
EDELWEISS.NS,18,2,16,0,18,11.11111111111111,-5.010237917850129,-5.010237917850129,5.333333333333333,4.5,4.5,4.8125,50.0,100.0,100.0,-0.9394196095968993,43.12,D
SBC.NS,10,1,8,1,9,11.11111111111111,-4.419921624925397,-4.419921624925397,13.2,3.0,3.0,8.125,100.0,100.0,100.0,-0.33484254734283314,43.04,D
GODREJIND.NS,12,5,7,0,12,41.66666666666667,1.1919809104437535,1.1919809104437535,15.416666666666666,18.4,28.0,12.857142857142858,40.0,40.0,40.0,0.07731768067743267,43.03,D
UCAL.NS,10,1,9,0,10,10.0,-4.173087981717121,-4.173087981717121,3.2,1.0,1.0,2.888888888888889,100.0,100.0,100.0,-1.3040899942866002,42.98,D
HEG.NS,8,1,6,1,7,14.285714285714285,-4.640813927703034,-4.640813927703034,18.875,2.0,2.0,14.0,100.0,100.0,100.0,-0.24587093656704817,42.96,D
MALLCOM.NS,7,1,6,0,7,14.285714285714285,-2.7322619149894662,-2.7322619149894662,3.2857142857142856,7.0,7.0,1.8333333333333333,0.0,100.0,100.0,-0.8315579741272289,42.95,D
RELIGARE.NS,13,1,10,2,11,9.090909090909092,-3.9716861860592,-3.9716861860592,13.0,4.0,4.0,3.7,100.0,100.0,100.0,-0.30551432200455386,42.93,D
ANANTRAJ.NS,12,2,10,0,12,16.666666666666664,-4.007783547074578,-4.007783547074578,7.916666666666667,6.5,6.5,7.7,0.0,100.0,100.0,-0.5062463427883678,42.9,D
TATAPOWER.NS,8,3,5,0,8,37.5,-1.923225194509253,-1.923225194509253,13.625,10.333333333333334,11.0,15.4,33.33333333333333,33.33333333333333,100.0,-0.14115414271627547,42.83,D
NESTLEIND.NS,9,3,6,0,9,33.33333333333333,-0.8569887579034119,-0.8569887579034119,17.22222222222222,15.333333333333334,15.0,18.0,33.33333333333333,33.33333333333333,66.66666666666666,-0.04976063755568198,42.83,D
BOMDYEING.NS,10,1,8,1,9,11.11111111111111,-2.679437208246779,-2.679437208246779,8.5,6.0,6.0,1.625,0.0,100.0,100.0,-0.31522790685256225,42.76,D
TREEHOUSE.NS,8,2,6,0,8,25.0,-2.402219061160411,-2.402219061160411,5.125,8.5,8.5,3.5,50.0,50.0,100.0,-0.4687256704703241,42.75,D
RRKABEL.NS,6,1,5,0,6,16.666666666666664,-5.38672449297701,-5.38672449297701,15.0,1.0,1.0,17.6,100.0,100.0,100.0,-0.35911496619846733,42.75,D
TORNTPHARM.NS,9,3,5,1,8,37.5,0.5815485318929972,0.5815485318929972,18.77777777777778,22.666666666666668,19.0,8.0,0.0,33.33333333333333,66.66666666666666,0.030970040159982094,42.74,D
BAJFINANCE.NS,9,2,5,2,7,28.57142857142857,-0.827182185300006,-0.827182185300006,20.555555555555557,11.5,11.5,8.0,0.0,50.0,100.0,-0.04024129550108137,42.64,D
JBMA.NS,7,2,5,0,7,28.57142857142857,1.7153112722797321,1.7153112722797321,7.0,17.0,17.0,2.2,50.0,50.0,50.0,0.24504446746853317,42.61,D
ASIANENE.NS,11,1,8,2,9,11.11111111111111,-4.692903779467286,-4.692903779467286,13.454545454545455,4.0,4.0,2.75,100.0,100.0,100.0,-0.3487969025279739,42.61,D
SANATHAN.NS,8,1,7,0,8,12.5,-4.413452667198932,-4.413452667198932,5.5,3.0,3.0,5.428571428571429,100.0,100.0,100.0,-0.802445939490715,42.6,D
EPL.NS,7,1,6,0,7,14.285714285714285,-2.95824252164483,-2.95824252164483,5.0,6.0,6.0,4.666666666666667,0.0,100.0,100.0,-0.591648504328966,42.59,D
FAZE3Q.NS,9,1,7,1,8,12.5,-4.4233263123484186,-4.4233263123484186,8.444444444444445,3.0,3.0,1.1428571428571428,100.0,100.0,100.0,-0.5238149580412601,42.59,D
GPTINFRA.NS,11,3,8,0,11,27.27272727272727,-0.10474791197178733,-0.10474791197178733,4.909090909090909,14.0,12.0,0.875,33.33333333333333,33.33333333333333,66.66666666666666,-0.021337537623882605,42.58,D
ROTO.NS,12,1,11,0,12,8.333333333333332,-4.017681564525901,-4.017681564525901,7.0,0.0,0.0,6.909090909090909,100.0,100.0,100.0,-0.5739545092179859,42.56,D
CANBK.NS,10,1,8,1,9,11.11111111111111,-4.749271348679573,-4.749271348679573,8.8,0.0,0.0,2.875,100.0,100.0,100.0,-0.539689925986315,42.52,D
YUKEN.NS,16,1,15,0,16,6.25,-4.154296228504037,-4.154296228504037,2.9375,5.0,5.0,2.0,100.0,100.0,100.0,-1.414228503320523,42.51,D
SUNDARMFIN.NS,15,2,11,2,13,15.384615384615385,-1.3956719361847887,-1.3956719361847887,10.8,8.5,8.5,1.2727272727272727,50.0,50.0,100.0,-0.129228882980073,42.47,D
MCL.NS,7,1,6,0,7,14.285714285714285,-4.969228605929439,-4.969228605929439,12.857142857142858,2.0,2.0,14.333333333333334,100.0,100.0,100.0,-0.38649555823895637,42.45,D
IDBI.NS,9,1,6,2,7,14.285714285714285,-4.989746546955508,-4.989746546955508,16.88888888888889,2.0,2.0,4.666666666666667,100.0,100.0,100.0,-0.29544551922762874,42.42,D
SCI.NS,9,3,5,1,8,37.5,-2.218883942538632,-2.218883942538632,17.22222222222222,11.0,15.0,11.8,33.33333333333333,33.33333333333333,100.0,-0.1288384224699851,42.37,D
AAATECH.NS,9,1,7,1,8,12.5,-4.621086064188391,-4.621086064188391,14.11111111111111,0.0,0.0,8.857142857142858,100.0,100.0,100.0,-0.32747853998185444,42.28,D
KOTARISUG.NS,8,1,6,1,7,14.285714285714285,-3.168771662879482,-3.168771662879482,11.0,6.0,6.0,3.5,0.0,100.0,100.0,-0.288070151170862,42.26,D
ZENITHEXPO.NS,8,1,6,1,7,14.285714285714285,-5.094366153628255,-5.094366153628255,14.5,0.0,0.0,8.666666666666666,100.0,100.0,100.0,-0.3513355968019486,42.25,D
RUCHIRA.NS,10,3,6,1,9,33.33333333333333,0.6281837891775636,0.6281837891775636,18.0,19.333333333333332,18.0,9.833333333333334,33.33333333333333,33.33333333333333,66.66666666666666,0.03489909939875353,42.15,D
SAFARI.NS,18,2,16,0,18,11.11111111111111,-3.725564706762592,-3.725564706762592,8.666666666666666,6.5,6.5,8.375,50.0,100.0,100.0,-0.4298728507802991,42.12,D
SUPREMEIND.NS,6,2,3,1,5,40.0,1.0064072533178272,1.0064072533178272,19.5,21.0,21.0,4.666666666666667,50.0,50.0,50.0,0.05161062837527319,42.07,D
NGLFINE.NS,10,1,8,1,9,11.11111111111111,-5.049741220994926,-5.049741220994926,7.8,0.0,0.0,1.375,100.0,100.0,100.0,-0.6474027206403752,42.05,D
BANSWRAS.NS,16,2,14,0,16,12.5,-4.135474803374097,-4.135474803374097,10.1875,5.5,5.5,10.428571428571429,50.0,100.0,100.0,-0.4059361770183163,42.04,D
STARPAPER.NS,8,3,5,0,8,37.5,2.2570842477110276,2.2570842477110276,15.125,21.0,16.0,11.2,0.0,0.0,66.66666666666666,0.14922871059246462,42.03,D
KKCL.NS,8,2,6,0,8,25.0,-0.32840621543933857,-0.32840621543933857,6.75,14.5,14.5,3.6666666666666665,0.0,50.0,50.0,-0.04865277265767979,41.99,D
GMBREW.NS,9,2,7,0,9,22.22222222222222,-2.1928759735039067,-2.1928759735039067,4.333333333333333,6.5,6.5,3.2857142857142856,50.0,50.0,100.0,-0.5060483015778247,41.96,D
SATIA.NS,8,1,7,0,8,12.5,-4.827690725412368,-4.827690725412368,12.125,3.0,3.0,12.857142857142858,100.0,100.0,100.0,-0.39816005982782415,41.96,D
POWERGRID.NS,11,3,7,1,10,30.0,-1.2269054225555154,-1.2269054225555154,19.272727272727273,25.666666666666668,12.0,10.571428571428571,0.0,33.33333333333333,66.66666666666666,-0.06366018701938994,41.92,D
ITI.NS,9,2,6,1,8,25.0,-0.3802520943997511,-0.3802520943997511,15.666666666666666,12.5,12.5,8.333333333333334,50.0,50.0,50.0,-0.024271410280835178,41.91,D
CLSEL.NS,13,1,11,1,12,8.333333333333332,-4.43175332194367,-4.43175332194367,12.846153846153847,0.0,0.0,9.0,100.0,100.0,100.0,-0.34498678554052525,41.91,D
HARRMALAYA.NS,14,1,11,2,12,8.333333333333332,-4.43720974704226,-4.43720974704226,10.857142857142858,3.0,3.0,2.090909090909091,100.0,100.0,100.0,-0.4086903714381029,41.9,D
INDOBORAX.NS,8,2,5,1,7,28.57142857142857,1.8722541829342356,1.8722541829342356,12.75,15.0,15.0,1.4,0.0,0.0,100.0,0.14684346532817535,41.85,D
BHARTIARTL.NS,9,4,5,0,9,44.44444444444444,0.3570063743102343,0.3570063743102343,15.444444444444445,21.0,16.0,10.4,0.0,0.0,75.0,0.023115520638792148,41.84,D
BANKA.NS,9,1,8,0,9,11.11111111111111,-4.560715165118256,-4.560715165118256,5.222222222222222,3.0,3.0,4.75,100.0,100.0,100.0,-0.8733284358737086,41.82,D
ENIL.NS,6,2,4,0,6,33.33333333333333,2.5451179615622554,2.5451179615622554,8.666666666666666,24.0,24.0,0.0,50.0,50.0,50.0,0.2936674571033372,41.81,D
DALMIASUG.NS,11,1,9,1,10,10.0,-4.941013454893345,-4.941013454893345,17.545454545454547,5.0,5.0,13.444444444444445,100.0,100.0,100.0,-0.28161216582293674,41.78,D
AEGISLOG.NS,12,2,9,1,11,18.181818181818183,-1.9347258637117524,-1.9347258637117524,9.333333333333334,5.5,5.5,3.888888888888889,50.0,50.0,100.0,-0.20729205682625917,41.75,D
DRREDDY.NS,9,2,5,2,7,28.57142857142857,-1.4280741452200234,-1.4280741452200234,22.555555555555557,12.0,12.0,11.0,50.0,50.0,100.0,-0.0633136320540897,41.7,D
TRITURBINE.NS,20,3,16,1,19,15.789473684210526,-3.702866401976479,-3.702866401976479,7.6,13.666666666666666,6.0,2.4375,33.33333333333333,66.66666666666666,66.66666666666666,-0.4872192634179578,41.7,D
ROSSTECH.NS,7,2,5,0,7,28.57142857142857,1.1159665629152113,1.1159665629152113,5.285714285714286,16.0,16.0,0.0,50.0,50.0,50.0,0.21112880920017513,41.67,D
MAXIND.NS,9,3,6,0,9,33.33333333333333,0.9249505900113074,0.9249505900113074,5.777777777777778,11.666666666666666,16.0,2.3333333333333335,33.33333333333333,33.33333333333333,100.0,0.16008760211734166,41.61,D
JPPOWER.NS,8,3,5,0,8,37.5,2.3499742577821534,2.3499742577821534,15.125,28.666666666666668,26.0,6.6,33.33333333333333,33.33333333333333,33.33333333333333,0.15537019886162998,41.51,D
GESHIP.NS,13,4,8,1,12,33.33333333333333,1.7056427707520723,1.7056427707520723,13.615384615384615,26.75,22.0,0.5,25.0,50.0,50.0,0.12527319785184712,41.5,D
BALUFORGE.NS,6,1,5,0,6,16.666666666666664,-4.310369491890585,-4.310369491890585,7.333333333333333,8.0,8.0,7.0,0.0,100.0,100.0,-0.5877776579850797,41.43,D
HITECH.NS,10,1,8,1,9,11.11111111111111,-3.551116088708264,-3.551116088708264,11.0,7.0,7.0,4.875,0.0,100.0,100.0,-0.32282873533711487,41.4,D
MALUPAPER.NS,10,1,9,0,10,10.0,-5.186347757626463,-5.186347757626463,3.2,5.0,5.0,2.3333333333333335,100.0,100.0,100.0,-1.6207336742582696,41.4,D
AARVI.NS,9,1,8,0,9,11.11111111111111,-4.85226540151373,-4.85226540151373,3.888888888888889,3.0,3.0,3.625,100.0,100.0,100.0,-1.2477253889606734,41.36,D
ZUARIIND.NS,15,1,13,1,14,7.142857142857142,-5.154363016972902,-5.154363016972902,6.0,0.0,0.0,1.3076923076923077,100.0,100.0,100.0,-0.8590605028288171,41.3,D
WONDERLA.NS,10,1,9,0,10,10.0,-3.3785081278212274,-3.3785081278212274,6.5,6.0,6.0,5.888888888888889,0.0,100.0,100.0,-0.5197704812032657,41.22,D
SILGO.NS,17,1,15,1,16,6.25,-4.978699438051027,-4.978699438051027,8.470588235294118,3.0,3.0,4.866666666666666,100.0,100.0,100.0,-0.5877631281032463,41.22,D
HAVELLS.NS,8,2,5,1,7,28.57142857142857,-1.7403242168487787,-1.7403242168487787,18.0,15.0,15.0,10.6,0.0,50.0,50.0,-0.09668467871382104,41.21,D
SURYALAXMI.NS,8,1,7,0,8,12.5,-5.318757083490578,-5.318757083490578,8.875,2.0,2.0,9.428571428571429,100.0,100.0,100.0,-0.5992965727876707,41.19,D
KTKBANK.NS,6,2,3,1,5,40.0,3.597820120921071,3.597820120921071,20.0,25.0,25.0,2.3333333333333335,0.0,0.0,50.0,0.17989100604605354,41.12,D
MFSL.NS,7,3,4,0,7,42.857142857142854,0.7136289577274902,0.7136289577274902,23.857142857142858,31.333333333333332,30.0,17.75,0.0,33.33333333333333,33.33333333333333,0.02991259104246965,41.09,D
ORIENTALTL.NS,8,1,7,0,8,12.5,-5.434948065574649,-5.434948065574649,10.375,3.0,3.0,11.142857142857142,100.0,100.0,100.0,-0.5238504159590023,41.01,D
SAKHTISUG.NS,9,1,7,1,8,12.5,-5.487487647866938,-5.487487647866938,10.444444444444445,1.0,1.0,4.285714285714286,100.0,100.0,100.0,-0.5253977535191748,40.93,D
GUJALKALI.NS,12,2,10,0,12,16.666666666666664,-5.274865153833022,-5.274865153833022,12.666666666666666,6.0,6.0,13.5,50.0,100.0,100.0,-0.41643672267102805,40.92,D
ZFCVINDIA.NS,12,1,10,1,11,9.090909090909092,-3.335977985031659,-3.335977985031659,15.083333333333334,6.0,6.0,11.0,0.0,100.0,100.0,-0.22116981116231993,40.92,D
COMPUSOFT.NS,8,2,5,1,7,28.57142857142857,-1.945616872887909,-1.945616872887909,11.0,11.5,11.5,0.2,50.0,50.0,100.0,-0.1768742611716281,40.89,D
HPIL.NS,10,2,7,1,9,22.22222222222222,-3.550435201941126,-3.550435201941126,10.5,8.0,8.0,3.5714285714285716,50.0,50.0,100.0,-0.33813668589915485,40.84,D
ASTRAL.NS,12,1,11,0,12,8.333333333333332,-3.2488901578815432,-3.2488901578815432,11.583333333333334,8.0,8.0,11.636363636363637,0.0,100.0,100.0,-0.2804797258602771,40.76,D
BALKRISHNA.NS,9,2,7,0,9,22.22222222222222,-2.9700366476364817,-2.9700366476364817,4.666666666666667,8.5,8.5,3.0,50.0,50.0,100.0,-0.6364364244935318,40.75,D
AHLEAST.NS,10,1,9,0,10,10.0,-5.645728890741673,-5.645728890741673,7.6,3.0,3.0,7.777777777777778,100.0,100.0,100.0,-0.7428590645712728,40.68,D
SUNFLAG.NS,14,2,10,2,12,16.666666666666664,-2.239733252003794,-2.239733252003794,11.285714285714286,6.5,6.5,1.7,50.0,50.0,100.0,-0.19845737675982983,40.67,D
KRN.NS,8,1,7,0,8,12.5,-5.65518704902051,-5.65518704902051,3.5,2.0,2.0,3.2857142857142856,100.0,100.0,100.0,-1.6157677282915743,40.66,D
FDC.NS,7,2,5,0,7,28.57142857142857,0.4577235948820394,0.4577235948820394,10.571428571428571,20.0,20.0,6.2,50.0,50.0,50.0,0.04329817789424697,40.64,D
TBZ.NS,6,2,4,0,6,33.33333333333333,4.9692673061322,4.9692673061322,8.833333333333334,23.0,23.0,1.0,0.0,0.0,50.0,0.5625585629583623,40.6,D
ADOR.NS,7,3,4,0,7,42.857142857142854,2.4959266730500564,2.4959266730500564,13.571428571428571,28.333333333333332,21.0,2.0,0.0,0.0,33.33333333333333,0.18391038643526733,40.54,D
GRINDWELL.NS,7,3,4,0,7,42.857142857142854,2.488151551582262,2.488151551582262,16.0,25.333333333333332,21.0,8.75,0.0,0.0,33.33333333333333,0.15550947197389137,40.53,D
PRAENG.NS,12,1,10,1,11,9.090909090909092,-5.51042254260286,-5.51042254260286,13.916666666666666,0.0,0.0,10.1,100.0,100.0,100.0,-0.3959585060552953,40.53,D
SCHAEFFLER.NS,10,2,8,0,10,20.0,-3.198771853368132,-3.198771853368132,4.4,5.5,5.5,3.5,50.0,50.0,100.0,-0.7269936030382117,40.5,D
LFIC.NS,10,1,9,0,10,10.0,-5.7652711666451095,-5.7652711666451095,1.3,0.0,0.0,0.4444444444444444,100.0,100.0,100.0,-4.434823974342391,40.49,D
THOMASCOOK.NS,10,4,6,0,10,40.0,2.8651001693792644,2.8651001693792644,16.5,29.5,31.5,7.333333333333333,0.0,25.0,50.0,0.1736424345078342,40.48,D
DATAPATTNS.NS,19,4,14,1,18,22.22222222222222,-1.8961683612324243,-1.8961683612324243,11.052631578947368,11.5,10.5,6.928571428571429,25.0,50.0,75.0,-0.17155808982579077,40.43,D
AMJLAND.NS,9,1,7,1,8,12.5,-5.831131759108156,-5.831131759108156,9.11111111111111,0.0,0.0,2.2857142857142856,100.0,100.0,100.0,-0.6400022662435781,40.39,D
ABFRL.NS,6,2,3,1,5,40.0,-0.08016487046917486,-0.08016487046917486,26.0,22.5,22.5,16.666666666666668,0.0,50.0,50.0,-0.003083264248814418,40.37,D
TCS.NS,8,2,6,0,8,25.0,-1.3761435013692342,-1.3761435013692342,17.0,13.0,13.0,18.333333333333332,0.0,50.0,100.0,-0.08094961772760201,40.35,D
TOKYOPLAST.NS,17,1,16,0,17,5.88235294117647,-5.467587872188922,-5.467587872188922,3.3529411764705883,3.0,3.0,2.6875,100.0,100.0,100.0,-1.6306841022317837,40.31,D
VENUSPIPES.NS,9,2,7,0,9,22.22222222222222,-0.7367387901468005,-0.7367387901468005,5.777777777777778,13.0,13.0,3.0,0.0,50.0,100.0,-0.12751248291002318,40.24,D
FCL.NS,9,2,6,1,8,25.0,-1.5118938572233513,-1.5118938572233513,18.0,12.0,12.0,12.666666666666666,0.0,50.0,100.0,-0.08399410317907507,40.14,D
LT.NS,12,4,6,2,10,40.0,-0.24354532539175047,-0.24354532539175047,21.333333333333332,15.75,15.5,11.833333333333334,0.0,0.0,75.0,-0.011416187127738304,40.12,D
SHAH.NS,9,1,7,1,8,12.5,-6.007357355619886,-6.007357355619886,12.666666666666666,1.0,1.0,7.285714285714286,100.0,100.0,100.0,-0.47426505439104366,40.11,D
CANFINHOME.NS,11,1,9,1,10,10.0,-4.0968869396843575,-4.0968869396843575,20.181818181818183,8.0,8.0,16.88888888888889,0.0,100.0,100.0,-0.20299890241679247,40.1,D
SSWL.NS,12,1,10,1,11,9.090909090909092,-3.8880152583286303,-3.8880152583286303,17.083333333333332,9.0,9.0,13.0,0.0,100.0,100.0,-0.22759113707289544,40.06,D
ASHAPURMIN.NS,11,4,7,0,11,36.36363636363637,0.0005155045669069658,0.0005155045669069658,13.727272727272727,26.75,21.5,5.714285714285714,25.0,50.0,50.0,3.7553312821037246e-05,40.05,D
PEARLPOLY.NS,10,1,8,1,9,11.11111111111111,-6.37014309718119,-6.37014309718119,8.8,0.0,0.0,2.625,100.0,100.0,100.0,-0.7238798974069534,39.99,D
MURUDCERA.NS,7,2,5,0,7,28.57142857142857,0.6495836052040985,0.6495836052040985,12.857142857142858,15.0,15.0,11.4,0.0,0.0,100.0,0.0505231692936521,39.94,D
BVCL.NS,11,2,9,0,11,18.181818181818183,-6.299754989491334,-6.299754989491334,6.181818181818182,6.5,6.5,5.777777777777778,50.0,100.0,100.0,-1.0190780130059511,39.93,D
STEELCAS.NS,23,4,19,0,23,17.391304347826086,-1.6188418180679058,-1.6188418180679058,5.304347826086956,13.5,12.5,2.8421052631578947,50.0,50.0,50.0,-0.30519149029149045,39.93,D
SPAL.NS,14,1,11,2,12,8.333333333333332,-3.800205462047838,-3.800205462047838,11.214285714285714,8.0,8.0,1.9090909090909092,0.0,100.0,100.0,-0.3388718246412085,39.9,D
SPLIL.NS,14,1,13,0,14,7.142857142857142,-5.4867424328304955,-5.4867424328304955,3.9285714285714284,1.0,1.0,3.4615384615384617,100.0,100.0,100.0,-1.3966253465386715,39.78,D
ASPINWALL.NS,13,1,12,0,13,7.6923076923076925,-5.66116773274937,-5.66116773274937,1.0,0.0,0.0,0.08333333333333333,100.0,100.0,100.0,-5.66116773274937,39.73,D
SPCENET.NS,7,1,6,0,7,14.285714285714285,-6.7342266812536025,-6.7342266812536025,7.571428571428571,1.0,1.0,8.166666666666666,100.0,100.0,100.0,-0.889426165448589,39.69,D
DCMSHRIRAM.NS,9,3,6,0,9,33.33333333333333,-0.3129542052865324,-0.3129542052865324,7.666666666666667,13.333333333333334,18.0,4.5,33.33333333333333,33.33333333333333,66.66666666666666,-0.040820113733025964,39.68,D
APEX.NS,12,1,11,0,12,8.333333333333332,-5.902146677783594,-5.902146677783594,16.583333333333332,1.0,1.0,17.818181818181817,100.0,100.0,100.0,-0.3559083423789102,39.61,D
EMCURE.NS,8,2,5,1,7,28.57142857142857,-0.3301606320266376,-0.3301606320266376,14.0,15.5,15.5,3.8,0.0,50.0,50.0,-0.02358290228761697,39.41,D
IFCI.NS,9,3,5,1,8,37.5,2.8808266076409166,2.8808266076409166,16.88888888888889,26.333333333333332,32.0,1.8,33.33333333333333,33.33333333333333,33.33333333333333,0.170575259662949,39.33,D
ANIKINDS.NS,17,2,15,0,17,11.76470588235294,-5.6849093758621505,-5.6849093758621505,2.5294117647058822,5.5,5.5,1.6,50.0,100.0,100.0,-2.247522311387362,39.32,D
SIGIND.NS,7,1,6,0,7,14.285714285714285,-6.987972350489924,-6.987972350489924,4.857142857142857,2.0,2.0,5.0,100.0,100.0,100.0,-1.4387001898067493,39.3,D
APTUS.NS,6,2,3,1,5,40.0,-0.7859654013428438,-0.7859654013428438,24.166666666666668,25.0,25.0,11.0,0.0,50.0,50.0,-0.0325227062624625,39.27,D
VASWANI.NS,14,2,12,0,14,14.285714285714285,-5.749245936486546,-5.749245936486546,3.7142857142857144,7.0,7.0,2.6666666666666665,50.0,100.0,100.0,-1.547873905977147,39.23,D
CYBERMEDIA.NS,6,1,5,0,6,16.666666666666664,-7.694156886095146,-7.694156886095146,5.5,1.0,1.0,5.6,100.0,100.0,100.0,-1.398937615653663,39.14,D
CENTURYPLY.NS,15,4,11,0,15,26.666666666666668,-1.33153929224895,-1.33153929224895,12.266666666666667,16.5,16.0,10.272727272727273,0.0,50.0,50.0,-0.10854939882464265,39.09,D
SMLT.NS,10,2,8,0,10,20.0,-1.551247281152757,-1.551247281152757,4.5,14.5,14.5,1.125,50.0,50.0,50.0,-0.34472161803394596,39.08,D
AURUS.NS,10,1,8,1,9,11.11111111111111,-6.982487506033145,-6.982487506033145,8.7,1.0,1.0,2.5,100.0,100.0,100.0,-0.8025847708084075,39.03,D
EICHERMOT.NS,14,2,12,0,14,14.285714285714285,-2.687265295611303,-2.687265295611303,11.214285714285714,9.5,9.5,11.333333333333334,50.0,50.0,100.0,-0.2396287524748933,39.02,D
INTLCONV.NS,6,1,5,0,6,16.666666666666664,-7.783320910862933,-7.783320910862933,13.833333333333334,0.0,0.0,15.8,100.0,100.0,100.0,-0.56264970439973,39.01,D
JAYSREETEA.NS,10,2,8,0,10,20.0,-1.597862758281377,-1.597862758281377,5.8,12.5,12.5,3.375,50.0,50.0,50.0,-0.2754935790140305,39.0,D
CHOLAHLDNG.NS,6,2,4,0,6,33.33333333333333,1.3297867360483784,1.3297867360483784,8.833333333333334,16.5,16.5,4.25,0.0,0.0,50.0,0.15054189464698622,38.91,D
EMAMIREAL.NS,10,1,9,0,10,10.0,-4.886921217314285,-4.886921217314285,7.0,10.0,10.0,6.333333333333333,0.0,100.0,100.0,-0.6981316024734693,38.86,D
ONWARDTEC.NS,14,1,13,0,14,7.142857142857142,-4.18724808500069,-4.18724808500069,3.7142857142857144,6.0,6.0,2.8461538461538463,0.0,100.0,100.0,-1.1273360228848013,38.81,D
ICICIBANK.NS,8,3,5,0,8,37.5,0.5882837158289734,0.5882837158289734,21.0,24.333333333333332,23.0,19.0,0.0,33.33333333333333,33.33333333333333,0.028013510277570163,38.75,D
GENUSPAPER.NS,7,1,6,0,7,14.285714285714285,-7.35574080056516,-7.35574080056516,7.571428571428571,1.0,1.0,8.333333333333334,100.0,100.0,100.0,-0.9715129359237004,38.72,D
WELENT.NS,14,4,10,0,14,28.57142857142857,-0.789632579577204,-0.789632579577204,13.357142857142858,16.0,14.0,11.8,0.0,0.0,75.0,-0.05911687761540565,38.69,D
CARERATING.NS,13,2,10,1,12,16.666666666666664,-0.9717846695255291,-0.9717846695255291,8.461538461538462,12.0,12.0,1.9,0.0,50.0,100.0,-0.11484727912574434,38.65,D
BHANDARI.NS,8,1,7,0,8,12.5,-6.974221413354389,-6.974221413354389,8.375,1.0,1.0,8.857142857142858,100.0,100.0,100.0,-0.8327428553258972,38.6,D
GRASIM.NS,11,4,7,0,11,36.36363636363637,-0.3667848768489473,-0.3667848768489473,20.181818181818183,22.75,20.0,18.714285714285715,0.0,0.0,50.0,-0.01817402542945234,38.47,D
SGIL.NS,17,2,14,1,16,12.5,-3.2376130993447996,-3.2376130993447996,9.352941176470589,9.5,9.5,5.142857142857143,0.0,50.0,100.0,-0.34615989112491563,38.44,D
STARTECK.NS,9,1,8,0,9,11.11111111111111,-6.764066612135249,-6.764066612135249,4.777777777777778,2.0,2.0,4.5,100.0,100.0,100.0,-1.4157348723073777,38.38,D
INDIANB.NS,18,4,13,1,17,23.52941176470588,-1.0661781629529605,-1.0661781629529605,9.666666666666666,18.5,15.5,2.6153846153846154,50.0,50.0,50.0,-0.11029429271927178,38.25,D
KARURVYSYA.NS,17,6,11,0,17,35.294117647058826,0.5815266157967555,0.5815266157967555,12.411764705882353,26.5,26.0,4.2727272727272725,16.666666666666664,16.666666666666664,33.33333333333333,0.046852855301160394,38.19,D
BIGBLOC.NS,14,2,10,2,12,16.666666666666664,-1.2855894953393217,-1.2855894953393217,14.142857142857142,12.5,12.5,4.3,50.0,50.0,100.0,-0.09090026734722477,38.16,D
BIKAJI.NS,6,2,4,0,6,33.33333333333333,0.1886157890429375,0.1886157890429375,10.0,20.5,20.5,4.25,0.0,50.0,50.0,0.018861578904293748,38.13,D
FEDERALBNK.NS,13,3,10,0,13,23.076923076923077,-1.9074623936193456,-1.9074623936193456,14.76923076923077,9.0,12.0,16.2,33.33333333333333,33.33333333333333,100.0,-0.12915109956797652,38.08,D
INDIAGLYCO.NS,13,4,9,0,13,30.76923076923077,1.7629690032863374,1.7629690032863374,10.153846153846153,24.75,28.5,3.0,25.0,25.0,25.0,0.1736257351721393,38.06,D
GALLANTT.NS,16,4,12,0,16,25.0,-1.627083782226003,-1.627083782226003,8.125,19.5,17.5,3.8333333333333335,0.0,50.0,50.0,-0.20025646550473883,37.96,D
BAJEL.NS,8,2,6,0,8,25.0,-2.915250826175751,-2.915250826175751,13.375,11.0,11.0,13.833333333333334,50.0,50.0,100.0,-0.2179626785925795,37.94,D
INDBANK.NS,8,2,6,0,8,25.0,-2.942869247217777,-2.942869247217777,9.625,10.5,10.5,8.833333333333334,50.0,50.0,100.0,-0.3057526490615872,37.9,D
KEI.NS,13,3,10,0,13,23.076923076923077,-2.0263122862288516,-2.0263122862288516,14.538461538461538,22.666666666666668,14.0,11.6,33.33333333333333,33.33333333333333,66.66666666666666,-0.13937597735965646,37.9,D
SMCGLOBAL.NS,17,2,15,0,17,11.76470588235294,-3.441311798949031,-3.441311798949031,6.647058823529412,8.0,8.0,5.733333333333333,50.0,50.0,100.0,-0.5177194741781728,37.83,D
SONACOMS.NS,7,2,4,1,6,33.33333333333333,-0.0169281737858655,-0.0169281737858655,19.0,24.5,24.5,5.25,50.0,50.0,50.0,-0.0008909565150455526,37.81,D
UNITEDTEA.NS,16,1,15,0,16,6.25,-5.239906263876055,-5.239906263876055,2.5,7.0,7.0,1.4,0.0,100.0,100.0,-2.095962505550422,37.81,D
AWHCL.NS,6,2,4,0,6,33.33333333333333,3.177505513749175,3.177505513749175,9.666666666666666,23.0,23.0,2.5,0.0,0.0,50.0,0.3287074669395698,37.8,D
KOVAI.NS,8,2,5,1,7,28.57142857142857,-0.7872817334892332,-0.7872817334892332,14.625,14.0,14.0,5.2,0.0,0.0,100.0,-0.053831229640289455,37.7,D
KIOCL.NS,13,1,12,0,13,7.6923076923076925,-6.9728249666649535,-6.9728249666649535,5.230769230769231,0.0,0.0,4.916666666666667,100.0,100.0,100.0,-1.3330400671565352,37.68,D
BANKBARODA.NS,11,2,7,2,9,22.22222222222222,0.10062997702800237,0.10062997702800237,18.636363636363637,12.5,12.5,8.142857142857142,0.0,0.0,100.0,0.005399657303941591,37.55,D
GOCLCORP.NS,8,2,6,0,8,25.0,-0.6659098944186046,-0.6659098944186046,5.25,16.0,16.0,0.6666666666666666,50.0,50.0,50.0,-0.12683997988925802,37.46,D
SARLAPOLY.NS,12,2,9,1,11,18.181818181818183,-2.1262409312524677,-2.1262409312524677,10.166666666666666,10.5,10.5,3.7777777777777777,0.0,50.0,100.0,-0.2091384522543411,37.45,D
GABRIEL.NS,15,4,10,1,14,28.57142857142857,1.2754621952490084,1.2754621952490084,12.933333333333334,27.75,27.0,1.6,25.0,25.0,50.0,0.09861821097286147,37.42,D
INDOSTAR.NS,8,1,7,0,8,12.5,-5.84311260837705,-5.84311260837705,12.25,8.0,8.0,12.428571428571429,0.0,100.0,100.0,-0.4769887843573102,37.37,D
SRF.NS,12,2,8,2,10,20.0,-2.66404164220474,-2.66404164220474,28.0,11.5,11.5,23.875,50.0,50.0,50.0,-0.095144344364455,37.34,D
LAXMICOT.NS,17,1,16,0,17,5.88235294117647,-7.389227307003004,-7.389227307003004,2.235294117647059,0.0,0.0,1.5625,100.0,100.0,100.0,-3.305706953132923,37.31,D
TAINWALCHM.NS,12,1,11,0,12,8.333333333333332,-5.482153375997593,-5.482153375997593,10.916666666666666,7.0,7.0,10.909090909090908,0.0,100.0,100.0,-0.5021819886410009,37.27,D
PALASHSECU.NS,13,1,12,0,13,7.6923076923076925,-7.234656586533787,-7.234656586533787,3.769230769230769,1.0,1.0,3.25,100.0,100.0,100.0,-1.9193986862232497,37.27,D
IMAGICAA.NS,14,2,12,0,14,14.285714285714285,-3.867243012272272,-3.867243012272272,4.642857142857143,9.5,9.5,3.5,50.0,50.0,100.0,-0.8329446487971046,37.17,D
PILITA.NS,10,2,7,1,9,22.22222222222222,-3.3528453151956583,-3.3528453151956583,11.1,10.5,10.5,3.4285714285714284,50.0,50.0,50.0,-0.3020581365041134,37.15,D
REFEX.NS,9,2,6,1,8,25.0,-0.9109494825588698,-0.9109494825588698,14.222222222222221,16.0,16.0,5.5,50.0,50.0,50.0,-0.06405113549242053,37.08,D
TARC.NS,7,2,5,0,7,28.57142857142857,0.716773002747597,0.716773002747597,10.142857142857142,24.5,24.5,4.0,50.0,50.0,50.0,0.07066776083427014,37.05,D
ABDL.NS,6,2,3,1,5,40.0,2.742493666991068,2.742493666991068,22.666666666666668,36.5,36.5,0.0,0.0,0.0,50.0,0.12099236766137063,36.79,D
ORIENTHOT.NS,15,4,11,0,15,26.666666666666668,-1.2446515900555775,-1.2446515900555775,9.4,15.75,17.5,6.545454545454546,25.0,25.0,75.0,-0.13240974362293376,36.72,D
BANG.NS,12,1,11,0,12,8.333333333333332,-5.834560141801245,-5.834560141801245,4.333333333333333,6.0,6.0,3.6363636363636362,0.0,100.0,100.0,-1.3464369558002873,36.72,D
KAMOPAINTS.NS,6,2,4,0,6,33.33333333333333,2.429741182941447,2.429741182941447,8.833333333333334,21.5,21.5,1.75,0.0,0.0,50.0,0.275065039578277,36.63,D
STEELXIND.NS,12,1,11,0,12,8.333333333333332,-7.821141698995412,-7.821141698995412,12.083333333333334,1.0,1.0,12.818181818181818,100.0,100.0,100.0,-0.6472668992272065,36.61,D
BHARATSE.NS,7,2,5,0,7,28.57142857142857,-2.216919225591148,-2.216919225591148,9.0,17.5,17.5,5.4,0.0,50.0,50.0,-0.24632435839901642,36.46,D
VEDL.NS,9,3,6,0,9,33.33333333333333,2.0963030377244394,2.0963030377244394,16.22222222222222,30.0,34.0,8.833333333333334,33.33333333333333,33.33333333333333,33.33333333333333,0.1292241598597257,36.44,D
ARTNIRMAN.NS,9,1,8,0,9,11.11111111111111,-10.010041603738802,-10.010041603738802,12.333333333333334,3.0,3.0,13.125,100.0,100.0,100.0,-0.8116249948977406,36.44,D
LIBERTSHOE.NS,6,2,4,0,6,33.33333333333333,-0.26741919266386943,-0.26741919266386943,11.5,17.0,17.0,8.25,0.0,0.0,100.0,-0.02325384284033647,36.42,D
HBSL.NS,14,1,13,0,14,7.142857142857142,-5.740658837697241,-5.740658837697241,7.785714285714286,7.0,7.0,7.230769230769231,0.0,100.0,100.0,-0.7373323277776274,36.39,D
MOIL.NS,9,3,6,0,9,33.33333333333333,0.135064386894221,0.135064386894221,11.333333333333334,19.333333333333332,29.0,6.666666666666667,33.33333333333333,33.33333333333333,33.33333333333333,0.011917445902431266,36.38,D
BPCL.NS,7,2,4,1,6,33.33333333333333,0.9653561116743778,0.9653561116743778,22.571428571428573,30.5,30.5,9.0,50.0,50.0,50.0,0.04276894165645977,36.34,D
GLOBUSSPR.NS,10,2,8,0,10,20.0,-3.3479181823584034,-3.3479181823584034,14.4,13.0,13.0,14.5,0.0,50.0,100.0,-0.23249431821933356,36.27,D
MUNJALAU.NS,11,2,8,1,10,20.0,-3.408827320540341,-3.408827320540341,9.636363636363637,11.0,11.0,2.25,0.0,50.0,100.0,-0.3537462313768278,36.17,D
GRWRHITECH.NS,14,3,10,1,13,23.076923076923077,-3.1778941086098484,-3.1778941086098484,14.785714285714286,11.333333333333334,11.0,10.8,33.33333333333333,33.33333333333333,100.0,-0.21493003633110086,36.1,D
LTFOODS.NS,13,4,9,0,13,30.76923076923077,0.4750820281154515,0.4750820281154515,16.76923076923077,28.75,26.0,10.88888888888889,0.0,25.0,50.0,0.02833057965826087,36.05,D
ELGIRUBCO.NS,15,3,12,0,15,20.0,-3.1563919871967925,-3.1563919871967925,5.533333333333333,14.666666666666666,14.0,2.6666666666666665,33.33333333333333,33.33333333333333,66.66666666666666,-0.5704322868427938,35.9,D
AEROENTER.NS,6,2,3,1,5,40.0,2.1477532043455914,2.1477532043455914,28.666666666666668,31.5,31.5,16.333333333333332,0.0,0.0,0.0,0.07492162340740435,35.86,D
RPTECH.NS,6,2,4,0,6,33.33333333333333,1.924678959201066,1.924678959201066,9.5,23.0,23.0,2.5,0.0,0.0,0.0,0.20259778517905958,35.84,D
ACC.NS,8,3,5,0,8,37.5,0.8347601092384527,0.8347601092384527,16.5,26.333333333333332,22.0,10.6,0.0,0.0,33.33333333333333,0.050591521772027435,35.8,D
EVEREADY.NS,10,2,7,1,9,22.22222222222222,-4.227099894706814,-4.227099894706814,12.8,11.5,11.5,6.0,50.0,50.0,50.0,-0.33024217927396987,35.78,D
GANECOS.NS,13,3,10,0,13,23.076923076923077,-0.9014306624121258,-0.9014306624121258,8.692307692307692,15.0,20.0,6.2,33.33333333333333,33.33333333333333,66.66666666666666,-0.10370441248989058,35.66,D
ABCAPITAL.NS,13,3,9,1,12,25.0,1.120399198500518,1.120399198500518,14.76923076923077,19.0,25.0,7.777777777777778,33.33333333333333,33.33333333333333,33.33333333333333,0.07586036239847256,35.58,D
RITES.NS,9,2,7,0,9,22.22222222222222,-1.1594628576687798,-1.1594628576687798,9.88888888888889,19.5,19.5,6.571428571428571,50.0,50.0,50.0,-0.1172490530226856,35.58,D
GMRAIRPORT.NS,14,3,11,0,14,21.428571428571427,-3.1367549007721034,-3.1367549007721034,8.928571428571429,14.0,15.0,7.363636363636363,33.33333333333333,33.33333333333333,66.66666666666666,-0.35131654888647557,35.5,D
KSCL.NS,10,2,8,0,10,20.0,-1.32167967322733,-1.32167967322733,6.8,16.5,16.5,3.5,0.0,50.0,50.0,-0.19436465782754853,35.43,D
MASFIN.NS,6,1,3,2,4,25.0,-1.3392684481444626,-1.3392684481444626,25.5,14.0,14.0,4.666666666666667,0.0,0.0,100.0,-0.05252033129978285,35.41,D
ICRA.NS,10,2,8,0,10,20.0,-1.3816727310148749,-1.3816727310148749,6.4,19.0,19.0,2.375,50.0,50.0,50.0,-0.21588636422107418,35.34,D
SYNGENE.NS,7,2,5,0,7,28.57142857142857,-0.4195029979031514,-0.4195029979031514,14.571428571428571,25.0,25.0,10.2,0.0,50.0,50.0,-0.028789421424726076,35.27,D
SHREECEM.NS,7,2,4,1,6,33.33333333333333,-1.0232235604746525,-1.0232235604746525,24.714285714285715,18.5,18.5,18.5,0.0,0.0,50.0,-0.04140210938336744,35.23,D
ASTERDM.NS,16,5,10,1,15,33.33333333333333,0.8129774047670346,0.8129774047670346,17.1875,35.8,38.0,2.9,0.0,20.0,20.0,0.047300503550082015,35.1,D
BAJAJCON.NS,9,2,5,2,7,28.57142857142857,-0.5462764442090836,-0.5462764442090836,21.555555555555557,20.5,20.5,5.8,50.0,50.0,50.0,-0.025342721638565734,35.08,D
HISARMETAL.NS,19,2,17,0,19,10.526315789473683,-4.974337330404642,-4.974337330404642,2.8947368421052633,8.5,8.5,1.588235294117647,50.0,50.0,100.0,-1.7184074414125126,34.94,D
BAJAJFINSV.NS,11,2,8,1,10,20.0,-1.6708679385532221,-1.6708679385532221,12.909090909090908,19.5,19.5,5.0,50.0,50.0,50.0,-0.12943343185975664,34.89,D
GREENPLY.NS,6,1,4,1,5,20.0,-0.4409062268526847,-0.4409062268526847,13.166666666666666,12.0,12.0,0.5,0.0,0.0,100.0,-0.033486548874887445,34.81,D
TORNTPOWER.NS,12,3,8,1,11,27.27272727272727,0.03097937298802626,0.03097937298802626,13.25,17.333333333333332,21.0,5.0,33.33333333333333,33.33333333333333,33.33333333333333,0.0023380658858887745,34.79,D
TVSELECT.NS,17,4,13,0,17,23.52941176470588,-0.7313904619449842,-0.7313904619449842,10.352941176470589,24.25,22.5,5.3076923076923075,25.0,50.0,50.0,-0.07064566961968598,34.77,D
RPGLIFE.NS,11,2,9,0,11,18.181818181818183,-1.2810033670782583,-1.2810033670782583,4.181818181818182,16.0,16.0,0.7777777777777778,50.0,50.0,50.0,-0.3063268921274096,34.77,D
RADIOCITY.NS,6,2,4,0,6,33.33333333333333,3.1023748917607907,3.1023748917607907,14.0,36.0,36.0,2.25,0.0,0.0,50.0,0.2215982065543422,34.68,D
HTMEDIA.NS,9,2,6,1,8,25.0,-2.4416149631847963,-2.4416149631847963,19.555555555555557,17.5,17.5,13.0,50.0,50.0,50.0,-0.12485531061740435,34.68,D
ESABINDIA.NS,11,4,7,0,11,36.36363636363637,-0.3538312655311637,-0.3538312655311637,11.727272727272727,22.0,21.5,5.285714285714286,0.0,0.0,50.0,-0.03017165830110698,34.49,D
KALYANIFRG.NS,10,3,6,1,9,33.33333333333333,0.20507408277909328,0.20507408277909328,17.4,31.0,43.0,2.5,0.0,33.33333333333333,33.33333333333333,0.011785866826384672,34.49,D
EMUDHRA.NS,9,2,7,0,9,22.22222222222222,0.6666783558827437,0.6666783558827437,8.333333333333334,25.0,25.0,2.857142857142857,50.0,50.0,50.0,0.08000140270592924,34.43,D
HALEOSLABS.NS,9,1,8,0,9,11.11111111111111,-7.467698346675332,-7.467698346675332,6.333333333333333,8.0,8.0,5.625,0.0,100.0,100.0,-1.1791102652645262,34.28,D
TECHNOE.NS,16,3,12,1,15,20.0,-1.6407027168252948,-1.6407027168252948,9.4375,14.333333333333334,17.0,3.1666666666666665,33.33333333333333,33.33333333333333,66.66666666666666,-0.17384929449804448,34.27,D
LINC.NS,12,2,10,0,12,16.666666666666664,-3.9090594377908565,-3.9090594377908565,4.666666666666667,10.5,10.5,2.8,50.0,50.0,100.0,-0.8376555938123263,34.06,D
NARMADA.NS,17,5,12,0,17,29.411764705882355,-2.079632098867952,-2.079632098867952,8.411764705882353,21.8,26.0,2.1666666666666665,40.0,40.0,40.0,-0.2472289907745118,34.02,D
NAM-INDIA.NS,13,2,9,2,11,18.181818181818183,1.4404600400214187,1.4404600400214187,17.076923076923077,18.0,18.0,6.777777777777778,0.0,0.0,100.0,0.08435126360485785,34.02,D
SHREDIGCEM.NS,10,3,6,1,9,33.33333333333333,-2.082281510673652,-2.082281510673652,22.3,22.0,29.0,16.166666666666668,33.33333333333333,33.33333333333333,33.33333333333333,-0.09337585249657632,33.91,D
INFY.NS,6,2,4,0,6,33.33333333333333,-1.9356394843492577,-1.9356394843492577,17.833333333333332,15.5,15.5,19.0,0.0,0.0,100.0,-0.10854053183266867,33.81,D
PRAKASH.NS,6,2,4,0,6,33.33333333333333,2.540541205989498,2.540541205989498,16.0,36.5,36.5,5.25,0.0,0.0,0.0,0.15878382537434363,33.8,D
SWELECTES.NS,11,2,9,0,11,18.181818181818183,-1.9186214019983112,-1.9186214019983112,4.7272727272727275,15.5,15.5,1.6666666666666667,50.0,50.0,50.0,-0.4058622196534889,33.77,D
ARIES.NS,11,3,8,0,11,27.27272727272727,-0.6377246763785248,-0.6377246763785248,15.090909090909092,24.666666666666668,29.0,10.875,33.33333333333333,33.33333333333333,33.33333333333333,-0.042258864097372124,33.75,D
ATALREAL.NS,13,3,9,1,12,25.0,-0.0886217348329134,-0.0886217348329134,12.307692307692308,24.666666666666668,22.0,2.0,0.0,33.33333333333333,33.33333333333333,-0.007200515955174213,33.69,D
PNBHOUSING.NS,13,3,9,1,12,25.0,-2.6866081674949944,-2.6866081674949944,19.153846153846153,18.0,17.0,14.555555555555555,33.33333333333333,33.33333333333333,66.66666666666666,-0.14026468344351378,33.64,D
NDGL.NS,17,2,15,0,17,11.76470588235294,-3.592738151249214,-3.592738151249214,6.588235294117647,10.5,10.5,5.4,50.0,50.0,100.0,-0.5453263265288986,33.59,D
SHREYANIND.NS,9,3,5,1,8,37.5,1.2732393626847829,1.2732393626847829,23.77777777777778,30.333333333333332,35.0,12.0,0.0,0.0,0.0,0.0535474498325376,33.49,D
GICHSGFIN.NS,6,2,4,0,6,33.33333333333333,2.2844632522299713,2.2844632522299713,15.0,36.5,36.5,3.5,0.0,0.0,0.0,0.15229755014866475,33.4,D
PRECOT.NS,15,2,11,2,13,15.384615384615385,-1.4628270533811376,-1.4628270533811376,15.8,14.5,14.5,7.181818181818182,0.0,0.0,100.0,-0.09258399072032517,33.37,D
TTKHLTCARE.NS,10,2,7,1,9,22.22222222222222,-0.6743978288579002,-0.6743978288579002,13.0,23.0,23.0,2.7142857142857144,0.0,50.0,50.0,-0.051876756065992326,33.34,D
BANKINDIA.NS,8,2,5,1,7,28.57142857142857,0.2236474840075524,0.2236474840075524,22.625,31.5,31.5,11.6,0.0,50.0,50.0,0.009884971668842096,33.28,D
DCW.NS,10,2,8,0,10,20.0,-2.063270634412162,-2.063270634412162,7.0,12.5,12.5,5.0,0.0,0.0,100.0,-0.294752947773166,33.28,D
RATNAMANI.NS,10,2,6,2,8,25.0,-0.8483619716808788,-0.8483619716808788,16.1,17.5,17.5,0.0,0.0,0.0,100.0,-0.05269329016651421,33.17,D
SAPPHIRE.NS,10,2,8,0,10,20.0,-2.7741538715679086,-2.7741538715679086,11.1,18.0,18.0,8.875,50.0,50.0,50.0,-0.2499237722133251,33.17,D
PIDILITIND.NS,7,2,4,1,6,33.33333333333333,0.009680177812321476,0.009680177812321476,24.285714285714285,21.5,21.5,16.5,0.0,0.0,50.0,0.0003985955569779431,32.85,D
FACT.NS,12,2,7,3,9,22.22222222222222,-0.36966113994186106,-0.36966113994186106,18.916666666666668,18.5,18.5,0.2857142857142857,0.0,0.0,100.0,-0.019541558058600583,32.81,D
SAILIFE.NS,8,2,6,0,8,25.0,-0.4995185688418169,-0.4995185688418169,7.375,19.5,19.5,2.6666666666666665,0.0,0.0,50.0,-0.06773133136838196,32.72,D
NOCIL.NS,6,1,4,1,5,20.0,-1.778004109353689,-1.778004109353689,18.833333333333332,11.0,11.0,9.5,0.0,0.0,100.0,-0.09440729784178879,32.72,D
ASTEC.NS,6,2,4,0,6,33.33333333333333,1.7197557906814842,1.7197557906814842,15.833333333333334,37.0,37.0,4.5,0.0,0.0,0.0,0.10861615520093584,32.52,D
JTLIND.NS,10,2,8,0,10,20.0,-0.666169332651701,-0.666169332651701,6.0,21.5,21.5,1.25,50.0,50.0,50.0,-0.11102822210861683,32.46,D
LUMAXIND.NS,17,2,14,1,16,12.5,-2.0857207368340718,-2.0857207368340718,11.588235294117647,15.5,15.5,7.0,0.0,50.0,50.0,-0.17998605343238183,32.24,D
UJJIVANSFB.NS,12,1,9,2,10,10.0,-0.20150942866013533,-0.20150942866013533,12.25,15.0,15.0,0.5555555555555556,0.0,0.0,100.0,-0.016449749278378393,32.19,D
BLBLIMITED.NS,8,2,6,0,8,25.0,-0.8470562997593256,-0.8470562997593256,10.125,19.5,19.5,6.5,0.0,0.0,50.0,-0.08365988145771117,32.18,D
DREDGECORP.NS,8,2,6,0,8,25.0,-1.4887480816828491,-1.4887480816828491,15.5,24.0,24.0,12.333333333333334,0.0,50.0,50.0,-0.09604826333437737,32.17,D
AFFLE.NS,7,2,5,0,7,28.57142857142857,2.5395785903261157,2.5395785903261157,16.428571428571427,52.5,52.5,1.4,0.0,0.0,0.0,0.1545830446285462,31.9,D
CHOLAFIN.NS,17,5,12,0,17,29.411764705882355,-0.3339385249506454,-0.3339385249506454,19.529411764705884,32.4,32.0,13.916666666666666,0.0,20.0,20.0,-0.01709926181976196,31.74,D
INGERRAND.NS,16,2,13,1,15,13.333333333333334,-2.7010915925246737,-2.7010915925246737,13.625,18.0,18.0,8.76923076923077,0.0,50.0,50.0,-0.19824525449722374,31.61,D
REDINGTON.NS,18,5,13,0,18,27.77777777777778,-0.05822669435757098,-0.05822669435757098,13.333333333333334,30.2,32.0,6.076923076923077,20.0,20.0,40.0,-0.004367002076817824,31.52,D
SBFC.NS,10,2,8,0,10,20.0,-1.3366162094479148,-1.3366162094479148,8.5,21.0,21.0,5.25,50.0,50.0,50.0,-0.15724896581740175,31.41,D
CREST.NS,12,3,9,0,12,25.0,0.14996295689441208,0.14996295689441208,8.583333333333334,22.0,32.0,3.4444444444444446,33.33333333333333,33.33333333333333,33.33333333333333,0.017471412453717913,31.07,D
ELECON.NS,14,2,10,2,12,16.666666666666664,-3.348117734908378,-3.348117734908378,16.857142857142858,18.5,18.5,7.4,50.0,50.0,50.0,-0.19861715376575123,30.94,D
REPRO.NS,7,2,5,0,7,28.57142857142857,1.8471363831554177,1.8471363831554177,12.0,35.5,35.5,1.8,0.0,0.0,0.0,0.15392803192961815,30.81,D
EMIL.NS,7,1,6,0,7,14.285714285714285,-1.5361186289661377,-1.5361186289661377,3.5714285714285716,13.0,13.0,1.1666666666666667,0.0,0.0,100.0,-0.43011321611051856,30.81,D
CIPLA.NS,7,2,5,0,7,28.57142857142857,-0.2511400340501438,-0.2511400340501438,14.285714285714286,20.5,20.5,11.8,0.0,0.0,50.0,-0.017579802383510066,30.54,D
RELIANCE.NS,6,1,4,1,5,20.0,-3.1779551036363856,-3.1779551036363856,28.333333333333332,15.0,15.0,23.5,0.0,0.0,100.0,-0.11216312130481361,30.53,D
DLINKINDIA.NS,14,2,10,2,12,16.666666666666664,-3.6157523460572736,-3.6157523460572736,17.214285714285715,19.5,19.5,7.6,50.0,50.0,50.0,-0.21004370475021505,30.52,D
ESCORTS.NS,12,3,9,0,12,25.0,-0.014590140056649195,-0.014590140056649195,10.5,27.0,28.0,4.333333333333333,0.0,0.0,33.33333333333333,-0.0013895371482523042,30.48,D
SIRCA.NS,11,3,8,0,11,27.27272727272727,-0.6498263622508063,-0.6498263622508063,11.363636363636363,26.0,23.0,5.25,0.0,0.0,33.33333333333333,-0.05718471987807095,30.39,D
ORICONENT.NS,15,2,11,2,13,15.384615384615385,-4.16719302482311,-4.16719302482311,13.533333333333333,19.0,19.0,3.4545454545454546,50.0,50.0,50.0,-0.3079206668588505,30.14,D
TVSMOTOR.NS,11,3,7,1,10,30.0,0.2911054038591589,0.2911054038591589,20.90909090909091,34.666666666666664,32.0,8.857142857142858,0.0,0.0,33.33333333333333,0.013922432358481512,29.95,D
CUB.NS,8,2,5,1,7,28.57142857142857,-0.7349130392461034,-0.7349130392461034,21.125,21.0,21.0,12.8,0.0,0.0,50.0,-0.03478878292289247,29.78,D
WEIZMANIND.NS,12,2,9,1,11,18.181818181818183,-2.121359794966137,-2.121359794966137,12.5,30.0,30.0,2.5555555555555554,50.0,50.0,50.0,-0.16970878359729094,29.46,D
GPPL.NS,12,3,9,0,12,25.0,-0.7203243015605899,-0.7203243015605899,7.583333333333333,24.0,25.0,1.3333333333333333,0.0,0.0,33.33333333333333,-0.09498781998601186,29.37,D
SURANAT&P.NS,8,2,6,0,8,25.0,-0.24318104378986805,-0.24318104378986805,10.0,29.5,29.5,3.0,0.0,0.0,50.0,-0.024318104378986804,29.12,D
ALIVUS.NS,12,2,9,1,11,18.181818181818183,-2.3837366521257883,-2.3837366521257883,11.5,27.0,27.0,2.0,0.0,50.0,50.0,-0.20728144801093812,29.05,D
IFBIND.NS,6,1,4,1,5,20.0,2.805425559688946,2.805425559688946,18.833333333333332,48.0,48.0,0.0,0.0,0.0,0.0,0.14896064918702367,28.88,D
KEC.NS,12,2,10,0,12,16.666666666666664,-2.1185906607537537,-2.1185906607537537,6.25,21.5,21.5,2.6,0.0,50.0,50.0,-0.3389745057206006,28.86,D
GSS.NS,9,1,8,0,9,11.11111111111111,-2.0112139973713377,-2.0112139973713377,3.4444444444444446,13.0,13.0,1.5,0.0,0.0,100.0,-0.5839008379465174,28.8,D
NAVNETEDUL.NS,14,2,12,0,14,14.285714285714285,-1.6115386595084134,-1.6115386595084134,5.857142857142857,23.5,23.5,2.3333333333333335,50.0,50.0,50.0,-0.2751407467453389,28.7,D
IMPAL.NS,9,2,6,1,8,25.0,-0.542224773098502,-0.542224773098502,16.555555555555557,24.5,24.5,5.833333333333333,0.0,0.0,50.0,-0.03275183193212428,28.65,D
J&KBANK.NS,9,2,7,0,9,22.22222222222222,2.0508312956162147,2.0508312956162147,12.444444444444445,41.5,41.5,3.4285714285714284,0.0,0.0,0.0,0.16479894339773155,28.59,D
VINEETLAB.NS,9,2,7,0,9,22.22222222222222,-3.1004408817056173,-3.1004408817056173,9.222222222222221,25.5,25.5,4.142857142857143,50.0,50.0,50.0,-0.33619238476325974,28.54,D
ULTRACEMCO.NS,13,3,9,1,12,25.0,-1.2586333193239594,-1.2586333193239594,18.923076923076923,24.0,24.0,12.222222222222221,0.0,0.0,33.33333333333333,-0.06651314289110355,28.53,D
RAMCOCEM.NS,6,1,4,1,5,20.0,-1.9291367891576214,-1.9291367891576214,27.166666666666668,19.0,19.0,21.0,0.0,0.0,100.0,-0.07101117015304127,28.49,D
CENTRUM.NS,6,2,4,0,6,33.33333333333333,-0.9135295088912573,-0.9135295088912573,17.0,42.5,42.5,4.0,0.0,0.0,0.0,-0.05373702993477984,28.41,D
PANAMAPET.NS,8,1,6,1,7,14.285714285714285,-3.1357931513046537,-3.1357931513046537,16.375,12.0,12.0,9.166666666666666,0.0,0.0,100.0,-0.1914988184002842,28.31,D
VIJAYA.NS,15,1,13,1,14,7.142857142857142,-2.6145483112087438,-2.6145483112087438,8.0,11.0,11.0,3.076923076923077,0.0,0.0,100.0,-0.32681853890109297,28.27,D
APLAPOLLO.NS,13,4,9,0,13,30.76923076923077,-1.0603834538871615,-1.0603834538871615,19.615384615384617,31.0,30.5,14.555555555555555,0.0,0.0,0.0,-0.05405876431581607,28.15,D
AMBER.NS,9,1,6,2,7,14.285714285714285,-3.3129930923193887,-3.3129930923193887,19.88888888888889,15.0,15.0,6.666666666666667,0.0,0.0,100.0,-0.1665750716808631,28.04,D
RAYMOND.NS,7,2,5,0,7,28.57142857142857,0.038924467394312705,0.038924467394312705,16.714285714285715,50.5,50.5,2.8,0.0,0.0,0.0,0.002328814288548623,27.99,D
TEAMGTY.NS,11,2,9,0,11,18.181818181818183,-3.088290673630979,-3.088290673630979,5.818181818181818,25.5,25.5,0.7777777777777778,50.0,50.0,50.0,-0.5307999595303245,27.95,D
SILINV.NS,12,2,10,0,12,16.666666666666664,-2.712404739530001,-2.712404739530001,5.0,22.5,22.5,0.9,50.0,50.0,50.0,-0.5424809479060002,27.93,D
KPIL.NS,16,3,12,1,15,20.0,-1.2377778148529772,-1.2377778148529772,17.125,40.666666666666664,59.0,7.25,33.33333333333333,33.33333333333333,33.33333333333333,-0.07227899648776509,27.9,D
TEGA.NS,10,2,6,2,8,25.0,-1.7381109360084455,-1.7381109360084455,19.6,21.5,21.5,5.0,0.0,0.0,50.0,-0.08867912938818599,27.78,D
ARVEE.NS,7,1,5,1,6,16.666666666666664,-4.126516471667377,-4.126516471667377,14.428571428571429,15.0,15.0,4.6,0.0,0.0,100.0,-0.28599619110565977,27.72,D
TEXRAIL.NS,10,2,8,0,10,20.0,-3.7350063398250533,-3.7350063398250533,8.6,24.5,24.5,4.5,0.0,50.0,50.0,-0.4343030627703551,27.66,D
VINATIORGA.NS,7,2,5,0,7,28.57142857142857,-0.25224770144552316,-0.25224770144552316,32.285714285714285,38.5,38.5,29.6,0.0,0.0,0.0,-0.007812981903179922,27.53,D
JTEKTINDIA.NS,6,1,4,1,5,20.0,-5.118020403937993,-5.118020403937993,21.0,14.0,14.0,12.5,0.0,0.0,100.0,-0.2437152573303806,27.5,D
THEMISMED.NS,10,3,7,0,10,30.0,-1.3318078147539207,-1.3318078147539207,18.8,36.666666666666664,48.0,10.857142857142858,0.0,0.0,33.33333333333333,-0.07084084121031493,27.42,D
HDFCLIFE.NS,8,1,6,1,7,14.285714285714285,-1.1533129089897698,-1.1533129089897698,16.25,17.0,17.0,8.333333333333334,0.0,0.0,100.0,-0.07097310209167815,27.41,D
ASAHIINDIA.NS,14,2,11,1,13,15.384615384615385,-0.8433072282178623,-0.8433072282178623,13.142857142857142,32.0,32.0,4.545454545454546,0.0,50.0,50.0,-0.06416468040788083,27.34,D
STCINDIA.NS,8,2,6,0,8,25.0,0.33778464864613245,0.33778464864613245,10.375,33.5,33.5,1.8333333333333333,0.0,0.0,50.0,0.03255755649601277,27.03,D
SUNDRMFAST.NS,6,1,4,1,5,20.0,-0.4097638506863704,-0.4097638506863704,19.166666666666668,30.0,30.0,6.0,0.0,0.0,0.0,-0.021378983514071498,26.86,D
ROSSELLIND.NS,10,2,8,0,10,20.0,-1.154287101606482,-1.154287101606482,8.7,22.0,22.0,4.5,0.0,0.0,50.0,-0.13267667834557265,26.7,D
DCMSRIND.NS,7,1,6,0,7,14.285714285714285,-1.6953837909973486,-1.6953837909973486,5.571428571428571,20.0,20.0,2.5,0.0,0.0,100.0,-0.3042996547943959,26.57,D
MAXHEALTH.NS,16,2,14,0,16,12.5,-3.176747785169475,-3.176747785169475,7.6875,29.0,29.0,4.214285714285714,50.0,50.0,50.0,-0.4132354842496878,26.54,D
DTIL.NS,8,2,6,0,8,25.0,-3.3183861570409725,-3.3183861570409725,11.5,31.5,31.5,4.333333333333333,0.0,50.0,50.0,-0.2885553180035628,26.32,D
AEROFLEX.NS,6,1,4,1,5,20.0,1.1572084442407233,1.1572084442407233,16.0,32.0,32.0,0.25,0.0,0.0,0.0,0.07232552776504521,26.31,D
INDIGO.NS,9,2,7,0,9,22.22222222222222,-1.6100029080897906,-1.6100029080897906,15.88888888888889,29.5,29.5,11.857142857142858,0.0,0.0,50.0,-0.1013288543553015,25.87,D
AURUM.NS,11,1,10,0,11,9.090909090909092,-4.165212113986349,-4.165212113986349,7.909090909090909,11.0,11.0,6.8,0.0,0.0,100.0,-0.5266360144120671,25.63,D
DIVISLAB.NS,9,1,6,2,7,14.285714285714285,0.11890943543008116,0.11890943543008116,19.88888888888889,27.0,27.0,4.5,0.0,0.0,0.0,0.005978686697601846,25.4,D
KIRLOSIND.NS,13,3,10,0,13,23.076923076923077,-0.8934751187016409,-0.8934751187016409,11.461538461538462,37.0,34.0,3.1,0.0,0.0,0.0,-0.07795420498739149,25.33,D
PGIL.NS,16,2,14,0,16,12.5,-4.021833591883846,-4.021833591883846,11.375,24.0,24.0,9.285714285714286,50.0,50.0,50.0,-0.353567788297481,25.22,D
RICOAUTO.NS,12,2,9,1,11,18.181818181818183,-1.6387497453563988,-1.6387497453563988,11.833333333333334,29.5,29.5,2.0,0.0,0.0,50.0,-0.13848589397378017,25.21,D
CENTUM.NS,15,2,12,1,14,14.285714285714285,-2.7321173942268766,-2.7321173942268766,13.8,31.5,31.5,6.583333333333333,50.0,50.0,50.0,-0.19797952132078814,24.95,D
NEOGEN.NS,10,1,9,0,10,10.0,-4.8470163607128125,-4.8470163607128125,8.7,11.0,11.0,7.777777777777778,0.0,0.0,100.0,-0.5571283173233118,24.93,D
METROBRAND.NS,14,1,12,1,13,7.6923076923076925,-4.2730076923022375,-4.2730076923022375,12.0,15.0,15.0,7.25,0.0,0.0,100.0,-0.3560839743585198,24.9,D
AVANTIFEED.NS,12,1,9,2,10,10.0,-4.869462076601356,-4.869462076601356,13.916666666666666,12.0,12.0,3.111111111111111,0.0,0.0,100.0,-0.3499014665821334,24.89,D
CGCL.NS,9,1,7,1,8,12.5,-2.329182325070269,-2.329182325070269,9.555555555555555,19.0,19.0,0.0,0.0,0.0,100.0,-0.2437516386701444,24.86,D
MITTAL.NS,6,1,5,0,6,16.666666666666664,-6.108606074162942,-6.108606074162942,9.666666666666666,12.0,12.0,8.6,0.0,0.0,100.0,-0.6319247662927182,24.62,D
PRUDENT.NS,12,2,10,0,12,16.666666666666664,-1.8121651746440646,-1.8121651746440646,6.75,25.0,25.0,2.3,0.0,0.0,50.0,-0.2684689147620836,24.34,D
OPTIEMUS.NS,10,2,8,0,10,20.0,-2.675042354576906,-2.675042354576906,12.1,26.0,26.0,8.125,0.0,0.0,50.0,-0.22107788054354596,24.32,D
CRAFTSMAN.NS,15,2,11,2,13,15.384615384615385,-0.27592693740187685,-0.27592693740187685,16.066666666666666,38.0,38.0,3.4545454545454546,0.0,0.0,50.0,-0.017173875771901048,24.22,D
VINDHYATEL.NS,11,2,8,1,10,20.0,-0.8276577705374273,-0.8276577705374273,15.818181818181818,37.5,37.5,4.25,0.0,0.0,0.0,-0.052323192390297125,24.21,D
JKLAKSHMI.NS,6,1,4,1,5,20.0,-2.5777795557810834,-2.5777795557810834,18.5,29.0,29.0,4.5,0.0,0.0,0.0,-0.13933943544762614,23.47,D
KAKATCEM.NS,7,1,6,0,7,14.285714285714285,-3.798525616532501,-3.798525616532501,10.571428571428571,16.0,16.0,9.166666666666666,0.0,0.0,100.0,-0.35931999075307447,23.28,D
CESC.NS,8,1,6,1,7,14.285714285714285,-3.8159136550146333,-3.8159136550146333,25.5,17.0,17.0,20.833333333333332,0.0,0.0,100.0,-0.1496436727456719,23.25,D
LEMONTREE.NS,15,1,13,1,14,7.142857142857142,-3.29267103318388,-3.29267103318388,14.4,20.0,20.0,10.0,0.0,0.0,100.0,-0.22865771063776943,23.21,D
ALBERTDAVD.NS,6,1,5,0,6,16.666666666666664,-1.9542287633865338,-1.9542287633865338,4.833333333333333,24.0,24.0,0.2,0.0,0.0,0.0,-0.40432319242480014,23.11,D
MANCREDIT.NS,6,1,5,0,6,16.666666666666664,-1.983729550450599,-1.983729550450599,5.166666666666667,26.0,26.0,0.0,0.0,0.0,0.0,-0.38394765492592237,23.07,D
WESTLIFE.NS,6,1,5,0,6,16.666666666666664,-0.0736271548315141,-0.0736271548315141,10.333333333333334,34.0,34.0,4.8,0.0,0.0,0.0,-0.007125208532082009,23.05,D
JHS.NS,8,1,7,0,8,12.5,-6.06522083440783,-6.06522083440783,13.25,13.0,13.0,13.0,0.0,0.0,100.0,-0.45775251580436455,23.02,D
SOFTTECH.NS,13,3,10,0,13,23.076923076923077,-2.3975956343513727,-2.3975956343513727,15.692307692307692,31.0,31.0,10.6,0.0,0.0,0.0,-0.15278795709101886,22.98,D
ESTER.NS,8,1,7,0,8,12.5,-6.229098060020263,-6.229098060020263,9.75,11.0,11.0,9.142857142857142,0.0,0.0,100.0,-0.6388818523097706,22.77,D
MINDACORP.NS,19,2,16,1,18,11.11111111111111,-2.086978688531811,-2.086978688531811,10.0,26.0,26.0,4.3125,0.0,0.0,0.0,-0.2086978688531811,22.68,D
PRSMJOHNSN.NS,8,1,7,0,8,12.5,-1.2858225237490202,-1.2858225237490202,5.5,25.0,25.0,2.142857142857143,0.0,0.0,0.0,-0.23378591340891275,22.49,D
ROHLTD.NS,12,2,10,0,12,16.666666666666664,-3.126493691422226,-3.126493691422226,9.083333333333334,27.5,27.5,5.0,0.0,0.0,50.0,-0.34420114034006155,22.28,D
LAMBODHARA.NS,9,1,8,0,9,11.11111111111111,-6.197278752941462,-6.197278752941462,7.444444444444445,13.0,13.0,6.25,0.0,0.0,100.0,-0.832470280245868,22.26,D
GUJTHEM.NS,8,1,6,1,7,14.285714285714285,-1.919951236002209,-1.919951236002209,13.0,28.0,28.0,2.0,0.0,0.0,0.0,-0.14768855661555455,22.21,D
APOLLOTYRE.NS,12,2,10,0,12,16.666666666666664,-3.3454874130663774,-3.3454874130663774,15.5,20.5,20.5,14.1,0.0,0.0,50.0,-0.21583789761718564,21.94,D
CAPLIPOINT.NS,9,1,7,1,8,12.5,0.2676097815611528,0.2676097815611528,14.11111111111111,35.0,35.0,3.857142857142857,0.0,0.0,0.0,0.018964472709058072,21.92,D
LTF.NS,14,2,11,1,13,15.384615384615385,-1.3646874783606004,-1.3646874783606004,11.571428571428571,34.5,34.5,2.272727272727273,0.0,0.0,50.0,-0.11793595492005189,21.52,D
UBL.NS,12,1,9,2,10,10.0,-1.930827310525385,-1.930827310525385,15.416666666666666,22.0,22.0,4.0,0.0,0.0,0.0,-0.12524285257461956,21.48,D
JKCEMENT.NS,6,1,3,2,4,25.0,-3.528014124005686,-3.528014124005686,32.5,32.0,32.0,13.666666666666666,0.0,0.0,0.0,-0.10855428073863649,20.99,D
AERONEU.NS,11,2,9,0,11,18.181818181818183,-2.676118262952532,-2.676118262952532,8.727272727272727,35.5,35.5,2.111111111111111,0.0,0.0,0.0,-0.306638550963311,20.59,D
TPLPLASTEH.NS,11,1,10,0,11,9.090909090909092,-4.939741820726373,-4.939741820726373,4.363636363636363,16.0,16.0,2.4,0.0,0.0,100.0,-1.132024167249794,20.42,D
SUPERHOUSE.NS,7,1,6,0,7,14.285714285714285,-3.1780469642386433,-3.1780469642386433,7.857142857142857,23.0,23.0,4.666666666666667,0.0,0.0,0.0,-0.4044787045394637,20.25,D
LINCOLN.NS,8,1,6,1,7,14.285714285714285,-1.2710440734400517,-1.2710440734400517,15.125,44.0,44.0,1.8333333333333333,0.0,0.0,0.0,-0.08403597179768936,20.23,D
SHALBY.NS,7,1,6,0,7,14.285714285714285,-1.445791510740934,-1.445791510740934,17.0,59.0,59.0,9.5,0.0,0.0,0.0,-0.08504655945534906,19.96,D
VSSL.NS,15,2,11,2,13,15.384615384615385,-3.1134919331067286,-3.1134919331067286,15.533333333333333,31.5,31.5,3.5454545454545454,0.0,0.0,50.0,-0.20043939483519713,19.79,D
LAOPALA.NS,8,1,6,1,7,14.285714285714285,-1.731495979070235,-1.731495979070235,12.75,36.0,36.0,0.0,0.0,0.0,0.0,-0.13580360620158705,19.51,D
MOTILALOFS.NS,8,1,5,2,6,16.666666666666664,-2.7935288844681407,-2.7935288844681407,22.875,56.0,56.0,0.0,0.0,0.0,0.0,-0.12212148128822473,18.8,D
PIIND.NS,10,1,8,1,9,11.11111111111111,-4.135225308988231,-4.135225308988231,17.7,26.0,26.0,11.125,0.0,0.0,0.0,-0.23362854853040851,18.48,D
ADVANIHOTR.NS,8,1,7,0,8,12.5,-1.9423056015429696,-1.9423056015429696,5.0,32.0,32.0,0.42857142857142855,0.0,0.0,0.0,-0.3884611203085939,18.47,D
IPCALAB.NS,12,1,10,1,11,9.090909090909092,-2.065648721767452,-2.065648721767452,12.416666666666666,41.0,41.0,4.1,0.0,0.0,0.0,-0.16636097088060017,17.91,D
GUJAPOLLO.NS,12,1,11,0,12,8.333333333333332,-3.811379937923555,-3.811379937923555,5.416666666666667,21.0,21.0,3.272727272727273,0.0,0.0,0.0,-0.7036393731551178,17.88,D
NCC.NS,8,1,6,1,7,14.285714285714285,-2.783457659945854,-2.783457659945854,23.625,41.0,41.0,14.5,0.0,0.0,0.0,-0.11781831364850175,17.87,D
ENTERO.NS,7,1,6,0,7,14.285714285714285,-4.782351771378111,-4.782351771378111,7.857142857142857,25.0,25.0,4.5,0.0,0.0,0.0,-0.6086629527208505,17.74,D
UTIAMC.NS,6,0,4,2,4,0.0,2.0245347349353033,2.0245347349353033,23.5,,,3.75,,,,0.0861504142525661,17.66,D
RUSTOMJEE.NS,11,1,10,0,11,9.090909090909092,-2.3284742675413734,-2.3284742675413734,5.0,42.0,42.0,0.5,0.0,0.0,0.0,-0.46569485350827466,17.5,D
EUROBOND.NS,10,1,8,1,9,11.11111111111111,-3.1980504681045394,-3.1980504681045394,16.3,42.0,42.0,6.75,0.0,0.0,0.0,-0.19619941522113737,16.95,D
TCI.NS,11,1,8,2,9,11.11111111111111,-3.5382388871447104,-3.5382388871447104,15.727272727272727,35.0,35.0,1.375,0.0,0.0,0.0,-0.2249747269282764,16.42,D
SPIC.NS,6,1,5,0,6,16.666666666666664,-4.506407779287333,-4.506407779287333,9.333333333333334,34.0,34.0,4.0,0.0,0.0,0.0,-0.48282940492364274,16.13,D
SEAMECLTD.NS,7,0,5,2,5,0.0,0.9040249118392215,0.9040249118392215,18.142857142857142,,,0.4,,,,0.04982814474704371,15.91,D
SJS.NS,12,1,10,1,11,9.090909090909092,-3.667328724818089,-3.667328724818089,13.833333333333334,33.0,33.0,6.9,0.0,0.0,0.0,-0.26510810058925943,15.41,D
NELCAST.NS,9,1,6,2,7,14.285714285714285,-4.588443356139255,-4.588443356139255,22.77777777777778,49.0,49.0,5.166666666666667,0.0,0.0,0.0,-0.20144385465977216,15.04,D
AGIIL.NS,9,1,8,0,9,11.11111111111111,-3.9204134910645845,-3.9204134910645845,6.666666666666667,43.0,43.0,1.375,0.0,0.0,0.0,-0.5880620236596876,14.82,D
GHCLTEXTIL.NS,12,1,10,1,11,9.090909090909092,-4.10757506258888,-4.10757506258888,12.833333333333334,43.0,43.0,4.5,0.0,0.0,0.0,-0.32007078409783474,14.72,D
PRESTIGE.NS,14,1,12,1,13,7.6923076923076925,-4.173940228928034,-4.173940228928034,12.928571428571429,47.0,47.0,5.666666666666667,0.0,0.0,0.0,-0.3228462055524446,14.06,D
SINDHUTRAD.NS,10,1,9,0,10,10.0,-6.748569592357368,-6.748569592357368,8.1,27.0,27.0,5.555555555555555,0.0,0.0,0.0,-0.833156739797206,13.96,D
BIRLAMONEY.NS,12,1,11,0,12,8.333333333333332,-4.67754864387014,-4.67754864387014,12.833333333333334,62.0,62.0,7.818181818181818,0.0,0.0,0.0,-0.36448430991195896,13.52,D
3MINDIA.NS,8,0,5,3,5,0.0,-0.9018864587298965,-0.9018864587298965,28.625,,,8.6,,,,-0.03150695052331516,13.09,D
ITDC.NS,13,1,12,0,13,7.6923076923076925,-6.465882729521131,-6.465882729521131,12.846153846153847,54.0,54.0,8.666666666666666,0.0,0.0,0.0,-0.503332188525597,10.47,D
ALICON.NS,7,0,6,1,6,0.0,-2.834614506078751,-2.834614506078751,16.142857142857142,,,8.333333333333334,,,,-0.17559558887213503,10.07,D
JSWDULUX.NS,8,0,7,1,7,0.0,-2.900777364532628,-2.900777364532628,13.375,,,6.142857142857143,,,,-0.2168805506192619,9.97,D
UNIENTER.NS,21,0,21,0,21,0.0,-5.1368335565118075,-5.1368335565118075,3.857142857142857,,,3.238095238095238,,,,-1.3317716627993574,9.47,D
NKIND.NS,19,1,18,0,19,5.263157894736842,-7.2922623215313775,-7.2922623215313775,5.578947368421052,34.0,34.0,3.388888888888889,0.0,0.0,0.0,-1.3071036236707188,9.21,D
BIOCON.NS,8,0,6,2,6,0.0,-3.5169118174138663,-3.5169118174138663,22.625,,,9.5,,,,-0.1554436162392869,9.0,D
PODDARMENT.NS,6,0,5,1,5,0.0,-3.571610889584551,-3.571610889584551,13.333333333333334,,,2.8,,,,-0.26787081671884133,8.92,D
DANGEE.NS,8,0,8,0,8,0.0,-3.588625602255529,-3.588625602255529,1.25,,,0.375,,,,-2.8709004818044233,8.89,D
GAEL.NS,8,0,7,1,7,0.0,-3.59856587908513,-3.59856587908513,8.625,,,0.0,,,,-0.41722502945914547,8.88,D
VMART.NS,10,0,8,2,8,0.0,-4.356718453317112,-4.356718453317112,18.5,,,7.25,,,,-0.23549829477389794,8.69,D
BERGEPAINT.NS,7,0,4,3,4,0.0,-4.103546051320462,-4.103546051320462,34.42857142857143,,,14.25,,,,-0.11919013427071881,8.09,D
JUBLINGREA.NS,10,0,9,1,9,0.0,-4.773856018754885,-4.773856018754885,13.6,,,7.777777777777778,,,,-0.35101882490844744,8.04,D
RIIL.NS,8,0,6,2,6,0.0,-4.233820729922863,-4.233820729922863,17.125,,,2.0,,,,-0.24723040758673653,7.88,D
GROBTEA.NS,23,0,23,0,23,0.0,-6.188713690054546,-6.188713690054546,2.9130434782608696,,,2.1739130434782608,,,,-2.1244838040485754,7.83,D
HPAL.NS,6,0,5,1,5,0.0,-4.503119964376833,-4.503119964376833,16.0,,,6.4,,,,-0.2814449977735521,7.46,D
HDFCBANK.NS,7,0,7,0,7,0.0,-4.593562481013494,-4.593562481013494,25.571428571428573,,,25.571428571428573,,,,-0.17963652160387966,7.32,D
PFC.NS,9,0,8,1,8,0.0,-4.748158259799769,-4.748158259799769,18.0,,,12.25,,,,-0.26378656998887606,7.08,D
CPCAP.NS,9,0,8,1,8,0.0,-4.857633453276176,-4.857633453276176,9.0,,,1.75,,,,-0.5397370503640195,6.91,D
PTL.NS,10,0,10,0,10,0.0,-5.527397650103884,-5.527397650103884,2.1,,,1.4,,,,-2.6320941190970877,6.86,D
APOLLOPIPE.NS,7,0,6,1,6,0.0,-4.899895172405811,-4.899895172405811,16.428571428571427,,,8.833333333333334,,,,-0.2982544887551364,6.84,D
SAHYADRI.NS,7,0,7,0,7,0.0,-5.000379082352128,-5.000379082352128,1.0,,,0.14285714285714285,,,,-5.000379082352128,6.69,D
SNOWMAN.NS,9,0,8,1,8,0.0,-5.02412078994634,-5.02412078994634,12.666666666666666,,,6.0,,,,-0.3966411149957637,6.65,D
DOLLAR.NS,7,0,6,1,6,0.0,-5.145645207152997,-5.145645207152997,9.428571428571429,,,0.0,,,,-0.5457502492434997,6.46,D
ARVINDFASN.NS,16,0,15,1,15,0.0,-6.467918521097356,-6.467918521097356,12.375,,,8.8,,,,-0.5226600825129177,6.39,D
AIROLAM.NS,13,0,12,1,12,0.0,-6.122376016121771,-6.122376016121771,7.538461538461538,,,2.25,,,,-0.8121519205059492,5.93,D
IRISDOREME.NS,7,0,6,1,6,0.0,-5.490876641281732,-5.490876641281732,10.142857142857142,,,1.0,,,,-0.5413540350559454,5.92,D
BANARBEADS.NS,15,0,14,1,14,0.0,-6.834438016164454,-6.834438016164454,6.4,,,1.7857142857142858,,,,-1.067880940025696,5.82,D
WHEELS.NS,6,0,4,2,4,0.0,-5.597432295600373,-5.597432295600373,29.0,,,12.75,,,,-0.19301490674484045,5.75,D
TTL.NS,10,0,9,1,9,0.0,-6.3711330196114675,-6.3711330196114675,11.5,,,5.444444444444445,,,,-0.5540115669227363,5.55,D
SRGHFL.NS,7,0,7,0,7,0.0,-5.767450568702701,-5.767450568702701,1.0,,,0.0,,,,-5.767450568702701,5.49,D
GARFIBRES.NS,9,0,8,1,8,0.0,-5.842855663115355,-5.842855663115355,11.777777777777779,,,5.375,,,,-0.496091518566398,5.37,D
DEEDEV.NS,6,0,5,1,5,0.0,-5.906727097210152,-5.906727097210152,20.333333333333332,,,12.0,,,,-0.29049477527263046,5.27,D
SALONA.NS,16,0,16,0,16,0.0,-7.212731902348533,-7.212731902348533,3.1875,,,2.5625,,,,-2.2628178517171866,5.23,D
NCLIND.NS,7,0,7,0,7,0.0,-6.027434555022496,-6.027434555022496,13.428571428571429,,,13.142857142857142,,,,-0.4488515094165688,5.08,D
TNPETRO.NS,8,0,7,1,7,0.0,-6.165477825119237,-6.165477825119237,20.875,,,14.857142857142858,,,,-0.2953522311434365,4.87,D
TREL.NS,6,0,6,0,6,0.0,-6.243276430387321,-6.243276430387321,6.666666666666667,,,6.333333333333333,,,,-0.9364914645580982,4.74,D
JAYAGROGN.NS,10,0,10,0,10,0.0,-6.9923464951552265,-6.9923464951552265,10.3,,,9.8,,,,-0.6788685917626434,4.57,D
DVL.NS,10,0,10,0,10,0.0,-7.012774206844476,-7.012774206844476,7.5,,,6.8,,,,-0.9350365609125968,4.54,D
ZODIACLOTH.NS,6,0,6,0,6,0.0,-6.418321650213385,-6.418321650213385,4.833333333333333,,,4.166666666666667,,,,-1.327928617285528,4.47,D
VHL.NS,7,0,7,0,7,0.0,-6.428922337211206,-6.428922337211206,1.2857142857142858,,,0.5714285714285714,,,,-5.0002729289420484,4.45,D
KMSUGAR.NS,8,0,8,0,8,0.0,-6.5005643584592985,-6.5005643584592985,6.625,,,5.875,,,,-0.9812172616542337,4.34,D
SURYODAY.NS,7,0,6,1,6,0.0,-6.764072580470551,-6.764072580470551,23.714285714285715,,,17.5,,,,-0.28523197628490277,3.93,D
SOUTHWEST.NS,8,0,8,0,8,0.0,-6.868568482287503,-6.868568482287503,8.0,,,7.5,,,,-0.8585710602859379,3.77,D
SANGAMIND.NS,9,0,8,1,8,0.0,-6.99269420746487,-6.99269420746487,8.666666666666666,,,1.5,,,,-0.806849331630562,3.57,D
SRHHYPOLTD.NS,8,0,8,0,8,0.0,-6.997679981298819,-6.997679981298819,6.625,,,5.875,,,,-1.0562535820828405,3.57,D
DMCC.NS,7,0,7,0,7,0.0,-7.0380150129742765,-7.0380150129742765,4.0,,,3.142857142857143,,,,-1.7595037532435691,3.5,D
GOKUL.NS,11,0,11,0,11,0.0,-7.829361362337516,-7.829361362337516,5.545454545454546,,,5.090909090909091,,,,-1.4118520489461093,3.27,D
PAKKA.NS,6,0,6,0,6,0.0,-7.394372788775416,-7.394372788775416,6.166666666666667,,,5.666666666666667,,,,-1.1990874792608783,2.95,D
MODTHREAD.NS,8,0,8,0,8,0.0,-7.467311364407546,-7.467311364407546,7.25,,,6.75,,,,-1.0299739812975925,2.83,D
RESPONIND.NS,7,0,7,0,7,0.0,-7.62125851974565,-7.62125851974565,5.571428571428571,,,5.142857142857143,,,,-1.3679181958517834,2.59,D
DISHTV.NS,8,0,8,0,8,0.0,-7.858217924311292,-7.858217924311292,3.25,,,2.5,,,,-2.4179132074803977,2.22,D
SEPC.NS,7,0,6,1,6,0.0,-7.918417638878294,-7.918417638878294,12.428571428571429,,,3.8333333333333335,,,,-0.6371140628982536,2.13,D
MAHEPC.NS,6,0,5,1,5,0.0,-8.243832723714421,-8.243832723714421,14.166666666666666,,,4.0,,,,-0.5819176040269003,2.0,D
BALAJITELE.NS,7,0,6,1,6,0.0,-8.59052581999134,-8.59052581999134,12.857142857142858,,,4.5,,,,-0.6681520082215486,2.0,D
FIBERWEB.NS,9,0,8,1,8,0.0,-8.518842455200767,-8.518842455200767,12.222222222222221,,,5.625,,,,-0.6969962008800628,2.0,D
SHRADHA.NS,8,0,7,1,7,0.0,-8.825043337932048,-8.825043337932048,11.375,,,4.0,,,,-0.775827985752268,2.0,D
TECILCHEM.NS,6,0,6,0,6,0.0,-9.367997932834026,-9.367997932834026,8.333333333333334,,,7.833333333333333,,,,-1.124159751940083,2.0,D
OSWALGREEN.NS,9,0,9,0,9,0.0,-8.368145611540418,-8.368145611540418,3.4444444444444446,,,2.7777777777777777,,,,-2.4294616291568953,2.0,D
SGL.NS,7,0,7,0,7,0.0,-10.901615332787276,-10.901615332787276,3.857142857142857,,,3.4285714285714284,,,,-2.8263447159078123,2.0,D
TRU.NS,1,1,0,0,1,100.0,19.27531727950415,19.27531727950415,1.0,1.0,1.0,,100.0,100.0,100.0,19.27531727950415,,INSUFFICIENT
MUKKA.NS,1,1,0,0,1,100.0,16.141459024081097,16.141459024081097,1.0,1.0,1.0,,100.0,100.0,100.0,16.141459024081097,,INSUFFICIENT
KREBSBIO.NS,1,1,0,0,1,100.0,14.115355581143529,14.115355581143529,1.0,0.0,0.0,,100.0,100.0,100.0,14.115355581143529,,INSUFFICIENT
TCIEXP.NS,2,2,0,0,2,100.0,8.59922794627111,8.59922794627111,1.0,0.0,0.0,,100.0,100.0,100.0,8.59922794627111,,INSUFFICIENT
ELANTAS.NS,2,2,0,0,2,100.0,6.816671237151682,6.816671237151682,1.0,0.0,0.0,,100.0,100.0,100.0,6.816671237151682,,INSUFFICIENT
INA.NS,1,1,0,0,1,100.0,11.9788506184308,11.9788506184308,2.0,2.0,2.0,,100.0,100.0,100.0,5.9894253092154,,INSUFFICIENT
MUFIN.NS,2,2,0,0,2,100.0,8.943424204125916,8.943424204125916,1.5,1.0,1.0,,100.0,100.0,100.0,5.962282802750611,,INSUFFICIENT
CURAA.NS,1,1,0,0,1,100.0,11.810985798012007,11.810985798012007,2.0,2.0,2.0,,100.0,100.0,100.0,5.905492899006004,,INSUFFICIENT
ASIANTILES.NS,1,1,0,0,1,100.0,5.291789277446761,5.291789277446761,1.0,1.0,1.0,,100.0,100.0,100.0,5.291789277446761,,INSUFFICIENT
SAMPANN.NS,1,1,0,0,1,100.0,9.119303810044082,9.119303810044082,2.0,2.0,2.0,,100.0,100.0,100.0,4.559651905022041,,INSUFFICIENT
ZENITHSTL.NS,3,3,0,0,3,100.0,23.915918928365283,23.915918928365283,5.666666666666667,5.666666666666667,6.0,,33.33333333333333,100.0,100.0,4.220456281476226,,INSUFFICIENT
SHAHALLOYS.NS,2,2,0,0,2,100.0,16.648691917290442,16.648691917290442,4.0,4.0,4.0,,100.0,100.0,100.0,4.1621729793226105,,INSUFFICIENT
DIGJAMLMTD.NS,1,1,0,0,1,100.0,51.89821102185637,51.89821102185637,13.0,13.0,13.0,,0.0,0.0,100.0,3.992170078604336,,INSUFFICIENT
SELMC.NS,1,1,0,0,1,100.0,60.02430145034822,60.02430145034822,17.0,17.0,17.0,,0.0,0.0,100.0,3.530841261785189,,INSUFFICIENT
CALSOFT.NS,2,2,0,0,2,100.0,10.359656251193957,10.359656251193957,3.0,3.0,3.0,,100.0,100.0,100.0,3.4532187503979856,,INSUFFICIENT
RACLGEAR.NS,3,3,0,0,3,100.0,14.906664004657983,14.906664004657983,4.333333333333333,4.333333333333333,5.0,,66.66666666666666,100.0,100.0,3.439999385690304,,INSUFFICIENT
JITFINFRA.NS,4,4,0,0,4,100.0,21.947794302739716,21.947794302739716,7.0,7.0,7.0,,50.0,50.0,100.0,3.1353991861056736,,INSUFFICIENT
KSHITIJPOL.NS,1,1,0,0,1,100.0,23.23163957867126,23.23163957867126,8.0,8.0,8.0,,0.0,100.0,100.0,2.9039549473339075,,INSUFFICIENT
HALDER.NS,1,1,0,0,1,100.0,14.424832623250165,14.424832623250165,5.0,5.0,5.0,,100.0,100.0,100.0,2.884966524650033,,INSUFFICIENT
CAMLINFINE.NS,1,1,0,0,1,100.0,34.1768950554928,34.1768950554928,12.0,12.0,12.0,,0.0,0.0,100.0,2.848074587957733,,INSUFFICIENT
PRAKASHSTL.NS,3,3,0,0,3,100.0,21.50632706540955,21.50632706540955,7.666666666666667,7.666666666666667,5.0,,66.66666666666666,66.66666666666666,100.0,2.805173095488202,,INSUFFICIENT
DIGITIDE.NS,1,1,0,0,1,100.0,13.836814976926103,13.836814976926103,5.0,5.0,5.0,,100.0,100.0,100.0,2.767362995385221,,INSUFFICIENT
TTKPRESTIG.NS,2,2,0,0,2,100.0,6.904599498577257,6.904599498577257,2.5,2.0,2.0,,100.0,100.0,100.0,2.761839799430903,,INSUFFICIENT
LLOYDSENT.NS,2,2,0,0,2,100.0,16.166501976254732,16.166501976254732,6.0,6.0,6.0,,50.0,50.0,100.0,2.6944169960424555,,INSUFFICIENT
POWERICA.NS,1,1,0,0,1,100.0,13.110133881506536,13.110133881506536,5.0,5.0,5.0,,100.0,100.0,100.0,2.622026776301307,,INSUFFICIENT
ISFT.NS,3,3,0,0,3,100.0,9.34887076998226,9.34887076998226,3.6666666666666665,3.6666666666666665,4.0,,100.0,100.0,100.0,2.54969202817698,,INSUFFICIENT
VINNY.NS,2,2,0,0,2,100.0,17.413229226916286,17.413229226916286,7.0,7.0,7.0,,50.0,50.0,100.0,2.487604175273755,,INSUFFICIENT
ADANIGREEN.NS,4,4,0,0,4,100.0,6.25580148227695,6.25580148227695,2.75,2.75,1.5,,75.0,100.0,100.0,2.2748369026461637,,INSUFFICIENT
BONLON.NS,1,1,0,0,1,100.0,14.948276928987683,14.948276928987683,7.0,7.0,7.0,,0.0,100.0,100.0,2.1354681327125262,,INSUFFICIENT
NIITLTD.NS,2,2,0,0,2,100.0,12.725214729445279,12.725214729445279,6.0,6.0,6.0,,50.0,100.0,100.0,2.1208691215742133,,INSUFFICIENT
KAYA.NS,2,2,0,0,2,100.0,18.998768084164418,18.998768084164418,9.5,9.5,9.5,,50.0,50.0,100.0,1.999870324648886,,INSUFFICIENT
BLUSPRING.NS,2,2,0,0,2,100.0,21.37051813984487,21.37051813984487,11.0,11.0,11.0,,0.0,50.0,100.0,1.9427743763495335,,INSUFFICIENT
QPOWER.NS,3,3,0,0,3,100.0,18.70468037549348,18.70468037549348,10.666666666666666,10.666666666666666,10.0,,0.0,66.66666666666666,100.0,1.7535637852025139,,INSUFFICIENT
SOMATEX.NS,5,5,0,0,5,100.0,26.75074814348318,26.75074814348318,17.0,17.0,7.0,,20.0,80.0,80.0,1.5735734202048928,,INSUFFICIENT
AKASH.NS,1,1,0,0,1,100.0,12.325889238303152,12.325889238303152,8.0,8.0,8.0,,0.0,100.0,100.0,1.540736154787894,,INSUFFICIENT
TEAMLEASE.NS,1,1,0,0,1,100.0,4.487031154679517,4.487031154679517,3.0,3.0,3.0,,100.0,100.0,100.0,1.495677051559839,,INSUFFICIENT
LUXIND.NS,1,1,0,0,1,100.0,10.364998611750343,10.364998611750343,7.0,7.0,7.0,,0.0,100.0,100.0,1.480714087392906,,INSUFFICIENT
GOPAL.NS,1,1,0,0,1,100.0,11.659337828569145,11.659337828569145,8.0,8.0,8.0,,0.0,100.0,100.0,1.457417228571143,,INSUFFICIENT
FRACTAL.NS,1,1,0,0,1,100.0,10.055649285534415,10.055649285534415,7.0,7.0,7.0,,0.0,100.0,100.0,1.4365213265049164,,INSUFFICIENT
ATLANTAELE.NS,1,1,0,0,1,100.0,18.236404235896796,18.236404235896796,13.0,13.0,13.0,,0.0,0.0,100.0,1.4028003258382151,,INSUFFICIENT
DREAMFOLKS.NS,2,2,0,0,2,100.0,12.936871547138884,12.936871547138884,12.5,12.5,12.5,,50.0,50.0,100.0,1.0349497237711107,,INSUFFICIENT
ANTGRAPHIC.NS,1,1,0,0,1,100.0,27.83868319842776,27.83868319842776,28.0,28.0,28.0,,0.0,0.0,0.0,0.9942386856581342,,INSUFFICIENT
SUDEEPPHRM.NS,1,1,0,0,1,100.0,17.425698256409262,17.425698256409262,19.0,19.0,19.0,,0.0,0.0,100.0,0.9171420134952243,,INSUFFICIENT
SUNTECK.NS,2,2,0,0,2,100.0,19.906666580364305,19.906666580364305,23.0,23.0,23.0,,0.0,50.0,50.0,0.865507242624535,,INSUFFICIENT
RHIM.NS,4,4,0,0,4,100.0,11.219721274522573,11.219721274522573,13.0,13.0,1.5,,75.0,75.0,75.0,0.8630554826555825,,INSUFFICIENT
PRABHA.NS,2,2,0,0,2,100.0,11.804178849608224,11.804178849608224,14.0,13.5,13.5,,50.0,50.0,50.0,0.8431556321148731,,INSUFFICIENT
GVPTECH.NS,1,1,0,0,1,100.0,47.431620249194935,47.431620249194935,57.0,57.0,57.0,,0.0,0.0,0.0,0.8321336885823672,,INSUFFICIENT
VISHWARAJ.NS,1,1,0,0,1,100.0,10.401265320431348,10.401265320431348,13.0,13.0,13.0,,0.0,0.0,100.0,0.8000973323408729,,INSUFFICIENT
MBEL.NS,1,1,0,0,1,100.0,13.218070273284985,13.218070273284985,17.0,17.0,17.0,,0.0,0.0,100.0,0.7775335454873521,,INSUFFICIENT
PAUSHAKLTD.NS,1,1,0,0,1,100.0,24.124606593901515,24.124606593901515,32.0,32.0,32.0,,0.0,0.0,0.0,0.7538939560594223,,INSUFFICIENT
IFBAGRO.NS,4,3,0,1,3,100.0,13.303323847721412,13.303323847721412,18.75,5.0,6.0,,33.33333333333333,100.0,100.0,0.7095106052118086,,INSUFFICIENT
SAGARDEEP.NS,1,1,0,0,1,100.0,30.16229364949285,30.16229364949285,44.0,44.0,44.0,,0.0,0.0,0.0,0.6855066738521102,,INSUFFICIENT
PAISALO.NS,1,1,0,0,1,100.0,31.553380867225034,31.553380867225034,49.0,49.0,49.0,,0.0,0.0,0.0,0.643946548310715,,INSUFFICIENT
PARAS.NS,2,1,0,1,1,100.0,19.63155202157906,19.63155202157906,32.5,5.0,5.0,,100.0,100.0,100.0,0.6040477545101249,,INSUFFICIENT
CRIZAC.NS,1,1,0,0,1,100.0,9.672749437197618,9.672749437197618,17.0,17.0,17.0,,0.0,0.0,100.0,0.5689852610116246,,INSUFFICIENT
TRANSRAILL.NS,2,2,0,0,2,100.0,15.424386247231697,15.424386247231697,27.5,27.5,27.5,,0.0,50.0,50.0,0.5608867726266071,,INSUFFICIENT
SHRINGARMS.NS,2,2,0,0,2,100.0,8.868395158396197,8.868395158396197,16.0,16.0,16.0,,0.0,50.0,50.0,0.5542746973997623,,INSUFFICIENT
SURANASOL.NS,5,4,0,1,4,100.0,8.532815193414823,8.532815193414823,16.2,5.0,2.5,,75.0,75.0,100.0,0.5267169872478286,,INSUFFICIENT
JIOFIN.NS,1,1,0,0,1,100.0,11.72229983466012,11.72229983466012,24.0,24.0,24.0,,0.0,0.0,0.0,0.488429159777505,,INSUFFICIENT
MRPL.NS,2,1,0,1,1,100.0,16.669692676440413,16.669692676440413,35.0,8.0,8.0,,0.0,100.0,100.0,0.4762769336125832,,INSUFFICIENT
TATACHEM.NS,2,1,0,1,1,100.0,12.77540393680286,12.77540393680286,31.0,1.0,1.0,,100.0,100.0,100.0,0.4121098044129955,,INSUFFICIENT
TPHQ.NS,2,1,0,1,1,100.0,10.736619277895386,10.736619277895386,32.5,5.0,5.0,,100.0,100.0,100.0,0.33035751624293497,,INSUFFICIENT
AMAGI.NS,1,1,0,0,1,100.0,14.786359439653626,14.786359439653626,50.0,50.0,50.0,,0.0,0.0,0.0,0.2957271887930725,,INSUFFICIENT
ICICIGI.NS,2,1,0,1,1,100.0,9.241857051988081,9.241857051988081,39.5,17.0,17.0,,0.0,0.0,100.0,0.2339710646072932,,INSUFFICIENT
TATACAP.NS,1,1,0,0,1,100.0,9.600051793555737,9.600051793555737,48.0,48.0,48.0,,0.0,0.0,0.0,0.20000107903241118,,INSUFFICIENT
MSTCLTD.NS,2,1,0,1,1,100.0,4.583534590669467,4.583534590669467,30.5,0.0,0.0,,100.0,100.0,100.0,0.15027982264490056,,INSUFFICIENT
UFLEX.NS,4,2,0,2,2,100.0,5.206526957990957,5.206526957990957,38.75,17.5,17.5,,0.0,0.0,50.0,0.13436198601266985,,INSUFFICIENT
INDUSINDBK.NS,2,1,0,1,1,100.0,5.955909249926237,5.955909249926237,55.0,49.0,49.0,,0.0,0.0,0.0,0.10828925908956795,,INSUFFICIENT
RAMCOIND.NS,2,1,0,1,1,100.0,1.7518341173999241,1.7518341173999241,42.0,24.0,24.0,,0.0,0.0,0.0,0.04171033612856962,,INSUFFICIENT
DHRUV.NS,5,4,1,0,5,80.0,10.796314319325834,10.796314319325834,16.4,15.0,2.5,22.0,75.0,75.0,75.0,0.6583118487393802,,INSUFFICIENT
ARIHANT.NS,4,3,1,0,4,75.0,12.425010405122087,12.425010405122087,4.0,4.666666666666667,6.0,0.0,33.33333333333333,100.0,100.0,3.106252601280522,,INSUFFICIENT
KANANIIND.NS,4,3,1,0,4,75.0,8.168002651960949,8.168002651960949,4.25,5.333333333333333,5.0,0.0,66.66666666666666,100.0,100.0,1.9218829769319878,,INSUFFICIENT
RPEL.NS,4,3,1,0,4,75.0,12.80998569995735,12.80998569995735,7.0,9.0,10.0,0.0,33.33333333333333,66.66666666666666,100.0,1.8299979571367644,,INSUFFICIENT
DUCON.NS,4,3,1,0,4,75.0,7.674641439943938,7.674641439943938,5.0,5.0,5.0,5.0,66.66666666666666,100.0,100.0,1.5349282879887878,,INSUFFICIENT
UCOBANK.NS,4,3,1,0,4,75.0,12.017768438581008,12.017768438581008,9.25,12.0,13.0,0.0,33.33333333333333,33.33333333333333,100.0,1.2992182095763252,,INSUFFICIENT
SFL.NS,4,3,1,0,4,75.0,2.8655443491728287,2.8655443491728287,2.25,2.0,0.0,0.0,66.66666666666666,100.0,100.0,1.273575266299035,,INSUFFICIENT
RTNPOWER.NS,4,3,1,0,4,75.0,16.85780200801576,16.85780200801576,15.0,14.666666666666666,12.0,16.0,33.33333333333333,33.33333333333333,66.66666666666666,1.1238534672010507,,INSUFFICIENT
MANOMAY.NS,4,3,1,0,4,75.0,10.109224858541493,10.109224858541493,9.0,11.333333333333334,2.0,0.0,66.66666666666666,66.66666666666666,66.66666666666666,1.1232472065046104,,INSUFFICIENT
RAJRATAN.NS,4,3,1,0,4,75.0,6.518914279917909,6.518914279917909,6.5,6.666666666666667,5.0,6.0,66.66666666666666,66.66666666666666,100.0,1.0029098892181398,,INSUFFICIENT
COMSYN.NS,4,3,1,0,4,75.0,11.096581952131878,11.096581952131878,11.75,15.333333333333334,12.0,0.0,33.33333333333333,33.33333333333333,66.66666666666666,0.9443899533729258,,INSUFFICIENT
SHREEJISPG.NS,4,3,1,0,4,75.0,7.518686406115204,7.518686406115204,11.0,14.333333333333334,13.0,0.0,0.0,0.0,100.0,0.6835169460104731,,INSUFFICIENT
IITL.NS,5,3,1,1,4,75.0,14.185765899171187,14.185765899171187,21.6,12.333333333333334,13.0,10.0,0.0,33.33333333333333,100.0,0.6567484212579253,,INSUFFICIENT
AIRAN.NS,4,3,1,0,4,75.0,5.638649868424841,5.638649868424841,9.5,2.6666666666666665,3.0,30.0,100.0,100.0,100.0,0.5935420914131412,,INSUFFICIENT
REGENCERAM.NS,5,3,1,1,4,75.0,6.949984786035431,6.949984786035431,14.0,3.0,1.0,0.0,66.66666666666666,100.0,100.0,0.4964274847168165,,INSUFFICIENT
TATAELXSI.NS,4,3,1,0,4,75.0,4.2874681917116,4.2874681917116,9.0,6.666666666666667,6.0,16.0,0.0,100.0,100.0,0.4763853546346222,,INSUFFICIENT
ENDURANCE.NS,5,3,1,1,4,75.0,8.403105140512894,8.403105140512894,20.0,12.333333333333334,18.0,0.0,33.33333333333333,33.33333333333333,100.0,0.4201552570256447,,INSUFFICIENT
UFO.NS,5,3,1,1,4,75.0,7.529092924592163,7.529092924592163,21.8,6.0,6.0,30.0,0.0,100.0,100.0,0.345371235073035,,INSUFFICIENT
KHAICHEM.NS,4,3,1,0,4,75.0,4.777757036413661,4.777757036413661,24.5,14.333333333333334,11.0,55.0,33.33333333333333,33.33333333333333,66.66666666666666,0.19501049128219022,,INSUFFICIENT
COLPAL.NS,4,3,1,0,4,75.0,2.6016030011439844,2.6016030011439844,20.0,20.666666666666668,7.0,17.0,33.33333333333333,66.66666666666666,66.66666666666666,0.13008015005719922,,INSUFFICIENT
COSMOFIRST.NS,5,3,1,1,4,75.0,1.2767975313129618,1.2767975313129618,16.4,7.0,4.0,0.0,66.66666666666666,66.66666666666666,100.0,0.07785350800688792,,INSUFFICIENT
KRONOX.NS,3,2,1,0,3,66.66666666666666,6.77717369094925,6.77717369094925,1.3333333333333333,1.0,1.0,0.0,100.0,100.0,100.0,5.082880268211938,,INSUFFICIENT
BOHRAIND.NS,3,2,1,0,3,66.66666666666666,13.323580945554172,13.323580945554172,4.0,5.0,5.0,2.0,50.0,100.0,100.0,3.330895236388543,,INSUFFICIENT
TRIDENT.NS,3,2,1,0,3,66.66666666666666,2.4772303245943466,2.4772303245943466,1.0,1.0,1.0,0.0,100.0,100.0,100.0,2.4772303245943466,,INSUFFICIENT
SEDEMAC.NS,3,2,1,0,3,66.66666666666666,1.6040323847676445,1.6040323847676445,1.0,0.0,0.0,0.0,100.0,100.0,100.0,1.6040323847676445,,INSUFFICIENT
BANSALWIRE.NS,3,2,1,0,3,66.66666666666666,5.0918876447773505,5.0918876447773505,4.0,5.5,5.5,1.0,50.0,100.0,100.0,1.2729719111943376,,INSUFFICIENT
GANGAFORGE.NS,3,2,1,0,3,66.66666666666666,4.634034099329707,4.634034099329707,3.6666666666666665,5.0,5.0,0.0,50.0,100.0,100.0,1.2638274816353747,,INSUFFICIENT
EASEMYTRIP.NS,3,2,1,0,3,66.66666666666666,7.688120616161402,7.688120616161402,6.666666666666667,9.5,9.5,0.0,50.0,50.0,100.0,1.1532180924242104,,INSUFFICIENT
RUCHINFRA.NS,3,2,1,0,3,66.66666666666666,7.198059309664686,7.198059309664686,7.333333333333333,6.0,6.0,10.0,50.0,100.0,100.0,0.9815535422270026,,INSUFFICIENT
IOB.NS,3,2,1,0,3,66.66666666666666,8.358594494484723,8.358594494484723,12.333333333333334,14.5,14.5,8.0,50.0,50.0,50.0,0.6777238779311937,,INSUFFICIENT
MASKINVEST.NS,3,2,1,0,3,66.66666666666666,20.351324297071546,20.351324297071546,33.0,49.0,49.0,0.0,0.0,0.0,0.0,0.616706796880956,,INSUFFICIENT
CCAVENUE.NS,3,2,1,0,3,66.66666666666666,10.812548817435305,10.812548817435305,18.0,26.5,26.5,0.0,0.0,50.0,50.0,0.6006971565241837,,INSUFFICIENT
BESTAGRO.NS,3,2,1,0,3,66.66666666666666,9.837334826866032,9.837334826866032,18.333333333333332,27.0,27.0,0.0,50.0,50.0,50.0,0.5365818996472381,,INSUFFICIENT
PANACEABIO.NS,3,2,1,0,3,66.66666666666666,14.46902409037954,14.46902409037954,30.0,44.5,44.5,0.0,0.0,0.0,0.0,0.4823008030126513,,INSUFFICIENT
DCXINDIA.NS,4,2,1,1,3,66.66666666666666,8.088818412408642,8.088818412408642,21.5,12.5,12.5,0.0,0.0,50.0,100.0,0.37622411220505314,,INSUFFICIENT
SURYAROSNI.NS,4,2,1,1,3,66.66666666666666,5.015462079671172,5.015462079671172,20.25,6.5,6.5,8.0,0.0,100.0,100.0,0.24767713973684802,,INSUFFICIENT
PGHH.NS,3,2,1,0,3,66.66666666666666,4.5216388981194875,4.5216388981194875,21.333333333333332,31.5,31.5,0.0,50.0,50.0,50.0,0.21195182334935098,,INSUFFICIENT
THYROCARE.NS,5,2,1,2,3,66.66666666666666,5.228563723688987,5.228563723688987,26.0,4.0,4.0,0.0,50.0,100.0,100.0,0.20109860475726873,,INSUFFICIENT
HEXATRADEX.NS,3,2,1,0,3,66.66666666666666,1.891092374312942,1.891092374312942,10.333333333333334,1.5,1.5,28.0,100.0,100.0,100.0,0.18300893944963953,,INSUFFICIENT
LANDSMILL.NS,5,2,1,2,3,66.66666666666666,4.499720049679951,4.499720049679951,25.8,1.5,1.5,5.0,100.0,100.0,100.0,0.17440775386356397,,INSUFFICIENT
GODREJPROP.NS,4,2,1,1,3,66.66666666666666,3.2808642127060996,3.2808642127060996,19.5,3.5,3.5,8.0,50.0,100.0,100.0,0.16824944680544102,,INSUFFICIENT
ZYDUSLIFE.NS,4,2,1,1,3,66.66666666666666,4.438109753716864,4.438109753716864,28.5,26.5,26.5,0.0,0.0,0.0,0.0,0.15572314925322328,,INSUFFICIENT
JLHL.NS,4,2,1,1,3,66.66666666666666,2.7451902992861177,2.7451902992861177,18.0,2.0,2.0,7.0,100.0,100.0,100.0,0.1525105721825621,,INSUFFICIENT
ITC.NS,4,2,1,1,3,66.66666666666666,4.56352786339008,4.56352786339008,30.5,30.5,30.5,0.0,50.0,50.0,50.0,0.14962386437344524,,INSUFFICIENT
SHIVATEX.NS,4,2,1,1,3,66.66666666666666,1.5602443780472601,1.5602443780472601,17.75,4.5,4.5,0.0,50.0,100.0,100.0,0.08790109172097241,,INSUFFICIENT
JUSTDIAL.NS,4,2,1,1,3,66.66666666666666,0.9840037838469153,0.9840037838469153,16.0,1.5,1.5,0.0,100.0,100.0,100.0,0.06150023649043221,,INSUFFICIENT
TATASTEEL.NS,5,2,1,2,3,66.66666666666666,0.007934018759805461,0.007934018759805461,37.4,9.0,9.0,49.0,50.0,50.0,100.0,0.00021213953903223158,,INSUFFICIENT
LAURUSLABS.NS,4,2,1,1,3,66.66666666666666,-1.4018960346750218,-1.4018960346750218,24.75,15.5,15.5,6.0,0.0,50.0,50.0,-0.056642264027273605,,INSUFFICIENT
SUMEETINDS.NS,5,3,2,0,5,60.0,8.952942697806462,8.952942697806462,2.4,1.3333333333333333,1.0,3.0,100.0,100.0,100.0,3.7303927907526924,,INSUFFICIENT
INNOVACAP.NS,5,3,2,0,5,60.0,4.711626755032522,4.711626755032522,4.2,6.333333333333333,7.0,0.0,33.33333333333333,100.0,100.0,1.1218158940553622,,INSUFFICIENT
OFSS.NS,5,3,2,0,5,60.0,7.49550943499722,7.49550943499722,7.8,11.666666666666666,6.0,1.5,33.33333333333333,66.66666666666666,66.66666666666666,0.9609627480765667,,INSUFFICIENT
SURAJEST.NS,5,3,2,0,5,60.0,5.949873125363164,5.949873125363164,7.6,9.666666666666666,10.0,4.5,0.0,66.66666666666666,100.0,0.7828780428109426,,INSUFFICIENT
SESHAPAPER.NS,5,3,2,0,5,60.0,8.921183912612847,8.921183912612847,12.0,19.333333333333332,16.0,0.0,0.0,33.33333333333333,66.66666666666666,0.7434319927177372,,INSUFFICIENT
MMTC.NS,5,3,2,0,5,60.0,11.536201608659077,11.536201608659077,18.6,27.0,35.0,5.5,0.0,33.33333333333333,33.33333333333333,0.62022589293866,,INSUFFICIENT
ZAGGLE.NS,5,3,2,0,5,60.0,6.437883989694358,6.437883989694358,11.4,17.666666666666668,10.0,1.5,33.33333333333333,66.66666666666666,66.66666666666666,0.564726665762663,,INSUFFICIENT
HINDOILEXP.NS,5,3,2,0,5,60.0,7.707781525041329,7.707781525041329,16.0,24.0,20.0,3.5,0.0,0.0,66.66666666666666,0.4817363453150831,,INSUFFICIENT
TNTELE.NS,5,3,2,0,5,60.0,2.418060527574429,2.418060527574429,5.4,2.3333333333333335,2.0,10.0,100.0,100.0,100.0,0.4477889865878572,,INSUFFICIENT
KMEW.NS,5,3,2,0,5,60.0,8.40493939318714,8.40493939318714,19.6,30.333333333333332,21.0,3.0,0.0,0.0,33.33333333333333,0.4288234384279153,,INSUFFICIENT
UNITECH.NS,5,3,2,0,5,60.0,0.4325961846859734,0.4325961846859734,4.2,3.3333333333333335,3.0,5.5,100.0,100.0,100.0,0.10299909159189842,,INSUFFICIENT
ORIENTTECH.NS,2,1,1,0,2,50.0,5.358090631718262,5.358090631718262,1.0,1.0,1.0,0.0,100.0,100.0,100.0,5.358090631718262,,INSUFFICIENT
MEDICAMEQ.NS,2,1,1,0,2,50.0,8.612827265719904,8.612827265719904,2.5,4.0,4.0,0.0,100.0,100.0,100.0,3.445130906287962,,INSUFFICIENT
SPARC.NS,4,2,2,0,4,50.0,7.329300833249062,7.329300833249062,2.25,3.0,3.0,1.0,100.0,100.0,100.0,3.257467036999583,,INSUFFICIENT
EXICOM.NS,2,1,1,0,2,50.0,4.392190779015673,4.392190779015673,1.5,2.0,2.0,0.0,100.0,100.0,100.0,2.9281271860104483,,INSUFFICIENT
VIVIDHA.NS,2,1,1,0,2,50.0,2.6206951460790093,2.6206951460790093,1.0,0.0,0.0,0.0,100.0,100.0,100.0,2.6206951460790093,,INSUFFICIENT
BATLIBOI.NS,2,1,1,0,2,50.0,2.4661848248301292,2.4661848248301292,1.0,0.0,0.0,0.0,100.0,100.0,100.0,2.4661848248301292,,INSUFFICIENT
RUBICON.NS,2,1,1,0,2,50.0,3.164493033338645,3.164493033338645,1.5,2.0,2.0,0.0,100.0,100.0,100.0,2.109662022225763,,INSUFFICIENT
BAJAJINDEF.NS,2,1,1,0,2,50.0,3.039697007033334,3.039697007033334,1.5,1.0,1.0,2.0,100.0,100.0,100.0,2.026464671355556,,INSUFFICIENT
DOLPHIN.NS,2,1,1,0,2,50.0,14.765092731979385,14.765092731979385,7.5,14.0,14.0,0.0,0.0,0.0,100.0,1.9686790309305846,,INSUFFICIENT
MVGJL.NS,2,1,1,0,2,50.0,1.925285929438902,1.925285929438902,1.0,0.0,0.0,1.0,100.0,100.0,100.0,1.925285929438902,,INSUFFICIENT
GARUDA.NS,4,2,2,0,4,50.0,7.357423725490765,7.357423725490765,4.5,8.0,8.0,0.0,0.0,100.0,100.0,1.634983050109059,,INSUFFICIENT
DCMNVL.NS,4,2,2,0,4,50.0,3.4288331564599077,3.4288331564599077,2.25,3.5,3.5,0.0,50.0,100.0,100.0,1.5239258473155146,,INSUFFICIENT
SHADOWFAX.NS,2,1,1,0,2,50.0,2.197653261431949,2.197653261431949,1.5,2.0,2.0,0.0,100.0,100.0,100.0,1.465102174287966,,INSUFFICIENT
NIACL.NS,4,2,2,0,4,50.0,6.188829842683909,6.188829842683909,4.25,4.5,4.5,3.5,50.0,100.0,100.0,1.4561952571020962,,INSUFFICIENT
VIKASECO.NS,4,2,2,0,4,50.0,2.530856054956129,2.530856054956129,1.75,1.5,1.5,1.5,100.0,100.0,100.0,1.446203459974931,,INSUFFICIENT
GOYALALUM.NS,2,1,1,0,2,50.0,2.790472248193068,2.790472248193068,2.0,3.0,3.0,0.0,100.0,100.0,100.0,1.395236124096534,,INSUFFICIENT
BLAL.NS,2,1,1,0,2,50.0,7.635316622171249,7.635316622171249,7.0,3.0,3.0,11.0,100.0,100.0,100.0,1.0907595174530356,,INSUFFICIENT
SKFINDUS.NS,2,1,1,0,2,50.0,5.4129719316552585,5.4129719316552585,5.5,10.0,10.0,0.0,0.0,100.0,100.0,0.9841767148464107,,INSUFFICIENT
GUJRAFFIA.NS,4,2,2,0,4,50.0,5.5835920869838365,5.5835920869838365,6.0,5.5,5.5,6.5,50.0,100.0,100.0,0.9305986811639727,,INSUFFICIENT
MTNL.NS,4,2,2,0,4,50.0,11.531338558192743,11.531338558192743,13.0,25.0,25.0,0.0,0.0,50.0,50.0,0.8870260429379033,,INSUFFICIENT
ITCHOTELS.NS,2,1,1,0,2,50.0,2.174373536331698,2.174373536331698,2.5,4.0,4.0,0.0,100.0,100.0,100.0,0.8697494145326792,,INSUFFICIENT
MEDICO.NS,4,2,2,0,4,50.0,4.892310984228915,4.892310984228915,6.25,8.5,8.5,3.5,0.0,100.0,100.0,0.7827697574766265,,INSUFFICIENT
DHAMPURSUG.NS,4,2,2,0,4,50.0,3.911908624017265,3.911908624017265,5.0,8.5,8.5,1.0,0.0,100.0,100.0,0.782381724803453,,INSUFFICIENT
SPORTKING.NS,4,2,2,0,4,50.0,10.845081827819872,10.845081827819872,14.75,28.5,28.5,0.0,0.0,50.0,50.0,0.7352597849369404,,INSUFFICIENT
HEMIPROP.NS,4,2,2,0,4,50.0,7.530163199889159,7.530163199889159,10.75,17.5,17.5,3.0,50.0,50.0,50.0,0.7004802976641078,,INSUFFICIENT
PPLPHARMA.NS,2,1,1,0,2,50.0,16.92234635195149,16.92234635195149,24.5,48.0,48.0,0.0,0.0,0.0,0.0,0.6907080143653669,,INSUFFICIENT
LORDSCHLO.NS,4,2,2,0,4,50.0,7.507032799606626,7.507032799606626,11.75,12.0,12.0,11.0,50.0,50.0,50.0,0.6388964084771597,,INSUFFICIENT
RACE.NS,4,2,2,0,4,50.0,4.785435362077562,4.785435362077562,7.5,14.0,14.0,0.5,0.0,0.0,100.0,0.6380580482770083,,INSUFFICIENT
LCCINFOTEC.NS,3,1,1,1,2,50.0,17.24485790182023,17.24485790182023,27.666666666666668,13.0,13.0,9.0,0.0,0.0,100.0,0.6233081169332613,,INSUFFICIENT
NECLIFE.NS,4,2,2,0,4,50.0,10.733015658164412,10.733015658164412,18.25,35.5,35.5,0.0,0.0,50.0,50.0,0.5881104470227075,,INSUFFICIENT
METROPOLIS.NS,2,1,1,0,2,50.0,3.227165652891692,3.227165652891692,5.5,9.0,9.0,2.0,0.0,100.0,100.0,0.5867573914348531,,INSUFFICIENT
GKSL.NS,2,1,1,0,2,50.0,2.3458690365934007,2.3458690365934007,4.0,7.0,7.0,0.0,0.0,100.0,100.0,0.5864672591483502,,INSUFFICIENT
LAGNAM.NS,4,2,2,0,4,50.0,8.73832679448813,8.73832679448813,15.25,25.5,25.5,4.5,0.0,50.0,50.0,0.5730050357041396,,INSUFFICIENT
CLEANMAX.NS,2,1,1,0,2,50.0,2.528065494363077,2.528065494363077,4.5,7.0,7.0,2.0,0.0,100.0,100.0,0.5617923320806838,,INSUFFICIENT
MAPMYINDIA.NS,4,2,2,0,4,50.0,7.961660602752916,7.961660602752916,14.75,26.0,26.0,3.0,50.0,50.0,50.0,0.5397736001866383,,INSUFFICIENT
CYIENT.NS,4,2,2,0,4,50.0,7.004180652081137,7.004180652081137,14.0,26.0,26.0,1.5,0.0,50.0,50.0,0.5002986180057956,,INSUFFICIENT
GULPOLY.NS,2,1,1,0,2,50.0,3.1461410087223394,3.1461410087223394,6.5,7.0,7.0,6.0,0.0,100.0,100.0,0.4840216936495907,,INSUFFICIENT
NAHARINDUS.NS,4,2,2,0,4,50.0,5.186616648167417,5.186616648167417,11.25,21.5,21.5,0.5,0.0,0.0,50.0,0.46103259094821486,,INSUFFICIENT
NAHARSPING.NS,4,2,2,0,4,50.0,1.377312771403783,1.377312771403783,3.0,4.5,4.5,1.0,100.0,100.0,100.0,0.4591042571345943,,INSUFFICIENT
AYE.NS,2,1,1,0,2,50.0,8.940265354577207,8.940265354577207,21.5,42.0,42.0,0.0,0.0,0.0,0.0,0.41582629556173056,,INSUFFICIENT
SIGNATURE.NS,2,1,1,0,2,50.0,5.087358444630403,5.087358444630403,12.5,24.0,24.0,0.0,0.0,0.0,0.0,0.4069886755704322,,INSUFFICIENT
JSFB.NS,2,1,1,0,2,50.0,4.511426052646661,4.511426052646661,11.5,12.0,12.0,11.0,0.0,0.0,100.0,0.39229791762144883,,INSUFFICIENT
CEINSYS.NS,2,1,1,0,2,50.0,1.369701648359419,1.369701648359419,3.5,6.0,6.0,0.0,0.0,100.0,100.0,0.3913433281026912,,INSUFFICIENT
CINELINE.NS,4,2,2,0,4,50.0,7.528567316313677,7.528567316313677,19.25,32.0,32.0,6.0,0.0,50.0,50.0,0.39109440604226897,,INSUFFICIENT
WEWORK.NS,2,1,1,0,2,50.0,7.918974906422191,7.918974906422191,20.5,40.0,40.0,0.0,0.0,0.0,0.0,0.386291458849863,,INSUFFICIENT
RUSHIL.NS,4,2,2,0,4,50.0,3.9438665314835255,3.9438665314835255,11.0,19.0,19.0,2.5,50.0,50.0,50.0,0.35853332104395685,,INSUFFICIENT
EMMVEE.NS,2,1,1,0,2,50.0,5.254758247427481,5.254758247427481,15.0,29.0,29.0,0.0,0.0,0.0,0.0,0.3503172164951654,,INSUFFICIENT
JUBLCPL.NS,2,1,1,0,2,50.0,7.933655718279567,7.933655718279567,24.0,47.0,47.0,0.0,0.0,0.0,0.0,0.33056898826164866,,INSUFFICIENT
CLEAN.NS,2,1,1,0,2,50.0,2.3658570274210695,2.3658570274210695,7.5,1.0,1.0,14.0,100.0,100.0,100.0,0.3154476036561426,,INSUFFICIENT
IGARASHI.NS,3,1,1,1,2,50.0,9.517387715841453,9.517387715841453,30.666666666666668,18.0,18.0,13.0,0.0,0.0,100.0,0.3103495994296126,,INSUFFICIENT
WAAREERTL.NS,2,1,1,0,2,50.0,1.9942980190321693,1.9942980190321693,7.5,14.0,14.0,0.0,0.0,0.0,100.0,0.2659064025376226,,INSUFFICIENT
VINYLINDIA.NS,4,2,2,0,4,50.0,3.0180189931597794,3.0180189931597794,12.5,20.5,20.5,4.0,0.0,0.0,50.0,0.24144151945278236,,INSUFFICIENT
EXCELINDUS.NS,3,1,1,1,2,50.0,5.253160506243743,5.253160506243743,22.333333333333332,1.0,1.0,6.0,100.0,100.0,100.0,0.2352161420706154,,INSUFFICIENT
RANASUG.NS,4,2,2,0,4,50.0,1.443510897412755,1.443510897412755,6.75,2.0,2.0,11.5,100.0,100.0,100.0,0.21385346628337112,,INSUFFICIENT
NAUKRI.NS,3,1,1,1,2,50.0,5.440627153023229,5.440627153023229,26.0,17.0,17.0,0.0,0.0,0.0,100.0,0.2092548905008934,,INSUFFICIENT
AGARWALEYE.NS,4,2,2,0,4,50.0,2.9098461006379903,2.9098461006379903,14.0,20.5,20.5,7.0,0.0,0.0,50.0,0.20784615004557075,,INSUFFICIENT
LICI.NS,2,1,1,0,2,50.0,7.030138319933554,7.030138319933554,34.0,39.0,39.0,29.0,0.0,0.0,0.0,0.20676877411569278,,INSUFFICIENT
LPDC.NS,4,2,2,0,4,50.0,1.1166375037339158,1.1166375037339158,5.5,3.5,3.5,7.0,100.0,100.0,100.0,0.20302500067889379,,INSUFFICIENT
CENTENKA.NS,4,2,2,0,4,50.0,3.2479657517758698,3.2479657517758698,16.5,5.5,5.5,26.5,50.0,50.0,100.0,0.19684640919853758,,INSUFFICIENT
SAIL.NS,5,2,2,1,4,50.0,4.127132770955424,4.127132770955424,21.2,22.0,22.0,0.0,50.0,50.0,50.0,0.19467607410167098,,INSUFFICIENT
INTERARCH.NS,4,2,2,0,4,50.0,3.6952085500865763,3.6952085500865763,20.5,20.5,20.5,20.0,50.0,50.0,50.0,0.18025407561397933,,INSUFFICIENT
KWIL.NS,2,1,1,0,2,50.0,1.4883614380849775,1.4883614380849775,8.5,7.0,7.0,10.0,0.0,100.0,100.0,0.17510134565705618,,INSUFFICIENT
CCCL.NS,5,2,2,1,4,50.0,2.3026049996981826,2.3026049996981826,14.0,2.0,2.0,2.0,100.0,100.0,100.0,0.16447178569272733,,INSUFFICIENT
VMM.NS,2,1,1,0,2,50.0,3.546709948273489,3.546709948273489,27.5,54.0,54.0,0.0,0.0,0.0,0.0,0.1289712708463087,,INSUFFICIENT
VGUARD.NS,5,2,2,1,4,50.0,1.7531872118820353,1.7531872118820353,15.8,3.5,3.5,5.0,50.0,100.0,100.0,0.11096121594190096,,INSUFFICIENT
KRITI.NS,5,2,2,1,4,50.0,2.7471504144108083,2.7471504144108083,26.0,22.0,22.0,12.5,0.0,50.0,50.0,0.10565963132349263,,INSUFFICIENT
WELSPUNLIV.NS,5,2,2,1,4,50.0,1.60453883861233,1.60453883861233,15.4,7.0,7.0,0.0,50.0,50.0,100.0,0.10419083367612532,,INSUFFICIENT
GRAPHITE.NS,5,2,2,1,4,50.0,2.083749139293714,2.083749139293714,20.0,13.5,13.5,6.5,50.0,50.0,50.0,0.1041874569646857,,INSUFFICIENT
NIBE.NS,2,1,1,0,2,50.0,4.750995671675664,4.750995671675664,46.0,51.0,51.0,41.0,0.0,0.0,0.0,0.10328251460164486,,INSUFFICIENT
ONGC.NS,5,2,2,1,4,50.0,2.301046649734605,2.301046649734605,23.8,28.5,28.5,0.0,50.0,50.0,50.0,0.09668263234179013,,INSUFFICIENT
GREENPOWER.NS,3,1,1,1,2,50.0,1.427330341929584,1.427330341929584,20.666666666666668,1.0,1.0,0.0,100.0,100.0,100.0,0.06906437138368954,,INSUFFICIENT
BALKRISIND.NS,5,2,2,1,4,50.0,0.7961734389948979,0.7961734389948979,15.8,4.0,4.0,4.5,100.0,100.0,100.0,0.050390723987018854,,INSUFFICIENT
WIPRO.NS,3,1,1,1,2,50.0,1.2366711215779864,1.2366711215779864,25.0,0.0,0.0,14.0,100.0,100.0,100.0,0.049466844863119454,,INSUFFICIENT
EMAMILTD.NS,3,1,1,1,2,50.0,0.9911288069633537,0.9911288069633537,20.666666666666668,1.0,1.0,0.0,100.0,100.0,100.0,0.04795784549822679,,INSUFFICIENT
AJAXENGG.NS,4,2,2,0,4,50.0,0.2590636650342266,0.2590636650342266,6.75,2.5,2.5,10.5,100.0,100.0,100.0,0.038379802227292835,,INSUFFICIENT
CYIENTDLM.NS,4,2,2,0,4,50.0,0.44083831236940774,0.44083831236940774,11.75,4.5,4.5,19.0,50.0,100.0,100.0,0.03751815424420491,,INSUFFICIENT
HCLTECH.NS,3,1,1,1,2,50.0,1.6882341106204077,1.6882341106204077,46.333333333333336,60.0,60.0,19.0,0.0,0.0,0.0,0.036436707423462035,,INSUFFICIENT
ZIMLAB.NS,2,1,1,0,2,50.0,1.8186868935661966,1.8186868935661966,52.5,56.0,56.0,49.0,0.0,0.0,0.0,0.0346416551155466,,INSUFFICIENT
TECHM.NS,5,2,2,1,4,50.0,0.4149156016135322,0.4149156016135322,26.4,14.5,14.5,21.0,0.0,50.0,50.0,0.015716500061118646,,INSUFFICIENT
CTE.NS,5,2,2,1,4,50.0,0.12961799789179446,0.12961799789179446,13.2,1.5,1.5,0.5,100.0,100.0,100.0,0.009819545294832914,,INSUFFICIENT
SAGCEM.NS,4,1,1,2,2,50.0,0.04783410924630249,0.04783410924630249,30.5,0.0,0.0,0.0,100.0,100.0,100.0,0.0015683314506984424,,INSUFFICIENT
ORCHASP.NS,2,1,1,0,2,50.0,-0.008592162567909511,-0.008592162567909511,16.5,4.0,4.0,29.0,100.0,100.0,100.0,-0.0005207371253278492,,INSUFFICIENT
NATCOPHARM.NS,3,1,1,1,2,50.0,-0.13997813429887263,-0.13997813429887263,35.0,42.0,42.0,2.0,0.0,0.0,0.0,-0.003999375265682075,,INSUFFICIENT
PAGEIND.NS,5,2,2,1,4,50.0,-0.6127510209274559,-0.6127510209274559,32.0,10.0,10.0,39.5,0.0,50.0,100.0,-0.019148469403982998,,INSUFFICIENT
JMFINANCIL.NS,4,1,1,2,2,50.0,-0.8554500064076823,-0.8554500064076823,36.5,7.0,7.0,19.0,0.0,100.0,100.0,-0.023436986476922803,,INSUFFICIENT
LTM.NS,4,1,1,2,2,50.0,-1.6886824252244927,-1.6886824252244927,34.75,0.0,0.0,18.0,100.0,100.0,100.0,-0.048595177704301946,,INSUFFICIENT
HATHWAY.NS,3,1,1,1,2,50.0,-2.059786549014292,-2.059786549014292,36.0,33.0,33.0,12.0,0.0,0.0,0.0,-0.05721629302817478,,INSUFFICIENT
PVRINOX.NS,2,1,1,0,2,50.0,-0.8174566699014845,-0.8174566699014845,11.0,18.0,18.0,4.0,0.0,0.0,100.0,-0.07431424271831677,,INSUFFICIENT
BBTCL.NS,4,2,2,0,4,50.0,-1.200551357201351,-1.200551357201351,12.5,5.0,5.0,20.0,50.0,100.0,100.0,-0.09604410857610808,,INSUFFICIENT
AWL.NS,2,1,1,0,2,50.0,-1.2716224653502568,-1.2716224653502568,9.0,5.0,5.0,13.0,100.0,100.0,100.0,-0.14129138503891742,,INSUFFICIENT
IVALUE.NS,2,1,1,0,2,50.0,-1.6698181345726235,-1.6698181345726235,11.0,5.0,5.0,17.0,100.0,100.0,100.0,-0.15180164859751122,,INSUFFICIENT
GODAVARIB.NS,2,1,1,0,2,50.0,-4.04097823008126,-4.04097823008126,24.5,11.0,11.0,38.0,0.0,0.0,100.0,-0.16493788694209224,,INSUFFICIENT
BIRLACORPN.NS,4,2,2,0,4,50.0,-2.8944299394605206,-2.8944299394605206,16.25,3.0,3.0,29.0,50.0,100.0,100.0,-0.17811876550526282,,INSUFFICIENT
DBOL.NS,2,1,1,0,2,50.0,-0.4087522431997672,-0.4087522431997672,2.0,0.0,0.0,3.0,100.0,100.0,100.0,-0.2043761215998836,,INSUFFICIENT
RUBFILA.NS,2,1,1,0,2,50.0,-2.304866248111177,-2.304866248111177,8.0,1.0,1.0,15.0,100.0,100.0,100.0,-0.2881082810138971,,INSUFFICIENT
PUNJABCHEM.NS,2,1,1,0,2,50.0,-5.629052731890157,-5.629052731890157,17.5,27.0,27.0,8.0,0.0,0.0,0.0,-0.32166015610800897,,INSUFFICIENT
SUNDROP.NS,4,2,2,0,4,50.0,-2.7882520814751466,-2.7882520814751466,6.0,6.0,6.0,5.5,50.0,100.0,100.0,-0.46470868024585776,,INSUFFICIENT
DYNPRO.NS,2,1,1,0,2,50.0,-2.4490812356416614,-2.4490812356416614,4.5,0.0,0.0,8.0,100.0,100.0,100.0,-0.5442402745870358,,INSUFFICIENT
BCG.NS,2,1,1,0,2,50.0,-3.902600729388805,-3.902600729388805,7.0,2.0,2.0,12.0,100.0,100.0,100.0,-0.5575143899126864,,INSUFFICIENT
BORORENEW.NS,4,2,2,0,4,50.0,-1.1159078066531578,-1.1159078066531578,2.0,1.0,1.0,3.0,100.0,100.0,100.0,-0.5579539033265789,,INSUFFICIENT
FCSSOFT.NS,2,1,1,0,2,50.0,-2.146335345436669,-2.146335345436669,2.0,1.0,1.0,3.0,100.0,100.0,100.0,-1.0731676727183346,,INSUFFICIENT
TIJARIA.NS,5,2,3,0,5,40.0,6.757738886319354,6.757738886319354,3.2,6.5,6.5,0.0,50.0,100.0,100.0,2.111793401974798,,INSUFFICIENT
JAYBARMARU.NS,5,2,3,0,5,40.0,8.284959287082742,8.284959287082742,6.4,14.5,14.5,0.6666666666666666,0.0,50.0,50.0,1.2945248886066785,,INSUFFICIENT
HGM.NS,5,2,3,0,5,40.0,6.39992914853328,6.39992914853328,5.0,8.0,8.0,2.6666666666666665,50.0,50.0,100.0,1.279985829706656,,INSUFFICIENT
PSB.NS,5,2,3,0,5,40.0,4.217052722601933,4.217052722601933,7.4,15.5,15.5,1.3333333333333333,0.0,0.0,100.0,0.5698719895408016,,INSUFFICIENT
BUTTERFLY.NS,5,2,3,0,5,40.0,2.0291404585856676,2.0291404585856676,4.0,5.0,5.0,2.6666666666666665,50.0,100.0,100.0,0.5072851146464169,,INSUFFICIENT
NILAINFRA.NS,5,2,3,0,5,40.0,4.830696104015875,4.830696104015875,11.4,26.0,26.0,1.3333333333333333,0.0,0.0,50.0,0.42374527228209424,,INSUFFICIENT
SGMART.NS,5,2,3,0,5,40.0,1.116520732915265,1.116520732915265,2.8,3.5,3.5,1.6666666666666667,100.0,100.0,100.0,0.3987574046125947,,INSUFFICIENT
LANDMARK.NS,5,2,3,0,5,40.0,1.5380715741806283,1.5380715741806283,4.4,9.0,9.0,0.6666666666666666,50.0,50.0,100.0,0.3495617214046882,,INSUFFICIENT
NDTV.NS,5,2,3,0,5,40.0,1.3656351698322844,1.3656351698322844,4.4,7.0,7.0,1.6666666666666667,50.0,50.0,100.0,0.3103716295073373,,INSUFFICIENT
AXITA.NS,5,2,3,0,5,40.0,1.046869484237431,1.046869484237431,3.4,6.5,6.5,0.0,50.0,50.0,100.0,0.3079027894815974,,INSUFFICIENT
INOXINDIA.NS,5,2,3,0,5,40.0,2.639199349624507,2.639199349624507,13.4,28.5,28.5,3.3333333333333335,50.0,50.0,50.0,0.19695517534511248,,INSUFFICIENT
HARDWYN.NS,5,2,3,0,5,40.0,1.102495616100839,1.102495616100839,5.6,9.5,9.5,2.3333333333333335,50.0,50.0,100.0,0.19687421716086412,,INSUFFICIENT
IRFC.NS,5,2,3,0,5,40.0,0.6255808055963392,0.6255808055963392,9.8,5.5,5.5,12.333333333333334,50.0,100.0,100.0,0.06383477608125909,,INSUFFICIENT
LAL.NS,5,2,3,0,5,40.0,0.3149975587562004,0.3149975587562004,11.6,27.0,27.0,0.0,50.0,50.0,50.0,0.027154961961741414,,INSUFFICIENT
GSFC.NS,5,2,3,0,5,40.0,0.08693836669096591,0.08693836669096591,8.6,14.5,14.5,4.0,0.0,0.0,100.0,0.01010911240592627,,INSUFFICIENT
FUSION.NS,5,2,3,0,5,40.0,-0.05147576649094354,-0.05147576649094354,4.0,8.0,8.0,1.0,0.0,100.0,100.0,-0.012868941622735885,,INSUFFICIENT
RAJMET.NS,5,2,3,0,5,40.0,-0.4302573699795131,-0.4302573699795131,5.4,12.0,12.0,0.0,0.0,0.0,100.0,-0.07967729073694686,,INSUFFICIENT
SIS.NS,5,2,3,0,5,40.0,-1.5252063492801562,-1.5252063492801562,12.4,5.0,5.0,16.666666666666668,50.0,100.0,100.0,-0.12300051203872227,,INSUFFICIENT
PAR.NS,5,2,3,0,5,40.0,-1.5156528708429282,-1.5156528708429282,10.8,0.5,0.5,16.666666666666668,100.0,100.0,100.0,-0.14033822878175262,,INSUFFICIENT
VAKRANGEE.NS,5,2,3,0,5,40.0,-5.305884893165343,-5.305884893165343,19.6,6.5,6.5,28.0,50.0,50.0,100.0,-0.27070841291659914,,INSUFFICIENT
NEXTMEDIA.NS,5,2,3,0,5,40.0,-1.4527244588537556,-1.4527244588537556,2.6,1.5,1.5,2.3333333333333335,100.0,100.0,100.0,-0.5587401764822136,,INSUFFICIENT
URJA.NS,3,1,2,0,3,33.33333333333333,12.198662249588828,12.198662249588828,4.333333333333333,7.0,7.0,2.5,0.0,100.0,100.0,2.8150759037512683,,INSUFFICIENT
CAMPUS.NS,3,1,2,0,3,33.33333333333333,3.109922165426671,3.109922165426671,2.0,4.0,4.0,0.0,100.0,100.0,100.0,1.5549610827133356,,INSUFFICIENT
MOTISONS.NS,3,1,2,0,3,33.33333333333333,4.399601162981255,4.399601162981255,4.333333333333333,4.0,4.0,4.5,100.0,100.0,100.0,1.0152925760725973,,INSUFFICIENT
AARNAV.NS,3,1,2,0,3,33.33333333333333,0.8920515592596328,0.8920515592596328,1.0,1.0,1.0,0.0,100.0,100.0,100.0,0.8920515592596328,,INSUFFICIENT
BLUESTONE.NS,3,1,2,0,3,33.33333333333333,5.574113935560338,5.574113935560338,8.0,22.0,22.0,0.0,0.0,0.0,0.0,0.6967642419450423,,INSUFFICIENT
MAITHANALL.NS,3,1,2,0,3,33.33333333333333,0.8553167317423993,0.8553167317423993,1.3333333333333333,2.0,2.0,0.0,100.0,100.0,100.0,0.6414875488067995,,INSUFFICIENT
GREENPANEL.NS,3,1,2,0,3,33.33333333333333,0.7832253149495885,0.7832253149495885,1.6666666666666667,3.0,3.0,0.5,100.0,100.0,100.0,0.46993518896975306,,INSUFFICIENT
SETL.NS,3,1,2,0,3,33.33333333333333,2.9496130923175046,2.9496130923175046,6.333333333333333,7.0,7.0,6.0,0.0,100.0,100.0,0.46572838299750074,,INSUFFICIENT
GODREJAGRO.NS,3,1,2,0,3,33.33333333333333,3.8921754798418475,3.8921754798418475,10.0,14.0,14.0,7.5,0.0,0.0,100.0,0.38921754798418473,,INSUFFICIENT
RPSGVENT.NS,3,1,2,0,3,33.33333333333333,3.5271034371646492,3.5271034371646492,10.666666666666666,6.0,6.0,13.0,0.0,100.0,100.0,0.3306659472341859,,INSUFFICIENT
SUNDARAM.NS,3,1,2,0,3,33.33333333333333,0.33827555826535577,0.33827555826535577,1.3333333333333333,2.0,2.0,0.5,100.0,100.0,100.0,0.25370666869901687,,INSUFFICIENT
GCSL.NS,3,1,2,0,3,33.33333333333333,1.539232208338282,1.539232208338282,7.666666666666667,2.0,2.0,10.0,100.0,100.0,100.0,0.20076941847890634,,INSUFFICIENT
ACMESOLAR.NS,4,1,2,1,3,33.33333333333333,5.480010801063537,5.480010801063537,27.75,49.0,49.0,0.5,0.0,0.0,0.0,0.19747786670499234,,INSUFFICIENT
JAIPURKURT.NS,4,1,2,1,3,33.33333333333333,3.8977312092785548,3.8977312092785548,24.5,26.0,26.0,5.5,0.0,0.0,0.0,0.1590910697664716,,INSUFFICIENT
ICICIAMC.NS,3,1,2,0,3,33.33333333333333,0.20321288960558595,0.20321288960558595,1.3333333333333333,2.0,2.0,0.0,100.0,100.0,100.0,0.15240966720418947,,INSUFFICIENT
ASHIMASYN.NS,4,1,2,1,3,33.33333333333333,2.5786211917547623,2.5786211917547623,19.25,12.0,12.0,0.0,0.0,0.0,100.0,0.13395434762362401,,INSUFFICIENT
BOSCH-HCIL.NS,4,1,2,1,3,33.33333333333333,2.3381838593574913,2.3381838593574913,19.0,0.0,0.0,6.5,100.0,100.0,100.0,0.12306230838723638,,INSUFFICIENT
EBGNG.NS,4,1,2,1,3,33.33333333333333,2.062393404611621,2.062393404611621,17.0,6.0,6.0,0.0,0.0,100.0,100.0,0.12131725909480122,,INSUFFICIENT
POLICYBZR.NS,4,1,2,1,3,33.33333333333333,2.047387231387405,2.047387231387405,17.5,8.0,8.0,0.0,0.0,100.0,100.0,0.11699355607928028,,INSUFFICIENT
MANALIPETC.NS,3,1,2,0,3,33.33333333333333,0.9265855331367424,0.9265855331367424,8.333333333333334,19.0,19.0,3.0,0.0,0.0,100.0,0.11119026397640908,,INSUFFICIENT
ADANIENSOL.NS,3,1,2,0,3,33.33333333333333,2.13082446032988,2.13082446032988,19.333333333333332,21.0,21.0,18.5,0.0,0.0,0.0,0.11021505829292484,,INSUFFICIENT
BIMETAL.NS,3,1,2,0,3,33.33333333333333,0.09334059259456717,0.09334059259456717,1.0,0.0,0.0,0.0,100.0,100.0,100.0,0.09334059259456717,,INSUFFICIENT
PLASTIBLEN.NS,4,1,2,1,3,33.33333333333333,1.3046961176206082,1.3046961176206082,22.75,0.0,0.0,14.5,100.0,100.0,100.0,0.05734927989541135,,INSUFFICIENT
SHK.NS,4,1,2,1,3,33.33333333333333,0.2589155429751624,0.2589155429751624,16.25,0.0,0.0,0.0,100.0,100.0,100.0,0.015933264183086916,,INSUFFICIENT
HINDUNILVR.NS,5,1,2,2,3,33.33333333333333,0.6375444256213827,0.6375444256213827,40.2,43.0,43.0,18.5,0.0,0.0,0.0,0.015859314070183646,,INSUFFICIENT
HINDWAREAP.NS,4,1,2,1,3,33.33333333333333,0.07568106060143442,0.07568106060143442,17.75,8.0,8.0,1.0,0.0,100.0,100.0,0.004263721724024475,,INSUFFICIENT
ADVENZYMES.NS,4,1,2,1,3,33.33333333333333,0.023833647533676672,0.023833647533676672,18.25,3.0,3.0,5.0,100.0,100.0,100.0,0.00130595328951653,,INSUFFICIENT
BAYERCROP.NS,4,1,2,1,3,33.33333333333333,-0.21155127787000927,-0.21155127787000927,21.75,11.0,11.0,6.5,0.0,0.0,100.0,-0.0097264955342533,,INSUFFICIENT
MARALOVER.NS,3,1,2,0,3,33.33333333333333,-0.10338635781365291,-0.10338635781365291,3.3333333333333335,5.0,5.0,2.0,100.0,100.0,100.0,-0.031015907344095872,,INSUFFICIENT
AMBICAAGAR.NS,4,1,2,1,3,33.33333333333333,-0.8923929532862402,-0.8923929532862402,17.25,6.0,6.0,0.0,0.0,100.0,100.0,-0.05173292482818784,,INSUFFICIENT
DELTACORP.NS,3,1,2,0,3,33.33333333333333,-0.6144707796175458,-0.6144707796175458,11.666666666666666,10.0,10.0,12.5,0.0,100.0,100.0,-0.052668923967218215,,INSUFFICIENT
IRB.NS,4,1,2,1,3,33.33333333333333,-1.5055143430694657,-1.5055143430694657,28.0,0.0,0.0,25.5,100.0,100.0,100.0,-0.053768369395338064,,INSUFFICIENT
CELLO.NS,3,1,2,0,3,33.33333333333333,-1.52445027264236,-1.52445027264236,16.333333333333332,1.0,1.0,23.5,100.0,100.0,100.0,-0.09333369016177716,,INSUFFICIENT
GOODYEAR.NS,4,1,2,1,3,33.33333333333333,-1.5991883650810121,-1.5991883650810121,16.75,5.0,5.0,0.0,100.0,100.0,100.0,-0.09547393224364252,,INSUFFICIENT
AHLADA.NS,3,1,2,0,3,33.33333333333333,-2.190733279117359,-2.190733279117359,15.333333333333334,1.0,1.0,22.5,100.0,100.0,100.0,-0.14287390950765383,,INSUFFICIENT
IOC.NS,4,1,2,1,3,33.33333333333333,-4.400310361206339,-4.400310361206339,28.0,2.0,2.0,24.5,100.0,100.0,100.0,-0.15715394147165496,,INSUFFICIENT
TENNIND.NS,3,1,2,0,3,33.33333333333333,-0.9054312078151746,-0.9054312078151746,5.666666666666667,7.0,7.0,4.5,0.0,100.0,100.0,-0.1597819778497367,,INSUFFICIENT
ACEINTEG.NS,3,1,2,0,3,33.33333333333333,-0.8995257403342686,-0.8995257403342686,5.333333333333333,10.0,10.0,2.5,0.0,100.0,100.0,-0.16866107631267538,,INSUFFICIENT
HEALTHX.NS,4,1,2,1,3,33.33333333333333,-3.7811221337328496,-3.7811221337328496,19.25,1.0,1.0,6.0,100.0,100.0,100.0,-0.1964219290250831,,INSUFFICIENT
IRMENERGY.NS,3,1,2,0,3,33.33333333333333,-2.2507950739417026,-2.2507950739417026,10.666666666666666,0.0,0.0,15.0,100.0,100.0,100.0,-0.21101203818203462,,INSUFFICIENT
HMAAGRO.NS,3,1,2,0,3,33.33333333333333,-1.7263131705127297,-1.7263131705127297,7.0,7.0,7.0,6.5,0.0,100.0,100.0,-0.24661616721610424,,INSUFFICIENT
ARENTERP.NS,3,1,2,0,3,33.33333333333333,-2.117367527307558,-2.117367527307558,8.0,1.0,1.0,11.0,100.0,100.0,100.0,-0.26467094091344473,,INSUFFICIENT
AHCL.NS,3,1,2,0,3,33.33333333333333,-1.9279413439028847,-1.9279413439028847,5.666666666666667,12.0,12.0,2.0,0.0,0.0,100.0,-0.34022494304168555,,INSUFFICIENT
DMART.NS,3,1,2,0,3,33.33333333333333,-5.851888629373417,-5.851888629373417,15.666666666666666,5.0,5.0,21.0,100.0,100.0,100.0,-0.37352480613021816,,INSUFFICIENT
PRAXIS.NS,3,1,2,0,3,33.33333333333333,-0.8254702083952864,-0.8254702083952864,2.0,1.0,1.0,2.0,100.0,100.0,100.0,-0.4127351041976432,,INSUFFICIENT
IREDA.NS,3,1,2,0,3,33.33333333333333,-1.7863784582716775,-1.7863784582716775,4.0,3.0,3.0,4.0,100.0,100.0,100.0,-0.4465946145679194,,INSUFFICIENT
GTLINFRA.NS,3,1,2,0,3,33.33333333333333,-8.132565000666768,-8.132565000666768,17.333333333333332,1.0,1.0,25.5,100.0,100.0,100.0,-0.4691864423461597,,INSUFFICIENT
LOVABLE.NS,3,1,2,0,3,33.33333333333333,-5.758622730945003,-5.758622730945003,10.666666666666666,3.0,3.0,14.0,100.0,100.0,100.0,-0.539870881026094,,INSUFFICIENT
GROWW.NS,3,1,2,0,3,33.33333333333333,-1.2384773060713299,-1.2384773060713299,2.0,2.0,2.0,1.5,100.0,100.0,100.0,-0.6192386530356649,,INSUFFICIENT
SCILAL.NS,3,1,2,0,3,33.33333333333333,-0.6587330067240416,-0.6587330067240416,1.0,0.0,0.0,0.5,100.0,100.0,100.0,-0.6587330067240416,,INSUFFICIENT
AKSHAR.NS,3,1,2,0,3,33.33333333333333,-0.7490908792218224,-0.7490908792218224,1.0,0.0,0.0,0.5,100.0,100.0,100.0,-0.7490908792218224,,INSUFFICIENT
TRIGYN.NS,3,1,2,0,3,33.33333333333333,-1.5432538974807415,-1.5432538974807415,2.0,4.0,4.0,0.5,100.0,100.0,100.0,-0.7716269487403707,,INSUFFICIENT
AVANTEL.NS,3,1,2,0,3,33.33333333333333,-5.9371205026103056,-5.9371205026103056,7.0,5.0,5.0,8.0,100.0,100.0,100.0,-0.8481600718014722,,INSUFFICIENT
RELCHEMQ.NS,3,1,2,0,3,33.33333333333333,-6.652488362646693,-6.652488362646693,7.666666666666667,2.0,2.0,10.5,100.0,100.0,100.0,-0.867715873388699,,INSUFFICIENT
SHIVAMILLS.NS,3,1,2,0,3,33.33333333333333,-1.2117994559624858,-1.2117994559624858,1.3333333333333333,2.0,2.0,0.0,100.0,100.0,100.0,-0.9088495919718644,,INSUFFICIENT
PNGJL.NS,3,1,2,0,3,33.33333333333333,-3.7308430169173774,-3.7308430169173774,4.0,5.0,5.0,3.5,100.0,100.0,100.0,-0.9327107542293444,,INSUFFICIENT
ALEMBICLTD.NS,3,1,2,0,3,33.33333333333333,-4.746186958003046,-4.746186958003046,5.0,2.0,2.0,6.0,100.0,100.0,100.0,-0.9492373916006092,,INSUFFICIENT
VIDYAWIRES.NS,3,1,2,0,3,33.33333333333333,-3.13629359320378,-3.13629359320378,2.0,0.0,0.0,2.5,100.0,100.0,100.0,-1.56814679660189,,INSUFFICIENT
UTKARSHBNK.NS,3,1,2,0,3,33.33333333333333,-2.0623880821314753,-2.0623880821314753,1.0,0.0,0.0,0.0,100.0,100.0,100.0,-2.0623880821314753,,INSUFFICIENT
LANCER.NS,3,1,2,0,3,33.33333333333333,-2.9439096495349415,-2.9439096495349415,1.0,0.0,0.0,0.0,100.0,100.0,100.0,-2.9439096495349415,,INSUFFICIENT
BRNL.NS,4,1,3,0,4,25.0,4.881186702557928,4.881186702557928,6.25,22.0,22.0,0.0,0.0,0.0,0.0,0.7809898724092684,,INSUFFICIENT
SYNCOMF.NS,4,1,3,0,4,25.0,2.3203728563340387,2.3203728563340387,6.0,15.0,15.0,2.3333333333333335,0.0,0.0,100.0,0.38672880938900644,,INSUFFICIENT
AYMSYNTEX.NS,4,1,3,0,4,25.0,4.92764949393507,4.92764949393507,12.75,48.0,48.0,0.0,0.0,0.0,0.0,0.3864823132498094,,INSUFFICIENT
RATEGAIN.NS,5,1,3,1,4,25.0,6.819520651445411,6.819520651445411,19.6,20.0,20.0,5.666666666666667,0.0,0.0,100.0,0.34793472711456175,,INSUFFICIENT
JINDALPOLY.NS,4,1,3,0,4,25.0,0.5252577163140182,0.5252577163140182,1.75,1.0,1.0,1.3333333333333333,100.0,100.0,100.0,0.3001472664651533,,INSUFFICIENT
TINNARUBR.NS,4,1,3,0,4,25.0,2.725069877189476,2.725069877189476,9.25,28.0,28.0,2.3333333333333335,0.0,0.0,0.0,0.29460214888534875,,INSUFFICIENT
AGROPHOS.NS,4,1,3,0,4,25.0,1.4201344105698572,1.4201344105698572,5.0,17.0,17.0,0.6666666666666666,0.0,0.0,100.0,0.2840268821139714,,INSUFFICIENT
SWSOLAR.NS,4,1,3,0,4,25.0,1.3481210060711688,1.3481210060711688,8.25,22.0,22.0,3.3333333333333335,0.0,0.0,0.0,0.16340860679650532,,INSUFFICIENT
CARTRADE.NS,5,1,3,1,4,25.0,1.733497601011209,1.733497601011209,16.6,6.0,6.0,4.333333333333333,0.0,100.0,100.0,0.10442756632597644,,INSUFFICIENT
DHANBANK.NS,4,1,3,0,4,25.0,0.7440093378942512,0.7440093378942512,9.5,33.0,33.0,1.6666666666666667,0.0,0.0,0.0,0.07831677240992117,,INSUFFICIENT
UDS.NS,5,1,3,1,4,25.0,0.8589910179118186,0.8589910179118186,13.8,5.0,5.0,0.3333333333333333,100.0,100.0,100.0,0.062245725935639026,,INSUFFICIENT
VINCOFE.NS,5,1,3,1,4,25.0,0.5780502321545841,0.5780502321545841,14.2,1.0,1.0,2.6666666666666665,100.0,100.0,100.0,0.04070776282778761,,INSUFFICIENT
INTENTECH.NS,5,1,3,1,4,25.0,0.37566358588376547,0.37566358588376547,21.4,36.0,36.0,2.6666666666666665,0.0,0.0,0.0,0.017554373172138576,,INSUFFICIENT
INDIASHLTR.NS,5,1,3,1,4,25.0,-0.3278528686486963,-0.3278528686486963,19.6,0.0,0.0,11.666666666666666,100.0,100.0,100.0,-0.01672718717595389,,INSUFFICIENT
CORALFINAC.NS,4,1,3,0,4,25.0,-0.5657358974890698,-0.5657358974890698,7.75,28.0,28.0,0.0,0.0,0.0,0.0,-0.0729981803211703,,INSUFFICIENT
SHAREINDIA.NS,5,1,3,1,4,25.0,-1.478571987353043,-1.478571987353043,20.0,22.0,22.0,5.666666666666667,0.0,0.0,0.0,-0.07392859936765214,,INSUFFICIENT
RCF.NS,5,1,3,1,4,25.0,-1.85562259419969,-1.85562259419969,21.0,2.0,2.0,13.666666666666666,100.0,100.0,100.0,-0.08836298067617572,,INSUFFICIENT
KSHINTL.NS,4,1,3,0,4,25.0,-0.26136114000747745,-0.26136114000747745,2.75,8.0,8.0,0.0,0.0,100.0,100.0,-0.09504041454817362,,INSUFFICIENT
HONAUT.NS,5,1,3,1,4,25.0,-3.1623987756377865,-3.1623987756377865,32.8,7.0,7.0,32.0,0.0,100.0,100.0,-0.0964145968182252,,INSUFFICIENT
EXIDEIND.NS,5,1,3,1,4,25.0,-2.1154203157718703,-2.1154203157718703,18.4,24.0,24.0,1.6666666666666667,0.0,0.0,0.0,-0.11496849542238427,,INSUFFICIENT
NSLNISP.NS,4,1,3,0,4,25.0,-0.5514145618844708,-0.5514145618844708,4.75,4.0,4.0,4.333333333333333,100.0,100.0,100.0,-0.11608727618620437,,INSUFFICIENT
IOLCP.NS,4,1,3,0,4,25.0,-2.408432841296868,-2.408432841296868,20.25,19.0,19.0,20.0,0.0,0.0,100.0,-0.11893495512577126,,INSUFFICIENT
VIPIND.NS,5,1,3,1,4,25.0,-2.7740858751252873,-2.7740858751252873,20.8,5.0,5.0,12.666666666666666,100.0,100.0,100.0,-0.13336951322717727,,INSUFFICIENT
GOCOLORS.NS,5,1,3,1,4,25.0,-2.953098210956271,-2.953098210956271,22.0,3.0,3.0,15.333333333333334,100.0,100.0,100.0,-0.1342317368616487,,INSUFFICIENT
SUNTV.NS,4,1,3,0,4,25.0,-1.4651952702381814,-1.4651952702381814,10.5,36.0,36.0,1.3333333333333333,0.0,0.0,0.0,-0.1395424066893506,,INSUFFICIENT
EPACK.NS,4,1,3,0,4,25.0,-1.1369014826879575,-1.1369014826879575,7.75,16.0,16.0,4.666666666666667,0.0,0.0,100.0,-0.14669696550812356,,INSUFFICIENT
TBOTEK.NS,5,1,3,1,4,25.0,-2.4826877159446825,-2.4826877159446825,16.4,1.0,1.0,6.333333333333333,100.0,100.0,100.0,-0.15138339731370018,,INSUFFICIENT
GSLSU.NS,4,1,3,0,4,25.0,-0.41922064760265254,-0.41922064760265254,2.75,5.0,5.0,1.3333333333333333,100.0,100.0,100.0,-0.15244387185551,,INSUFFICIENT
MEDIASSIST.NS,4,1,3,0,4,25.0,-0.7122162452521472,-0.7122162452521472,4.5,10.0,10.0,2.0,0.0,100.0,100.0,-0.1582702767226994,,INSUFFICIENT
RENUKA.NS,5,1,3,1,4,25.0,-3.205537088611783,-3.205537088611783,15.8,1.0,1.0,5.0,100.0,100.0,100.0,-0.20288209421593562,,INSUFFICIENT
SUDARCOLOR.NS,5,1,3,1,4,25.0,-3.802148073992967,-3.802148073992967,14.0,1.0,1.0,3.0,100.0,100.0,100.0,-0.2715820052852119,,INSUFFICIENT
STYRENIX.NS,4,1,3,0,4,25.0,-5.554381738527039,-5.554381738527039,16.0,10.0,10.0,18.0,0.0,100.0,100.0,-0.34714885865793993,,INSUFFICIENT
NOVARTIND.NS,4,1,3,0,4,25.0,-4.5025146246922105,-4.5025146246922105,12.0,0.0,0.0,15.333333333333334,100.0,100.0,100.0,-0.3752095520576842,,INSUFFICIENT
CPPLUS.NS,4,1,3,0,4,25.0,-1.1623319059338388,-1.1623319059338388,2.5,3.0,3.0,2.0,100.0,100.0,100.0,-0.46493276237353554,,INSUFFICIENT
TIPSFILMS.NS,4,1,3,0,4,25.0,-2.8315678506349964,-2.8315678506349964,6.0,3.0,3.0,6.333333333333333,100.0,100.0,100.0,-0.47192797510583273,,INSUFFICIENT
INDOWIND.NS,4,1,3,0,4,25.0,-7.6718967730329135,-7.6718967730329135,13.75,2.0,2.0,17.333333333333332,100.0,100.0,100.0,-0.5579561289478483,,INSUFFICIENT
ANDHRSUGAR.NS,4,1,3,0,4,25.0,-3.282189739237309,-3.282189739237309,5.75,1.0,1.0,7.0,100.0,100.0,100.0,-0.5708156068238798,,INSUFFICIENT
GMMPFAUDLR.NS,4,1,3,0,4,25.0,-3.3510179674475538,-3.3510179674475538,5.75,0.0,0.0,6.666666666666667,100.0,100.0,100.0,-0.5827857334691398,,INSUFFICIENT
PIRAMALFIN.NS,4,1,3,0,4,25.0,-1.26321988515207,-1.26321988515207,2.0,5.0,5.0,0.0,100.0,100.0,100.0,-0.631609942576035,,INSUFFICIENT
MANAKALUCO.NS,4,1,3,0,4,25.0,-3.2905348161258896,-3.2905348161258896,4.5,14.0,14.0,0.6666666666666666,0.0,0.0,100.0,-0.7312299591390866,,INSUFFICIENT
UEL.NS,4,1,3,0,4,25.0,-1.8816162332513668,-1.8816162332513668,1.0,1.0,1.0,0.3333333333333333,100.0,100.0,100.0,-1.8816162332513668,,INSUFFICIENT
ISHANCH.NS,4,1,3,0,4,25.0,-3.0588870394766587,-3.0588870394766587,1.0,0.0,0.0,0.0,100.0,100.0,100.0,-3.0588870394766587,,INSUFFICIENT
AKI.NS,5,1,4,0,5,20.0,1.8777526403876295,1.8777526403876295,4.8,20.0,20.0,0.0,0.0,0.0,100.0,0.3911984667474228,,INSUFFICIENT
KANPRPLA.NS,5,1,4,0,5,20.0,1.3834192613956993,1.3834192613956993,5.6,14.0,14.0,2.75,0.0,0.0,100.0,0.2470391538206606,,INSUFFICIENT
DOLATALGO.NS,5,1,4,0,5,20.0,1.4813765628204227,1.4813765628204227,7.6,27.0,27.0,2.5,0.0,0.0,0.0,0.1949179687921609,,INSUFFICIENT
SGFIN.NS,5,1,4,0,5,20.0,-0.1933067998722736,-0.1933067998722736,5.4,22.0,22.0,0.5,0.0,0.0,0.0,-0.03579755553190252,,INSUFFICIENT
KRBL.NS,5,1,4,0,5,20.0,-1.3212820074297533,-1.3212820074297533,16.2,21.0,21.0,14.5,0.0,0.0,0.0,-0.08156061774257736,,INSUFFICIENT
VISAKAIND.NS,5,1,4,0,5,20.0,-1.2628962831691446,-1.2628962831691446,15.2,16.0,16.0,14.75,0.0,0.0,100.0,-0.08308528178744373,,INSUFFICIENT
FIVESTAR.NS,5,1,4,0,5,20.0,-2.464522140937285,-2.464522140937285,14.0,12.0,12.0,14.25,0.0,0.0,100.0,-0.17603729578123464,,INSUFFICIENT
GREAVESCOT.NS,5,1,4,0,5,20.0,-1.8548569598419253,-1.8548569598419253,10.4,20.0,20.0,7.5,0.0,0.0,100.0,-0.17835163075403127,,INSUFFICIENT
CONFIPET.NS,5,1,4,0,5,20.0,-4.321303913940694,-4.321303913940694,22.8,18.0,18.0,23.5,0.0,0.0,100.0,-0.18953087341845148,,INSUFFICIENT
JYOTICNC.NS,5,1,4,0,5,20.0,-5.559407525722968,-5.559407525722968,24.4,4.0,4.0,29.5,100.0,100.0,100.0,-0.22784457072635114,,INSUFFICIENT
HYUNDAI.NS,5,1,4,0,5,20.0,-2.2054968350136606,-2.2054968350136606,7.8,6.0,6.0,8.0,0.0,100.0,100.0,-0.28275600448893085,,INSUFFICIENT
MANAKSTEEL.NS,5,1,4,0,5,20.0,-1.17632516193138,-1.17632516193138,4.0,12.0,12.0,1.5,0.0,0.0,100.0,-0.294081290482845,,INSUFFICIENT
CONCORDBIO.NS,5,1,4,0,5,20.0,-2.4935383061346976,-2.4935383061346976,8.2,4.0,4.0,8.75,100.0,100.0,100.0,-0.30409003733349976,,INSUFFICIENT
SUNCLAY.NS,5,1,4,0,5,20.0,-2.659793498812365,-2.659793498812365,7.2,0.0,0.0,8.25,100.0,100.0,100.0,-0.3694157637239395,,INSUFFICIENT
BHARATRAS.NS,5,1,4,0,5,20.0,-4.651900954298833,-4.651900954298833,11.4,0.0,0.0,13.75,100.0,100.0,100.0,-0.4080614872191959,,INSUFFICIENT
ATHERENERG.NS,5,1,4,0,5,20.0,-3.2650081827290025,-3.2650081827290025,7.6,0.0,0.0,8.75,100.0,100.0,100.0,-0.42960633983276353,,INSUFFICIENT
RKEC.NS,5,1,4,0,5,20.0,-4.284486057950055,-4.284486057950055,9.4,16.0,16.0,7.5,0.0,0.0,100.0,-0.4557963891436228,,INSUFFICIENT
GENCON.NS,5,1,4,0,5,20.0,-2.764324959673309,-2.764324959673309,5.6,2.0,2.0,6.25,100.0,100.0,100.0,-0.4936294570845195,,INSUFFICIENT
ORIENTCER.NS,5,1,4,0,5,20.0,-5.622253179465618,-5.622253179465618,11.2,1.0,1.0,13.5,100.0,100.0,100.0,-0.501986891023716,,INSUFFICIENT
CENTRALBK.NS,5,1,4,0,5,20.0,-1.5626513231476227,-1.5626513231476227,3.0,10.0,10.0,1.0,0.0,100.0,100.0,-0.5208837743825409,,INSUFFICIENT
HEADSUP.NS,5,1,4,0,5,20.0,-5.375488780616303,-5.375488780616303,9.8,1.0,1.0,11.75,100.0,100.0,100.0,-0.5485192633281941,,INSUFFICIENT
JMA.NS,5,1,4,0,5,20.0,-3.9902986681616235,-3.9902986681616235,6.8,3.0,3.0,7.25,100.0,100.0,100.0,-0.586808627670827,,INSUFFICIENT
ALPHAGEO.NS,5,1,4,0,5,20.0,-5.212822116319877,-5.212822116319877,8.6,27.0,27.0,3.25,0.0,0.0,0.0,-0.606142106548823,,INSUFFICIENT
HIMATSEIDE.NS,5,1,4,0,5,20.0,-9.35552730400481,-9.35552730400481,14.8,3.0,3.0,17.75,100.0,100.0,100.0,-0.6321302232435682,,INSUFFICIENT
BUILDPRO.NS,5,1,4,0,5,20.0,-0.9498531831386969,-0.9498531831386969,1.4,3.0,3.0,0.0,100.0,100.0,100.0,-0.6784665593847836,,INSUFFICIENT
THELEELA.NS,5,1,4,0,5,20.0,-1.7937320310853757,-1.7937320310853757,2.6,4.0,4.0,1.75,100.0,100.0,100.0,-0.6898969350328368,,INSUFFICIENT
SHANTI.NS,5,1,4,0,5,20.0,-9.521742243642754,-9.521742243642754,10.0,4.0,4.0,11.25,100.0,100.0,100.0,-0.9521742243642753,,INSUFFICIENT
MANGALAM.NS,5,1,4,0,5,20.0,-2.9949758893027445,-2.9949758893027445,3.0,1.0,1.0,2.75,100.0,100.0,100.0,-0.9983252964342482,,INSUFFICIENT
DIAMINESQ.NS,5,1,4,0,5,20.0,-2.0363649530808843,-2.0363649530808843,1.6,1.0,1.0,1.0,100.0,100.0,100.0,-1.2727280956755527,,INSUFFICIENT
USK.NS,5,1,4,0,5,20.0,-4.875293006004311,-4.875293006004311,2.6,0.0,0.0,2.5,100.0,100.0,100.0,-1.8751126946170427,,INSUFFICIENT
BEPL.NS,2,0,1,1,1,0.0,8.335317577851693,8.335317577851693,30.5,,,0.0,,,,0.27328910091317027,,INSUFFICIENT
KSR.NS,2,0,1,1,1,0.0,7.787692322167237,7.787692322167237,31.0,,,0.0,,,,0.25121588136023343,,INSUFFICIENT
ICICIPRULI.NS,2,0,1,1,1,0.0,6.4893395326499315,6.4893395326499315,31.5,,,0.0,,,,0.20601077881428353,,INSUFFICIENT
DEN.NS,4,0,3,1,3,0.0,2.1853098197647234,2.1853098197647234,15.75,,,0.0,,,,0.13874982982633163,,INSUFFICIENT
GRMOVER.NS,2,0,1,1,1,0.0,4.335279579528016,4.335279579528016,32.5,,,3.0,,,,0.13339321783163124,,INSUFFICIENT
VOLTAS.NS,3,0,2,1,2,0.0,2.675566075807037,2.675566075807037,24.0,,,5.5,,,,0.11148191982529321,,INSUFFICIENT
ASAL.NS,2,0,1,1,1,0.0,3.170910477071982,3.170910477071982,32.5,,,5.0,,,,0.09756647621759945,,INSUFFICIENT
MCLOUD.NS,2,0,1,1,1,0.0,2.1477363513170333,2.1477363513170333,31.0,,,0.0,,,,0.06928181778442043,,INSUFFICIENT
DEEPAKNTR.NS,2,0,1,1,1,0.0,1.9390856435321215,1.9390856435321215,31.5,,,1.0,,,,0.06155827439784513,,INSUFFICIENT
RISHABH.NS,4,0,3,1,3,0.0,0.8445566436101437,0.8445566436101437,17.75,,,3.0,,,,0.04758065597803626,,INSUFFICIENT
UNIPARTS.NS,3,0,2,1,2,0.0,1.1667814612632192,1.1667814612632192,28.333333333333332,,,11.0,,,,0.04118052216223127,,INSUFFICIENT
BSOFT.NS,2,0,1,1,1,0.0,1.1893765208105433,1.1893765208105433,30.5,,,0.0,,,,0.03899595150198503,,INSUFFICIENT
SANOFI.NS,2,0,1,1,1,0.0,1.032078860385667,1.032078860385667,36.5,,,13.0,,,,0.02827613316125115,,INSUFFICIENT
MUTHOOTCAP.NS,2,0,1,1,1,0.0,0.5916487895881306,0.5916487895881306,34.0,,,8.0,,,,0.017401434987886193,,INSUFFICIENT
ENRIN.NS,3,0,2,1,2,0.0,0.13662845054716458,0.13662845054716458,25.333333333333332,,,7.0,,,,0.005393228311072286,,INSUFFICIENT
DHARMAJ.NS,5,0,3,2,3,0.0,0.06449944599207029,0.06449944599207029,28.6,,,6.0,,,,0.0022552253843381217,,INSUFFICIENT
HONASA.NS,2,0,1,1,1,0.0,-0.4036161811519685,-0.4036161811519685,30.5,,,0.0,,,,-0.01323331741481864,,INSUFFICIENT
WAAREEENER.NS,3,0,1,2,1,0.0,-1.410011101777928,-1.410011101777928,44.666666666666664,,,13.0,,,,-0.03156741272637152,,INSUFFICIENT
CAMS.NS,5,0,4,1,4,0.0,-0.5468585278076568,-0.5468585278076568,12.8,,,0.0,,,,-0.04272332248497318,,INSUFFICIENT
KOTAKBANK.NS,2,0,1,1,1,0.0,-2.05823768131769,-2.05823768131769,40.5,,,21.0,,,,-0.050820683489325676,,INSUFFICIENT
EQUITASBNK.NS,4,0,3,1,3,0.0,-1.080813424980533,-1.080813424980533,19.0,,,4.0,,,,-0.056884917104238576,,INSUFFICIENT
EXPLEOSOL.NS,2,0,1,1,1,0.0,-2.1172995799861742,-2.1172995799861742,30.5,,,0.0,,,,-0.06941965836020243,,INSUFFICIENT
GATEWAY.NS,5,0,4,1,4,0.0,-1.4594430528690991,-1.4594430528690991,15.6,,,4.0,,,,-0.09355404185058327,,INSUFFICIENT
DALBHARAT.NS,3,0,1,2,1,0.0,-4.31804182204107,-4.31804182204107,45.0,,,15.0,,,,-0.095956484934246,,INSUFFICIENT
LICHSGFIN.NS,4,0,3,1,3,0.0,-3.9689665685091615,-3.9689665685091615,39.25,,,32.0,,,,-0.10112016735055189,,INSUFFICIENT
FEDFINA.NS,4,0,3,1,3,0.0,-2.3291544593941795,-2.3291544593941795,20.75,,,7.666666666666667,,,,-0.1122484076816472,,INSUFFICIENT
IDEA.NS,4,0,3,1,3,0.0,-2.4353036657836062,-2.4353036657836062,19.25,,,5.333333333333333,,,,-0.12650928133940811,,INSUFFICIENT
MUNJALSHOW.NS,3,0,2,1,2,0.0,-2.883918766746041,-2.883918766746041,20.666666666666668,,,0.0,,,,-0.13954445645545357,,INSUFFICIENT
VERANDA.NS,3,0,2,1,2,0.0,-5.509410234667747,-5.509410234667747,34.333333333333336,,,21.5,,,,-0.1604682592621674,,INSUFFICIENT
CHEVIOT.NS,4,0,3,1,3,0.0,-2.6471012443798796,-2.6471012443798796,15.75,,,0.0,,,,-0.1680699202780876,,INSUFFICIENT
MPHASIS.NS,5,0,3,2,3,0.0,-5.165906370943757,-5.165906370943757,30.0,,,8.333333333333334,,,,-0.17219687903145858,,INSUFFICIENT
ALKEM.NS,3,0,2,1,2,0.0,-4.897237291864887,-4.897237291864887,27.0,,,9.5,,,,-0.18137915895795878,,INSUFFICIENT
MASTEK.NS,5,0,4,1,4,0.0,-4.390333254911058,-4.390333254911058,24.0,,,14.75,,,,-0.18293055228796073,,INSUFFICIENT
AARTIDRUGS.NS,4,0,3,1,3,0.0,-5.274664808617231,-5.274664808617231,28.0,,,17.0,,,,-0.18838088602204398,,INSUFFICIENT
JAINREC.NS,1,0,1,0,1,0.0,-6.621996015856081,-6.621996015856081,33.0,,,33.0,,,,-0.20066654593503275,,INSUFFICIENT
SHILCTECH.NS,1,0,1,0,1,0.0,-10.628645737039134,-10.628645737039134,51.0,,,51.0,,,,-0.20840481837331637,,INSUFFICIENT
KNAGRI.NS,5,0,4,1,4,0.0,-3.964957594017359,-3.964957594017359,18.4,,,7.0,,,,-0.215486825761813,,INSUFFICIENT
AKG.NS,3,0,2,1,2,0.0,-4.629595276519717,-4.629595276519717,20.666666666666668,,,0.0,,,,-0.22401267467030886,,INSUFFICIENT
IXIGO.NS,4,0,3,1,3,0.0,-3.904892269540112,-3.904892269540112,16.75,,,1.0,,,,-0.2331278966889619,,INSUFFICIENT
NAZARA.NS,4,0,3,1,3,0.0,-6.631735445795332,-6.631735445795332,28.25,,,16.666666666666668,,,,-0.23475169719629493,,INSUFFICIENT
ATAM.NS,4,0,3,1,3,0.0,-4.738468483582913,-4.738468483582913,19.75,,,5.0,,,,-0.23992245486495764,,INSUFFICIENT
TATVA.NS,3,0,3,0,3,0.0,-5.563054730551992,-5.563054730551992,22.0,,,22.0,,,,-0.2528661241159997,,INSUFFICIENT
ANUHPHR.NS,1,0,1,0,1,0.0,-12.360737354197788,-12.360737354197788,46.0,,,46.0,,,,-0.2687116816129954,,INSUFFICIENT
VALIANTLAB.NS,1,0,1,0,1,0.0,-5.753478555132404,-5.753478555132404,21.0,,,21.0,,,,-0.27397516929201926,,INSUFFICIENT
IPL.NS,4,0,3,1,3,0.0,-5.021302631807391,-5.021302631807391,18.0,,,3.0,,,,-0.2789612573226328,,INSUFFICIENT
5PAISA.NS,4,0,3,1,3,0.0,-4.472810105148659,-4.472810105148659,15.75,,,0.0,,,,-0.2839879431840418,,INSUFFICIENT
KABRAEXTRU.NS,5,0,4,1,4,0.0,-5.270494116233058,-5.270494116233058,18.4,,,7.25,,,,-0.28643989762136185,,INSUFFICIENT
NIPPOBATRY.NS,4,0,3,1,3,0.0,-6.458157332574444,-6.458157332574444,22.5,,,8.666666666666666,,,,-0.2870292147810864,,INSUFFICIENT
SCPL.NS,5,0,4,1,4,0.0,-3.7232900876284445,-3.7232900876284445,12.8,,,0.25,,,,-0.2908820380959722,,INSUFFICIENT
ALOKINDS.NS,3,0,2,1,2,0.0,-6.506271487804088,-6.506271487804088,21.333333333333332,,,1.5,,,,-0.30498147599081665,,INSUFFICIENT
SBICARD.NS,1,0,1,0,1,0.0,-3.985625904522743,-3.985625904522743,13.0,,,13.0,,,,-0.306586608040211,,INSUFFICIENT
FINPIPE.NS,4,0,3,1,3,0.0,-4.968289704978634,-4.968289704978634,15.75,,,0.0,,,,-0.31544696539546885,,INSUFFICIENT
MOSCHIP.NS,2,0,2,0,2,0.0,-7.911633082963851,-7.911633082963851,25.0,,,24.5,,,,-0.31646532331855404,,INSUFFICIENT
ATUL.NS,3,0,3,0,3,0.0,-6.114860927607668,-6.114860927607668,18.333333333333332,,,18.333333333333332,,,,-0.3335378687786001,,INSUFFICIENT
SOMANYCERA.NS,5,0,4,1,4,0.0,-5.6454120852260505,-5.6454120852260505,16.8,,,5.5,,,,-0.3360364336444078,,INSUFFICIENT
SANOFICONR.NS,3,0,3,0,3,0.0,-3.9892728645083246,-3.9892728645083246,11.666666666666666,,,11.333333333333334,,,,-0.3419376741007136,,INSUFFICIENT
RGL.NS,5,0,4,1,4,0.0,-4.806267083182566,-4.806267083182566,14.0,,,1.75,,,,-0.34330479165589756,,INSUFFICIENT
GODIGIT.NS,5,0,4,1,4,0.0,-4.595471997022188,-4.595471997022188,13.2,,,0.0,,,,-0.3481418179562264,,INSUFFICIENT
TAKE.NS,2,0,1,1,1,0.0,-10.67570885273193,-10.67570885273193,30.5,,,0.0,,,,-0.350023241073178,,INSUFFICIENT
YATRA.NS,3,0,2,1,2,0.0,-7.663468760032213,-7.663468760032213,21.333333333333332,,,0.0,,,,-0.35922509812651,,INSUFFICIENT
QUESS.NS,3,0,2,1,2,0.0,-7.899014404703135,-7.899014404703135,21.333333333333332,,,0.0,,,,-0.3702663002204595,,INSUFFICIENT
NBIFIN.NS,5,0,4,1,4,0.0,-4.772199513350546,-4.772199513350546,12.8,,,0.0,,,,-0.37282808698051134,,INSUFFICIENT
HATSUN.NS,5,0,4,1,4,0.0,-5.745139249575817,-5.745139249575817,14.8,,,2.25,,,,-0.3881850844307984,,INSUFFICIENT
TARSONS.NS,1,0,1,0,1,0.0,-13.11401377069573,-13.11401377069573,32.0,,,32.0,,,,-0.40981293033424154,,INSUFFICIENT
TRUALT.NS,1,0,1,0,1,0.0,-13.18598613284753,-13.18598613284753,32.0,,,32.0,,,,-0.4120620666514853,,INSUFFICIENT
EUREKAFORB.NS,4,0,4,0,4,0.0,-5.646051522931717,-5.646051522931717,12.75,,,12.25,,,,-0.44282757042601706,,INSUFFICIENT
MODIS.NS,3,0,3,0,3,0.0,-5.194789004946736,-5.194789004946736,11.666666666666666,,,11.0,,,,-0.4452676289954345,,INSUFFICIENT
AFIL.NS,3,0,2,1,2,0.0,-9.510852379690908,-9.510852379690908,21.333333333333332,,,1.5,,,,-0.44582120529801134,,INSUFFICIENT
AAVAS.NS,2,0,2,0,2,0.0,-4.935173614524496,-4.935173614524496,11.0,,,10.5,,,,-0.4486521467749542,,INSUFFICIENT
TOLINS.NS,2,0,2,0,2,0.0,-13.68659174090093,-13.68659174090093,30.5,,,30.5,,,,-0.4487407128164239,,INSUFFICIENT
PWL.NS,1,0,1,0,1,0.0,-16.74204869739514,-16.74204869739514,37.0,,,37.0,,,,-0.4524878026323011,,INSUFFICIENT
SAATVIKGL.NS,3,0,3,0,3,0.0,-6.144833106042415,-6.144833106042415,13.333333333333334,,,13.0,,,,-0.4608624829531811,,INSUFFICIENT
PLATIND.NS,4,0,4,0,4,0.0,-5.584921894285758,-5.584921894285758,12.0,,,11.75,,,,-0.4654101578571465,,INSUFFICIENT
TRAVELFOOD.NS,4,0,4,0,4,0.0,-4.685571904952202,-4.685571904952202,10.0,,,9.5,,,,-0.46855719049522027,,INSUFFICIENT
ALMONDZ.NS,4,0,3,1,3,0.0,-8.942553978178378,-8.942553978178378,18.5,,,4.333333333333333,,,,-0.48338129611775016,,INSUFFICIENT
AEPL.NS,2,0,2,0,2,0.0,-8.516028523792876,-8.516028523792876,17.5,,,17.0,,,,-0.4866302013595929,,INSUFFICIENT
BANDHANBNK.NS,3,0,3,0,3,0.0,-6.020011271571591,-6.020011271571591,12.0,,,12.0,,,,-0.5016676059642993,,INSUFFICIENT
LGEINDIA.NS,3,0,3,0,3,0.0,-4.228434784847621,-4.228434784847621,8.333333333333334,,,7.666666666666667,,,,-0.5074121741817145,,INSUFFICIENT
STOVEKRAFT.NS,3,0,3,0,3,0.0,-10.04229491946274,-10.04229491946274,18.666666666666668,,,18.0,,,,-0.5379800849712182,,INSUFFICIENT
STYLEBAAZA.NS,4,0,3,1,3,0.0,-8.767948178037772,-8.767948178037772,15.75,,,0.3333333333333333,,,,-0.5566951224150967,,INSUFFICIENT
ELIN.NS,1,0,1,0,1,0.0,-16.971029559233468,-16.971029559233468,29.0,,,29.0,,,,-0.5852079158356368,,INSUFFICIENT
HARSHA.NS,3,0,3,0,3,0.0,-7.842644181492239,-7.842644181492239,13.333333333333334,,,12.666666666666666,,,,-0.5881983136119179,,INSUFFICIENT
HGS.NS,2,0,2,0,2,0.0,-3.5363464298888525,-3.5363464298888525,6.0,,,6.0,,,,-0.5893910716481421,,INSUFFICIENT
MOL.NS,2,0,2,0,2,0.0,-11.011396469224076,-11.011396469224076,18.5,,,18.5,,,,-0.5952106199580581,,INSUFFICIENT
AMBIKCO.NS,1,0,1,0,1,0.0,-8.022970078331387,-8.022970078331387,13.0,,,13.0,,,,-0.6171515444870297,,INSUFFICIENT
ACI.NS,4,0,4,0,4,0.0,-7.683961326944224,-7.683961326944224,12.0,,,11.75,,,,-0.6403301105786853,,INSUFFICIENT
PICCADIL.NS,3,0,3,0,3,0.0,-6.22122816629846,-6.22122816629846,9.666666666666666,,,9.0,,,,-0.6435753275481166,,INSUFFICIENT
MMWL.NS,1,0,1,0,1,0.0,-7.798790856740462,-7.798790856740462,12.0,,,12.0,,,,-0.6498992380617051,,INSUFFICIENT
ONESOURCE.NS,1,0,1,0,1,0.0,-10.082533359390297,-10.082533359390297,15.0,,,15.0,,,,-0.6721688906260198,,INSUFFICIENT
NILKAMAL.NS,2,0,2,0,2,0.0,-8.49472380406121,-8.49472380406121,12.5,,,12.0,,,,-0.6795779043248967,,INSUFFICIENT
DDEVPLSTIK.NS,3,0,3,0,3,0.0,-6.674081831430672,-6.674081831430672,9.666666666666666,,,9.333333333333334,,,,-0.6904222584238626,,INSUFFICIENT
EKC.NS,2,0,2,0,2,0.0,-4.7694474031148,-4.7694474031148,6.5,,,6.0,,,,-0.7337611389407385,,INSUFFICIENT
AARTIIND.NS,1,0,1,0,1,0.0,-6.901196418667293,-6.901196418667293,9.0,,,9.0,,,,-0.7667996020741437,,INSUFFICIENT
GUJENERGY.NS,5,0,5,0,5,0.0,-6.369673689333548,-6.369673689333548,8.2,,,7.8,,,,-0.7767894743089694,,INSUFFICIENT
BATAINDIA.NS,1,0,1,0,1,0.0,-2.3329374831619756,-2.3329374831619756,3.0,,,3.0,,,,-0.7776458277206585,,INSUFFICIENT
BHARATCOAL.NS,1,0,1,0,1,0.0,-10.50135055686814,-10.50135055686814,13.0,,,13.0,,,,-0.8077961966821646,,INSUFFICIENT
SPENCERS.NS,3,0,3,0,3,0.0,-10.21163919081456,-10.21163919081456,12.333333333333334,,,11.666666666666666,,,,-0.8279707452011805,,INSUFFICIENT
MANORG.NS,1,0,1,0,1,0.0,-11.67834714065159,-11.67834714065159,14.0,,,14.0,,,,-0.834167652903685,,INSUFFICIENT
THEINVEST.NS,4,0,4,0,4,0.0,-9.715564601592783,-9.715564601592783,11.5,,,11.25,,,,-0.8448317044863289,,INSUFFICIENT
ADVAIT.NS,3,0,3,0,3,0.0,-5.483426526251839,-5.483426526251839,6.333333333333333,,,6.333333333333333,,,,-0.8658041883555536,,INSUFFICIENT
RUPA.NS,3,0,3,0,3,0.0,-6.126874210505366,-6.126874210505366,7.0,,,6.666666666666667,,,,-0.8752677443579094,,INSUFFICIENT
AVL.NS,3,0,3,0,3,0.0,-7.943770833969622,-7.943770833969622,9.0,,,8.666666666666666,,,,-0.8826412037744025,,INSUFFICIENT
DISAQ.NS,2,0,2,0,2,0.0,-3.5323248788132147,-3.5323248788132147,4.0,,,4.0,,,,-0.8830812197033037,,INSUFFICIENT
EMBDL.NS,5,0,5,0,5,0.0,-9.367635433332474,-9.367635433332474,10.6,,,9.8,,,,-0.8837391918238183,,INSUFFICIENT
INDORAMA.NS,3,0,3,0,3,0.0,-12.722784006585186,-12.722784006585186,14.333333333333334,,,14.333333333333334,,,,-0.8876360934826873,,INSUFFICIENT
STLNETWORK.NS,1,0,1,0,1,0.0,-18.015445538645018,-18.015445538645018,20.0,,,20.0,,,,-0.9007722769322509,,INSUFFICIENT
LENSKART.NS,5,0,5,0,5,0.0,-3.6884790218970642,-3.6884790218970642,4.0,,,3.4,,,,-0.9221197554742661,,INSUFFICIENT
ATLASCYCLE.NS,1,0,1,0,1,0.0,-18.51372993864909,-18.51372993864909,20.0,,,20.0,,,,-0.9256864969324544,,INSUFFICIENT
CARRARO.NS,2,0,2,0,2,0.0,-12.17705245813056,-12.17705245813056,13.0,,,12.5,,,,-0.9366963429331201,,INSUFFICIENT
ARKADE.NS,3,0,3,0,3,0.0,-7.295438856110059,-7.295438856110059,7.666666666666667,,,7.333333333333333,,,,-0.9515789812317468,,INSUFFICIENT
POLYPLEX.NS,4,0,4,0,4,0.0,-4.108035368879103,-4.108035368879103,4.25,,,3.5,,,,-0.9665965573833184,,INSUFFICIENT
EUROPRATIK.NS,1,0,1,0,1,0.0,-2.925765470746407,-2.925765470746407,3.0,,,3.0,,,,-0.9752551569154689,,INSUFFICIENT
SAGILITY.NS,5,0,5,0,5,0.0,-5.682903053087607,-5.682903053087607,5.8,,,5.4,,,,-0.9798108712220012,,INSUFFICIENT
PROTEAN.NS,2,0,2,0,2,0.0,-4.489273776308856,-4.489273776308856,4.5,,,4.0,,,,-0.9976163947353014,,INSUFFICIENT
HEIDELBERG.NS,2,0,2,0,2,0.0,-9.510342284489978,-9.510342284489978,9.5,,,9.0,,,,-1.0010886615252608,,INSUFFICIENT
GNFC.NS,2,0,2,0,2,0.0,-6.077646555100777,-6.077646555100777,6.0,,,5.5,,,,-1.012941092516796,,INSUFFICIENT
MADHAV.NS,5,0,5,0,5,0.0,-8.328796988684934,-8.328796988684934,8.2,,,7.8,,,,-1.015706949839626,,INSUFFICIENT
RKSWAMY.NS,1,0,1,0,1,0.0,-7.237658152057835,-7.237658152057835,7.0,,,7.0,,,,-1.0339511645796908,,INSUFFICIENT
SUYOG.NS,2,0,2,0,2,0.0,-4.226174340924439,-4.226174340924439,4.0,,,3.5,,,,-1.0565435852311098,,INSUFFICIENT
RBZJEWEL.NS,2,0,2,0,2,0.0,-10.146595051159576,-10.146595051159576,9.5,,,9.0,,,,-1.068062636964166,,INSUFFICIENT
INDGN.NS,4,0,4,0,4,0.0,-6.459524211528178,-6.459524211528178,6.0,,,6.0,,,,-1.0765873685880296,,INSUFFICIENT
NEPHROPLUS.NS,2,0,2,0,2,0.0,-4.4000150210659505,-4.4000150210659505,4.0,,,3.5,,,,-1.1000037552664876,,INSUFFICIENT
TRACXN.NS,4,0,4,0,4,0.0,-8.544489001048174,-8.544489001048174,7.75,,,7.25,,,,-1.1025147098126675,,INSUFFICIENT
ORIENTBELL.NS,4,0,4,0,4,0.0,-6.913726473829257,-6.913726473829257,6.25,,,5.5,,,,-1.1061962358126811,,INSUFFICIENT
LAXMIINDIA.NS,4,0,4,0,4,0.0,-8.942491632355411,-8.942491632355411,8.0,,,7.5,,,,-1.1178114540444264,,INSUFFICIENT
VRAJ.NS,1,0,1,0,1,0.0,-6.95446562168498,-6.95446562168498,6.0,,,6.0,,,,-1.1590776036141632,,INSUFFICIENT
SAURASHCEM.NS,4,0,4,0,4,0.0,-4.959390031823858,-4.959390031823858,4.25,,,4.0,,,,-1.1669153016056137,,INSUFFICIENT
GPTHEALTH.NS,2,0,2,0,2,0.0,-8.767148678602211,-8.767148678602211,7.5,,,7.0,,,,-1.1689531571469616,,INSUFFICIENT
JKIPL.NS,2,0,2,0,2,0.0,-12.954255380517253,-12.954255380517253,11.0,,,11.0,,,,-1.177659580047023,,INSUFFICIENT
GLOBE.NS,1,0,1,0,1,0.0,-4.781709659317389,-4.781709659317389,4.0,,,4.0,,,,-1.1954274148293473,,INSUFFICIENT
NATCAPSUQ.NS,2,0,2,0,2,0.0,-9.267702091701164,-9.267702091701164,7.0,,,6.5,,,,-1.323957441671595,,INSUFFICIENT
NIITMTS.NS,5,0,5,0,5,0.0,-6.931910853743001,-6.931910853743001,5.2,,,4.8,,,,-1.3330597795659618,,INSUFFICIENT
DAVANGERE.NS,3,0,3,0,3,0.0,-7.3130869930981,-7.3130869930981,5.333333333333333,,,5.0,,,,-1.3712038112058937,,INSUFFICIENT
CEIGALL.NS,1,0,1,0,1,0.0,-15.15637949130081,-15.15637949130081,11.0,,,11.0,,,,-1.3778526810273464,,INSUFFICIENT
GTL.NS,1,0,1,0,1,0.0,-6.9995119532174614,-6.9995119532174614,5.0,,,5.0,,,,-1.3999023906434922,,INSUFFICIENT
IRCTC.NS,1,0,1,0,1,0.0,-18.366411480446448,-18.366411480446448,13.0,,,13.0,,,,-1.4128008831112653,,INSUFFICIENT
TANLA.NS,2,0,2,0,2,0.0,-4.264392979877334,-4.264392979877334,3.0,,,2.5,,,,-1.421464326625778,,INSUFFICIENT
GLAND.NS,2,0,2,0,2,0.0,-4.2733703679138495,-4.2733703679138495,3.0,,,2.5,,,,-1.4244567893046165,,INSUFFICIENT
IGCL.NS,1,0,1,0,1,0.0,-5.8760494123783955,-5.8760494123783955,4.0,,,4.0,,,,-1.4690123530945989,,INSUFFICIENT
ADVANCE.NS,3,0,3,0,3,0.0,-8.389826595357563,-8.389826595357563,5.666666666666667,,,5.0,,,,-1.480557634474864,,INSUFFICIENT
SAMBHV.NS,2,0,2,0,2,0.0,-10.547901124429384,-10.547901124429384,7.0,,,7.0,,,,-1.5068430177756262,,INSUFFICIENT
DIGISPICE.NS,2,0,2,0,2,0.0,-13.656303858906904,-13.656303858906904,9.0,,,8.5,,,,-1.5173670954341005,,INSUFFICIENT
RETAIL.NS,1,0,1,0,1,0.0,-10.676195730440007,-10.676195730440007,7.0,,,7.0,,,,-1.5251708186342867,,INSUFFICIENT
PYRAMID.NS,3,0,3,0,3,0.0,-6.70320458699194,-6.70320458699194,4.333333333333333,,,3.6666666666666665,,,,-1.5468933662289093,,INSUFFICIENT
ATL.NS,2,0,2,0,2,0.0,-7.023890676307318,-7.023890676307318,4.5,,,4.0,,,,-1.5608645947349595,,INSUFFICIENT
IBULLSLTD.NS,1,0,1,0,1,0.0,-9.457784344208196,-9.457784344208196,6.0,,,6.0,,,,-1.576297390701366,,INSUFFICIENT
ZEEL.NS,1,0,1,0,1,0.0,-6.404568679160523,-6.404568679160523,4.0,,,4.0,,,,-1.6011421697901307,,INSUFFICIENT
FISCHER.NS,1,0,1,0,1,0.0,-8.066742355153462,-8.066742355153462,5.0,,,5.0,,,,-1.6133484710306925,,INSUFFICIENT
MOKSH.NS,1,0,1,0,1,0.0,-9.905564735649767,-9.905564735649767,6.0,,,6.0,,,,-1.6509274559416278,,INSUFFICIENT
JAYKAY.NS,2,0,2,0,2,0.0,-9.4293760744067,-9.4293760744067,5.5,,,5.5,,,,-1.714432013528491,,INSUFFICIENT
LANCORHOL.NS,1,0,1,0,1,0.0,-5.151940292388979,-5.151940292388979,3.0,,,3.0,,,,-1.7173134307963265,,INSUFFICIENT
DENTA.NS,3,0,3,0,3,0.0,-6.920924765018576,-6.920924765018576,4.0,,,3.3333333333333335,,,,-1.730231191254644,,INSUFFICIENT
PIONEEREMB.NS,3,0,3,0,3,0.0,-12.297913420335172,-12.297913420335172,7.0,,,6.333333333333333,,,,-1.756844774333596,,INSUFFICIENT
SUBEXLTD.NS,3,0,3,0,3,0.0,-5.442406635410282,-5.442406635410282,3.0,,,2.3333333333333335,,,,-1.8141355451367607,,INSUFFICIENT
ARFIN.NS,5,0,5,0,5,0.0,-5.114113440405282,-5.114113440405282,2.8,,,2.4,,,,-1.8264690858590293,,INSUFFICIENT
MAXESTATES.NS,4,0,4,0,4,0.0,-4.575019851025543,-4.575019851025543,2.5,,,1.75,,,,-1.830007940410217,,INSUFFICIENT
MAHLOG.NS,1,0,1,0,1,0.0,-7.581405258698652,-7.581405258698652,4.0,,,4.0,,,,-1.895351314674663,,INSUFFICIENT
LIBAS.NS,2,0,2,0,2,0.0,-5.77664539971068,-5.77664539971068,3.0,,,2.5,,,,-1.9255484665702267,,INSUFFICIENT
MAWANASUG.NS,4,0,4,0,4,0.0,-5.582732424311342,-5.582732424311342,2.75,,,2.25,,,,-2.030084517931397,,INSUFFICIENT
OMPOWER.NS,1,0,1,0,1,0.0,-4.373022915382038,-4.373022915382038,2.0,,,2.0,,,,-2.186511457691019,,INSUFFICIENT
MANBA.NS,2,0,2,0,2,0.0,-4.391718204742294,-4.391718204742294,2.0,,,1.5,,,,-2.195859102371147,,INSUFFICIENT
PACEDIGITK.NS,2,0,2,0,2,0.0,-7.733694720845949,-7.733694720845949,3.5,,,3.0,,,,-2.2096270630988424,,INSUFFICIENT
ASHOKAMET.NS,2,0,2,0,2,0.0,-14.625988575312377,-14.625988575312377,6.5,,,6.5,,,,-2.2501520885095965,,INSUFFICIENT
GSPCROP.NS,2,0,2,0,2,0.0,-4.501900931816435,-4.501900931816435,2.0,,,1.5,,,,-2.2509504659082173,,INSUFFICIENT
JUNIPER.NS,1,0,1,0,1,0.0,-2.351812062973538,-2.351812062973538,1.0,,,0.0,,,,-2.351812062973538,,INSUFFICIENT
MIDWESTLTD.NS,1,0,1,0,1,0.0,-2.407510165445688,-2.407510165445688,1.0,,,0.0,,,,-2.407510165445688,,INSUFFICIENT
STANLEY.NS,1,0,1,0,1,0.0,-2.4270009961562127,-2.4270009961562127,1.0,,,0.0,,,,-2.4270009961562127,,INSUFFICIENT
JUBLFOOD.NS,1,0,1,0,1,0.0,-2.4301063228010533,-2.4301063228010533,1.0,,,0.0,,,,-2.4301063228010533,,INSUFFICIENT
RELAXO.NS,1,0,1,0,1,0.0,-2.478521343044259,-2.478521343044259,1.0,,,0.0,,,,-2.478521343044259,,INSUFFICIENT
BELLACASA.NS,2,0,2,0,2,0.0,-5.014040235037856,-5.014040235037856,2.0,,,1.5,,,,-2.507020117518928,,INSUFFICIENT
NIVABUPA.NS,1,0,1,0,1,0.0,-2.554836721484379,-2.554836721484379,1.0,,,0.0,,,,-2.554836721484379,,INSUFFICIENT
COASTCORP.NS,1,0,1,0,1,0.0,-7.704422167526914,-7.704422167526914,3.0,,,3.0,,,,-2.5681407225089714,,INSUFFICIENT
RAJPALAYAM.NS,2,0,2,0,2,0.0,-2.6239261762221573,-2.6239261762221573,1.0,,,0.0,,,,-2.6239261762221573,,INSUFFICIENT
SINGERIND.NS,3,0,3,0,3,0.0,-5.280360164614044,-5.280360164614044,2.0,,,1.3333333333333333,,,,-2.640180082307022,,INSUFFICIENT
GRINFRA.NS,1,0,1,0,1,0.0,-2.664069767507464,-2.664069767507464,1.0,,,0.0,,,,-2.664069767507464,,INSUFFICIENT
SAIPARENT.NS,2,0,2,0,2,0.0,-2.716182237386449,-2.716182237386449,1.0,,,0.0,,,,-2.716182237386449,,INSUFFICIENT
SILLYMONKS.NS,3,0,3,0,3,0.0,-10.87314405918265,-10.87314405918265,4.0,,,3.3333333333333335,,,,-2.7182860147956625,,INSUFFICIENT
TIMEX.NS,1,0,1,0,1,0.0,-2.7405873078763276,-2.7405873078763276,1.0,,,0.0,,,,-2.7405873078763276,,INSUFFICIENT
RHETAN.NS,5,0,5,0,5,0.0,-3.8451712669551847,-3.8451712669551847,1.4,,,0.8,,,,-2.7465509049679895,,INSUFFICIENT
TURTLEMINT.NS,2,0,2,0,2,0.0,-5.646001559951664,-5.646001559951664,2.0,,,1.5,,,,-2.823000779975832,,INSUFFICIENT
MEESHO.NS,3,0,3,0,3,0.0,-8.580534867417297,-8.580534867417297,3.0,,,2.3333333333333335,,,,-2.860178289139099,,INSUFFICIENT
ROSSARI.NS,1,0,1,0,1,0.0,-2.975993718404648,-2.975993718404648,1.0,,,0.0,,,,-2.975993718404648,,INSUFFICIENT
PROSTARM.NS,1,0,1,0,1,0.0,-2.993685823021611,-2.993685823021611,1.0,,,0.0,,,,-2.993685823021611,,INSUFFICIENT
JETFREIGHT.NS,1,0,1,0,1,0.0,-9.171509987659169,-9.171509987659169,3.0,,,3.0,,,,-3.05716999588639,,INSUFFICIENT
XELPMOC.NS,1,0,1,0,1,0.0,-3.0941856511390657,-3.0941856511390657,1.0,,,0.0,,,,-3.0941856511390657,,INSUFFICIENT
INDIQUBE.NS,1,0,1,0,1,0.0,-3.185239876451761,-3.185239876451761,1.0,,,0.0,,,,-3.185239876451761,,INSUFFICIENT
PRINCEPIPE.NS,1,0,1,0,1,0.0,-3.250925681555101,-3.250925681555101,1.0,,,0.0,,,,-3.250925681555101,,INSUFFICIENT
SECMARK.NS,5,0,5,0,5,0.0,-9.986421600267983,-9.986421600267983,3.0,,,2.6,,,,-3.3288072000893276,,INSUFFICIENT
SMARTWORKS.NS,2,0,2,0,2,0.0,-3.364589010099472,-3.364589010099472,1.0,,,0.0,,,,-3.364589010099472,,INSUFFICIENT
HERANBA.NS,1,0,1,0,1,0.0,-3.3811941978054283,-3.3811941978054283,1.0,,,0.0,,,,-3.3811941978054283,,INSUFFICIENT
CORONA.NS,4,0,4,0,4,0.0,-3.426798630598225,-3.426798630598225,1.0,,,0.25,,,,-3.426798630598225,,INSUFFICIENT
BORANA.NS,4,0,4,0,4,0.0,-6.002002894783022,-6.002002894783022,1.75,,,1.25,,,,-3.4297159398760124,,INSUFFICIENT
TVTODAY.NS,1,0,1,0,1,0.0,-3.437775462777473,-3.437775462777473,1.0,,,0.0,,,,-3.437775462777473,,INSUFFICIENT
INDIAMART.NS,1,0,1,0,1,0.0,-3.482168552011161,-3.482168552011161,1.0,,,1.0,,,,-3.482168552011161,,INSUFFICIENT
UNIMECH.NS,1,0,1,0,1,0.0,-13.96760216517134,-13.96760216517134,4.0,,,4.0,,,,-3.491900541292835,,INSUFFICIENT
MEDPLUS.NS,1,0,1,0,1,0.0,-3.512765734281938,-3.512765734281938,1.0,,,0.0,,,,-3.512765734281938,,INSUFFICIENT
KALAMANDIR.NS,1,0,1,0,1,0.0,-3.5881472773210223,-3.5881472773210223,1.0,,,0.0,,,,-3.5881472773210223,,INSUFFICIENT
PARKHOSPS.NS,3,0,3,0,3,0.0,-3.60304587056377,-3.60304587056377,1.0,,,0.0,,,,-3.60304587056377,,INSUFFICIENT
GANDHAR.NS,1,0,1,0,1,0.0,-22.2036965451605,-22.2036965451605,6.0,,,6.0,,,,-3.7006160908600836,,INSUFFICIENT
CIFL.NS,1,0,1,0,1,0.0,-3.702623883748636,-3.702623883748636,1.0,,,1.0,,,,-3.702623883748636,,INSUFFICIENT
MERCURYEV.NS,2,0,2,0,2,0.0,-3.7253918387890668,-3.7253918387890668,1.0,,,0.0,,,,-3.7253918387890668,,INSUFFICIENT
GLOBECIVIL.NS,1,0,1,0,1,0.0,-3.72999559465753,-3.72999559465753,1.0,,,0.0,,,,-3.72999559465753,,INSUFFICIENT
AJOONI.NS,3,0,3,0,3,0.0,-3.737815943541587,-3.737815943541587,1.0,,,0.0,,,,-3.737815943541587,,INSUFFICIENT
SVPGLOB.NS,1,0,1,0,1,0.0,-3.7492927815419415,-3.7492927815419415,1.0,,,0.0,,,,-3.7492927815419415,,INSUFFICIENT
SAYAJIHOTL.NS,2,0,2,0,2,0.0,-3.799824270756596,-3.799824270756596,1.0,,,0.5,,,,-3.799824270756596,,INSUFFICIENT
OMNI.NS,2,0,2,0,2,0.0,-3.8302969533480438,-3.8302969533480438,1.0,,,0.0,,,,-3.8302969533480438,,INSUFFICIENT
CANHLIFE.NS,3,0,3,0,3,0.0,-3.832756448316058,-3.832756448316058,1.0,,,0.3333333333333333,,,,-3.832756448316058,,INSUFFICIENT
TTML.NS,1,0,1,0,1,0.0,-3.8409885288864265,-3.8409885288864265,1.0,,,0.0,,,,-3.8409885288864265,,INSUFFICIENT
VIRINCHI.NS,1,0,1,0,1,0.0,-3.9361407650406224,-3.9361407650406224,1.0,,,0.0,,,,-3.9361407650406224,,INSUFFICIENT
FIRSTCRY.NS,2,0,2,0,2,0.0,-4.018675771713425,-4.018675771713425,1.0,,,0.0,,,,-4.018675771713425,,INSUFFICIENT
FABTECH.NS,2,0,2,0,2,0.0,-4.108975645915801,-4.108975645915801,1.0,,,0.5,,,,-4.108975645915801,,INSUFFICIENT
SANSTAR.NS,1,0,1,0,1,0.0,-4.188908048169119,-4.188908048169119,1.0,,,0.0,,,,-4.188908048169119,,INSUFFICIENT
SAMMAANCAP.NS,3,0,3,0,3,0.0,-4.203427672876577,-4.203427672876577,1.0,,,0.0,,,,-4.203427672876577,,INSUFFICIENT
CHEMPLASTS.NS,1,0,1,0,1,0.0,-4.291556595422839,-4.291556595422839,1.0,,,0.0,,,,-4.291556595422839,,INSUFFICIENT
PRIMO.NS,3,0,3,0,3,0.0,-4.3178147456367055,-4.3178147456367055,1.0,,,0.0,,,,-4.3178147456367055,,INSUFFICIENT
DIVGIITTS.NS,4,0,4,0,4,0.0,-4.340699330884052,-4.340699330884052,1.0,,,0.0,,,,-4.340699330884052,,INSUFFICIENT
RSL.NS,1,0,1,0,1,0.0,-4.349104448811587,-4.349104448811587,1.0,,,0.0,,,,-4.349104448811587,,INSUFFICIENT
SURAJLTD.NS,2,0,2,0,2,0.0,-4.376830473674453,-4.376830473674453,1.0,,,0.0,,,,-4.376830473674453,,INSUFFICIENT
EXXARO.NS,1,0,1,0,1,0.0,-4.387849053989954,-4.387849053989954,1.0,,,0.0,,,,-4.387849053989954,,INSUFFICIENT
AROGRANITE.NS,4,0,4,0,4,0.0,-4.402428558002761,-4.402428558002761,1.0,,,0.0,,,,-4.402428558002761,,INSUFFICIENT
BCPL.NS,1,0,1,0,1,0.0,-4.464185510917027,-4.464185510917027,1.0,,,0.0,,,,-4.464185510917027,,INSUFFICIENT
MAFATIND.NS,1,0,1,0,1,0.0,-4.483924400315982,-4.483924400315982,1.0,,,0.0,,,,-4.483924400315982,,INSUFFICIENT
AAKASH.NS,1,0,1,0,1,0.0,-13.48329449230129,-13.48329449230129,3.0,,,3.0,,,,-4.494431497433763,,INSUFFICIENT
ORIENTELEC.NS,2,0,2,0,2,0.0,-4.494576553242336,-4.494576553242336,1.0,,,0.0,,,,-4.494576553242336,,INSUFFICIENT
QUADFUTURE.NS,1,0,1,0,1,0.0,-4.529672358294797,-4.529672358294797,1.0,,,0.0,,,,-4.529672358294797,,INSUFFICIENT
PNGSREVA.NS,3,0,3,0,3,0.0,-6.1543234455223415,-6.1543234455223415,1.3333333333333333,,,0.6666666666666666,,,,-4.615742584141756,,INSUFFICIENT
FILATFASH.NS,1,0,1,0,1,0.0,-4.756146119715039,-4.756146119715039,1.0,,,0.0,,,,-4.756146119715039,,INSUFFICIENT
CMPDI.NS,1,0,1,0,1,0.0,-4.808753556875249,-4.808753556875249,1.0,,,0.0,,,,-4.808753556875249,,INSUFFICIENT
INDOCO.NS,1,0,1,0,1,0.0,-4.8331711777803354,-4.8331711777803354,1.0,,,1.0,,,,-4.8331711777803354,,INSUFFICIENT
INDOUS.NS,2,0,2,0,2,0.0,-9.697349039974817,-9.697349039974817,2.0,,,1.5,,,,-4.848674519987409,,INSUFFICIENT
MARSONS.NS,2,0,2,0,2,0.0,-4.877233906164997,-4.877233906164997,1.0,,,0.0,,,,-4.877233906164997,,INSUFFICIENT
NITTAGELA.NS,1,0,1,0,1,0.0,-4.879403116154505,-4.879403116154505,1.0,,,0.0,,,,-4.879403116154505,,INSUFFICIENT
SECURKLOUD.NS,1,0,1,0,1,0.0,-4.8802845653963765,-4.8802845653963765,1.0,,,0.0,,,,-4.8802845653963765,,INSUFFICIENT
AEGISVOPAK.NS,3,0,3,0,3,0.0,-4.983124411236411,-4.983124411236411,1.0,,,0.0,,,,-4.983124411236411,,INSUFFICIENT
METROGLOBL.NS,3,0,3,0,3,0.0,-5.070096931716943,-5.070096931716943,1.0,,,0.3333333333333333,,,,-5.070096931716943,,INSUFFICIENT
SADBHAV.NS,2,0,2,0,2,0.0,-5.197187910287763,-5.197187910287763,1.0,,,0.5,,,,-5.197187910287763,,INSUFFICIENT
ULTRAMAR.NS,1,0,1,0,1,0.0,-5.295607289768418,-5.295607289768418,1.0,,,0.0,,,,-5.295607289768418,,INSUFFICIENT
SAHLIBHFI.NS,2,0,2,0,2,0.0,-5.3015239678366495,-5.3015239678366495,1.0,,,0.0,,,,-5.3015239678366495,,INSUFFICIENT
VOGL.NS,1,0,1,0,1,0.0,-5.3461044997262555,-5.3461044997262555,1.0,,,0.0,,,,-5.3461044997262555,,INSUFFICIENT
SICAGEN.NS,2,0,2,0,2,0.0,-5.369985421062925,-5.369985421062925,1.0,,,0.0,,,,-5.369985421062925,,INSUFFICIENT
GTPL.NS,2,0,2,0,2,0.0,-5.442838616008709,-5.442838616008709,1.0,,,0.5,,,,-5.442838616008709,,INSUFFICIENT
AMBALALSA.NS,2,0,2,0,2,0.0,-5.492807758146094,-5.492807758146094,1.0,,,0.0,,,,-5.492807758146094,,INSUFFICIENT
CPEDU.NS,1,0,1,0,1,0.0,-5.54685684982814,-5.54685684982814,1.0,,,0.0,,,,-5.54685684982814,,INSUFFICIENT
HCL-INSYS.NS,2,0,2,0,2,0.0,-5.647266819722123,-5.647266819722123,1.0,,,0.0,,,,-5.647266819722123,,INSUFFICIENT
AWFIS.NS,1,0,1,0,1,0.0,-5.717986393147548,-5.717986393147548,1.0,,,0.0,,,,-5.717986393147548,,INSUFFICIENT
VIKRAN.NS,1,0,1,0,1,0.0,-5.765199024690952,-5.765199024690952,1.0,,,0.0,,,,-5.765199024690952,,INSUFFICIENT
WAKEFIT.NS,1,0,1,0,1,0.0,-5.782759141222947,-5.782759141222947,1.0,,,0.0,,,,-5.782759141222947,,INSUFFICIENT
BIOFILCHEM.NS,2,0,2,0,2,0.0,-5.864885555205838,-5.864885555205838,1.0,,,0.0,,,,-5.864885555205838,,INSUFFICIENT
RNBDENIMS.NS,4,0,4,0,4,0.0,-5.98464421797113,-5.98464421797113,1.0,,,0.0,,,,-5.98464421797113,,INSUFFICIENT
PREMIERENE.NS,3,0,3,0,3,0.0,-6.107390262365979,-6.107390262365979,1.0,,,0.0,,,,-6.107390262365979,,INSUFFICIENT
NIMBSPROJ.NS,1,0,1,0,1,0.0,-6.159886188191983,-6.159886188191983,1.0,,,0.0,,,,-6.159886188191983,,INSUFFICIENT
BAIDFIN.NS,3,0,3,0,3,0.0,-6.394708945883045,-6.394708945883045,1.0,,,0.0,,,,-6.394708945883045,,INSUFFICIENT
HAVISHA.NS,2,0,2,0,2,0.0,-6.4886749127073555,-6.4886749127073555,1.0,,,0.5,,,,-6.4886749127073555,,INSUFFICIENT
BOROSCI.NS,1,0,1,0,1,0.0,-6.574111523178256,-6.574111523178256,1.0,,,1.0,,,,-6.574111523178256,,INSUFFICIENT
COCKERILL.NS,1,0,1,0,1,0.0,-6.81690811854697,-6.81690811854697,1.0,,,1.0,,,,-6.81690811854697,,INSUFFICIENT
ORTINGLOBE.NS,3,0,3,0,3,0.0,-6.8983297899874,-6.8983297899874,1.0,,,0.0,,,,-6.8983297899874,,INSUFFICIENT
JNKINDIA.NS,1,0,1,0,1,0.0,-6.908782390441064,-6.908782390441064,1.0,,,0.0,,,,-6.908782390441064,,INSUFFICIENT
AEQUS.NS,3,0,3,0,3,0.0,-7.542800332944769,-7.542800332944769,1.0,,,0.0,,,,-7.542800332944769,,INSUFFICIENT
SUPREME.NS,2,0,2,0,2,0.0,-7.56266185339455,-7.56266185339455,1.0,,,0.0,,,,-7.56266185339455,,INSUFFICIENT
RADIANTCMS.NS,1,0,1,0,1,0.0,-7.6498766607014765,-7.6498766607014765,1.0,,,0.0,,,,-7.6498766607014765,,INSUFFICIENT
LASA.NS,2,0,2,0,2,0.0,-7.893733782519025,-7.893733782519025,1.0,,,0.0,,,,-7.893733782519025,,INSUFFICIENT
DELHIVERY.NS,1,0,1,0,1,0.0,-7.899521129784347,-7.899521129784347,1.0,,,0.0,,,,-7.899521129784347,,INSUFFICIENT
IEX.NS,1,0,1,0,1,0.0,-8.061882943439477,-8.061882943439477,1.0,,,0.0,,,,-8.061882943439477,,INSUFFICIENT
GALAPREC.NS,1,0,1,0,1,0.0,-8.077135893152928,-8.077135893152928,1.0,,,0.0,,,,-8.077135893152928,,INSUFFICIENT
UNIECOM.NS,1,0,1,0,1,0.0,-8.437904240360194,-8.437904240360194,1.0,,,0.0,,,,-8.437904240360194,,INSUFFICIENT
INVENTURE.NS,1,0,1,0,1,0.0,-11.604452516908053,-11.604452516908053,1.0,,,0.0,,,,-11.604452516908053,,INSUFFICIENT
SINCLAIR.NS,1,0,1,0,1,0.0,-11.63841756833954,-11.63841756833954,1.0,,,0.0,,,,-11.63841756833954,,INSUFFICIENT
RUDRA.NS,2,0,2,0,2,0.0,-14.856173562159103,-14.856173562159103,1.0,,,0.0,,,,-14.856173562159103,,INSUFFICIENT
SIGACHI.NS,1,0,0,1,0,,21.02070823355761,21.02070823355761,61.0,,,,,,,0.34460177432061656,,INSUFFICIENT
21STCENMGM.NS,1,0,0,1,0,,14.275100692418818,14.275100692418818,62.0,,,,,,,0.23024355955514222,,INSUFFICIENT
KRSNAA.NS,1,0,0,1,0,,10.827168984854444,10.827168984854444,62.0,,,,,,,0.17463175782023296,,INSUFFICIENT
HEXT.NS,1,0,0,1,0,,8.115960308652966,8.115960308652966,62.0,,,,,,,0.13090258562343493,,INSUFFICIENT
NORTHARC.NS,1,0,0,1,0,,6.524907055031645,6.524907055031645,60.0,,,,,,,0.10874845091719408,,INSUFFICIENT
NIRAJISPAT.NS,1,0,0,1,0,,4.4862853823099265,4.4862853823099265,62.0,,,,,,,0.0723594416501601,,INSUFFICIENT
DABUR.NS,1,0,0,1,0,,2.0710095799545645,2.0710095799545645,61.0,,,,,,,0.03395097672056663,,INSUFFICIENT
ANMOL.NS,3,0,0,3,0,,1.9476145288255857,1.9476145288255857,60.0,,,,,,,0.032460242147093095,,INSUFFICIENT
MARKOLINES.NS,1,0,0,1,0,,1.374836200558797,1.374836200558797,62.0,,,,,,,0.022174777428367695,,INSUFFICIENT
PFIZER.NS,2,0,0,2,0,,-0.7741170290982615,-0.7741170290982615,61.5,,,,,,,-0.012587268765825391,,INSUFFICIENT
IGL.NS,1,0,0,1,0,,-2.224616558055783,-2.224616558055783,62.0,,,,,,,-0.035880912226706176,,INSUFFICIENT
TASTYBITE.NS,1,0,0,1,0,,-5.913665423794888,-5.913665423794888,60.0,,,,,,,-0.09856109039658147,,INSUFFICIENT
ANTHEM.NS,1,0,0,1,0,,-7.755505817929986,-7.755505817929986,61.0,,,,,,,-0.1271394396381965,,INSUFFICIENT
RAMAPHO.NS,1,0,0,1,0,,-7.887796822011603,-7.887796822011603,60.0,,,,,,,-0.13146328036686003,,INSUFFICIENT
CROMPTON.NS,1,0,0,1,0,,-8.871941108947327,-8.871941108947327,62.0,,,,,,,-0.1430958243378601,,INSUFFICIENT
INDOFARM.NS,1,0,0,1,0,,-10.507205444429614,-10.507205444429614,60.0,,,,,,,-0.17512009074049356,,INSUFFICIENT
WHIRLPOOL.NS,1,0,0,1,0,,-11.707737550229686,-11.707737550229686,60.0,,,,,,,-0.19512895917049475,,INSUFFICIENT
ABLBL.NS,0,0,0,0,0,,,,,,,,,,,,,INSUFFICIENT
ACL.NS,0,0,0,0,0,,,,,,,,,,,,,INSUFFICIENT
ADVENTHTL.NS,0,0,0,0,0,,,,,,,,,,,,,INSUFFICIENT
AEROPLANE.NS,0,0,0,0,0,,,,,,,,,,,,,INSUFFICIENT
AFCONS.NS,0,0,0,0,0,,,,,,,,,,,,,INSUFFICIENT
AKUMS.NS,0,0,0,0,0,,,,,,,,,,,,,INSUFFICIENT
ALGOQUANT.NS,0,0,0,0,0,,,,,,,,,,,,,INSUFFICIENT
ALKYLAMINE.NS,0,0,0,0,0,,,,,,,,,,,,,INSUFFICIENT
ALLTIME.NS,0,0,0,0,0,,,,,,,,,,,,,INSUFFICIENT
AMRUTANJAN.NS,0,0,0,0,0,,,,,,,,,,,,,INSUFFICIENT
APCL.NS,0,0,0,0,0,,,,,,,,,,,,,INSUFFICIENT
ARIS.NS,0,0,0,0,0,,,,,,,,,,,,,INSUFFICIENT
ARSSBL.NS,0,0,0,0,0,,,,,,,,,,,,,INSUFFICIENT
BAJAJELEC.NS,0,0,0,0,0,,,,,,,,,,,,,INSUFFICIENT
BAJAJHFL.NS,0,0,0,0,0,,,,,,,,,,,,,INSUFFICIENT
BALAJEE.NS,0,0,0,0,0,,,,,,,,,,,,,INSUFFICIENT
BALAMINES.NS,0,0,0,0,0,,,,,,,,,,,,,INSUFFICIENT
BIRLANU.NS,0,0,0,0,0,,,,,,,,,,,,,INSUFFICIENT
BLSE.NS,0,0,0,0,0,,,,,,,,,,,,,INSUFFICIENT
BMWVENTLTD.NS,0,0,0,0,0,,,,,,,,,,,,,INSUFFICIENT
BPL.NS,0,0,0,0,0,,,,,,,,,,,,,INSUFFICIENT
BRIGHOTEL.NS,0,0,0,0,0,,,,,,,,,,,,,INSUFFICIENT
CAPILLARY.NS,0,0,0,0,0,,,,,,,,,,,,,INSUFFICIENT
CAPITALSFB.NS,0,0,0,0,0,,,,,,,,,,,,,INSUFFICIENT
CEWATER.NS,0,0,0,0,0,,,,,,,,,,,,,INSUFFICIENT
CMRGREEN.NS,0,0,0,0,0,,,,,,,,,,,,,INSUFFICIENT
CRAMC.NS,0,0,0,0,0,,,,,,,,,,,,,INSUFFICIENT
DAMCAPITAL.NS,0,0,0,0,0,,,,,,,,,,,,,INSUFFICIENT
DBL.NS,0,0,0,0,0,,,,,,,,,,,,,INSUFFICIENT
DCMSIL.NS,0,0,0,0,0,,,,,,,,,,,,,INSUFFICIENT
DEVX.NS,0,0,0,0,0,,,,,,,,,,,,,INSUFFICIENT
DIFFNKG.NS,0,0,0,0,0,,,,,,,,,,,,,INSUFFICIENT
DIGIDRIVE.NS,0,0,0,0,0,,,,,,,,,,,,,INSUFFICIENT
EFCIL.NS,0,0,0,0,0,,,,,,,,,,,,,INSUFFICIENT
EIEL.NS,0,0,0,0,0,,,,,,,,,,,,,INSUFFICIENT
ELCIDIN.NS,0,0,0,0,0,,,,,,,,,,,,,INSUFFICIENT
ELLEN.NS,0,0,0,0,0,,,,,,,,,,,,,INSUFFICIENT
ELPROINTL.NS,0,0,0,0,0,,,,,,,,,,,,,INSUFFICIENT
EPACKPEB.NS,0,0,0,0,0,,,,,,,,,,,,,INSUFFICIENT
EXCELSOFT.NS,0,0,0,0,0,,,,,,,,,,,,,INSUFFICIENT
FINKURVE.NS,0,0,0,0,0,,,,,,,,,,,,,INSUFFICIENT
FINOPB.NS,0,0,0,0,0,,,,,,,,,,,,,INSUFFICIENT
FLAIR.NS,0,0,0,0,0,,,,,,,,,,,,,INSUFFICIENT
GANESHCP.NS,0,0,0,0,0,,,,,,,,,,,,,INSUFFICIENT
GEMAROMA.NS,0,0,0,0,0,,,,,,,,,,,,,INSUFFICIENT
GKENERGY.NS,0,0,0,0,0,,,,,,,,,,,,,INSUFFICIENT
GLOBALE.NS,0,0,0,0,0,,,,,,,,,,,,,INSUFFICIENT
GLOSTERLTD.NS,0,0,0,0,0,,,,,,,,,,,,,INSUFFICIENT
GRADIENTE.NS,0,0,0,0,0,,,,,,,,,,,,,INSUFFICIENT
HAPPSTMNDS.NS,0,0,0,0,0,,,,,,,,,,,,,INSUFFICIENT
HAWKINCOOK.NS,0,0,0,0,0,,,,,,,,,,,,,INSUFFICIENT
HDBFS.NS,0,0,0,0,0,,,,,,,,,,,,,INSUFFICIENT
HIKAL.NS,0,0,0,0,0,,,,,,,,,,,,,INSUFFICIENT
HILINFRA.NS,0,0,0,0,0,,,,,,,,,,,,,INSUFFICIENT
HLEGLAS.NS,0,0,0,0,0,,,,,,,,,,,,,INSUFFICIENT
ICDSLTD.NS,0,0,0,0,0,,,,,,,,,,,,,INSUFFICIENT
IDEAFORGE.NS,0,0,0,0,0,,,,,,,,,,,,,INSUFFICIENT
IGIL.NS,0,0,0,0,0,,,,,,,,,,,,,INSUFFICIENT
IGPL.NS,0,0,0,0,0,,,,,,,,,,,,,INSUFFICIENT
IKIO.NS,0,0,0,0,0,,,,,,,,,,,,,INSUFFICIENT
IKS.NS,0,0,0,0,0,,,,,,,,,,,,,INSUFFICIENT
INDIGOPNTS.NS,0,0,0,0,0,,,,,,,,,,,,,INSUFFICIENT
INNOVISION.NS,0,0,0,0,0,,,,,,,,,,,,,INSUFFICIENT
JARO.NS,0,0,0,0,0,,,,,,,,,,,,,INSUFFICIENT
JSWCEMENT.NS,0,0,0,0,0,,,,,,,,,,,,,INSUFFICIENT
KALPATARU.NS,0,0,0,0,0,,,,,,,,,,,,,INSUFFICIENT
KANSAINER.NS,0,0,0,0,0,,,,,,,,,,,,,INSUFFICIENT
KISSHT.NS,0,0,0,0,0,,,,,,,,,,,,,INSUFFICIENT
KOHINOOR.NS,0,0,0,0,0,,,,,,,,,,,,,INSUFFICIENT
KPEL.NS,0,0,0,0,0,,,,,,,,,,,,,INSUFFICIENT
KROSS.NS,0,0,0,0,0,,,,,,,,,,,,,INSUFFICIENT
KRYSTAL.NS,0,0,0,0,0,,,,,,,,,,,,,INSUFFICIENT
LALPATHLAB.NS,0,0,0,0,0,,,,,,,,,,,,,INSUFFICIENT
LATENTVIEW.NS,0,0,0,0,0,,,,,,,,,,,,,INSUFFICIENT
LAXMIDENTL.NS,0,0,0,0,0,,,,,,,,,,,,,INSUFFICIENT
LOYALTEX.NS,0,0,0,0,0,,,,,,,,,,,,,INSUFFICIENT
LXCHEM.NS,0,0,0,0,0,,,,,,,,,,,,,INSUFFICIENT
MAMATA.NS,0,0,0,0,0,,,,,,,,,,,,,INSUFFICIENT
MASTERTR.NS,0,0,0,0,0,,,,,,,,,,,,,INSUFFICIENT
MATRIMONY.NS,0,0,0,0,0,,,,,,,,,,,,,INSUFFICIENT
MEIL.NS,0,0,0,0,0,,,,,,,,,,,,,INSUFFICIENT
MFML.NS,0,0,0,0,0,,,,,,,,,,,,,INSUFFICIENT
MOBIKWIK.NS,0,0,0,0,0,,,,,,,,,,,,,INSUFFICIENT
MONEYBOXX.NS,0,0,0,0,0,,,,,,,,,,,,,INSUFFICIENT
MUFTI.NS,0,0,0,0,0,,,,,,,,,,,,,INSUFFICIENT
MUTHOOTMF.NS,0,0,0,0,0,,,,,,,,,,,,,INSUFFICIENT
NATHBIOGEN.NS,0,0,0,0,0,,,,,,,,,,,,,INSUFFICIENT
NIRLON.NS,0,0,0,0,0,,,,,,,,,,,,,INSUFFICIENT
NTPCGREEN.NS,0,0,0,0,0,,,,,,,,,,,,,INSUFFICIENT
NUVOCO.NS,0,0,0,0,0,,,,,,,,,,,,,INSUFFICIENT
NYKAA.NS,0,0,0,0,0,,,,,,,,,,,,,INSUFFICIENT
OAL.NS,0,0,0,0,0,,,,,,,,,,,,,INSUFFICIENT
OBCL.NS,0,0,0,0,0,,,,,,,,,,,,,INSUFFICIENT
ODIGMA.NS,0,0,0,0,0,,,,,,,,,,,,,INSUFFICIENT
OLAELEC.NS,0,0,0,0,0,,,,,,,,,,,,,INSUFFICIENT
ORKLAINDIA.NS,0,0,0,0,0,,,,,,,,,,,,,INSUFFICIENT
OSWALPUMPS.NS,0,0,0,0,0,,,,,,,,,,,,,INSUFFICIENT
PARKHOTELS.NS,0,0,0,0,0,,,,,,,,,,,,,INSUFFICIENT
PATELRMART.NS,0,0,0,0,0,,,,,,,,,,,,,INSUFFICIENT
PAYTM.NS,0,0,0,0,0,,,,,,,,,,,,,INSUFFICIENT
PINELABS.NS,0,0,0,0,0,,,,,,,,,,,,,INSUFFICIENT
PLAZACABLE.NS,0,0,0,0,0,,,,,,,,,,,,,INSUFFICIENT
PVSL.NS,0,0,0,0,0,,,,,,,,,,,,,INSUFFICIENT
RAYMONDLSL.NS,0,0,0,0,0,,,,,,,,,,,,,INSUFFICIENT
RAYMONDREL.NS,0,0,0,0,0,,,,,,,,,,,,,INSUFFICIENT
RBA.NS,0,0,0,0,0,,,,,,,,,,,,,INSUFFICIENT
REGAAL.NS,0,0,0,0,0,,,,,,,,,,,,,INSUFFICIENT
RMC.NS,0,0,0,0,0,,,,,,,,,,,,,INSUFFICIENT
ROML.NS,0,0,0,0,0,,,,,,,,,,,,,INSUFFICIENT
ROUTE.NS,0,0,0,0,0,,,,,,,,,,,,,INSUFFICIENT
RVTH.NS,0,0,0,0,0,,,,,,,,,,,,,INSUFFICIENT
SCODATUBES.NS,0,0,0,0,0,,,,,,,,,,,,,INSUFFICIENT
SEJALLTD.NS,0,0,0,0,0,,,,,,,,,,,,,INSUFFICIENT
SHANTIGOLD.NS,0,0,0,0,0,,,,,,,,,,,,,INSUFFICIENT
SHRIKRISH.NS,0,0,0,0,0,,,,,,,,,,,,,INSUFFICIENT
SIGNPOST.NS,0,0,0,0,0,,,,,,,,,,,,,INSUFFICIENT
SOLARA.NS,0,0,0,0,0,,,,,,,,,,,,,INSUFFICIENT
SOLARWORLD.NS,0,0,0,0,0,,,,,,,,,,,,,INSUFFICIENT
SRD.NS,0,0,0,0,0,,,,,,,,,,,,,INSUFFICIENT
SRTL.NS,0,0,0,0,0,,,,,,,,,,,,,INSUFFICIENT
SSDL.NS,0,0,0,0,0,,,,,,,,,,,,,INSUFFICIENT
STARHEALTH.NS,0,0,0,0,0,,,,,,,,,,,,,INSUFFICIENT
STUDDS.NS,0,0,0,0,0,,,,,,,,,,,,,INSUFFICIENT
STYL.NS,0,0,0,0,0,,,,,,,,,,,,,INSUFFICIENT
SURAKSHA.NS,0,0,0,0,0,,,,,,,,,,,,,INSUFFICIENT
SUVIDHAA.NS,0,0,0,0,0,,,,,,,,,,,,,INSUFFICIENT
SWIGGY.NS,0,0,0,0,0,,,,,,,,,,,,,INSUFFICIENT
TATATECH.NS,0,0,0,0,0,,,,,,,,,,,,,INSUFFICIENT
TCC.NS,0,0,0,0,0,,,,,,,,,,,,,INSUFFICIENT
TIGERLOGS.NS,0,0,0,0,0,,,,,,,,,,,,,INSUFFICIENT
TMCV.NS,0,0,0,0,0,,,,,,,,,,,,,INSUFFICIENT
TVSSCS.NS,0,0,0,0,0,,,,,,,,,,,,,INSUFFICIENT
URBANCO.NS,0,0,0,0,0,,,,,,,,,,,,,INSUFFICIENT
VAIBHAVGBL.NS,0,0,0,0,0,,,,,,,,,,,,,INSUFFICIENT
VAML.NS,0,0,0,0,0,,,,,,,,,,,,,INSUFFICIENT
VCL.NS,0,0,0,0,0,,,,,,,,,,,,,INSUFFICIENT
VEDPOWER.NS,0,0,0,0,0,,,,,,,,,,,,,INSUFFICIENT
VENKEYS.NS,0,0,0,0,0,,,,,,,,,,,,,INSUFFICIENT
VIKRAMSOLR.NS,0,0,0,0,0,,,,,,,,,,,,,INSUFFICIENT
VISL.NS,0,0,0,0,0,,,,,,,,,,,,,INSUFFICIENT
VMSTMT.NS,0,0,0,0,0,,,,,,,,,,,,,INSUFFICIENT
VSTL.NS,0,0,0,0,0,,,,,,,,,,,,,INSUFFICIENT
WCIL.NS,0,0,0,0,0,,,,,,,,,,,,,INSUFFICIENT
XTGLOBAL.NS,0,0,0,0,0,,,,,,,,,,,,,INSUFFICIENT
ZFSTEERING.NS,0,0,0,0,0,,,,,,,,,,,,,INSUFFICIENT
