Symbol,Price,Price Time,Status,High Date,High,Low Date,Low,Entry Date,Entry,SL,Target,Distance %
JINDALSAW.NS,311.6499938964844,2026-09-10T13:50:00+05:30,TARGET HIT,2026-07-10,278.95001220703125,2026-07-28,246.5,2026-08-07,272.00570959472657,262.7250061035156,287.3870153808594,14.574798580818612
MIDHANI.NS,463.45001220703125,2026-09-10T13:50:00+05:30,TARGET HIT,2025-09-16,419.7000122070313,2026-03-30,266.6499938964844,2026-04-20,386.9473082885742,343.1750030517578,459.4930169677734,19.770832431118375
YATHARTH.NS,987.0999755859375,2026-09-10T13:50:00+05:30,TARGET HIT,2025-10-08,843.7000122070312,2026-01-27,538.25,2026-04-15,778.3337095947265,690.9750061035156,923.1170153808594,26.822205362262192
UFLEX.NS,676.0,2026-09-10T13:50:00+05:30,TARGET HIT,2025-10-07,588.0,2026-03-30,330.0,2026-08-17,532.788,459.0,655.0799999999999,26.879734528555442
FCL.NS,58.810001373291016,2026-09-10T13:50:00+05:30,TARGET HIT,2026-06-23,47.18000030517578,2026-07-14,35.130001068115234,2026-08-12,44.601300468444826,41.15500068664551,50.31300010681152,31.85714487159128
KSR.NS,40.75,2026-09-10T13:50:00+05:30,TARGET HIT,2025-11-27,34.95000076293945,2025-12-29,14.039999961853027,2026-02-11,30.47526059150696,24.49500036239624,40.38660097122192,33.71501739137375
ENTERO.NS,1789.9000244140625,2026-09-10T13:50:00+05:30,TARGET HIT,2026-05-25,1390.0,2026-06-23,1082.0,2026-08-10,1324.088,1236.0,1470.08,35.17983883352636
RAYMOND.NS,828.4500122070312,2026-09-10T13:50:00+05:30,TARGET HIT,2025-08-20,679.0,2026-03-30,320.0,2026-06-15,602.174,499.5,772.3399999999999,37.57651645654433
VALIANTLAB.NS,124.0,2026-09-10T13:50:00+05:30,TARGET HIT,2025-09-22,94.9499969482422,2026-03-04,49.5099983215332,2026-08-17,85.22583724212646,72.2299976348877,106.76439659118653,45.49578392256354
SETL.NS,445.8999938964844,2026-09-10T13:50:00+05:30,TARGET HIT,2026-07-03,305.29998779296875,2026-07-29,258.25,2026-08-11,295.23129040527346,281.7749938964844,317.5329846191406,51.034124223209254
OAL.NS,526.5999755859375,2026-09-10T13:50:00+05:30,TARGET HIT,2025-10-27,374.2999877929688,2026-03-30,228.0,2026-06-10,342.99179040527343,301.1499938964844,412.3379846191406,53.531364399047476
JINDWORLD.NS,55.41999816894531,2026-09-10T13:50:00+05:30,TARGET HIT,2025-10-09,40.0,2026-03-30,17.850000381469727,2026-07-21,35.25990008163453,28.925000190734863,45.75899990081787,57.17570963228956
SREEL.NS,378.239990234375,2026-09-10T13:50:00+05:30,TARGET HIT,2025-09-17,258.0,2026-03-30,165.25,2026-08-12,238.1515,211.625,282.115,58.82326596069098
IGARASHI.NS,410.5,2026-09-10T13:50:00+05:30,SL HIT,2025-10-10,558.0,2026-03-30,271.04998779296875,2026-06-23,496.59269738769535,414.5249938964844,632.6070031738282,-17.336682122105763
ATGL.NS,606.7999877929688,2026-09-10T13:50:00+05:30,SL HIT,2025-09-23,798.0,2026-03-09,462.7999877929688,2026-05-26,726.2671973876953,630.3999938964844,885.1520031738281,-16.449484435540697
ARE&M.NS,824.6500244140625,2026-09-10T13:50:00+05:30,SL HIT,2025-09-16,1057.8499755859375,2026-03-30,670.0,2026-08-12,974.8500808105468,863.9249877929688,1158.6909692382812,-15.407503097460824
SUMICHEM.NS,483.8500061035156,2026-09-10T13:50:00+05:30,SL HIT,2025-09-19,617.4500122070312,2026-03-30,362.6000061035156,2026-08-10,562.9121109008789,490.02500915527344,683.7110137939453,-14.045195203001246
PGHL.NS,5444.5,2026-09-10T13:50:00+05:30,SL HIT,2025-08-29,6739.0,2026-04-06,4707.0,2026-05-27,6304.152,5723.0,7267.32,-13.636282881504128
GODREJPROP.NS,1865.0999755859375,2026-09-10T13:50:00+05:30,SL HIT,2025-10-27,2352.0,2026-04-02,1434.0,2026-07-13,2155.548,1893.0,2590.6800000000003,-13.474440115184738
GULFOILLUB.NS,1068.199951171875,2026-09-10T13:50:00+05:30,SL HIT,2025-09-16,1329.0,2026-03-23,865.0,2026-08-06,1229.704,1097.0,1449.64,-13.133571073048877
ASIANPAINT.NS,2491.89990234375,2026-09-10T13:50:00+05:30,SL HIT,2025-12-04,2985.699951171875,2026-03-23,2115.0,2026-06-15,2799.3701616210938,2550.349975585937,3212.0819384765628,-10.983551353540545
AEQUS.NS,233.55999755859375,2026-09-10T13:50:00+05:30,SL HIT,2026-07-09,274.3900146484375,2026-07-30,215.0,2026-08-18,261.6805515136719,244.69500732421875,289.83141845703125,-10.746138294350448
KKCL.NS,501.1499938964844,2026-09-10T13:50:00+05:30,SL HIT,2025-09-23,595.0,2026-03-23,408.3500061035156,2026-08-05,555.0569013061523,501.6750030517578,643.5289984130859,-9.711960572477334
ZENTEC.NS,1752.300048828125,2026-09-10T13:50:00+05:30,SL HIT,2026-06-22,2024.0,2026-07-30,1600.0,2026-08-18,1933.264,1812.0,2134.24,-9.360540059292207
PRAJIND.NS,324.70001220703125,2026-09-10T13:50:00+05:30,SL HIT,2026-07-06,367.8500061035156,2026-07-28,300.79998779296875,2026-08-20,353.5013021850586,334.3249969482422,385.2830108642578,-8.147435327678034
GRAVITA.NS,1700.9000244140625,2026-09-10T13:50:00+05:30,SL HIT,2026-07-13,1870.0,2026-07-30,1575.0,2026-08-11,1806.87,1722.5,1946.7,-5.8648367389982345
GNA.NS,552.9000244140625,2026-09-10T13:50:00+05:30,SL HIT,2026-07-16,601.6500244140625,2026-08-04,505.0,2026-08-18,580.9669191894532,553.3250122070312,626.7790307617188,-4.831065908976146
BTML.NS,7.820000171661377,2026-09-10T13:40:00+05:30,OPEN,2025-11-28,10.119999885559082,2026-03-27,5.059999942779541,2026-08-11,9.03715989780426,7.589999914169311,11.435599870681765,-13.468387634024422
RAMCOIND.NS,316.20001220703125,2026-09-10T13:50:00+05:30,OPEN,2025-09-22,398.0499877929688,2026-03-30,230.6499938964844,2026-07-08,362.2263890991211,314.34999084472656,441.57398620605466,-12.706522295783094
ONESOURCE.NS,1553.5,2026-09-10T13:50:00+05:30,OPEN,2025-11-03,1925.0,2026-01-30,1057.0,2026-04-23,1739.248,1491.0,2150.6800000000003,-10.67978804632807
OPTIEMUS.NS,556.5499877929688,2026-09-10T13:50:00+05:30,OPEN,2025-09-25,713.0,2026-03-30,288.0,2026-07-22,622.05,500.5,823.5,-10.529702147260062
21STCENMGM.NS,39.529998779296875,2026-09-10T13:20:00+05:30,OPEN,2026-01-08,48.45000076293945,2026-04-06,28.25,2026-08-10,44.12720059967041,38.35000038146973,53.70200096130371,-10.418068125553996
INDIGOPNTS.NS,1087.4000244140625,2026-09-10T13:50:00+05:30,OPEN,2025-11-18,1345.9000244140625,2026-03-30,708.0499877929688,2026-08-14,1209.4001165771483,1026.9750061035156,1511.741033935547,-10.087653415180018
BANSALWIRE.NS,311.95001220703125,2026-09-10T13:50:00+05:30,OPEN,2025-08-20,380.2000122070313,2026-03-30,222.5,2026-06-30,346.4522095947266,301.3500061035156,421.2020153808594,-9.958717662114312
NIITLTD.NS,94.05000305175781,2026-09-10T13:50:00+05:30,OPEN,2025-08-21,117.75,2026-03-30,49.0,2026-06-16,103.0375,83.375,135.625,-8.72254950696803
POLYMED.NS,1736.300048828125,2026-09-10T13:50:00+05:30,OPEN,2025-11-11,2094.300048828125,2026-03-30,1182.0,2026-08-12,1899.0678383789063,1638.1500244140625,2331.498061523437,-8.570930761995536
5PAISA.NS,333.0,2026-09-10T13:50:00+05:30,OPEN,2026-01-19,396.5,2026-03-30,245.5,2026-07-01,364.186,321.0,435.76,-8.563206713053214
BANKA.NS,78.4000015258789,2026-09-10T12:20:00+05:30,OPEN,2025-09-17,97.87999725341795,2026-03-30,41.0,2026-05-04,85.70767784118652,69.43999862670898,112.66879653930664,-8.526279674556694
KIRLOSIND.NS,3620.0,2026-09-10T13:40:00+05:30,OPEN,2025-09-22,4345.0,2026-03-30,2463.0,2026-06-19,3942.252,3404.0,4834.32,-8.174312550288514
DPABHUSHAN.NS,1382.0,2026-09-10T13:50:00+05:30,OPEN,2025-11-20,1670.0,2026-05-20,866.0999755859375,2026-07-20,1497.965394775391,1268.0499877929688,1879.0140063476565,-7.741526952482042
JLHL.NS,282.20001220703125,2026-09-10T13:50:00+05:30,OPEN,2025-10-30,325.0,2026-04-06,235.6000061035156,2026-07-16,305.86840130615235,280.3000030517578,348.24399841308593,-7.738095533258677
TMCV.NS,441.25,2026-09-10T13:50:00+05:30,OPEN,2026-02-27,509.0,2026-06-11,357.04998779296875,2026-08-13,476.48269738769534,433.0249938964844,548.5070031738281,-7.394328814216704
DEEPAKFERT.NS,1337.9000244140625,2026-09-10T13:50:00+05:30,OPEN,2025-09-24,1597.800048828125,2026-03-23,866.4000244140625,2026-05-22,1441.2804436035158,1232.1000366210938,1787.9640551757811,-7.172817729419798
AIIL.NS,514.6500244140625,2026-09-10T13:50:00+05:30,OPEN,2026-01-21,595.0,2026-03-09,400.0,2026-06-15,553.27,497.5,645.7,-6.980312611552675
PSPPROJECT.NS,867.75,2026-09-10T13:50:00+05:30,OPEN,2025-11-14,1029.9000244140625,2026-03-30,569.2000122070312,2026-06-04,931.3102218017578,799.5500183105469,1149.6820275878906,-6.824817371679994
PRESTIGE.NS,1539.5,2026-09-10T13:50:00+05:30,OPEN,2025-11-03,1805.199951171875,2026-04-02,1090.0,2026-07-02,1652.1471616210938,1447.5999755859375,1991.1519384765625,-6.818228075431485
INDIANHUME.NS,370.0,2026-09-10T13:50:00+05:30,OPEN,2025-12-12,429.0,2026-06-11,279.79998779296875,2026-07-13,397.0711973876953,354.3999938964844,467.7920031738281,-6.8177187279749525
HONAUT.NS,34045.0,2026-09-10T13:50:00+05:30,OPEN,2025-08-29,39330.0,2026-03-30,26220.0,2026-05-22,36524.46,32775.0,42738.6,-6.788491876402825
KECL.NS,128.0,2026-09-10T13:50:00+05:30,OPEN,2026-04-20,148.0,2026-06-12,98.0,2026-07-27,137.3,123.0,161.0,-6.773488710852156
BAJAJFINSV.NS,1932.699951171875,2026-09-10T13:50:00+05:30,OPEN,2025-10-23,2195.0,2026-04-02,1597.0,2026-08-03,2067.028,1896.0,2350.48,-6.4986080898819365
COSMOFIRST.NS,891.9000244140625,2026-09-10T13:50:00+05:30,OPEN,2025-08-20,1058.5,2026-02-02,560.7999877929688,2026-08-10,951.9921973876952,809.6499938964844,1187.9020031738282,-6.312254778823615
KIRLOSBROS.NS,1825.800048828125,2026-09-10T13:50:00+05:30,OPEN,2025-09-18,2115.0,2026-03-30,1335.0,2026-06-19,1948.08,1725.0,2317.8,-6.276947105451261
M&MFIN.NS,359.5,2026-09-10T13:50:00+05:30,OPEN,2025-12-23,412.2000122070313,2026-04-07,272.6499938964844,2026-07-22,382.33630828857423,342.4250030517578,448.48301696777344,-5.972832763593609
CREDITACC.NS,1407.199951171875,2026-09-10T13:50:00+05:30,OPEN,2026-05-05,1568.0,2026-06-08,1229.0999755859375,2026-06-30,1495.475394775391,1398.5499877929688,1656.1140063476562,-5.902834905336186
AARTIPHARM.NS,818.7000122070312,2026-09-10T13:50:00+05:30,OPEN,2025-09-16,946.0999755859376,2026-03-30,585.0,2026-08-11,868.8245808105469,765.5499877929688,1039.9859692382813,-5.7692392354683655
CONCOR.NS,507.70001220703125,2026-09-10T13:50:00+05:30,OPEN,2025-09-16,569.7999877929688,2026-03-23,421.4500122070313,2026-08-14,538.0530930175781,495.625,608.3709814453125,-5.641279867069782
PREMIERENE.NS,967.2000122070312,2026-09-10T13:50:00+05:30,OPEN,2025-10-27,1119.0999755859375,2026-02-25,666.9000244140625,2026-04-16,1022.3291860351562,893.0,1236.6719628906249,-5.392507088830111
360ONE.NS,1103.5999755859375,2026-09-10T13:50:00+05:30,OPEN,2026-01-16,1236.199951171875,2026-04-07,906.0499877929688,2026-07-29,1165.5478590087891,1071.124969482422,1322.0389416503906,-5.314915466065346
HCG.NS,704.5,2026-09-10T13:50:00+05:30,OPEN,2025-10-24,804.6500244140625,2026-03-30,513.2999877929688,2026-08-11,742.3011165771484,658.9750061035156,880.4010339355468,-5.092423510213009
GANESHHOU.NS,773.7999877929688,2026-09-10T13:50:00+05:30,OPEN,2025-11-27,899.7000122070312,2026-03-30,500.0,2026-07-03,814.1642095947266,699.8500061035156,1003.6220153808594,-4.957749471921673
HTMEDIA.NS,24.989999771118164,2026-09-10T13:50:00+05:30,OPEN,2025-10-27,28.57999992370605,2026-03-30,17.520000457763672,2026-07-06,26.213160037994385,23.050000190734863,31.455599784851078,-4.666206840775107
INDIANB.NS,854.75,2026-09-10T13:50:00+05:30,OPEN,2026-04-27,929.8499755859376,2026-07-08,769.25,2026-08-07,895.4815808105469,849.5499877929688,971.6059692382812,-4.548567126716179
KOHINOOR.NS,30.600000381469727,2026-09-10T13:50:00+05:30,OPEN,2025-10-09,35.45000076293945,2026-03-30,19.200000762939453,2026-08-19,31.97250076293945,27.325000762939453,39.675000762939455,-4.292752674074971
VERANDA.NS,231.66000366210938,2026-09-10T13:45:00+05:30,OPEN,2025-10-28,272.5,2026-03-19,130.02000427246094,2026-05-13,242.00928091430663,201.26000213623047,309.5447988891601,-4.276396844409386
CAPITALSFB.NS,274.95001220703125,2026-09-10T13:45:00+05:30,OPEN,2025-08-22,308.0,2026-03-30,206.5500030517578,2026-05-08,286.2897006530762,257.2750015258789,334.37699920654296,-3.9609138645844215
UNIONBANK.NS,178.8800048828125,2026-09-10T13:50:00+05:30,OPEN,2026-04-23,194.88999938964844,2026-07-08,153.5,2026-08-12,186.03253952026367,174.19499969482422,205.65139923095705,-3.8447761106180436
ENDURANCE.NS,2717.300048828125,2026-09-10T13:50:00+05:30,OPEN,2025-10-07,3011.0,2026-04-02,2142.800048828125,2026-07-30,2825.2052104492186,2576.9000244140625,3236.731987304687,-3.819374296139581
BIOCON.NS,391.04998779296875,2026-09-10T13:50:00+05:30,OPEN,2025-11-18,424.9500122070313,2026-04-07,337.70001220703125,2026-05-12,406.27851220703127,381.3250122070313,447.63501220703125,-3.748296785704082
ENRIN.NS,3182.0,2026-09-10T13:50:00+05:30,OPEN,2025-09-23,3625.0,2026-01-23,2115.0,2026-04-29,3301.86,2870.0,4017.6,-3.6300751697528097
ANDHRSUGAR.NS,96.98999786376953,2026-09-10T13:50:00+05:30,OPEN,2026-05-06,107.2300033569336,2026-06-29,75.5999984741211,2026-08-10,100.46118231201172,91.41500091552734,115.45380462646484,-3.4552494489477543
V2RETAIL.NS,219.0800018310547,2026-09-10T13:50:00+05:30,OPEN,2026-01-06,241.8000030517578,2026-03-23,172.02999877929688,2026-05-13,226.8692221374512,206.91500091552732,259.94020416259764,-3.4333525865740095
MATRIMONY.NS,510.25,2026-09-10T13:50:00+05:30,OPEN,2026-01-23,573.0,2026-03-16,364.0499877929688,2026-08-11,528.2846973876954,468.5249938964844,627.3270031738282,-3.413821652770709
TEJASNET.NS,552.9000244140625,2026-09-10T13:50:00+05:30,OPEN,2025-08-21,647.0,2026-01-27,294.0,2026-06-03,571.4580000000001,470.5,738.78,-3.2474784823972334
ALKYLAMINE.NS,1926.199951171875,2026-09-10T13:50:00+05:30,OPEN,2025-08-25,2201.89990234375,2026-03-17,1212.0,2026-07-10,1990.0613232421877,1706.949951171875,2459.273876953125,-3.2090152863365216
GNFC.NS,570.5999755859375,2026-09-10T13:50:00+05:30,OPEN,2026-06-22,616.0,2026-07-24,492.1000061035156,2026-08-17,589.4854013061523,554.0500030517578,648.213998413086,-3.2037138966239755
SARLAPOLY.NS,101.0199966430664,2026-09-10T13:50:00+05:30,OPEN,2025-08-21,114.0,2026-03-30,68.4000015258789,2026-07-02,104.24160032653808,91.20000076293944,125.85599960327148,-3.0905163326157292
ABDL.NS,610.4500122070312,2026-09-10T13:50:00+05:30,OPEN,2025-11-04,696.7999877929688,2026-03-23,382.1000061035156,2026-06-12,629.4541917114258,539.4499969482422,778.6219830322266,-3.0191521090238482
WORTHPERI.NS,149.5500030517578,2026-09-10T13:40:00+05:30,OPEN,2025-10-14,166.49000549316406,2026-03-27,109.0,2026-08-04,154.18714431762697,137.74500274658203,181.43740692138672,-3.0074759386662
MAHLIFE.NS,364.45001220703125,2026-09-10T13:50:00+05:30,OPEN,2026-02-02,399.0,2026-03-30,286.79998779296875,2026-07-01,374.9891973876953,342.8999938964844,428.1720031738281,-2.810530344362895
ALGOQUANT.NS,64.20999908447266,2026-09-10T13:45:00+05:30,OPEN,2026-01-06,71.01000213623047,2026-03-23,47.79999923706055,2026-07-17,66.0430615158081,59.40500068664551,77.04460289001464,-2.775556416167482
MARKOLINES.NS,171.52000427246094,2026-09-10T13:45:00+05:30,OPEN,2025-10-14,188.0,2026-01-21,131.64999389648438,2026-05-26,175.94109869384766,159.8249969482422,202.65100158691405,-2.512826425552681
MANBA.NS,131.61000061035156,2026-09-10T13:35:00+05:30,OPEN,2025-11-11,145.0,2026-03-30,98.0,2026-06-19,134.942,121.5,157.22,-2.4692085411869136
AGARWALEYE.NS,510.20001220703125,2026-09-10T13:50:00+05:30,OPEN,2025-11-27,555.5,2026-03-30,401.0,2026-08-05,522.437,478.25,595.67,-2.3422896527176986
EICHERMOT.NS,7665.5,2026-09-10T13:50:00+05:30,OPEN,2026-02-27,8230.0,2026-04-07,6442.0,2026-07-28,7847.368,7336.0,8694.880000000001,-2.3175668580854163
GAEL.NS,165.41000366210938,2026-09-10T13:50:00+05:30,OPEN,2026-05-11,177.9199981689453,2026-07-24,137.6999969482422,2026-07-30,169.31291790771485,157.80999755859375,188.37719848632813,-2.305148534344428
DIAMONDYD.NS,1120.0,2026-09-10T13:50:00+05:30,OPEN,2026-01-01,1223.4000244140625,2026-03-27,858.9000244140625,2026-05-27,1145.3970244140626,1041.1500244140625,1318.1700244140625,-2.217311890351263
LODHA.NS,1158.5999755859375,2026-09-10T13:50:00+05:30,OPEN,2025-08-21,1327.5999755859375,2026-04-02,650.7999877929688,2026-07-09,1182.7647781982423,989.1999816894532,1503.5679724121094,-2.0430776311344103
ABB.NS,7318.0,2026-09-10T13:50:00+05:30,OPEN,2026-04-22,7822.5,2026-05-12,6171.5,2026-07-16,7469.186,6997.0,8251.76,-2.0241295370071075
PDSL.NS,348.3500061035156,2026-09-10T13:50:00+05:30,OPEN,2026-02-03,384.8999938964844,2026-03-23,246.0500030517578,2026-06-23,355.1860958557129,315.4749984741211,421.0009915161133,-1.9246501571881038
FINEORG.NS,5161.0,2026-09-10T13:50:00+05:30,OPEN,2026-06-30,5407.0,2026-07-24,4692.0,2026-08-12,5253.99,5049.5,5592.9,-1.7698929765758935
ARIS.NS,128.49000549316406,2026-09-10T13:50:00+05:30,OPEN,2026-05-18,137.75999450683594,2026-06-30,105.1999969482422,2026-07-29,130.79215502929688,121.47999572753906,146.2255938720703,-1.7601587309400515
IIFL.NS,607.3499755859375,2026-09-10T13:50:00+05:30,OPEN,2026-01-06,675.0,2026-04-27,409.1000061035156,2026-07-30,618.0974013061524,542.0500030517578,744.1339984130859,-1.7387916042849596
DBOL.NS,121.37000274658203,2026-09-10T13:45:00+05:30,OPEN,2026-05-04,130.72999572753906,2026-08-03,97.01000213623048,2026-08-17,123.51391709899904,113.86999893188477,139.4971940612793,-1.735767436392306
NAUKRI.NS,1264.199951171875,2026-09-10T13:50:00+05:30,OPEN,2026-01-22,1388.0,2026-05-25,908.2999877929688,2026-08-10,1285.3441973876952,1148.1499938964844,1512.7220031738282,-1.6450259983896371
UNOMINDA.NS,1228.800048828125,2026-09-10T13:50:00+05:30,OPEN,2026-01-08,1318.300048828125,2026-03-16,994.0,2026-08-05,1248.8998383789062,1156.1500244140625,1402.6180615234375,-1.6093996438394214
JAGSNPHARM.NS,232.97000122070312,2026-09-10T13:50:00+05:30,OPEN,2025-09-11,258.239990234375,2026-01-22,155.0,2026-06-24,236.1466323242188,206.6199951171875,285.0823876953125,-1.3451943278845138
UNITDSPR.NS,1410.699951171875,2026-09-10T13:50:00+05:30,OPEN,2025-10-31,1488.0,2026-04-07,1210.800048828125,2026-07-06,1428.6792104492188,1349.4000244140625,1560.0719873046876,-1.2584532024995705
BHAGCHEM.NS,258.8500061035156,2026-09-10T13:50:00+05:30,OPEN,2025-08-20,287.0,2026-03-30,170.60000610351562,2026-04-22,262.0904013061524,228.8000030517578,317.2639984130859,-1.236365462637298
RAINBOW.NS,1468.800048828125,2026-09-10T13:50:00+05:30,OPEN,2025-08-22,1593.699951171875,2026-03-23,1084.0,2026-06-19,1484.6241616210937,1338.8499755859375,1726.2219384765626,-1.0658665810537509
GAIL.NS,173.92999267578125,2026-09-10T13:50:00+05:30,OPEN,2025-11-27,186.8699951171875,2026-03-23,134.36000061035156,2026-06-15,175.63285629272465,160.61499786376953,200.52259368896483,-0.9695586878717423
LGEINDIA.NS,1644.4000244140625,2026-09-10T13:50:00+05:30,OPEN,2026-06-19,1705.199951171875,2026-07-31,1484.800048828125,2026-08-14,1658.0343720703124,1595.0,1762.50392578125,-0.8223199642855012
BAJAJHIND.NS,21.350000381469727,2026-09-10T13:50:00+05:30,OPEN,2025-10-23,23.299999237060547,2026-02-25,14.850000381469728,2026-08-20,21.491699481964112,19.074999809265137,25.49699893951416,-0.6593201278163205
GREENPLY.NS,295.54998779296875,2026-09-10T13:50:00+05:30,OPEN,2025-09-11,330.0,2026-03-30,176.4199981689453,2026-06-11,297.1338796081543,253.20999908447263,369.9308004760742,-0.5330566198894289
DYCL.NS,457.3999938964844,2026-09-10T13:50:00+05:30,OPEN,2025-08-21,520.0,2026-03-30,236.8000030517578,2026-07-21,459.3952006530762,378.4000015258789,593.631999206543,-0.4343116240124901
VRLLOG.NS,289.0,2026-09-10T13:50:00+05:30,OPEN,2026-02-10,307.6000061035156,2026-04-02,225.0,2026-08-05,289.9236047973633,266.3000030517578,329.0760076904297,-0.3185683338922398
STYL.NS,387.5,2026-09-10T13:50:00+05:30,OPEN,2025-09-30,437.4500122070313,2026-03-30,209.1100006103516,2026-07-14,388.5852497253418,323.2800064086914,496.818415222168,-0.2792822748956256
STYLEBAAZA.NS,388.95001220703125,2026-09-10T13:50:00+05:30,OPEN,2026-05-13,427.0,2026-06-30,252.6999969482422,2026-08-18,389.69979934692384,339.8499984741211,472.318000793457,-0.19240121271530441
NETWEB.NS,4998.0,2026-09-10T13:50:00+05:30,OPEN,2026-06-19,5244.0,2026-07-24,4115.0,2026-08-10,5002.394,4679.5,5537.54,-0.08783794319280393
ELGIEQUIP.NS,620.0999755859375,2026-09-10T13:50:00+05:30,OPEN,2026-05-29,633.8499755859375,2026-07-14,565.4000244140625,2026-08-17,619.2016860351563,599.625,651.646962890625,0.14507220684961322
63MOONS.NS,895.25,2026-09-10T13:50:00+05:30,OPEN,2025-09-09,1007.7000122070312,2026-03-30,467.0,2026-07-31,891.9902095947266,737.3500061035156,1148.282015380859,0.36545136596897
MUFIN.NS,135.10000610351562,2026-09-10T13:50:00+05:30,OPEN,2026-07-02,138.0,2026-07-24,122.0500030517578,2026-08-03,134.58670065307618,130.0250015258789,142.14699920654297,0.3813938880652055
LTF.NS,310.54998779296875,2026-09-10T13:50:00+05:30,OPEN,2026-01-06,329.45001220703125,2026-04-02,234.8999938964844,2026-06-30,309.2163082885742,282.1750030517578,354.03301696777345,0.43130956183264313
JKPAPER.NS,416.95001220703125,2026-09-10T13:50:00+05:30,OPEN,2025-10-03,444.7999877929688,2026-03-30,304.8500061035156,2026-07-23,414.8506917114258,374.8249969482422,481.1869830322265,0.5060424238284208
BAJFINANCE.NS,1041.300048828125,2026-09-10T13:50:00+05:30,OPEN,2025-10-23,1102.5,2026-03-23,787.9000244140625,2026-07-03,1035.1756052246094,945.2000122070312,1184.2959936523437,0.5916333009206431
CHOICEIN.NS,770.5,2026-09-10T13:50:00+05:30,OPEN,2026-02-19,814.4000244140625,2026-03-23,568.7000122070312,2026-07-01,761.8202218017578,691.5500183105469,878.2820275878906,1.139347309226563
GALAXYSURF.NS,2283.699951171875,2026-09-10T13:50:00+05:30,OPEN,2025-09-11,2456.89990234375,2026-03-30,1510.0,2026-08-14,2254.263323242188,1983.449951171875,2703.093876953125,1.3058202928728728
STEL.NS,590.0499877929688,2026-09-10T13:25:00+05:30,OPEN,2025-12-04,633.2999877929688,2026-01-21,385.1000061035156,2026-06-15,580.1851917114258,509.1999969482422,697.8319830322266,1.7002840166333577
GENUSPOWER.NS,325.6000061035156,2026-09-10T13:50:00+05:30,OPEN,2025-11-17,351.1000061035156,2026-02-04,206.3604888916016,2026-05-04,320.125749420166,278.7302474975586,388.7322805786133,1.7100332270256182
IIFLCAPS.NS,337.6000061035156,2026-09-10T13:50:00+05:30,OPEN,2026-01-28,355.8999938964844,2026-03-30,240.3999938964844,2026-04-21,331.1829938964844,298.1499938964844,385.9299938964844,1.9376031756742185
TTKHLTCARE.NS,1138.699951171875,2026-09-10T13:50:00+05:30,OPEN,2025-08-29,1216.800048828125,2026-03-30,735.0,2026-07-27,1113.6948383789063,975.9000244140624,1342.068061523437,2.245239174257657
ALBERTDAVD.NS,854.5,2026-09-10T13:50:00+05:30,OPEN,2025-11-03,903.0,2026-03-30,579.9000244140625,2026-08-07,833.8566052246094,741.4500122070312,987.0059936523436,2.4756528455908806
PVRINOX.NS,1207.4000244140625,2026-09-10T13:50:00+05:30,OPEN,2025-10-30,1249.699951171875,2026-03-30,907.4000244140624,2026-08-04,1176.4477668457032,1078.5499877929688,1338.6979321289064,2.630992929788003
COFORGE.NS,1837.4000244140625,2026-09-10T13:50:00+05:30,OPEN,2025-12-08,1989.699951171875,2026-03-17,1008.0999755859376,2026-08-05,1779.6375563964843,1498.8999633789062,2244.915944824219,3.2457433711692976
JASH.NS,522.3499755859375,2026-09-10T13:50:00+05:30,OPEN,2025-08-25,554.0,2026-03-30,327.1000061035156,2026-06-15,505.44340130615234,440.5500030517578,612.9939984130859,3.3448995943157387
RAJRATAN.NS,511.20001220703125,2026-09-10T13:50:00+05:30,OPEN,2026-01-08,540.0,2026-03-30,323.8999938964844,2026-07-13,493.7545986938477,431.9499969482422,596.186001586914,3.533215398769495
KARURVYSYA.NS,336.25,2026-09-10T13:50:00+05:30,OPEN,2026-02-25,343.45001220703125,2026-03-23,255.5500030517578,2026-07-21,324.63941024780274,299.50000762939453,366.3040145874023,3.5764572586349566
INDGN.NS,578.0,2026-09-10T13:50:00+05:30,OPEN,2025-09-17,596.7999877929688,2026-03-23,414.0,2026-08-04,557.6807904052735,505.3999938964844,644.3279846191406,3.64351972388368
CARTRADE.NS,3040.10009765625,2026-09-10T13:50:00+05:30,OPEN,2025-11-17,3290.5,2026-04-30,1600.0,2026-07-14,2928.733,2445.25,3730.03,3.8025691538371653
ORIENTHOT.NS,140.0,2026-09-10T13:50:00+05:30,OPEN,2025-09-10,149.5,2026-03-16,80.0,2026-06-23,134.627,114.75,167.57,3.9910270599508197
RANEHOLDIN.NS,1695.0,2026-09-10T13:50:00+05:30,OPEN,2025-10-06,1798.0,2026-03-30,981.0,2026-06-17,1623.162,1389.5,2010.42,4.425805926949988
IKIO.NS,227.85000610351562,2026-09-10T13:50:00+05:30,OPEN,2025-09-11,248.8800048828125,2026-03-30,103.52999877929688,2026-07-10,217.77510357666017,176.2050018310547,286.67100646972654,4.6262875606021385
SOUTHBANK.NS,46.029998779296875,2026-09-10T13:50:00+05:30,OPEN,2026-01-22,46.84000015258789,2026-03-23,33.380001068115234,2026-06-03,43.95956034851074,40.11000061035156,50.33959991455078,4.709870650142377
ACE.NS,1130.4000244140625,2026-09-10T13:50:00+05:30,OPEN,2025-09-19,1170.0,2026-03-30,745.0999755859375,2026-07-21,1079.071394775391,957.5499877929688,1280.474006347656,4.756740831718153
USHAMART.NS,495.0,2026-09-10T13:50:00+05:30,OPEN,2025-11-10,497.1000061035156,2026-03-23,380.0,2026-05-04,472.0406047973633,438.5500030517578,527.5460076904296,4.863860220773309
OIL.NS,500.6000061035156,2026-09-10T13:50:00+05:30,OPEN,2026-05-26,496.4500122070313,2026-06-25,404.1000061035156,2026-08-11,476.6871109008789,450.27500915527344,520.4610137939453,5.016476144581368
GLAXO.NS,2855.10009765625,2026-09-10T13:50:00+05:30,OPEN,2025-09-04,2883.39990234375,2026-06-12,2088.10009765625,2026-08-18,2713.205744140625,2485.75,3090.1778515625,5.22976754792948
TI.NS,540.7000122070312,2026-09-10T13:50:00+05:30,OPEN,2025-10-31,549.7000122070312,2026-01-23,381.5499877929688,2026-08-11,513.7159069824219,465.625,593.4190185546875,5.252729155909262
KRONOX.NS,171.0,2026-09-10T13:50:00+05:30,OPEN,2025-09-19,180.5,2026-03-30,96.0,2026-07-01,162.417,138.25,202.47,5.284545337002899
SHANTIGOLD.NS,262.6400146484375,2026-09-10T13:50:00+05:30,OPEN,2025-08-21,274.1000061035156,2026-03-30,155.0,2026-08-14,248.6126047973633,214.5500030517578,305.06600769042973,5.642276208202524
IVC.NS,9.59000015258789,2026-09-10T13:50:00+05:30,OPEN,2025-11-17,9.880000114440918,2026-03-23,6.019999980926514,2026-06-10,9.053960085868836,7.950000047683716,10.883600149154663,5.920503974340368
JSWINFRA.NS,343.54998779296875,2026-09-10T13:50:00+05:30,OPEN,2025-09-24,349.0,2026-04-07,233.4199981689453,2026-06-24,324.2658796081543,291.20999908447266,379.0508004760742,5.947005034300101
AFIL.NS,8.949999809265137,2026-09-10T13:50:00+05:30,OPEN,2025-10-01,9.670000076293944,2026-02-02,3.920000076293945,2026-03-11,8.439500076293946,6.795000076293945,11.165000076293946,6.0489333296548455
DICIND.NS,618.0,2026-09-10T13:25:00+05:30,OPEN,2025-08-20,617.2999877929688,2026-01-19,450.5,2026-08-13,581.6047904052734,533.8999938964844,660.6679846191406,6.257721771749108
TBOTEK.NS,1678.0,2026-09-10T13:50:00+05:30,OPEN,2025-12-16,1734.4000244140625,2026-03-23,1004.2000122070312,2026-08-03,1578.1372218017575,1369.3000183105469,1924.2520275878903,6.327889414092222
GPTHEALTH.NS,162.75,2026-09-10T13:50:00+05:30,OPEN,2025-08-20,163.22000122070312,2026-03-27,115.0,2026-06-03,152.90092095947267,139.11000061035156,175.75720153808595,6.441477905249431
BOSCH-HCIL.NS,1721.0,2026-09-10T13:50:00+05:30,OPEN,2025-09-17,1778.5999755859375,2026-03-30,1021.2999877929688,2026-08-06,1616.5377781982422,1399.9499816894531,1975.4979724121092,6.462095919477311
EIMCOELECO.NS,2317.199951171875,2026-09-10T13:50:00+05:30,OPEN,2025-10-09,2380.0,2026-03-30,1405.5,2026-08-17,2171.457,1892.75,2633.37,6.711758564497254
TARSONS.NS,325.8999938964844,2026-09-10T13:50:00+05:30,OPEN,2025-08-20,342.45001220703125,2026-03-30,164.4499969482422,2026-07-06,304.3580089416504,253.45000457763672,388.7300161743164,7.077843960716633
HFCL.NS,235.1199951171875,2026-09-10T13:50:00+05:30,OPEN,2026-07-07,229.5,2026-07-29,181.0500030517578,2026-08-12,219.13170065307617,205.2750015258789,242.09699920654296,7.296203340941347
VMART.NS,817.5,2026-09-10T13:50:00+05:30,OPEN,2025-11-19,843.4500122070312,2026-03-30,457.8999938964844,2026-06-17,760.9423082885742,650.6750030517578,943.6930169677736,7.432586031210307
JYOTICNC.NS,1003.0999755859375,2026-09-10T13:50:00+05:30,OPEN,2025-12-29,1025.0,2026-06-02,580.0999755859375,2026-08-18,929.7913947753908,802.5499877929688,1140.6740063476564,7.884411624206933
IDFCFIRSTB.NS,86.66000366210938,2026-09-10T13:50:00+05:30,OPEN,2026-02-19,86.19000244140625,2026-04-02,58.08000183105469,2026-06-22,80.17446231079101,72.13500213623047,93.49860260009766,8.089285745600124
SHAREINDIA.NS,206.10000610351562,2026-09-10T13:50:00+05:30,OPEN,2025-10-20,211.0,2026-03-30,115.36000061035156,2026-07-08,190.53304013061523,163.18000030517578,235.86639984130855,8.170218646712843
MEDANTA.NS,1461.199951171875,2026-09-10T13:50:00+05:30,OPEN,2025-09-03,1454.0,2026-03-30,956.0,2026-07-02,1347.428,1205.0,1583.48,8.443638633891746
TASTYBITE.NS,10147.0,2026-09-10T13:50:00+05:30,OPEN,2025-08-20,10100.0,2026-03-23,6430.0,2026-07-01,9314.62,8265.0,11054.2,8.936274372974948
SEAMECLTD.NS,1769.4000244140625,2026-09-10T13:50:00+05:30,OPEN,2026-05-19,1709.199951171875,2026-06-18,1286.0999755859375,2026-08-19,1618.6565563964843,1497.6499633789062,1819.2059448242187,9.312875385570925
AUSOMENT.NS,153.25,2026-09-10T13:20:00+05:30,OPEN,2026-05-15,147.77999877929688,2026-06-11,111.0,2026-07-29,139.90907904052733,129.38999938964844,157.34279846191407,9.535421897536912
GEOJITFSL.NS,79.63999938964844,2026-09-10T13:50:00+05:30,OPEN,2025-12-29,78.6500015258789,2026-03-30,50.86000061035156,2026-05-13,72.70294132995605,64.75500106811523,85.87540176391602,9.541647054153076
MUKKA.NS,30.469999313354492,2026-09-10T13:50:00+05:30,OPEN,2025-12-04,30.26000022888184,2026-03-30,18.270000457763672,2026-08-13,27.69414027786255,24.265000343322757,33.37740016937256,10.023272098866478
GUJTHEM.NS,431.20001220703125,2026-09-10T13:50:00+05:30,OPEN,2026-01-07,436.2000122070313,2026-03-30,225.0500030517578,2026-05-07,391.0139102478028,330.62500762939453,491.0990145874024,10.277409807175589
QPOWER.NS,1478.300048828125,2026-09-10T13:50:00+05:30,OPEN,2026-04-28,1441.0,2026-05-20,970.0999755859376,2026-08-18,1340.2273947753906,1205.5499877929688,1563.434006347656,10.30218115157048
SKIPPER.NS,590.5999755859375,2026-09-10T13:50:00+05:30,OPEN,2025-09-08,588.0,2026-03-09,327.04998779296875,2026-05-29,532.1566973876953,457.5249938964844,655.8470031738282,10.982343825631522
GIPCL.NS,201.32000732421875,2026-09-10T13:50:00+05:30,OPEN,2025-10-23,198.0,2026-03-30,119.9000015258789,2026-08-12,181.2866003265381,158.95000076293945,218.3059996032715,11.050682709916765
RAMRAT.NS,541.0,2026-09-10T13:50:00+05:30,OPEN,2026-05-27,520.0,2026-06-11,354.0,2026-08-13,484.476,437.0,563.16,11.667038202098762
NAHARINDUS.NS,134.63999938964844,2026-09-10T13:45:00+05:30,OPEN,2025-09-23,130.0,2026-03-30,83.05000305175781,2026-05-04,119.95270065307616,106.5250015258789,142.20699920654295,12.244241819157093
SYNCOMF.NS,19.1200008392334,2026-09-10T13:50:00+05:30,OPEN,2025-09-12,18.700000762939453,2026-03-30,10.210000038146973,2026-08-12,16.883140607833862,14.455000400543211,20.907400951385497,13.24907659870831
TNPETRO.NS,134.72999572753906,2026-09-10T13:50:00+05:30,OPEN,2025-11-03,129.88999938964844,2026-03-17,78.66999816894531,2026-08-12,118.92891912841796,104.27999877929688,143.20719970703124,13.286151690371707
STOVEKRAFT.NS,841.2000122070312,2026-09-10T13:50:00+05:30,OPEN,2025-11-03,813.9500122070312,2026-03-30,447.0499877929688,2026-06-22,735.433406982422,630.5,909.3440185546876,14.381533966288437
AEGISVOPAK.NS,295.25,2026-09-10T13:50:00+05:30,OPEN,2025-12-01,284.3999938964844,2026-03-30,158.0,2026-07-03,257.3503952026367,221.1999969482422,317.2639923095703,14.726849270047273
MARALOVER.NS,63.0,2026-09-10T13:45:00+05:30,OPEN,2025-08-20,60.5,2026-03-30,34.11000061035156,2026-05-08,54.85254013061524,47.30500030517578,67.3613998413086,14.853386643506344
AEROPLANE.NS,209.44000244140625,2026-09-10T13:50:00+05:30,OPEN,2026-04-02,200.0,2026-06-11,117.1999969482422,2026-07-13,182.28079934692383,158.5999984741211,221.528000793457,14.899651083267404
WINDLAS.NS,1135.0,2026-09-10T13:50:00+05:30,OPEN,2025-08-20,1056.4000244140625,2026-03-16,697.4000244140625,2026-08-19,979.5740244140624,876.9000244140625,1149.7400244140624,15.866690184941005
YUKEN.NS,1082.6500244140625,2026-09-10T13:50:00+05:30,OPEN,2025-10-31,1028.0,2026-03-30,584.0999755859375,2026-08-19,933.0053947753906,806.0499877929688,1143.414006347656,16.038988678591394
ANTHEM.NS,950.0,2026-09-10T13:50:00+05:30,OPEN,2025-09-18,873.5,2026-02-02,579.1500244140625,2026-05-13,810.5091052246094,726.3250122070312,950.0309936523438,17.21028102907428
EXICOM.NS,178.25999450683594,2026-09-10T13:50:00+05:30,OPEN,2025-09-19,168.3000030517578,2026-03-30,75.5999984741211,2026-05-22,148.46220207214355,121.95000076293944,192.40200424194336,20.070962183500736
DIFFNKG.NS,452.8500061035156,2026-09-10T13:50:00+05:30,OPEN,2025-09-11,418.2000122070313,2026-03-19,216.8000030517578,2026-06-12,375.1004102478028,317.50000762939453,470.5640145874023,20.72767550543308
MANALIPETC.NS,86.0,2026-09-10T13:50:00+05:30,OPEN,2025-10-15,77.5999984741211,2026-03-30,39.130001068115234,2026-06-16,69.36741902923583,58.36499977111816,87.60219779968261,23.97751163807052
JTLIND.NS,89.66000366210938,2026-09-10T13:50:00+05:30,OPEN,2026-01-23,80.5,2026-03-30,40.25,2026-04-21,71.8865,60.375,90.965,24.72439701767283
INDORAMA.NS,85.0999984741211,2026-09-10T13:50:00+05:30,OPEN,2025-11-03,75.0,2026-03-23,29.0,2026-08-04,65.156,52.0,86.96000000000001,30.60961150795182
APLAPOLLO.NS,2177.199951171875,2026-09-10T13:50:00+05:30,NEAR 0.786,2026-02-12,2301.39990234375,2026-06-02,1736.0,,2180.4043232421877,2018.699951171875,2448.403876953125,0.14696228750582993
HARSHA.NS,450.0,2026-09-10T13:50:00+05:30,NEAR 0.786,2026-05-07,469.0,2026-06-02,385.0,,451.024,427.0,490.84,0.22703891588917685
LICHSGFIN.NS,552.1500244140625,2026-09-10T13:50:00+05:30,NEAR 0.786,2026-06-15,570.75,2026-08-18,495.8999938964844,,554.7320986938477,533.3249969482422,590.2110015869141,0.4654632904540445
ALMONDZ.NS,19.540000915527344,2026-09-10T13:50:00+05:30,NEAR 0.786,2025-09-12,22.100000381469727,2026-03-30,10.68000030517578,,19.656120365142822,16.390000343322754,25.069200401306155,0.5907546731419029
CEIGALL.NS,381.20001220703125,2026-09-10T13:50:00+05:30,NEAR 0.786,2026-06-30,405.7000122070313,2026-08-18,302.29998779296875,,383.57240698242185,354.0,432.58401855468753,0.6184998535359515
LTFOODS.NS,443.8500061035156,2026-09-10T13:50:00+05:30,NEAR 0.786,2026-03-06,471.9500122070313,2026-03-30,359.1000061035156,,447.8001109008789,415.52500915527344,501.29101379394535,0.8821134031022251
GRANULES.NS,881.4000244140625,2026-09-10T13:50:00+05:30,NEAR 0.786,2026-07-16,910.0,2026-08-03,814.2000122070312,,889.4988026123046,862.1000061035156,934.907996826172,0.9104878134132872
ARVIND.NS,572.7000122070312,2026-09-10T13:50:00+05:30,NEAR 0.786,2026-06-30,600.0,2026-07-30,504.9500122070313,,579.6593026123047,552.4750061035156,624.7129968261719,1.2005828896233668
BHEL.NS,431.3500061035156,2026-09-10T13:50:00+05:30,NEAR 0.786,2026-07-17,446.5,2026-08-10,400.2000122070313,,436.5918026123047,423.3500061035156,458.5379968261719,1.200617253330299
VRAJ.NS,127.69000244140625,2026-09-10T13:50:00+05:30,NEAR 0.786,2026-07-24,132.0,2026-08-19,120.0,,129.432,126.0,135.12,1.345878576081447
FOSECOIND.NS,6214.5,2026-09-10T13:50:00+05:30,NEAR 0.786,2025-09-08,6846.0,2026-02-02,4300.0,,6301.156,5573.0,7507.96,1.3752397179184255
AMBICAAGAR.NS,25.799999237060547,2026-09-10T13:10:00+05:30,NEAR 0.786,2026-06-15,27.0,2026-08-17,23.200000762939453,,26.186800163269044,25.100000381469727,27.98799980163574,1.4770835833201355
BIOFILCHEM.NS,37.22999954223633,2026-09-10T13:50:00+05:30,NEAR 0.786,2026-05-27,39.9900016784668,2026-08-19,30.5,,37.959141319274906,35.2450008392334,42.45740211486817,1.92085951287927
KISSHT.NS,331.5,2026-09-10T13:50:00+05:30,NEAR 0.786,2026-07-27,351.5,2026-08-12,289.0,,338.125,320.25,367.75,1.9593345656192238
TBZ.NS,501.25,2026-09-10T13:50:00+05:30,ENTRY AREA,2026-07-29,295.70001220703125,2026-08-13,236.6000061035156,,283.0526109008789,266.15000915527344,311.06601379394533,-77.087220077094
NOVARTIND.NS,2538.699951171875,2026-09-10T13:50:00+05:30,ENTRY AREA,2026-07-23,1780.0,2026-08-20,1476.0,,1714.944,1628.0,1859.04,-48.033985434619154
WHEELS.NS,2358.0,2026-09-10T13:50:00+05:30,ENTRY AREA,2026-06-30,1808.0,2026-08-13,1342.0,,1708.276,1575.0,1929.16,-38.033900845062504
SHANTIGEAR.NS,729.9000244140625,2026-09-10T13:50:00+05:30,ENTRY AREA,2025-08-21,598.9000244140625,2026-08-18,384.0,,552.9114191894531,491.4500122070313,654.7740307617187,-32.010300218445096
PKTEA.NS,1100.0,2026-09-10T13:50:00+05:30,ENTRY AREA,2026-05-26,918.0,2026-07-24,605.0,,851.018,761.5,999.38,-29.256960487322235
WELENT.NS,793.3499755859375,2026-09-10T13:50:00+05:30,ENTRY AREA,2026-07-16,634.9000244140625,2026-08-14,557.0999755859375,,618.2508139648437,596.0,655.128037109375,-28.321703371190495
ANTELOPUS.NS,1136.800048828125,2026-09-10T13:50:00+05:30,ENTRY AREA,2026-07-28,919.2999877929688,2026-08-14,776.4500122070312,,888.7300930175782,847.875,956.4409814453124,-27.912856530856807
PAR.NS,141.0800018310547,2026-09-10T13:45:00+05:30,ENTRY AREA,2025-09-18,122.43000030517578,2026-03-30,78.05000305175781,,112.93268089294436,100.2400016784668,133.96879959106445,-24.92398189395048
KALYANIFRG.NS,973.2000122070312,2026-09-10T13:45:00+05:30,ENTRY AREA,2025-10-09,849.6500244140625,2026-03-23,523.5999755859375,,779.8753139648438,686.625,934.423037109375,-24.789180370299853
LANCORHOL.NS,37.93000030517578,2026-09-10T13:40:00+05:30,ENTRY AREA,2025-11-10,33.79999923706055,2026-03-17,18.1200008392334,,30.444479579925535,25.960000038146973,37.87679882049561,-24.587448458754558
GMMPFAUDLR.NS,1315.5,2026-09-10T13:50:00+05:30,ENTRY AREA,2025-11-24,1190.800048828125,2026-06-11,735.0,,1093.258838378906,962.9000244140624,1309.3080615234376,-20.328320597035855
CHEMBOND.NS,226.97999572753906,2026-09-10T13:50:00+05:30,ENTRY AREA,2026-07-07,197.44000244140625,2026-08-03,161.60000610351562,,189.7702432250977,179.52000427246094,206.7584014892578,-19.607790910772398
STLNETWORK.NS,34.86000061035156,2026-09-10T13:50:00+05:30,ENTRY AREA,2026-06-01,31.5,2026-07-30,23.0,,29.681,27.25,33.71,-17.44887507277909
RGL.NS,154.0,2026-09-10T13:50:00+05:30,ENTRY AREA,2026-02-27,146.47000122070312,2026-03-23,85.0,,133.31542095947265,115.73500061035156,162.45220153808594,-15.515518678679626
INDNIPPON.NS,1419.0,2026-09-10T13:50:00+05:30,ENTRY AREA,2026-07-21,1278.199951171875,2026-08-10,1053.0999755859375,,1230.0285563964844,1165.6499633789062,1336.7259448242187,-15.363175319858428
BALPHARMA.NS,108.36000061035156,2026-09-10T13:50:00+05:30,ENTRY AREA,2026-05-27,98.8499984741211,2026-07-07,76.01000213623047,,93.9622392578125,87.43000030517578,104.78839752197266,-15.322922767979863
THEMISMED.NS,132.0,2026-09-10T13:50:00+05:30,ENTRY AREA,2026-08-04,117.9000015258789,2026-08-20,102.01000213623048,,114.49954165649416,109.95500183105467,122.0314013671875,-15.28430427783573
CYBERMEDIA.NS,22.829999923706055,2026-09-10T13:50:00+05:30,ENTRY AREA,2026-05-08,21.43000030517578,2026-07-24,14.550000190734863,,19.957680280685423,17.990000247955322,23.21880033493042,-14.392051594294731
DCBBANK.NS,226.69000244140625,2026-09-10T13:50:00+05:30,ENTRY AREA,2026-07-27,204.7400054931641,2026-08-19,180.0,,199.44564431762691,192.37000274658203,211.1724069213867,-13.660041670497133
SBC.NS,48.2599983215332,2026-09-10T13:50:00+05:30,ENTRY AREA,2026-06-19,45.0,2026-08-12,33.560001373291016,,42.55184029388428,39.28000068664551,47.974399642944334,-13.41459731994087
AEROFLEX.NS,560.5,2026-09-10T13:50:00+05:30,ENTRY AREA,2026-06-22,521.9000244140625,2026-07-08,396.1000061035156,,494.9788204956055,459.00001525878906,554.6080291748046,-13.237168297178936
MAHSEAMLES.NS,721.0999755859375,2026-09-10T13:50:00+05:30,ENTRY AREA,2026-06-23,661.5,2026-07-24,557.2000122070312,,639.1798026123047,609.3500061035156,688.6179968261719,-12.816452059158948
ANUHPHR.NS,91.79000091552734,2026-09-10T13:50:00+05:30,ENTRY AREA,2026-06-12,83.9000015258789,2026-08-19,75.4000015258789,,82.0810015258789,79.6500015258789,86.11000152587891,-11.828558630083648
RML.NS,1408.300048828125,2026-09-10T13:50:00+05:30,ENTRY AREA,2026-07-09,1323.9000244140625,2026-08-06,1028.699951171875,,1260.7272087402343,1176.2999877929688,1400.6520434570311,-11.705374411277356
GOACARBON.NS,453.8999938964844,2026-09-10T13:50:00+05:30,ENTRY AREA,2026-07-13,422.0,2026-08-18,351.0,,406.806,386.5,440.46,-11.576523919628617
GRAPHITE.NS,832.6500244140625,2026-09-10T13:50:00+05:30,ENTRY AREA,2026-05-15,802.4000244140625,2026-07-09,570.0,,752.6664191894531,686.2000122070312,862.8240307617187,-10.626700379531185
PAISALO.NS,82.55000305175781,2026-09-10T13:50:00+05:30,ENTRY AREA,2026-07-17,77.38999938964844,2026-08-17,65.0,,74.73853952026367,71.19499969482422,80.61139923095703,-10.45172086802183
INOXINDIA.NS,2277.5,2026-09-10T13:50:00+05:30,ENTRY AREA,2026-07-22,2119.800048828125,2026-08-19,1879.800048828125,,2068.440048828125,1999.800048828125,2182.200048828125,-10.107131279454682
JAYAGROGN.NS,260.0,2026-09-10T13:35:00+05:30,ENTRY AREA,2026-08-03,241.3500061035156,2026-08-19,217.0,,236.13910479736327,229.1750030517578,247.68100769042968,-10.10459289371506
AAREYDRUGS.NS,97.37000274658203,2026-09-10T13:50:00+05:30,ENTRY AREA,2026-06-24,92.88999938964844,2026-07-20,73.41000366210938,,88.72128030395508,83.1500015258789,97.9547982788086,-9.748193909056335
VINCOFE.NS,178.4499969482422,2026-09-10T13:50:00+05:30,ENTRY AREA,2026-07-13,168.0,2026-08-13,143.39999389648438,,162.73559869384766,155.6999969482422,174.39600158691405,-9.656398710867077
GLOBAL.NS,124.13999938964844,2026-09-10T13:50:00+05:30,ENTRY AREA,2026-05-08,121.9000015258789,2026-08-12,81.5999984741211,,113.27580087280272,101.75,132.37800231933593,-9.590926246502654
SMLMAH.NS,6349.5,2026-09-10T13:50:00+05:30,ENTRY AREA,2026-07-31,5987.89990234375,2026-08-17,5121.5,,5802.490323242188,5554.699951171875,6213.1638769531255,-9.427153623449138
VENUSPIPES.NS,1963.5999755859375,2026-09-10T13:50:00+05:30,ENTRY AREA,2026-07-07,1875.0,2026-08-17,1527.0999755859375,,1800.5493947753907,1701.0499877929688,1965.4540063476563,-9.055601656009358
HATSUN.NS,1196.9000244140625,2026-09-10T13:50:00+05:30,ENTRY AREA,2025-10-28,1179.0,2026-01-30,855.2999877929688,,1109.7281973876952,1017.1499938964844,1263.162003173828,-7.855241241194927
KROSS.NS,233.80999755859375,2026-09-10T13:50:00+05:30,ENTRY AREA,2026-07-20,224.0,2026-08-19,197.0,,218.222,210.5,231.02,-7.143183344756139
CGCL.NS,272.6499938964844,2026-09-10T13:50:00+05:30,ENTRY AREA,2026-07-10,264.5299987792969,2026-07-30,218.58999633789065,,254.69883825683596,241.55999755859372,276.47439941406253,-7.047992744099853
MVGJL.NS,209.9199981689453,2026-09-10T13:50:00+05:30,ENTRY AREA,2025-11-12,214.7899932861328,2026-03-30,129.10000610351562,,196.45233602905276,171.94499969482422,237.06938995361327,-6.855434968154748
BLUSPRING.NS,133.11000061035156,2026-09-10T13:50:00+05:30,ENTRY AREA,2026-07-03,131.82000732421875,2026-07-24,100.9000015258789,,125.20312608337404,116.36000442504884,139.8592088317871,-6.315237306225285
PIRAMALFIN.NS,2297.699951171875,2026-09-10T13:50:00+05:30,ENTRY AREA,2026-07-01,2220.0,2026-07-29,1970.5,,2166.607,2095.25,2284.87,-6.050610524745606
CAPLIPOINT.NS,2786.5,2026-09-10T13:50:00+05:30,ENTRY AREA,2026-07-15,2699.0,2026-08-13,2382.5,,2631.269,2540.75,2781.29,-5.899472839911094
ZIMLAB.NS,135.2899932861328,2026-09-10T13:50:00+05:30,ENTRY AREA,2026-06-25,133.89999389648438,2026-08-13,106.0,,127.92939520263673,119.9499969482422,141.1539923095703,-5.753640960966864
EBGNG.NS,682.0,2026-09-10T13:50:00+05:30,ENTRY AREA,2026-07-02,689.5,2026-08-05,483.0499877929688,,645.3196973876953,586.2749938964844,743.1770031738281,-5.684051294387791
ALEMBICLTD.NS,107.12999725341797,2026-09-10T13:50:00+05:30,ENTRY AREA,2025-08-21,109.91000366210938,2026-03-30,70.45999908447266,,101.46770268249512,90.18500137329102,120.16700485229492,-5.580391022196361
HCC.NS,22.950000762939453,2026-09-10T13:50:00+05:30,ENTRY AREA,2026-08-04,22.299999237060547,2026-08-19,19.709999084472656,,21.74573920440674,21.0049991607666,22.9733992767334,-5.537919622841207
TIMEX.NS,629.2000122070312,2026-09-10T13:50:00+05:30,ENTRY AREA,2026-07-23,618.0,2026-08-17,521.4500122070312,,597.3383026123047,569.7250061035156,643.1029968261719,-5.333947187948205
TEXMOPIPES.NS,58.29999923706055,2026-09-10T13:50:00+05:30,ENTRY AREA,2025-09-11,62.0,2026-03-30,33.0,,55.794,47.5,69.53999999999999,-4.491521018497599
HINDOILEXP.NS,188.13999938964844,2026-09-10T13:50:00+05:30,ENTRY AREA,2026-06-09,188.6499938964844,2026-08-14,149.9199981689453,,180.36177481079105,169.28499603271484,198.71979278564453,-4.3125682185247705
BHAGYANGR.NS,432.20001220703125,2026-09-10T13:50:00+05:30,ENTRY AREA,2026-07-27,431.0,2026-08-17,357.29998779296875,,415.2281973876953,394.1499938964844,450.1620031738281,-4.087346410024637
SAHLIBHFI.NS,83.77999877929688,2026-09-10T13:05:00+05:30,ENTRY AREA,2026-07-27,83.69999694824219,2026-08-18,69.30000305175781,,80.61839825439453,76.5,87.44399536132812,-3.9216861080838954
MANOMAY.NS,234.88999938964844,2026-09-10T13:50:00+05:30,ENTRY AREA,2026-05-04,244.0,2026-07-07,165.0,,227.094,204.5,264.54,-3.432939394985532
NITIRAJ.NS,226.00999450683594,2026-09-10T12:25:00+05:30,ENTRY AREA,2026-07-23,227.88999938964844,2026-08-19,185.6100006103516,,218.8420796508789,206.75,238.88279907226564,-3.2753823521473056
STAR.NS,1200.0,2026-09-10T13:50:00+05:30,ENTRY AREA,2026-05-12,1231.0,2026-08-19,931.2999877929688,,1166.8641973876954,1081.1499938964844,1308.9220031738282,-2.8397308518409434
TMB.NS,921.7999877929688,2026-09-10T13:50:00+05:30,ENTRY AREA,2026-07-27,917.0,2026-08-19,823.5999755859375,,897.0123947753906,870.2999877929688,941.2840063476564,-2.7633501122116497
AHCL.NS,16.559999465942383,2026-09-10T13:50:00+05:30,ENTRY AREA,2026-06-24,16.780000686645508,2026-08-06,13.8100004196167,,16.144420629501344,15.295000553131104,17.552200756073,-2.5741328597548763
ADROITINFO.NS,10.960000038146973,2026-09-10T13:45:00+05:30,ENTRY AREA,2026-08-03,10.989999771118164,2026-08-20,9.600000381469728,,10.6925399017334,10.295000076293944,11.351399612426755,-2.5013714128877185
NOCIL.NS,199.50999450683594,2026-09-10T13:50:00+05:30,ENTRY AREA,2026-06-23,204.5,2026-07-24,158.8000030517578,,194.72020065307615,181.6500015258789,216.38199920654296,-2.459834078690963
RACLGEAR.NS,1610.800048828125,2026-09-10T13:50:00+05:30,ENTRY AREA,2026-02-17,1691.9000244140625,2026-03-23,1144.0,,1574.649419189453,1417.9500122070312,1834.3540307617184,-2.2957890942658454
PRABHA.NS,248.5,2026-09-10T13:50:00+05:30,ENTRY AREA,2025-08-20,272.6000061035156,2026-07-23,137.91000366210938,,243.7763455810547,205.2550048828125,307.6194067382812,-1.937700069990878
MOTILALOFS.NS,1011.7000122070312,2026-09-10T13:50:00+05:30,ENTRY AREA,2025-10-28,1097.0999755859375,2026-03-23,614.9000244140625,,993.9091860351564,856.0,1222.471962890625,-1.7899850833298945
S&SPOWER.NS,346.1000061035156,2026-09-10T13:50:00+05:30,ENTRY AREA,2026-07-27,359.3999938964844,2026-08-18,270.0,,340.2683952026367,314.6999969482422,382.6439923095703,-1.7138267858835547
SHYAMMETL.NS,1081.199951171875,2026-09-10T13:50:00+05:30,ENTRY AREA,2026-07-20,1090.0,2026-08-14,970.0,,1064.32,1030.0,1121.2,-1.5859845884578945
KSL.NS,959.4500122070312,2026-09-10T13:50:00+05:30,ENTRY AREA,2026-07-13,982.5499877929688,2026-08-19,816.0,,946.9082904052734,899.2749938964844,1025.852984619141,-1.3244917093702937
ASIANHOTNR.NS,381.3500061035156,2026-09-10T13:50:00+05:30,ENTRY AREA,2026-07-07,402.5499877929688,2026-07-24,280.20001220703125,,376.3670930175781,341.375,434.3609814453125,-1.3239502545204718
GLENMARK.NS,2423.89990234375,2026-09-10T13:50:00+05:30,ENTRY AREA,2026-04-29,2474.0,2026-06-17,2101.0,,2394.178,2287.5,2570.98,-1.241424085583867
WABAG.NS,2195.0,2026-09-10T13:50:00+05:30,ENTRY AREA,2026-07-13,2253.5,2026-07-28,1856.0,,2168.435,2054.75,2356.85,-1.2250770717130122
NEPHROPLUS.NS,746.2000122070312,2026-09-10T13:50:00+05:30,ENTRY AREA,2026-06-12,769.75,2026-07-21,618.0,,737.2755,693.875,809.205,-1.2104718259363407
IDEA.NS,14.880000114440918,2026-09-10T13:50:00+05:30,ENTRY AREA,2026-06-15,15.34000015258789,2026-08-07,12.600000381469728,,14.753640201568604,13.970000267028809,16.052400093078614,-0.8564660053108728
SMCGLOBAL.NS,86.97000122070312,2026-09-10T13:50:00+05:30,ENTRY AREA,2026-01-02,94.9000015258789,2026-03-30,54.43999862670898,,86.24156090545654,74.67000007629395,105.41960227966308,-0.8446511259752703
JMA.NS,95.94999694824219,2026-09-10T13:45:00+05:30,ENTRY AREA,2026-06-11,98.0,2026-07-28,85.0,,95.218,91.5,101.38,-0.7687590038040958
BALAMINES.NS,2361.60009765625,2026-09-10T13:50:00+05:30,ENTRY AREA,2026-07-13,2443.60009765625,2026-08-05,1977.300048828125,,2343.8118872070318,2210.4500732421875,2564.8381103515626,-0.7589436057692879
SKFINDUS.NS,2970.0,2026-09-10T13:50:00+05:30,ENTRY AREA,2026-07-09,3041.0,2026-08-12,2605.10009765625,,2947.717420898437,2823.050048828125,3154.333974609375,-0.7559265668949863
MCX.NS,3307.800048828125,2026-09-10T13:50:00+05:30,ENTRY AREA,2026-05-21,3480.0,2026-08-05,2565.5,,3284.297,3022.75,3717.77,-0.7156188623661311
BAIDFIN.NS,11.760000228881836,2026-09-10T13:50:00+05:30,ENTRY AREA,2026-05-14,12.399999618530272,2026-06-11,9.109999656677246,,11.695939626693724,10.75499963760376,13.25539960861206,-0.5477165942435811
PCJEWELLER.NS,13.729999542236328,2026-09-10T13:55:00+05:30,ENTRY AREA,2025-09-17,15.380000114440918,2026-03-30,7.46999979019165,,13.687260045051575,11.424999952316284,17.43660019874573,-0.3122575083988766
ARCHIDPLY.NS,101.88999938964844,2026-09-10T13:50:00+05:30,ENTRY AREA,2025-09-22,113.0,2026-03-30,60.0,,101.658,86.5,126.78,-0.22821557540816884
TEXINFRA.NS,115.12999725341797,2026-09-10T13:45:00+05:30,ENTRY AREA,2026-07-07,118.0,2026-08-18,103.5,,114.897,110.75,121.77,-0.20278793477459217
METROPOLIS.NS,594.1500244140625,2026-09-10T13:50:00+05:30,ENTRY AREA,2026-07-30,609.0499877929688,2026-08-20,536.5999755859375,,593.5456851806641,572.8249816894531,627.8869909667969,-0.10181848651033963
BEML.NS,2037.0,2026-09-10T13:50:00+05:30,WAITING FOR 0.786,2025-10-24,2275.75,2026-03-30,1355.0,,2078.7095,1815.375,2515.145,2.006509327060849
ASPINWALL.NS,251.25,2026-09-10T11:10:00+05:30,WAITING FOR 0.786,2026-07-16,264.8999938964844,2026-08-11,226.3800048828125,,256.6567162475586,245.63999938964844,274.9151910400391,2.1065944918984956
SMSPHARMA.NS,410.6000061035156,2026-09-10T13:50:00+05:30,WAITING FOR 0.786,2026-07-01,438.2999877929688,2026-08-18,352.75,,419.9922904052734,395.5249938964844,460.5429846191406,2.2362992169915006
KOTAKBANK.NS,414.3999938964844,2026-09-10T13:50:00+05:30,WAITING FOR 0.786,2026-01-06,445.6000061035156,2026-04-02,345.5,,424.1786047973633,395.5500030517578,471.6260076904297,2.3053050743920234
JINDALSTEL.NS,1136.0,2026-09-10T13:50:00+05:30,WAITING FOR 0.786,2026-06-05,1204.699951171875,2026-07-13,1010.0999755859376,,1163.0555563964845,1107.3999633789062,1255.2959448242189,2.326247980819693
BEPL.NS,130.5800018310547,2026-09-10T13:50:00+05:30,WAITING FOR 0.786,2026-07-21,138.5,2026-08-19,118.4499969482422,,134.20929934692384,128.4749984741211,143.71300079345704,2.704207184993653
WOCKPHARMA.NS,2221.5,2026-09-10T13:50:00+05:30,WAITING FOR 0.786,2026-06-01,2422.300048828125,2026-07-13,1792.4000244140625,,2287.501443603516,2107.3500366210938,2586.0740551757813,2.885307189119989
ADANIENT.NS,3077.5,2026-09-10T13:50:00+05:30,WAITING FOR 0.786,2026-07-06,3245.0,2026-08-13,2932.800048828125,,3178.189210449219,3088.9000244140625,3326.171987304688,3.168131403824983
KALYANKJIL.NS,615.5999755859375,2026-09-10T13:50:00+05:30,WAITING FOR 0.786,2026-07-30,648.9500122070312,2026-08-19,588.0,,635.9067095947265,618.4750061035156,664.7970153808594,3.193351116192944
RADHIKAJWE.NS,86.16999816894531,2026-09-10T13:50:00+05:30,WAITING FOR 0.786,2025-09-17,99.6500015258789,2026-03-30,50.0099983215332,,89.02704084014893,74.82999992370605,112.5564023590088,3.209185259042286
GOKUL.NS,42.5,2026-09-10T13:50:00+05:30,WAITING FOR 0.786,2026-06-22,45.5,2026-08-17,38.150001525878906,,43.92710032653809,41.82500076293945,47.410999603271485,3.248792467359656
BUILDPRO.NS,1308.5999755859375,2026-09-10T13:50:00+05:30,WAITING FOR 0.786,2026-08-04,1380.0,2026-08-19,1253.0999755859375,,1352.8433947753906,1316.5499877929688,1412.9940063476563,3.270402129346149
ASAHIINDIA.NS,976.8499755859375,2026-09-10T13:50:00+05:30,WAITING FOR 0.786,2025-11-24,1074.0,2026-03-24,775.0999755859375,,1010.0353947753906,924.5499877929688,1151.7140063476563,3.285569927659101
CGPOWER.NS,913.5999755859375,2026-09-10T13:50:00+05:30,WAITING FOR 0.786,2026-07-02,980.9000244140624,2026-07-30,814.8499755859375,,945.3653139648436,897.875,1024.073037109375,3.360112531068323
NORTHARC.NS,309.95001220703125,2026-09-10T13:50:00+05:30,WAITING FOR 0.786,2026-07-13,334.0,2026-08-07,273.1499938964844,,320.97809869384764,303.5749969482422,349.82100158691406,3.4357753789722265
SARDAEN.NS,538.9500122070312,2026-09-10T13:50:00+05:30,WAITING FOR 0.786,2026-05-25,578.7999877929688,2026-08-12,487.8999938964844,,559.3473890991211,533.3499908447266,602.4339862060547,3.6466384378662466
DISAQ.NS,11740.0,2026-09-10T13:35:00+05:30,WAITING FOR 0.786,2026-08-05,12470.0,2026-08-20,11152.0,,12187.948,11811.0,12812.68,3.6753356676612037
ACUTAAS.NS,3455.10009765625,2026-09-10T13:50:00+05:30,WAITING FOR 0.786,2026-07-06,3740.0,2026-08-03,3025.0,,3586.99,3382.5,3925.9,3.6768962930967133
ADANIPORTS.NS,1767.0,2026-09-10T13:50:00+05:30,WAITING FOR 0.786,2026-07-03,1891.0999755859373,2026-08-12,1640.4000244140625,,1837.4501860351563,1765.75,1956.281962890625,3.8341276716281216
ZYDUSWELL.NS,563.5499877929688,2026-09-10T13:50:00+05:30,WAITING FOR 0.786,2026-07-20,611.8499755859375,2026-08-19,491.3500061035156,,586.0629821166992,551.5999908447266,643.1799676513672,3.841395039560373
HOMEFIRST.NS,1211.9000244140625,2026-09-10T13:50:00+05:30,WAITING FOR 0.786,2026-07-20,1289.5999755859375,2026-08-04,1156.0,,1261.0095808105468,1222.7999877929688,1324.3359692382812,3.894463384244699
PARKHOSPS.NS,283.5,2026-09-10T13:50:00+05:30,WAITING FOR 0.786,2026-08-03,302.79998779296875,2026-08-20,266.5,,295.03179040527345,284.6499938964844,312.2379846191406,3.9086602801117443
RELIGARE.NS,257.94000244140625,2026-09-10T13:50:00+05:30,WAITING FOR 0.786,2026-06-25,280.0,2026-08-12,226.1999969482422,,268.4867993469238,253.0999984741211,293.98800079345705,3.928236669799761
STARPAPER.NS,166.77000427246094,2026-09-10T13:50:00+05:30,WAITING FOR 0.786,2025-08-25,188.8000030517578,2026-03-30,119.0500030517578,,173.8735030517578,153.9250030517578,206.9350030517578,4.085440653474576
EMMVEE.NS,342.75,2026-09-10T13:50:00+05:30,WAITING FOR 0.786,2026-07-16,371.5499877929688,2026-07-31,306.75,,357.6827904052734,339.1499938964844,388.39798461914063,4.174869690642307
COALINDIA.NS,433.25,2026-09-10T13:50:00+05:30,WAITING FOR 0.786,2026-06-09,467.5499877929688,2026-08-20,395.7999877929688,,452.1954877929688,431.6749877929688,486.2049877929687,4.189667589439259
CPCAP.NS,136.17999267578125,2026-09-10T13:50:00+05:30,WAITING FOR 0.786,2025-09-08,160.89999389648438,2026-03-30,73.51000213623047,,142.19853565979002,117.20499801635742,183.6213917541504,4.232492941001966
CLEANMAX.NS,1399.800048828125,2026-09-10T13:50:00+05:30,WAITING FOR 0.786,2026-06-24,1536.0,2026-08-20,1191.0999755859375,,1462.1913947753906,1363.5499877929688,1625.6740063476564,4.266975320070844
ETERNAL.NS,320.70001220703125,2026-09-10T13:50:00+05:30,WAITING FOR 0.786,2025-10-16,368.4500122070313,2026-03-16,212.6000061035156,,335.0981109008789,290.52500915527344,408.9710137939453,4.2966815465296895
CARERATING.NS,1703.0,2026-09-10T13:50:00+05:30,WAITING FOR 0.786,2026-05-15,1838.0,2026-06-01,1570.5,,1780.755,1704.25,1907.55,4.36640638380912
CHEVIOT.NS,1195.199951171875,2026-09-10T13:45:00+05:30,WAITING FOR 0.786,2026-08-05,1280.0,2026-08-20,1143.0999755859375,,1250.7033947753907,1211.5499877929688,1315.5940063476562,4.43777828023593
MUKANDLTD.NS,142.22999572753906,2026-09-10T13:45:00+05:30,WAITING FOR 0.786,2026-05-18,154.25,2026-07-08,129.00999450683594,,148.84863882446288,141.62999725341797,160.81240142822264,4.446559370105615
PNB.NS,116.72000122070312,2026-09-10T13:50:00+05:30,WAITING FOR 0.786,2026-03-02,128.6999969482422,2026-05-18,98.5,,122.23719760131836,113.5999984741211,136.55199615478517,4.513516743577347
IFCI.NS,85.75,2026-09-10T13:50:00+05:30,WAITING FOR 0.786,2026-06-17,95.8000030517578,2026-07-28,68.1500015258789,,89.88290272521972,81.97500228881836,102.98900344848632,4.598096634522792
KRBL.NS,427.1000061035156,2026-09-10T13:50:00+05:30,WAITING FOR 0.786,2025-08-22,495.0,2026-03-20,274.6499938964844,,447.84509869384766,384.8249969482422,552.291001586914,4.632202663562839
PNBGILTS.NS,81.01000213623047,2026-09-10T13:45:00+05:30,WAITING FOR 0.786,2026-07-23,86.8499984741211,2026-08-17,78.0,,84.95609880065918,82.42499923706055,89.15099807739259,4.644865666075159
AEROENTER.NS,135.61000061035156,2026-09-10T13:50:00+05:30,WAITING FOR 0.786,2026-06-23,149.5500030517578,2026-07-17,115.3000030517578,,142.22050305175782,132.4250030517578,158.4550030517578,4.648065714547864
LUMAXIND.NS,6138.0,2026-09-10T13:50:00+05:30,WAITING FOR 0.786,2026-02-11,6934.5,2026-04-02,4620.0,,6439.197,5777.25,7536.27,4.67755529144395
TOTAL.NS,75.0,2026-09-10T13:50:00+05:30,WAITING FOR 0.786,2025-12-04,87.88999938964844,2026-07-21,45.0,,78.71153952026367,66.44499969482422,99.04139923095704,4.7153689825977345
NDLVENTURE.NS,127.9800033569336,2026-09-10T13:50:00+05:30,WAITING FOR 0.786,2026-06-19,139.97999572753906,2026-08-18,113.9499969482422,,134.40957598876952,126.96499633789062,146.74779541015624,4.783567379435183
IKS.NS,1789.199951171875,2026-09-10T13:50:00+05:30,WAITING FOR 0.786,2026-07-10,1933.0,2026-08-07,1686.4000244140625,,1880.2276052246093,1809.7000122070312,1997.115993652344,4.8413103711377685
IONEXCHANG.NS,437.3999938964844,2026-09-10T13:50:00+05:30,WAITING FOR 0.786,2026-07-13,486.0,2026-08-19,364.0,,459.892,425.0,517.72,4.890714799021427
IMAGICAA.NS,53.70000076293945,2026-09-10T13:50:00+05:30,WAITING FOR 0.786,2025-08-25,61.900001525878906,2026-03-27,36.84000015258789,,56.53716123199463,49.3700008392334,68.41560188293457,5.018222364248483
OSWALSEEDS.NS,14.850000381469727,2026-09-10T13:50:00+05:30,WAITING FOR 0.786,2026-01-07,17.270000457763672,2026-08-12,9.65999984741211,,15.641460327148437,13.46500015258789,19.24860061645508,5.060013126172085
SHARDAMOTR.NS,942.0,2026-09-10T13:50:00+05:30,WAITING FOR 0.786,2025-11-12,1071.9000244140625,2026-03-30,700.0,,992.3134191894532,885.9500122070312,1168.5940307617188,5.070315307289751
AVANTEL.NS,159.77999877929688,2026-09-10T13:50:00+05:30,WAITING FOR 0.786,2026-07-22,171.77999877929688,2026-08-17,156.60000610351562,,168.5314803466797,164.19000244140625,175.726796875,5.192787453940643
SMARTWORKS.NS,534.4000244140625,2026-09-10T13:50:00+05:30,WAITING FOR 0.786,2025-11-04,619.0,2026-03-30,361.5,,563.895,490.25,685.95,5.230579378419295
GODREJAGRO.NS,675.2000122070312,2026-09-10T13:50:00+05:30,WAITING FOR 0.786,2025-08-21,769.7000122070312,2026-01-27,506.1000061035156,,713.2896109008789,637.9000091552734,838.2360137939453,5.339990673036829
ANMOL.NS,14.899999618530273,2026-09-10T13:50:00+05:30,WAITING FOR 0.786,2025-11-07,17.739999771118164,2026-04-01,8.399999618530273,,15.741239738464357,13.06999969482422,20.168399810791016,5.344179581221159
INDHOTEL.NS,717.7999877929688,2026-09-10T13:50:00+05:30,WAITING FOR 0.786,2025-08-21,811.9500122070312,2026-04-02,565.0,,759.1027095947265,688.4750061035156,876.1570153808593,5.4409925402332835
ABCAPITAL.NS,399.1499938964844,2026-09-10T13:50:00+05:30,WAITING FOR 0.786,2026-08-03,430.7000122070313,2026-08-18,393.7999877929688,,422.80340698242185,412.25,440.2940185546875,5.594423482713532
FEDFINA.NS,159.27999877929688,2026-09-10T13:50:00+05:30,WAITING FOR 0.786,2026-07-15,174.39999389648438,2026-08-10,148.02000427246094,,168.75467611694336,161.20999908447266,181.25879119873048,5.6144680287737545
STEELXIND.NS,12.380000114440918,2026-09-10T13:50:00+05:30,WAITING FOR 0.786,2026-06-22,13.949999809265137,2026-08-11,10.0600004196167,,13.117539939880372,12.005000114440918,14.96139965057373,5.622546825240921
GANDHAR.NS,272.1000061035156,2026-09-10T13:50:00+05:30,WAITING FOR 0.786,2026-07-24,303.1700134277344,2026-08-10,234.75999450683597,,288.5302693786621,268.9650039672852,320.956618347168,5.694467797270764
SPLPETRO.NS,818.5,2026-09-10T13:50:00+05:30,WAITING FOR 0.786,2025-09-29,979.0,2026-01-21,462.2999877929688,,868.4261973876953,720.6499938964844,1113.3420031738283,5.7490432160934155
PRIVISCL.NS,3490.800048828125,2026-09-10T13:50:00+05:30,WAITING FOR 0.786,2026-07-22,3785.300048828125,2026-08-18,3409.0,,3704.771838378906,3597.1500244140625,3883.1380615234375,5.7755726637246445
ARFIN.NS,88.0999984741211,2026-09-10T13:50:00+05:30,WAITING FOR 0.786,2026-06-23,96.81999969482422,2026-08-19,81.3499984741211,,93.50941943359376,89.08499908447266,100.84220001220704,5.78489417669222
PFOCUS.NS,312.6000061035156,2026-09-10T13:50:00+05:30,WAITING FOR 0.786,2026-04-17,367.0,2026-06-24,202.5399932861328,,331.80555856323247,284.7699966430664,409.75960174560544,5.788194912369686
KIRLFER.NS,466.0,2026-09-10T13:50:00+05:30,WAITING FOR 0.786,2026-06-22,513.0,2026-08-14,428.0,,494.81,470.5,535.1,5.822436894969787
IMPAL.NS,1127.800048828125,2026-09-10T13:50:00+05:30,WAITING FOR 0.786,2026-07-07,1238.9000244140625,2026-08-13,1046.0,,1197.619419189453,1142.4500122070312,1289.0540307617189,5.829846213464184
MAHLOG.NS,399.6000061035156,2026-09-10T13:45:00+05:30,WAITING FOR 0.786,2026-07-27,431.8999938964844,2026-08-18,397.2999877929688,,424.495592590332,414.59999084472656,440.8959954833985,5.864745576014116
NH.NS,1906.699951171875,2026-09-10T13:50:00+05:30,WAITING FOR 0.786,2026-07-29,2092.89990234375,2026-08-19,1781.0,,2026.1533232421875,1936.949951171875,2173.993876953125,5.895574174967517
TNPL.NS,154.4199981689453,2026-09-10T13:50:00+05:30,WAITING FOR 0.786,2025-09-30,175.75,2026-03-30,121.51000213623048,,164.14264045715333,148.63000106811523,189.85239944458007,5.9232885867618
CANHLIFE.NS,151.97000122070312,2026-09-10T13:50:00+05:30,WAITING FOR 0.786,2026-07-21,166.69000244140625,2026-08-13,145.25,,162.10184191894533,155.97000122070312,172.26440307617187,6.250293382420883
STARHEALTH.NS,575.2999877929688,2026-09-10T13:50:00+05:30,WAITING FOR 0.786,2026-07-30,624.9000244140625,2026-08-20,573.0,,613.7934191894532,598.9500122070312,638.3940307617188,6.2713985183023055
PETRONET.NS,287.54998779296875,2026-09-10T13:50:00+05:30,WAITING FOR 0.786,2026-02-27,326.3999938964844,2026-03-23,235.3500061035156,,306.9152965087891,280.875,350.07299072265624,6.309659028436783
AYE.NS,178.10000610351562,2026-09-10T13:50:00+05:30,WAITING FOR 0.786,2026-07-21,197.2899932861328,2026-08-07,164.0,,190.1659347229004,180.6449966430664,205.9453915405273,6.344947446537468
UMIYA-MRO.NS,95.66000366210938,2026-09-10T13:25:00+05:30,WAITING FOR 0.786,2025-10-16,110.9000015258789,2026-01-21,70.0,,102.14740119934082,90.45000076293944,121.53400192260742,6.351015748869888
TITAGARH.NS,873.3499755859375,2026-09-10T13:50:00+05:30,WAITING FOR 0.786,2026-06-18,971.0,2026-07-24,792.0,,932.694,881.5,1017.54,6.362646743097143
JAYKAY.NS,164.0800018310547,2026-09-10T13:50:00+05:30,WAITING FOR 0.786,2026-07-14,184.0,2026-08-19,143.10000610351562,,175.24740130615234,163.5500030517578,194.63399841308595,6.3723623813334145
HIRECT.NS,1262.199951171875,2026-09-10T13:50:00+05:30,WAITING FOR 0.786,2026-07-16,1399.0,2026-08-11,1162.300048828125,,1348.3462104492187,1280.6500244140625,1460.5419873046876,6.389031141241014
GUJALKALI.NS,715.1500244140625,2026-09-10T13:45:00+05:30,WAITING FOR 0.786,2026-05-05,815.0,2026-07-17,578.0499877929688,,764.2926973876953,696.5249938964844,876.6070031738282,6.429823697334721
TATVA.NS,1676.0,2026-09-10T13:50:00+05:30,WAITING FOR 0.786,2026-08-03,1838.0999755859373,2026-08-20,1621.5999755859375,,1791.7689755859376,1729.8499755859375,1894.3899755859372,6.461155269645142
TATASTEEL.NS,185.5500030517578,2026-09-10T13:50:00+05:30,WAITING FOR 0.786,2026-06-10,203.3999938964844,2026-08-14,180.0,,198.39239520263672,191.6999969482422,209.4839923095703,6.473228037678445
LAMBODHARA.NS,135.27999877929688,2026-09-10T13:40:00+05:30,WAITING FOR 0.786,2025-09-15,162.0,2026-03-30,81.80000305175781,,144.83720065307617,121.9000015258789,182.85199920654296,6.59858229148694
CRISIL.NS,4720.0,2026-09-10T13:50:00+05:30,WAITING FOR 0.786,2025-08-20,5429.5,2026-04-02,3686.0,,5056.391,4557.75,5882.81,6.652788520507999
SUPERHOUSE.NS,173.83999633789062,2026-09-10T13:50:00+05:30,WAITING FOR 0.786,2025-09-18,201.9499969482422,2026-03-23,128.5500030517578,,186.24239825439452,165.25,221.03399536132807,6.659279537177699
ORTINGLOBE.NS,16.299999237060547,2026-09-10T13:45:00+05:30,WAITING FOR 0.786,2026-06-10,18.40999984741211,2026-07-28,14.0,,17.46625988006592,16.204999923706055,19.556599807739257,6.677220257877963
OBCL.NS,55.70000076293945,2026-09-10T13:25:00+05:30,WAITING FOR 0.786,2026-06-11,62.0,2026-07-30,51.34999847412109,,59.72089967346192,56.67499923706055,64.76900039672852,6.732817041450614
MAHABANK.NS,84.66999816894531,2026-09-10T13:50:00+05:30,WAITING FOR 0.786,2026-06-29,94.5,2026-08-07,77.19999694824219,,90.79779934692382,85.8499984741211,98.99800079345704,6.748843278200131
HIKAL.NS,236.3699951171875,2026-09-10T13:50:00+05:30,WAITING FOR 0.786,2025-09-24,282.70001220703125,2026-03-30,146.25,,253.49970959472657,214.4750061035156,318.1770153808594,6.757291558607532
SESHAPAPER.NS,247.66000366210938,2026-09-10T13:50:00+05:30,WAITING FOR 0.786,2026-04-17,280.7900085449219,2026-06-24,209.9600067138672,,265.6323881530762,245.37500762939453,299.20580902099607,6.765885973441558
RPGLIFE.NS,2777.0,2026-09-10T13:50:00+05:30,WAITING FOR 0.786,2026-07-21,3082.0,2026-08-12,2604.0,,2979.708,2843.0,3206.28,6.802948476830618
SIGACHI.NS,37.54999923706055,2026-09-10T13:50:00+05:30,WAITING FOR 0.786,2025-09-15,46.72999954223633,2026-03-30,16.649999618530273,,40.29287955856323,31.6899995803833,54.55079952239991,6.807357407941206
ABSLAMC.NS,1091.199951171875,2026-09-10T13:50:00+05:30,WAITING FOR 0.786,2026-06-22,1224.9000244140625,2026-07-23,973.2999877929688,,1171.0576165771486,1099.1000061035156,1290.3160339355468,6.819277230670109
JSL.NS,777.0499877929688,2026-09-10T13:50:00+05:30,WAITING FOR 0.786,2026-01-07,884.0,2026-06-11,652.25,,834.4055000000001,768.125,944.255,6.873817611105311
JUBLPHARMA.NS,1022.2999877929688,2026-09-10T13:50:00+05:30,WAITING FOR 0.786,2025-10-21,1184.800048828125,2026-03-09,786.0499877929688,,1099.4675357666017,985.4250183105468,1288.4750646972657,7.018629060277622
JAGRAN.NS,62.09000015258789,2026-09-10T13:50:00+05:30,WAITING FOR 0.786,2026-06-05,68.33000183105469,2026-08-20,61.22999954223633,,66.81060134124756,64.78000068664551,70.17600242614746,7.065646909160902
CASTROLIND.NS,188.24000549316406,2026-09-10T13:50:00+05:30,WAITING FOR 0.786,2025-08-21,211.3999938964844,2026-03-24,170.10000610351562,,202.56179650878903,190.75,222.13799072265624,7.070331751823476
BEL.NS,403.1499938964844,2026-09-10T13:50:00+05:30,WAITING FOR 0.786,2026-04-27,448.2999877929688,2026-07-29,382.2000122070313,,434.1545930175781,415.25,465.4859814453125,7.14137305460648
INDIQUBE.NS,204.0,2026-09-10T13:50:00+05:30,WAITING FOR 0.786,2025-09-22,243.8000030517578,2026-03-27,131.14999389648438,,219.6929010925293,187.4749984741211,273.08900543212894,7.143107954098084
SAIL.NS,184.14999389648438,2026-09-10T13:50:00+05:30,WAITING FOR 0.786,2026-05-14,209.6999969482422,2026-07-24,158.00999450683594,,198.6383364257813,183.85499572753903,223.1393975830078,7.293829977633901
AXISCADES.NS,1890.800048828125,2026-09-10T13:50:00+05:30,WAITING FOR 0.786,2026-05-11,2211.0,2026-08-14,1416.0999755859375,,2040.8913947753904,1813.5499877929688,2417.6740063476564,7.354205438441943
URBANCO.NS,166.42999267578125,2026-09-10T13:50:00+05:30,WAITING FOR 0.786,2025-09-22,201.17999267578125,2026-03-04,100.6999969482422,,179.6772735900879,150.93999481201172,227.3047915649414,7.372819416510479
ONEPOINT.NS,58.15999984741211,2026-09-10T13:50:00+05:30,WAITING FOR 0.786,2026-05-29,65.8499984741211,2026-07-22,51.77999877929688,,62.83901853942871,58.81499862670898,69.50819839477539,7.446040375504466
SOFTTECH.NS,435.0,2026-09-10T13:45:00+05:30,WAITING FOR 0.786,2026-06-02,489.8999938964844,2026-07-21,401.0,,470.8753952026367,445.4499969482422,513.0139923095703,7.618872331861397
SWARAJENG.NS,3556.39990234375,2026-09-10T13:50:00+05:30,WAITING FOR 0.786,2026-07-06,3939.89990234375,2026-07-24,3525.0,,3851.111323242188,3732.449951171875,4047.773876953125,7.652633127476702
WIPL.NS,166.39999389648438,2026-09-10T13:15:00+05:30,WAITING FOR 0.786,2025-10-30,193.1999969482422,2026-01-20,133.10000610351562,,180.3385989074707,163.1500015258789,208.82599456787108,7.72913014486601
APOLLO.NS,412.1499938964844,2026-09-10T13:50:00+05:30,WAITING FOR 0.786,2026-07-03,466.5,2026-07-29,374.0,,446.705,420.25,490.55,7.7355315260665565
TIPSMUSIC.NS,663.1500244140625,2026-09-10T13:50:00+05:30,WAITING FOR 0.786,2026-07-20,741.0,2026-08-10,637.0499877929688,,718.7546973876953,689.0249938964844,768.0270031738281,7.736251766524413
ATLASCYCLE.NS,102.33999633789062,2026-09-10T13:50:00+05:30,WAITING FOR 0.786,2026-04-17,115.5,2026-08-14,94.52999877929688,,111.01241973876952,105.01499938964844,120.95220031738282,7.812119960349063
LIBAS.NS,10.729999542236328,2026-09-10T13:45:00+05:30,WAITING FOR 0.786,2026-06-17,12.289999961853027,2026-08-05,9.279999732971191,,11.645859912872314,10.78499984741211,13.072600021362303,7.8642571479300925
KIMS.NS,774.5999755859375,2026-09-10T13:50:00+05:30,WAITING FOR 0.786,2026-07-06,858.0,2026-07-22,778.0999755859375,,840.9013947753906,818.0499877929688,878.7740063476563,7.8845652535946344
SUNPHARMA.NS,1850.199951171875,2026-09-10T13:50:00+05:30,WAITING FOR 0.786,2026-07-31,2046.9000244140625,2026-08-18,1868.300048828125,,2008.679629638672,1957.6000366210935,2093.3360180664063,7.889743895859828
FACT.NS,788.5499877929688,2026-09-10T13:50:00+05:30,WAITING FOR 0.786,2026-07-08,879.2999877929688,2026-08-20,771.0,,856.1237904052734,825.1499938964844,907.4579846191408,7.892994374133264
CYIENT.NS,1077.800048828125,2026-09-10T13:50:00+05:30,WAITING FOR 0.786,2025-09-17,1284.699951171875,2026-03-30,750.2999877929688,,1170.3383590087892,1017.499969482422,1423.6439416503906,7.906970618226934
MAITHANALL.NS,1064.199951171875,2026-09-10T13:50:00+05:30,WAITING FOR 0.786,2026-06-18,1210.0999755859375,2026-08-03,955.3499755859376,,1155.5834755859375,1082.7249755859375,1276.3349755859376,7.907998543136541
SPORTKING.NS,215.19000244140625,2026-09-10T13:50:00+05:30,WAITING FOR 0.786,2026-08-03,241.50999450683597,2026-08-18,205.0,,233.69685568237304,223.254997253418,251.00259307861327,7.919170836478952
WINDMACHIN.NS,301.1499938964844,2026-09-10T13:50:00+05:30,WAITING FOR 0.786,2026-06-10,343.8999938964844,2026-08-07,265.6000061035156,,327.1437965087891,304.75,364.25799072265625,7.945681039868459
PARACABLES.NS,66.36000061035156,2026-09-10T13:50:00+05:30,WAITING FOR 0.786,2026-07-02,75.69999694824219,2026-07-24,59.5,,72.23319760131835,67.5999984741211,79.91199615478516,8.130883286356958
ALLDIGI.NS,801.5999755859375,2026-09-10T13:40:00+05:30,WAITING FOR 0.786,2026-07-29,893.9000244140625,2026-08-20,798.0499877929688,,873.3881165771485,845.9750061035156,918.8210339355468,8.219500543761951
AXISBANK.NS,1247.4000244140625,2026-09-10T13:50:00+05:30,WAITING FOR 0.786,2026-06-25,1400.0999755859375,2026-08-14,1208.5999755859375,,1359.1189755859375,1304.3499755859375,1449.8899755859377,8.219953747883714
AKASH.NS,24.8799991607666,2026-09-10T13:25:00+05:30,WAITING FOR 0.786,2026-07-29,28.0,2026-08-14,24.0,,27.144,26.0,29.04,8.340704535932055
UDS.NS,213.8699951171875,2026-09-10T13:50:00+05:30,WAITING FOR 0.786,2025-10-03,262.8500061035156,2026-03-30,125.0999984741211,,233.3715044708252,193.9750022888184,298.6650080871582,8.35642269087555
VOLTAMP.NS,11017.0,2026-09-10T13:50:00+05:30,WAITING FOR 0.786,2026-05-04,12863.0,2026-05-19,8950.0,,12025.618,10906.5,13880.38,8.387244630587803
GROWW.NS,196.0,2026-09-10T13:50:00+05:30,WAITING FOR 0.786,2026-07-16,220.97999572753903,2026-08-06,188.1100006103516,,213.94581677246092,204.5449981689453,229.5261944580078,8.38801947296167
ONWARDTEC.NS,289.3500061035156,2026-09-10T13:50:00+05:30,WAITING FOR 0.786,2026-02-03,345.3999938964844,2026-03-30,208.25,,316.0498952026367,276.8249969482422,381.0589923095703,8.447998086505407
DLF.NS,659.7000122070312,2026-09-10T13:50:00+05:30,WAITING FOR 0.786,2025-11-03,784.5,2026-04-02,489.3999938964844,,721.3485986938476,636.9499969482422,861.226001586914,8.54629600701298
RATNAMANI.NS,2825.0,2026-09-10T13:50:00+05:30,WAITING FOR 0.786,2026-05-11,3345.0,2026-08-07,2154.60009765625,,3090.2544208984373,2749.800048828125,3654.5039746093753,8.583578721046509
WENDT.NS,8742.0,2026-09-10T13:50:00+05:30,WAITING FOR 0.786,2025-08-20,10585.0,2026-03-30,5841.5,,9569.891,8213.25,11818.31,8.650997174366976
AGI.NS,763.9500122070312,2026-09-10T13:50:00+05:30,WAITING FOR 0.786,2025-09-25,939.0,2026-03-23,465.0,,837.5640000000001,702.0,1062.24,8.78905824426179
ITDC.NS,719.0,2026-09-10T13:50:00+05:30,WAITING FOR 0.786,2026-07-20,822.0,2026-08-12,667.1500244140625,,788.8621052246094,744.5750122070312,862.2609936523438,8.856060490409522
SIS.NS,424.54998779296875,2026-09-10T13:50:00+05:30,WAITING FOR 0.786,2026-06-24,480.9500122070313,2026-08-20,410.2000122070313,,465.8095122070313,445.5750122070313,499.3450122070312,8.857595934134666
OMPOWER.NS,171.0,2026-09-10T13:50:00+05:30,WAITING FOR 0.786,2026-06-08,195.75,2026-08-12,158.00999450683594,,187.6736388244629,176.87999725341797,205.56240142822264,8.884379782318966
NHPC.NS,76.13999938964844,2026-09-10T13:50:00+05:30,WAITING FOR 0.786,2026-04-29,86.83000183105469,2026-06-11,71.62000274658203,,83.57506202697753,79.22500228881836,90.78460159301758,8.89626936194089
ORIENTCER.NS,47.16999816894531,2026-09-10T13:50:00+05:30,WAITING FOR 0.786,2026-01-02,56.63999938964844,2026-03-30,34.0,,51.79503952026367,45.31999969482422,62.52639923095703,8.929506366162562
KOTHARIPET.NS,143.0,2026-09-10T13:45:00+05:30,WAITING FOR 0.786,2025-08-20,174.0,2026-03-30,94.75,,157.0405,134.375,194.605,8.940687274938636
SALONA.NS,267.8999938964844,2026-09-10T13:40:00+05:30,WAITING FOR 0.786,2026-07-23,309.79998779296875,2026-08-07,238.1000061035156,,294.4561917114258,273.9499969482422,328.4419830322266,9.018726235842625
HAWKINCOOK.NS,8397.0,2026-09-10T13:50:00+05:30,WAITING FOR 0.786,2026-07-21,9600.0,2026-08-19,7930.0,,9242.62,8765.0,10034.2,9.149137365811866
ATLANTAELE.NS,1827.199951171875,2026-09-10T13:50:00+05:30,WAITING FOR 0.786,2026-06-04,2152.60009765625,2026-07-29,1493.0,,2011.4456767578129,1822.800048828125,2324.096123046875,9.159865847479304
JSWDULUX.NS,3191.60009765625,2026-09-10T13:50:00+05:30,WAITING FOR 0.786,2025-12-02,3745.0,2026-03-09,2667.0,,3514.308,3206.0,4025.28,9.182686956969906
VIYASH.NS,260.29998779296875,2026-09-10T13:50:00+05:30,WAITING FOR 0.786,2026-07-06,298.0,2026-08-17,245.3000030517578,,286.7222006530762,271.6500015258789,311.7019992065429,9.215265786857358
CENTURYPLY.NS,734.5,2026-09-10T13:50:00+05:30,WAITING FOR 0.786,2026-07-31,828.0,2026-08-19,740.2000122070312,,809.2108026123046,784.1000061035156,850.8279968261719,9.232551316804258
KRISHIVAL.NS,417.1000061035156,2026-09-10T13:00:00+05:30,WAITING FOR 0.786,2025-10-23,508.0,2026-03-09,282.29998779296875,,459.7001973876953,395.1499938964844,566.6820031738282,9.26695083584055
PERSISTENT.NS,5495.5,2026-09-10T13:50:00+05:30,WAITING FOR 0.786,2026-02-03,6552.5,2026-06-30,4244.5,,6058.588,5398.5,7152.58,9.29404673168071
KSB.NS,801.0,2026-09-10T13:50:00+05:30,WAITING FOR 0.786,2026-07-22,913.25,2026-08-10,777.2999877929688,,884.1566973876953,845.2749938964844,948.5970031738282,9.405199059554462
ZFSTEERING.NS,757.5999755859375,2026-09-10T13:50:00+05:30,WAITING FOR 0.786,2026-04-22,894.97998046875,2026-06-03,620.6500244140625,,836.2733698730469,757.8150024414062,966.3057690429688,9.407616829775733
PRINCEPIPE.NS,280.6499938964844,2026-09-10T13:50:00+05:30,WAITING FOR 0.786,2025-10-08,338.5,2026-03-30,205.0,,309.931,271.75,373.21,9.447588690229635
VIDHIING.NS,341.8999938964844,2026-09-10T13:50:00+05:30,WAITING FOR 0.786,2025-09-04,410.0,2026-03-30,258.6000061035156,,377.6004013061523,334.3000030517578,449.36399841308594,9.45454699893781
SHIVATEX.NS,179.50999450683594,2026-09-10T13:45:00+05:30,WAITING FOR 0.786,2025-11-06,217.9199981689453,2026-03-30,126.05999755859376,,198.26195803833008,171.98999786376953,241.80359832763676,9.458175293451312
ANANTRAJ.NS,606.5999755859375,2026-09-10T13:50:00+05:30,WAITING FOR 0.786,2025-10-07,743.6500244140625,2026-03-30,403.0,,670.7509191894532,573.3250122070312,832.2190307617187,9.564048556360795
VGUARD.NS,326.3500061035156,2026-09-10T13:50:00+05:30,WAITING FOR 0.786,2025-11-03,380.7999877929688,2026-07-24,288.79998779296875,,361.1119877929688,334.79998779296875,404.7199877929688,9.626371559113895
SAREGAMA.NS,505.6499938964844,2026-09-10T13:50:00+05:30,WAITING FOR 0.786,2026-08-05,574.5,2026-08-20,508.5499877929688,,560.3866973876953,541.5249938964844,591.6470031738281,9.767666460744369
DOLLAR.NS,273.3500061035156,2026-09-10T13:45:00+05:30,WAITING FOR 0.786,2026-04-28,319.2699890136719,2026-06-11,243.0500030517578,,302.9589120178223,281.15999603271484,339.08718536376955,9.773241433004898
SUPRIYA.NS,912.3499755859375,2026-09-10T13:50:00+05:30,WAITING FOR 0.786,2026-06-01,1085.0,2026-08-14,740.4500122070312,,1011.2663026123048,912.7250061035156,1174.582996826172,9.781432128297608
MRPL.NS,178.10000610351562,2026-09-10T13:50:00+05:30,WAITING FOR 0.786,2026-03-06,212.30999755859372,2026-05-20,143.1199951171875,,197.5033370361328,177.71499633789062,230.29939819335937,9.824305363036661
ANURAS.NS,1232.800048828125,2026-09-10T13:45:00+05:30,WAITING FOR 0.786,2026-05-07,1415.0,2026-08-17,1192.300048828125,,1367.3422104492188,1303.6500244140625,1472.9019873046875,9.839684651941818
PHOENIXLTD.NS,1898.4000244140625,2026-09-10T13:50:00+05:30,WAITING FOR 0.786,2026-07-14,2169.800048828125,2026-08-12,1870.0,,2105.642838378906,2019.9000244140625,2247.7480615234376,9.842258629407251
SUDARSCHEM.NS,1275.800048828125,2026-09-10T13:50:00+05:30,WAITING FOR 0.786,2025-09-24,1603.0,2026-03-30,726.4000244140625,,1415.4076052246094,1164.7000122070312,1830.915993652344,9.863417144373066
SPAL.NS,1042.0999755859375,2026-09-10T13:50:00+05:30,WAITING FOR 0.786,2026-07-09,1221.9000244140625,2026-08-20,916.5499877929688,,1156.5551165771485,1069.2250061035156,1301.291033935547,9.896211546747866
DEEDEV.NS,654.3499755859375,2026-09-10T13:50:00+05:30,WAITING FOR 0.786,2026-06-17,760.0,2026-08-10,602.6500244140625,,726.3271052246093,681.3250122070312,800.9109936523438,9.90974027004178
BRIGADE.NS,654.75,2026-09-10T13:50:00+05:30,WAITING FOR 0.786,2025-10-31,802.0125122070312,2026-03-23,450.75,,726.8423345947266,626.3812561035156,893.3407653808594,9.918565714106885
GTLINFRA.NS,1.1799999475479126,2026-09-10T13:50:00+05:30,WAITING FOR 0.786,2026-08-03,1.340000033378601,2026-08-18,1.2000000476837158,,1.3100400364398956,1.2700000405311584,1.376400029659271,9.926420969955544
TRIDENT.NS,23.6200008392334,2026-09-10T13:50:00+05:30,WAITING FOR 0.786,2026-07-22,26.799999237060547,2026-08-14,24.13999938964844,,26.230759269714355,25.46999931335449,27.491599197387696,9.953041784403469
UFO.NS,63.04999923706055,2026-09-10T13:50:00+05:30,WAITING FOR 0.786,2026-07-13,71.58999633789062,2026-08-19,64.25,,70.01923712158204,67.91999816894531,73.49839538574219,9.953318789263646
PROZONER.NS,50.0,2026-09-10T13:50:00+05:30,WAITING FOR 0.786,2026-05-04,59.59000015258789,2026-08-14,40.68999862670898,,55.5453998260498,50.13999938964844,64.5040005493164,9.983544710122167
BECTORFOOD.NS,243.2899932861328,2026-09-10T13:50:00+05:30,WAITING FOR 0.786,2025-09-04,299.0,2026-07-15,165.0,,270.324,232.0,333.84000000000003,10.000594365970908
HINDALCO.NS,1011.9000244140625,2026-09-10T13:50:00+05:30,WAITING FOR 0.786,2026-05-29,1176.0,2026-07-28,935.0999755859376,,1124.4473947753906,1055.5499877929688,1238.6340063476562,10.009127228562754
ASTRAMICRO.NS,1708.5999755859375,2026-09-10T13:50:00+05:30,WAITING FOR 0.786,2026-07-31,1960.0,2026-08-20,1677.5999755859375,,1899.5663947753903,1818.7999877929688,2033.4240063476564,10.053158432086981
NUVAMA.NS,1764.0,2026-09-10T13:50:00+05:30,WAITING FOR 0.786,2026-07-24,2066.0,2026-08-10,1578.5999755859375,,1961.696394775391,1822.2999877929688,2192.724006347656,10.077828317466354
RIIL.NS,721.7000122070312,2026-09-10T13:50:00+05:30,WAITING FOR 0.786,2026-07-10,824.0,2026-07-28,725.0,,802.814,774.5,849.74,10.103708678843258
STEELCITY.NS,90.0,2026-09-10T13:50:00+05:30,WAITING FOR 0.786,2025-08-21,108.0199966430664,2026-03-30,71.26000213623047,,100.15335781860352,89.63999938964844,117.57759521484374,10.13781069327017
CCL.NS,1089.9000244140625,2026-09-10T13:50:00+05:30,WAITING FOR 0.786,2026-07-13,1242.199951171875,2026-08-04,1106.0,,1213.0531616210938,1174.0999755859375,1277.6119384765625,10.152328117462922
DEN.NS,27.239999771118164,2026-09-10T13:50:00+05:30,WAITING FOR 0.786,2026-06-29,31.32999992370605,2026-07-24,26.6200008392334,,30.322060119628908,28.975000381469727,32.55459968566895,10.164416059961507
SRF.NS,2513.10009765625,2026-09-10T13:50:00+05:30,WAITING FOR 0.786,2026-07-23,2865.300048828125,2026-08-11,2550.0,,2797.825838378906,2707.6500244140625,2947.2780615234374,10.176678505751083
GENCON.NS,42.25,2026-09-10T13:50:00+05:30,WAITING FOR 0.786,2026-02-26,50.0,2026-06-11,36.34999847412109,,47.07889967346191,43.17499923706055,53.54900039672852,10.257035969309056
BAJAJHLDNG.NS,10995.0,2026-09-10T13:50:00+05:30,WAITING FOR 0.786,2025-11-06,13250.0,2026-04-02,8588.0,,12252.332,10919.0,14462.12,10.26198114775212
NMDC.NS,84.2699966430664,2026-09-10T13:50:00+05:30,WAITING FOR 0.786,2026-06-03,97.48999786376952,2026-08-17,81.05000305175781,,93.97183897399904,89.27000045776367,101.76439651489258,10.324201842657379
CONCORDBIO.NS,1458.5999755859375,2026-09-10T13:50:00+05:30,WAITING FOR 0.786,2025-08-21,1801.9000244140625,2026-04-02,987.0,,1627.5114191894531,1394.4500122070312,2013.774030761719,10.378510504561518
AARTIDRUGS.NS,437.04998779296875,2026-09-10T13:50:00+05:30,WAITING FOR 0.786,2025-11-10,534.0,2026-03-30,318.95001220703125,,487.9793026123047,426.4750061035156,589.9129968261718,10.436777655670133
ANDHRAPAP.NS,72.2699966430664,2026-09-10T13:50:00+05:30,WAITING FOR 0.786,2025-10-06,86.88999938964844,2026-03-30,58.0,,80.70753952026368,72.44499969482422,94.40139923095704,10.454466741708579
ASTEC.NS,702.7000122070312,2026-09-10T13:50:00+05:30,WAITING FOR 0.786,2026-05-29,850.0,2026-08-17,550.0,,785.8,700.0,928.0,10.575208423640712
ALKEM.NS,5125.0,2026-09-10T13:50:00+05:30,WAITING FOR 0.786,2026-07-30,5882.5,2026-08-14,5175.0,,5731.095,5528.75,6066.45,10.575553188352318
LGBBROSLTD.NS,1715.0,2026-09-10T13:50:00+05:30,WAITING FOR 0.786,2026-02-12,2048.0,2026-06-11,1445.0,,1918.958,1746.5,2204.78,10.62858071932789
TVSSCS.NS,125.91999816894531,2026-09-10T13:50:00+05:30,WAITING FOR 0.786,2026-07-10,146.5,2026-08-17,120.4000015258789,,140.91460032653808,133.45000076293945,153.28599960327148,10.640914513362084
KPRMILL.NS,1128.5,2026-09-10T13:50:00+05:30,WAITING FOR 0.786,2026-06-24,1334.0,2026-07-24,1015.0,,1265.734,1174.5,1416.94,10.842246475167764
YESBANK.NS,22.34000015258789,2026-09-10T13:50:00+05:30,WAITING FOR 0.786,2026-06-18,25.780000686645508,2026-08-19,22.420000076293945,,25.060960556030278,24.100000381469727,26.653600845336918,10.857366769158645
AJAXENGG.NS,585.5999755859375,2026-09-10T13:50:00+05:30,WAITING FOR 0.786,2025-09-01,728.5,2026-03-30,394.7999877929688,,657.0881973876953,561.6499938964844,815.2620031738281,10.87954738587069
CDSL.NS,1360.9000244140625,2026-09-10T13:50:00+05:30,WAITING FOR 0.786,2025-12-01,1638.9000244140625,2026-03-30,1116.300048828125,,1527.063629638672,1377.6000366210938,1774.7760180664063,10.881249608696821
EQUITASBNK.NS,72.4800033569336,2026-09-10T13:50:00+05:30,WAITING FOR 0.786,2026-07-15,83.9000015258789,2026-07-30,72.30999755859375,,81.41974067687988,78.10499954223633,86.91340255737305,10.979815516023665
POWERICA.NS,570.75,2026-09-10T13:50:00+05:30,WAITING FOR 0.786,2026-06-24,676.9500122070312,2026-08-07,510.0,,641.2227095947266,593.4750061035156,720.3570153808594,10.990363962509623
MANAPPURAM.NS,331.0,2026-09-10T13:50:00+05:30,WAITING FOR 0.786,2026-07-30,381.5499877929688,2026-08-19,336.3999938964844,,371.8878890991211,358.97499084472656,393.2889862060547,10.994681541840432
FIVESTAR.NS,530.2000122070312,2026-09-10T13:50:00+05:30,WAITING FOR 0.786,2025-10-31,666.0,2026-03-23,338.1499938964844,,595.8400986938477,502.0749969482422,751.2410015869141,11.016392926677366
SUNDARMFIN.NS,4703.0,2026-09-10T13:50:00+05:30,WAITING FOR 0.786,2026-03-04,5642.0,2026-06-08,4000.0,,5290.612,4821.0,6068.92,11.106692382658188
APLLTD.NS,818.1500244140625,2026-09-10T13:50:00+05:30,WAITING FOR 0.786,2025-11-04,998.0,2026-03-23,635.7999877929688,,920.4891973876952,816.8999938964844,1092.1720031738282,11.117911352362029
DCMSHRIRAM.NS,1013.9000244140625,2026-09-10T13:50:00+05:30,WAITING FOR 0.786,2026-07-29,1187.5,2026-08-13,969.0999755859376,,1140.7623947753907,1078.2999877929688,1244.2840063476565,11.120840846643324
DELHIVERY.NS,450.79998779296875,2026-09-10T13:50:00+05:30,WAITING FOR 0.786,2026-07-10,524.0,2026-08-19,446.3999938964844,,507.3935986938477,485.1999969482422,544.176001586914,11.153788902060338
MUNJALSHOW.NS,127.68000030517578,2026-09-10T13:45:00+05:30,WAITING FOR 0.786,2026-08-03,147.10000610351562,2026-08-19,131.64999389648438,,143.79370349121095,139.375,151.11700927734375,11.206125716777354
SANGAMIND.NS,577.4000244140625,2026-09-10T13:30:00+05:30,WAITING FOR 0.786,2026-07-20,672.5,2026-08-12,570.0,,650.565,621.25,699.15,11.2463743954774
INDOCO.NS,262.5,2026-09-10T13:50:00+05:30,WAITING FOR 0.786,2025-09-11,332.20001220703125,2026-03-30,162.19000244140625,,295.8178701171875,247.19500732421875,376.4026147460937,11.262967346762629
BIMETAL.NS,640.0,2026-09-10T13:50:00+05:30,WAITING FOR 0.786,2026-07-13,750.75,2026-08-18,613.0,,721.2715000000001,681.875,786.565,11.267809694407731
NIVABUPA.NS,79.33000183105469,2026-09-10T13:50:00+05:30,WAITING FOR 0.786,2026-07-31,91.4000015258789,2026-08-17,82.0999984741211,,89.40980087280273,86.75,93.81800231933592,11.27370706941613
ICEMAKE.NS,733.0,2026-09-10T13:50:00+05:30,WAITING FOR 0.786,2026-07-29,860.1500244140625,2026-08-19,702.5,,826.4129191894531,781.3250122070312,901.1390307617188,11.303419515884698
SHRINGARMS.NS,217.3000030517578,2026-09-10T13:50:00+05:30,WAITING FOR 0.786,2026-02-19,266.5,2026-03-30,166.0,,244.993,216.25,292.63,11.30358702013616
NCLIND.NS,177.58999633789062,2026-09-10T13:50:00+05:30,WAITING FOR 0.786,2026-01-08,214.8000030517578,2026-03-30,147.5,,200.39780239868165,181.1500015258789,232.29800384521485,11.381265556703065
BHARTIARTL.NS,1843.800048828125,2026-09-10T13:50:00+05:30,WAITING FOR 0.786,2025-11-21,2174.5,2026-05-13,1740.5,,2081.624,1957.5,2287.34,11.424923577546897
XPROINDIA.NS,1284.5,2026-09-10T13:50:00+05:30,WAITING FOR 0.786,2026-07-03,1574.800048828125,2026-08-10,995.4000244140624,,1450.8084436035156,1285.1000366210938,1725.4440551757812,11.463156582576742
SRHHYPOLTD.NS,517.75,2026-09-10T13:50:00+05:30,WAITING FOR 0.786,2025-09-04,640.0,2026-03-30,382.3999938964844,,584.8735986938477,511.1999969482422,706.976001586914,11.47659919061992
AVL.NS,603.25,2026-09-10T13:50:00+05:30,WAITING FOR 0.786,2026-06-25,705.0,2026-08-20,595.1500244140625,,681.4921052246094,650.0750122070312,733.5609936523438,11.480999504582964
JSWENERGY.NS,530.2000122070312,2026-09-10T13:50:00+05:30,WAITING FOR 0.786,2026-05-29,617.3499755859375,2026-07-08,531.5,,598.9780808105469,574.4249877929688,639.6709692382813,11.482568529126148
BLUESTARCO.NS,1503.9000244140625,2026-09-10T13:50:00+05:30,WAITING FOR 0.786,2026-07-15,1763.199951171875,2026-08-12,1471.300048828125,,1700.7333720703125,1617.25,1839.09392578125,11.573439487263288
KAKATCEM.NS,110.3499984741211,2026-09-10T13:30:00+05:30,WAITING FOR 0.786,2026-06-03,131.0,2026-08-13,102.3499984741211,,124.86889967346193,116.67499923706056,138.4490003967285,11.627315718572394
BORANA.NS,318.0,2026-09-10T13:50:00+05:30,WAITING FOR 0.786,2026-04-23,377.9500122070313,2026-07-08,294.1499938964844,,360.0168082885742,336.0500030517578,399.73801696777343,11.67079073010817
INDOSTAR.NS,247.49000549316406,2026-09-10T13:50:00+05:30,WAITING FOR 0.786,2026-07-29,292.0,2026-08-14,237.1999969482422,,280.2727993469238,264.5999984741211,306.24800079345704,11.69674471805627
HDFCAMC.NS,2435.0,2026-09-10T13:50:00+05:30,WAITING FOR 0.786,2026-07-06,2838.39990234375,2026-07-24,2468.5,,2759.241323242188,2653.449951171875,2934.573876953125,11.751104207920287
HINDZINC.NS,599.75,2026-09-10T13:50:00+05:30,WAITING FOR 0.786,2026-01-27,733.0,2026-03-23,484.0,,679.7139999999999,608.5,797.74,11.764359715998191
PCBL.NS,338.04998779296875,2026-09-10T13:50:00+05:30,WAITING FOR 0.786,2025-09-19,425.9500122070313,2026-03-24,226.5,,383.26770959472657,326.2250061035156,477.8070153808594,11.797947144979098
FORTIS.NS,910.1500244140625,2026-09-10T13:50:00+05:30,WAITING FOR 0.786,2025-10-17,1104.300048828125,2026-04-02,766.7999877929688,,1032.0750357666016,935.5500183105468,1192.0500646972655,11.813580130050909
CARRARO.NS,555.5499877929688,2026-09-10T13:50:00+05:30,WAITING FOR 0.786,2026-04-16,667.5499877929688,2026-08-11,492.25,,630.0357904052735,579.8999938964844,713.1279846191406,11.822471635205261
APCOTEXIND.NS,605.0,2026-09-10T13:50:00+05:30,WAITING FOR 0.786,2026-07-30,712.0,2026-08-14,592.0,,686.32,652.0,743.2,11.848700314722002
VHL.NS,3501.0,2026-09-10T13:00:00+05:30,WAITING FOR 0.786,2025-10-27,4275.0,2026-03-30,2870.0,,3974.33,3572.5,4640.3,11.909680373798851
ANGELONE.NS,298.8999938964844,2026-09-10T13:50:00+05:30,WAITING FOR 0.786,2026-07-16,355.29998779296875,2026-08-18,281.6000061035156,,339.5281917114258,318.4499969482422,374.46198303222656,11.966074925958555
ICICIAMC.NS,3036.60009765625,2026-09-10T13:50:00+05:30,WAITING FOR 0.786,2026-06-19,3568.0,2026-08-12,3020.5,,3450.835,3294.25,3710.35,12.003903471007742
APOLSINHOT.NS,1212.5,2026-09-10T13:20:00+05:30,WAITING FOR 0.786,2026-07-15,1440.0,2026-08-18,1153.5,,1378.689,1296.75,1514.49,12.054132585376403
ADANIPOWER.NS,213.60000610351562,2026-09-10T13:50:00+05:30,WAITING FOR 0.786,2026-05-29,254.1999969482422,2026-08-17,201.7700042724609,,242.979978515625,227.9850006103516,267.8317950439453,12.091519882252385
AURUM.NS,221.33999633789062,2026-09-10T13:50:00+05:30,WAITING FOR 0.786,2026-07-15,264.6400146484375,2026-08-04,205.3500061035156,,251.9519528198242,234.99501037597656,280.0554168701172,12.149918323445105
GILLANDERS.NS,102.0,2026-09-10T13:50:00+05:30,WAITING FOR 0.786,2025-11-17,127.0500030517578,2026-03-23,76.0,,116.12530239868164,101.5250015258789,140.32300384521483,12.163845524540914
AARVI.NS,142.0500030517578,2026-09-10T13:35:00+05:30,WAITING FOR 0.786,2026-07-31,164.89999389648438,2026-08-18,150.10000610351562,,161.73279650878905,157.5,168.74799072265623,12.16994566464546
CHALET.NS,868.6500244140625,2026-09-10T13:50:00+05:30,WAITING FOR 0.786,2025-09-17,1070.0999755859375,2026-03-30,691.3499755859375,,989.0474755859376,880.7249755859375,1168.5749755859374,12.173070974226844
GMRP&UI.NS,92.66999816894531,2026-09-10T13:50:00+05:30,WAITING FOR 0.786,2026-06-15,108.5,2026-07-22,94.56999969482422,,105.51897993469238,101.53499984741212,112.1218000793457,12.176938948518586
MOLDTKPAC.NS,688.1500244140625,2026-09-10T13:50:00+05:30,WAITING FOR 0.786,2025-09-05,870.5,2026-03-30,464.8999938964844,,783.7015986938477,667.6999969482422,975.956001586914,12.192341375727157
HESTERBIO.NS,2299.60009765625,2026-09-10T13:50:00+05:30,WAITING FOR 0.786,2026-07-30,2683.60009765625,2026-08-20,2391.199951171875,,2621.0264663085936,2537.4000244140625,2759.624135742188,12.263377450935653
CENTENKA.NS,568.5999755859375,2026-09-10T13:50:00+05:30,WAITING FOR 0.786,2026-07-29,671.6500244140625,2026-08-20,562.0999755859375,,648.2063139648437,616.875,700.133037109375,12.2810186608617
CIPLA.NS,1371.800048828125,2026-09-10T13:50:00+05:30,WAITING FOR 0.786,2025-10-23,1673.0,2026-04-02,1165.699951171875,,1564.4377895507812,1419.3499755859375,1804.8980126953124,12.313544329427822
SFL.NS,696.4500122070312,2026-09-10T13:50:00+05:30,WAITING FOR 0.786,2026-08-05,830.0,2026-08-20,665.0,,794.69,747.5,872.9,12.36205159156008
HALEOSLABS.NS,1460.0,2026-09-10T13:45:00+05:30,WAITING FOR 0.786,2026-07-01,1740.0,2026-08-10,1395.0999755859375,,1666.1913947753906,1567.5499877929688,1829.6740063476564,12.375012583904626
NDL.NS,2.9200000762939453,2026-09-10T13:50:00+05:30,WAITING FOR 0.786,2025-09-18,3.75,2026-03-30,1.7999999523162842,,3.332699989795685,2.774999976158142,4.257000012397766,12.383350279514376
SAATVIKGL.NS,405.95001220703125,2026-09-10T13:50:00+05:30,WAITING FOR 0.786,2026-07-15,485.5499877929688,2026-08-17,384.7000122070313,,463.9680930175781,435.125,511.7709814453125,12.504756616603968
SAKHTISUG.NS,19.540000915527344,2026-09-10T13:45:00+05:30,WAITING FOR 0.786,2025-09-02,24.75,2026-03-23,13.520000457763672,,22.346780097961428,19.13500022888184,27.669799880981444,12.560105617587972
LINCOLN.NS,635.7999877929688,2026-09-10T13:50:00+05:30,WAITING FOR 0.786,2026-05-27,770.0,2026-07-30,569.7000122070312,,727.1358026123047,669.8500061035156,822.0779968261719,12.56103942223768
MAMATA.NS,409.5,2026-09-10T13:45:00+05:30,WAITING FOR 0.786,2025-09-19,515.0,2026-03-30,297.0,,468.348,406.0,571.6800000000001,12.565015757513645
MOTISONS.NS,16.040000915527344,2026-09-10T13:50:00+05:30,WAITING FOR 0.786,2025-09-17,20.450000762939453,2026-01-27,10.619999885559082,,18.346380575180053,15.535000324249268,23.00580099105835,12.571306096053087
TIMKEN.NS,3263.10009765625,2026-09-10T13:50:00+05:30,WAITING FOR 0.786,2026-06-22,3925.0,2026-07-23,3035.10009765625,,3734.5614208984375,3480.050048828125,4156.373974609375,12.624275520116262
VTL.NS,580.2000122070312,2026-09-10T13:50:00+05:30,WAITING FOR 0.786,2026-07-06,688.0,2026-08-03,576.0,,664.032,632.0,717.12,12.624690947570114
TEGA.NS,1734.800048828125,2026-09-10T13:50:00+05:30,WAITING FOR 0.786,2025-09-17,2125.0,2026-07-30,1473.0,,1985.472,1799.0,2294.52,12.625307794412361
TECHM.NS,1516.9000244140625,2026-09-10T13:50:00+05:30,WAITING FOR 0.786,2026-02-03,1854.0,2026-03-09,1304.0999755859375,,1736.321394775391,1579.0499877929688,1996.974006347656,12.637140279534053
CARBORUNIV.NS,1091.0,2026-09-10T13:50:00+05:30,WAITING FOR 0.786,2026-06-19,1306.9000244140625,2026-07-24,1035.5,,1248.820419189453,1171.2000122070312,1377.4640307617187,12.637559152971445
MANKIND.NS,2255.199951171875,2026-09-10T13:50:00+05:30,WAITING FOR 0.786,2026-07-29,2642.0,2026-08-18,2363.300048828125,,2582.358210449219,2502.6500244140625,2714.461987304688,12.668972799882495
GRPLTD.NS,1990.199951171875,2026-09-10T13:35:00+05:30,WAITING FOR 0.786,2025-08-22,2491.0,2026-01-27,1500.0,,2278.926,1995.5,2748.66,12.66939114425501
ASTRAL.NS,1458.0,2026-09-10T13:50:00+05:30,WAITING FOR 0.786,2026-03-11,1768.699951171875,2026-07-09,1311.5999755859375,,1670.8805563964845,1540.1499633789062,1887.5459448242184,12.740620841001032
HEALTHX.NS,292.0,2026-09-10T13:50:00+05:30,WAITING FOR 0.786,2026-07-14,347.8500061035156,2026-08-19,286.5,,334.7211047973633,317.1750030517578,363.8010076904297,12.76319424890349
MAYURUNIQ.NS,756.5,2026-09-10T13:50:00+05:30,WAITING FOR 0.786,2026-07-03,907.0,2026-08-19,722.0,,867.41,814.5,955.1,12.786340946034743
ZFCVINDIA.NS,2508.300048828125,2026-09-10T13:50:00+05:30,WAITING FOR 0.786,2026-06-24,3044.0,2026-07-24,2260.0,,2876.224,2652.0,3247.84,12.791908807237377
SANDHAR.NS,630.0,2026-09-10T13:50:00+05:30,WAITING FOR 0.786,2026-06-12,763.2000122070312,2026-07-20,575.0,,722.9252095947265,669.1000061035156,812.1320153808593,12.854055766961094
HEROMOTOCO.NS,5247.0,2026-09-10T13:50:00+05:30,WAITING FOR 0.786,2025-12-05,6388.5,2026-06-30,4671.5,,6021.062,5530.0,6834.92,12.855904822106131
HISARMETAL.NS,155.0,2026-09-10T13:40:00+05:30,WAITING FOR 0.786,2025-10-27,192.3999938964844,2026-03-30,124.98999786376952,,177.9742547454834,158.69499588012695,209.92659286499023,12.908751762067109
SCODATUBES.NS,129.89999389648438,2026-09-10T13:45:00+05:30,WAITING FOR 0.786,2026-07-13,155.99000549316406,2026-08-19,124.45999908447266,,149.2425841217041,140.22500228881836,164.1878071594238,12.960503424040335
POWERGRID.NS,271.1000061035156,2026-09-10T13:50:00+05:30,WAITING FOR 0.786,2026-04-27,324.95001220703125,2026-08-19,262.04998779296875,,311.4894069824219,293.5,341.3040185546875,12.966540746981337
VSTIND.NS,206.61000061035156,2026-09-10T13:50:00+05:30,WAITING FOR 0.786,2026-07-13,245.4499969482422,2026-08-19,211.0,,238.0776976013184,228.2249984741211,254.4069961547852,13.217406463524439
GMRAIRPORT.NS,97.5,2026-09-10T13:50:00+05:30,WAITING FOR 0.786,2026-07-07,115.63999938964844,2026-08-20,100.41000366210938,,112.38078030395508,108.0250015258789,119.5997982788086,13.241392579502644
SBFC.NS,98.5999984741211,2026-09-10T13:50:00+05:30,WAITING FOR 0.786,2025-11-03,123.0,2026-03-30,79.5999984741211,,113.71239967346192,101.29999923706056,134.28400039672852,13.29002047510896
INDIGO.NS,4930.0,2026-09-10T13:50:00+05:30,WAITING FOR 0.786,2025-08-20,6173.5,2026-03-23,3895.199951171875,,5685.943789550782,5034.3499755859375,6765.858012695313,13.294957135172542
GPPL.NS,162.5800018310547,2026-09-10T13:50:00+05:30,WAITING FOR 0.786,2026-01-08,200.08999633789065,2026-03-30,141.5500030517578,,187.5624377746582,170.81999969482422,215.31039459228515,13.319530413449835
DENORA.NS,806.0999755859375,2026-09-10T13:45:00+05:30,WAITING FOR 0.786,2026-07-31,959.0,2026-08-18,824.2999877929688,,930.1741973876954,891.6499938964844,994.022003173828,13.33881569174982
DHANBANK.NS,30.81999969482422,2026-09-10T13:50:00+05:30,WAITING FOR 0.786,2026-07-07,36.84999847412109,2026-07-29,31.11000061035156,,35.62163893127441,33.97999954223633,38.34239791870117,13.479557315467988
CUMMINSIND.NS,5105.0,2026-09-10T13:50:00+05:30,WAITING FOR 0.786,2026-05-29,6100.0,2026-08-06,5175.0,,5902.05,5637.5,6340.5,13.504629747291197
KOTARISUG.NS,29.770000457763672,2026-09-10T13:50:00+05:30,WAITING FOR 0.786,2025-09-03,37.68000030517578,2026-03-30,22.5,,34.431480239868165,30.09000015258789,41.62680038452149,13.538423993479585
CANFINHOME.NS,788.0,2026-09-10T13:50:00+05:30,WAITING FOR 0.786,2026-07-13,940.8499755859376,2026-08-05,803.2999877929688,,911.4142781982422,872.0749816894531,976.6129724121092,13.540963878930837
BALUFORGE.NS,536.5999755859375,2026-09-10T13:50:00+05:30,WAITING FOR 0.786,2025-09-12,697.0,2026-01-29,341.04998779296875,,620.8266973876953,519.0249938964844,789.5470031738281,13.566865303339181
CMRGREEN.NS,220.60000610351562,2026-09-10T13:50:00+05:30,WAITING FOR 0.786,2026-06-10,268.9599914550781,2026-08-19,205.25,,255.3260532836914,237.10499572753903,285.52458923339844,13.600667355944228
CERA.NS,5620.0,2026-09-10T13:50:00+05:30,WAITING FOR 0.786,2026-06-22,6740.0,2026-08-19,5650.0,,6506.74,6195.0,7023.4,13.628022634990792
BCLIND.NS,35.20000076293945,2026-09-10T13:50:00+05:30,WAITING FOR 0.786,2025-09-22,44.900001525878906,2026-03-23,25.530000686645508,,40.75482134628296,35.21500110626221,49.93620174407959,13.629848935284643
KIRLOSENG.NS,2216.0,2026-09-10T13:50:00+05:30,WAITING FOR 0.786,2026-06-23,2720.0,2026-08-07,1999.0,,2565.706,2359.5,2907.46,13.63001060916567
GVT&D.NS,4567.2001953125,2026-09-10T13:50:00+05:30,WAITING FOR 0.786,2026-06-23,5650.0,2026-07-28,3962.199951171875,,5288.810789550781,4806.0999755859375,6088.828012695312,13.644099268288873
TAINWALCHM.NS,210.4600067138672,2026-09-10T13:40:00+05:30,WAITING FOR 0.786,2026-07-14,257.0,2026-07-29,194.9900054931641,,243.7298611755371,225.99500274658203,273.12259857177736,13.6502988600599
SILGO.NS,70.75,2026-09-10T13:45:00+05:30,WAITING FOR 0.786,2026-05-29,86.19999694824219,2026-08-11,66.55000305175781,,81.99489825439453,76.375,91.30899536132812,13.71414379893063
JUBLINGREA.NS,668.7000122070312,2026-09-10T13:50:00+05:30,WAITING FOR 0.786,2026-07-22,795.0,2026-08-19,702.0,,775.098,748.5,819.1800000000001,13.727036812502252
ARVINDFASN.NS,453.3999938964844,2026-09-10T13:50:00+05:30,WAITING FOR 0.786,2025-11-03,569.0,2026-03-30,366.2000122070313,,525.6008026123047,467.6000061035156,621.7279968261719,13.736814775961697
LUPIN.NS,2083.0,2026-09-10T13:50:00+05:30,WAITING FOR 0.786,2026-07-30,2474.800048828125,2026-08-20,2201.5,,2416.3138383789064,2338.1500244140625,2545.8580615234378,13.794310701068746
MGL.NS,1099.5999755859375,2026-09-10T13:50:00+05:30,WAITING FOR 0.786,2025-09-17,1378.0,2026-03-23,900.0,,1275.708,1139.0,1502.28,13.804728387222042
RICOAUTO.NS,130.75,2026-09-10T13:50:00+05:30,WAITING FOR 0.786,2026-08-05,157.99000549316406,2026-08-20,129.33999633789062,,151.85890353393555,143.66500091552734,165.43900787353516,13.900339751378747
GICRE.NS,346.5,2026-09-10T13:50:00+05:30,WAITING FOR 0.786,2026-04-16,417.9500122070313,2026-06-17,346.70001220703125,,402.7025122070313,382.3250122070313,436.4750122070312,13.956335136577772
GABRIEL.NS,1344.5,2026-09-10T13:50:00+05:30,WAITING FOR 0.786,2026-08-05,1600.0,2026-08-20,1426.199951171875,,1562.806789550781,1513.0999755859375,1645.1880126953124,13.968891804823294
ORIENTELEC.NS,174.47000122070312,2026-09-10T13:50:00+05:30,WAITING FOR 0.786,2025-10-31,217.50999450683597,2026-03-30,149.0500030517578,,202.8595563354492,183.27999877929688,235.30959228515627,13.994684612146656
INDIACEM.NS,348.6499938964844,2026-09-10T13:50:00+05:30,WAITING FOR 0.786,2026-07-22,416.3999938964844,2026-08-19,366.2000122070313,,405.6571978149414,391.3000030517578,429.45198913574217,14.053048787381165
SBIN.NS,1005.2999877929688,2026-09-10T13:50:00+05:30,WAITING FOR 0.786,2026-02-24,1234.699951171875,2026-05-18,933.9000244140624,,1170.328766845703,1084.2999877929688,1312.9079321289062,14.101061490398434
RELIABLE.NS,137.3800048828125,2026-09-10T13:50:00+05:30,WAITING FOR 0.786,2026-02-04,175.0,2026-03-27,104.73999786376952,,159.9643595428467,139.86999893188477,193.2676005554199,14.118366569013732
IRB.NS,19.639999389648438,2026-09-10T13:50:00+05:30,WAITING FOR 0.786,2026-05-21,23.950000762939453,2026-08-19,18.899999618530277,,22.86930051803589,21.425000190734863,25.26300106048584,14.12068167909491
TEAMGTY.NS,240.99000549316406,2026-09-10T13:40:00+05:30,WAITING FOR 0.786,2026-05-19,300.0,2026-07-08,210.0,,280.74,255.0,323.4,14.159006378441244
TREL.NS,27.1299991607666,2026-09-10T13:50:00+05:30,WAITING FOR 0.786,2025-08-28,34.369998931884766,2026-03-11,21.46999931335449,,31.609399013519287,27.91999912261963,37.72399883270264,14.171100978025091
MANINFRA.NS,128.49000549316406,2026-09-10T13:50:00+05:30,WAITING FOR 0.786,2025-08-21,169.60000610351562,2026-03-30,77.12000274658203,,149.80928538513183,123.36000442504884,193.6448069763184,14.230946925058657
TEXRAIL.NS,117.44999694824219,2026-09-10T13:50:00+05:30,WAITING FOR 0.786,2025-09-19,153.0,2026-03-30,78.05000305175781,,136.96070065307617,115.5250015258789,172.48699920654298,14.245475973618838
VAML.NS,439.25,2026-09-10T13:50:00+05:30,WAITING FOR 0.786,2026-06-15,537.0,2026-07-22,423.1499938964844,,512.6360986938477,480.0749969482422,566.6010015869141,14.31543718455042
VINYLINDIA.NS,223.69000244140625,2026-09-10T13:45:00+05:30,WAITING FOR 0.786,2026-06-23,269.0,2026-07-31,232.8000030517578,,261.2532006530762,250.9000015258789,278.411999206543,14.37808153843479
KCP.NS,162.64999389648438,2026-09-10T13:50:00+05:30,WAITING FOR 0.786,2025-11-10,207.8000030517578,2026-03-30,125.0,,190.08080239868164,166.4000015258789,229.3280038452148,14.431130422452132
GALAPREC.NS,1023.0,2026-09-10T13:50:00+05:30,WAITING FOR 0.786,2026-07-06,1260.0,2026-08-10,961.0999755859376,,1196.0353947753906,1110.5499877929688,1337.7140063476563,14.467414219617286
SIRCA.NS,432.6000061035156,2026-09-10T13:50:00+05:30,WAITING FOR 0.786,2025-11-19,539.0,2026-07-17,385.0,,506.044,462.0,579.04,14.513361268285832
POONAWALLA.NS,449.29998779296875,2026-09-10T13:50:00+05:30,WAITING FOR 0.786,2025-10-06,570.4000244140625,2026-03-30,361.2000122070313,,525.6312218017579,465.8000183105469,624.7920275878906,14.521822685330799
NAVNETEDUL.NS,127.80999755859375,2026-09-10T13:50:00+05:30,WAITING FOR 0.786,2026-07-13,156.0,2026-08-05,125.80999755859376,,149.53933947753907,140.90499877929688,163.84940063476563,14.530853215523992
KICL.NS,5136.5,2026-09-10T13:25:00+05:30,WAITING FOR 0.786,2025-10-28,6554.89990234375,2026-03-30,4011.0,,6010.505323242188,5282.949951171875,7216.313876953125,14.54129521959614
VIDYAWIRES.NS,90.26000213623047,2026-09-10T13:50:00+05:30,WAITING FOR 0.786,2026-06-23,110.8499984741211,2026-07-24,86.41000366210938,,105.6198395843506,98.63000106811523,117.20439712524414,14.542568430861314
HEXATRADEX.NS,157.6999969482422,2026-09-10T13:35:00+05:30,WAITING FOR 0.786,2025-09-17,194.88999938964844,2026-02-03,147.25999450683594,,184.69717834472655,171.0749969482422,207.2738006591797,14.616997205065957
AADHARHFC.NS,463.45001220703125,2026-09-10T13:50:00+05:30,WAITING FOR 0.786,2026-07-06,563.0,2026-08-19,469.1000061035156,,542.9054013061524,516.0500030517578,587.4139984130859,14.635218015507471
MASFIN.NS,293.25,2026-09-10T13:50:00+05:30,WAITING FOR 0.786,2026-05-04,358.8500061035156,2026-06-11,290.1000061035156,,344.13750610351565,324.4750061035156,376.7250061035156,14.786968929858176
POLYCAB.NS,8381.0,2026-09-10T13:50:00+05:30,WAITING FOR 0.786,2026-06-22,10126.0,2026-07-20,8791.0,,9840.31,9458.5,10473.1,14.829918976129813
RECLTD.NS,313.1499938964844,2026-09-10T13:50:00+05:30,WAITING FOR 0.786,2026-07-29,378.7000122070313,2026-08-20,327.5,,367.7432095947266,353.1000061035156,392.0120153808594,14.845472132145407
AMBER.NS,7271.0,2026-09-10T13:50:00+05:30,WAITING FOR 0.786,2026-05-07,8974.0,2026-08-12,6951.0,,8541.078,7962.5,9499.98,14.870230666433438
BALAJITELE.NS,92.01000213623047,2026-09-10T13:50:00+05:30,WAITING FOR 0.786,2026-05-13,115.4800033569336,2026-07-30,80.94999694824219,,108.09058198547363,98.21500015258788,124.45780502319336,14.87694816131552
BUTTERFLY.NS,610.1500244140625,2026-09-10T13:50:00+05:30,WAITING FOR 0.786,2026-08-04,736.5,2026-08-20,646.0,,717.133,691.25,760.03,14.918149853086879
TARC.NS,129.67999267578125,2026-09-10T13:50:00+05:30,WAITING FOR 0.786,2026-02-18,164.49000549316406,2026-03-30,109.0999984741211,,152.63654399108887,136.79500198364258,178.89140731811523,15.04000989215784
SUKHJITS.NS,160.00999450683594,2026-09-10T13:45:00+05:30,WAITING FOR 0.786,2026-05-29,197.8000030517578,2026-07-29,153.6999969482422,,188.36260174560547,175.75,209.26600463867183,15.05214250388268
IRCON.NS,115.91999816894531,2026-09-10T13:50:00+05:30,WAITING FOR 0.786,2026-06-22,140.49000549316406,2026-08-13,121.75,,136.47964431762696,131.12000274658203,145.3624069213867,15.06425830128448
APOLLOTYRE.NS,421.3999938964844,2026-09-10T13:50:00+05:30,WAITING FOR 0.786,2026-02-05,532.0,2026-05-20,365.2999877929688,,496.3261973876953,448.6499938964844,575.3420031738281,15.096161332117596
POWERINDIA.NS,31385.0,2026-09-10T13:50:00+05:30,WAITING FOR 0.786,2026-06-01,38785.0,2026-07-03,30400.0,,36990.61,34592.5,40965.1,15.154143173091766
SANDUMA.NS,198.39999389648438,2026-09-10T13:50:00+05:30,WAITING FOR 0.786,2026-05-27,245.69000244140625,2026-07-24,191.0,,233.9863419189453,218.34500122070312,259.9094030761719,15.208728736307316
VOLTAS.NS,1154.699951171875,2026-09-10T13:50:00+05:30,WAITING FOR 0.786,2026-07-16,1403.0,2026-08-20,1215.5999755859375,,1362.8963947753907,1309.2999877929688,1451.7240063476563,15.276028640300797
ECLERX.NS,1901.5,2026-09-10T13:50:00+05:30,WAITING FOR 0.786,2026-02-03,2497.5,2026-06-30,1320.0,,2245.515,1908.75,2803.65,15.32009360881579
SUNFLAG.NS,342.70001220703125,2026-09-10T13:50:00+05:30,WAITING FOR 0.786,2026-06-05,427.2000122070313,2026-07-08,323.29998779296875,,404.9654069824219,375.25,454.2140185546875,15.375484844337173
PREMEXPLN.NS,667.1500244140625,2026-09-10T13:50:00+05:30,WAITING FOR 0.786,2026-06-30,829.7999877929688,2026-08-07,636.4000244140625,,788.4123956298828,733.1000061035156,880.0839782714844,15.38057644552134
DVL.NS,287.0,2026-09-10T13:50:00+05:30,WAITING FOR 0.786,2025-09-25,380.6000061035156,2026-03-30,186.9900054931641,,339.1674659729004,283.79500579833984,430.93860626220703,15.381034800392266
BLACKBUCK.NS,587.0999755859375,2026-09-10T13:50:00+05:30,WAITING FOR 0.786,2025-10-21,748.0,2026-05-22,496.0,,694.072,622.0,813.52,15.41223740679101
SWSOLAR.NS,183.55999755859375,2026-09-10T13:50:00+05:30,WAITING FOR 0.786,2026-07-20,222.97000122070312,2026-08-19,195.1000061035156,,217.005822265625,209.03500366210935,230.21619995117183,15.412408919651952
GROBTEA.NS,960.0,2026-09-10T12:25:00+05:30,WAITING FOR 0.786,2025-11-03,1225.0,2026-03-30,805.0,,1135.12,1015.0,1334.2,15.42744379448868
MUTHOOTCAP.NS,233.0,2026-09-10T13:45:00+05:30,WAITING FOR 0.786,2025-11-14,303.0,2026-03-23,175.25,,275.6615,239.125,336.21500000000003,15.476045802551313
ESABINDIA.NS,5860.5,2026-09-10T13:50:00+05:30,WAITING FOR 0.786,2026-05-07,7319.5,2026-07-31,5521.0,,6934.621,6420.25,7787.110000000001,15.489253125729583
REPCOHOME.NS,354.8500061035156,2026-09-10T13:50:00+05:30,WAITING FOR 0.786,2026-07-03,439.8999938964844,2026-08-18,346.45001220703125,,419.90169781494143,393.1750030517578,464.1969891357422,15.49212400186467
DRREDDY.NS,1138.5999755859375,2026-09-10T13:50:00+05:30,WAITING FOR 0.786,2026-06-29,1414.9000244140625,2026-07-23,1101.0,,1347.725419189453,1257.9500122070312,1496.5140307617187,15.516917661854851
FMGOETZE.NS,448.0,2026-09-10T13:50:00+05:30,WAITING FOR 0.786,2025-09-08,577.4000244140625,2026-03-23,358.0,,530.4484191894531,467.7000122070313,634.4440307617188,15.543154849143995
WONDERLA.NS,519.4500122070312,2026-09-10T13:45:00+05:30,WAITING FOR 0.786,2025-09-08,659.0,2026-03-02,455.0,,615.344,557.0,712.04,15.583801547259549
MOL.NS,63.220001220703125,2026-09-10T13:50:00+05:30,WAITING FOR 0.786,2025-10-06,85.3499984741211,2026-03-30,36.5,,74.89609880065919,60.92499923706055,98.05099807739258,15.589727324827363
AAATECH.NS,92.88999938964844,2026-09-10T13:50:00+05:30,WAITING FOR 0.786,2026-02-13,116.9000015258789,2026-07-17,85.0,,110.07340119934082,100.95000076293944,125.1940019226074,15.610857502779963
MANORG.NS,462.95001220703125,2026-09-10T13:50:00+05:30,WAITING FOR 0.786,2026-07-22,581.4000244140625,2026-08-18,429.1000061035156,,548.8078204956055,505.25001525878906,620.9980291748047,15.644421431720785
BALKRISIND.NS,2194.800048828125,2026-09-10T13:50:00+05:30,WAITING FOR 0.786,2026-02-10,2775.0,2026-06-11,1970.0,,2602.73,2372.5,2984.3,15.67315669208389
HECPROJECT.NS,120.04000091552734,2026-09-10T13:45:00+05:30,WAITING FOR 0.786,2026-07-22,149.89999389648438,2026-08-17,115.5,,142.5383952026367,132.6999969482422,158.8439923095703,15.784094001567084
RPTECH.NS,794.0,2026-09-10T13:50:00+05:30,WAITING FOR 0.786,2026-08-05,967.7000122070312,2026-08-20,851.7000122070312,,942.8760122070312,909.7000122070312,997.8600122070312,15.78956408685704
NTPC.NS,334.3999938964844,2026-09-10T13:50:00+05:30,WAITING FOR 0.786,2026-04-27,414.3999938964844,2026-08-19,333.6000061035156,,397.10879650878906,374.0,435.4079907226562,15.791340600765757
HUHTAMAKI.NS,266.3999938964844,2026-09-10T13:50:00+05:30,WAITING FOR 0.786,2026-07-27,330.0,2026-08-19,266.70001220703125,,316.4538026123047,298.3500061035156,346.4579968261719,15.817098199683338
ADANIGREEN.NS,1309.199951171875,2026-09-10T13:50:00+05:30,WAITING FOR 0.786,2026-07-14,1631.5,2026-08-19,1281.0999755859375,,1556.5143947753909,1456.2999877929688,1722.6040063476562,15.888991739084046
SCILAL.NS,38.41999816894531,2026-09-10T13:50:00+05:30,WAITING FOR 0.786,2026-06-22,47.33000183105469,2026-08-18,39.619998931884766,,45.68006121063232,43.47500038146973,49.33460258483887,15.89328658779726
BRITANNIA.NS,5010.5,2026-09-10T13:50:00+05:30,WAITING FOR 0.786,2026-02-25,6208.5,2026-06-04,5035.0,,5957.371,5621.75,6513.61,15.894108323956996
SUPREMEINF.NS,89.76000213623047,2026-09-10T13:50:00+05:30,WAITING FOR 0.786,2025-08-20,120.0,2026-04-02,58.11000061035156,,106.75554013061524,89.05500030517578,136.0913998413086,15.920052461531045
GPIL.NS,252.22999572753906,2026-09-10T13:50:00+05:30,WAITING FOR 0.786,2026-05-20,320.0,2026-08-12,228.30999755859372,,300.37833947753904,274.1549987792969,343.83940063476564,16.029232944607948
SIGNPOST.NS,269.6000061035156,2026-09-10T13:50:00+05:30,WAITING FOR 0.786,2026-07-14,336.79998779296875,2026-08-20,263.29998779296875,,321.0709877929688,300.04998779296875,355.9099877929688,16.0310285408417
AUTOAXLES.NS,1672.199951171875,2026-09-10T13:50:00+05:30,WAITING FOR 0.786,2026-02-04,2115.0,2026-03-30,1540.199951171875,,1991.9927895507813,1827.5999755859373,2264.4480126953126,16.05391545875141
CANBK.NS,124.62999725341797,2026-09-10T13:50:00+05:30,WAITING FOR 0.786,2026-03-02,156.25,2026-07-08,120.5,,148.5995,138.375,165.54500000000002,16.130271465638874
HSCL.NS,664.7000122070312,2026-09-10T13:50:00+05:30,WAITING FOR 0.786,2026-07-21,819.5,2026-08-20,695.5,,792.9639999999999,757.5,851.74,16.175259884807975
DOMS.NS,2177.699951171875,2026-09-10T13:50:00+05:30,WAITING FOR 0.786,2026-02-05,2755.0,2026-03-09,2023.9000244140625,,2598.5446052246093,2389.4500122070312,2945.085993652344,16.19539850139913
SAGILITY.NS,44.54999923706055,2026-09-10T13:50:00+05:30,WAITING FOR 0.786,2025-10-30,57.88999938964844,2026-03-23,35.83000183105469,,53.16915991210938,46.86000061035156,63.625598754882816,16.210827271479612
MMTC.NS,62.34000015258789,2026-09-10T13:50:00+05:30,WAITING FOR 0.786,2026-06-17,78.3499984741211,2026-07-30,59.900001525878906,,74.40169912719726,69.125,83.14699768066406,16.211590751427156
NITTAGELA.NS,1651.5999755859375,2026-09-10T13:50:00+05:30,WAITING FOR 0.786,2026-07-10,2087.199951171875,2026-08-19,1546.199951171875,,1971.425951171875,1816.699951171875,2227.859951171875,16.22307829496834
HYUNDAI.NS,2200.0,2026-09-10T13:50:00+05:30,WAITING FOR 0.786,2025-09-22,2890.0,2026-04-06,1658.0,,2626.352,2274.0,3210.32,16.233619865120893
COROMANDEL.NS,1951.0999755859375,2026-09-10T13:50:00+05:30,WAITING FOR 0.786,2025-12-19,2499.0,2026-06-08,1706.5,,2329.405,2102.75,2705.05,16.240414372514124
MAZDOCK.NS,2383.199951171875,2026-09-10T13:50:00+05:30,WAITING FOR 0.786,2025-09-22,3061.39990234375,2026-03-30,2057.39990234375,,2846.5439023437502,2559.39990234375,3322.43990234375,16.277421570430484
MALUPAPER.NS,34.81999969482422,2026-09-10T13:35:00+05:30,WAITING FOR 0.786,2025-08-25,45.56999969482422,2026-03-30,27.0,,41.59601976013184,36.28499984741211,50.39819961547852,16.29006838726952
KREBSBIO.NS,61.099998474121094,2026-09-10T13:15:00+05:30,WAITING FOR 0.786,2025-09-19,82.48999786376953,2026-03-30,38.33000183105469,,73.03975871276856,60.40999984741211,93.9715968322754,16.34693275151825
LIKHITHA.NS,215.52999877929688,2026-09-10T13:50:00+05:30,WAITING FOR 0.786,2026-06-30,272.0,2026-08-20,205.0,,257.662,238.5,289.42,16.35165496685701
DATAMATICS.NS,776.7000122070312,2026-09-10T13:50:00+05:30,WAITING FOR 0.786,2025-10-31,1010.0,2026-03-30,632.0,,929.108,821.0,1108.28,16.4036891075062
GKWLIMITED.NS,1550.0,2026-09-10T13:20:00+05:30,WAITING FOR 0.786,2026-06-09,1930.0,2026-08-17,1584.0,,1855.956,1757.0,2019.96,16.485089086163676
NPST.NS,1718.5,2026-09-10T13:50:00+05:30,WAITING FOR 0.786,2025-08-22,2388.300048828125,2026-03-16,846.5999755859375,,2058.3762331542966,1617.4500122070312,2789.142067871094,16.511861518798415
RELTD.NS,156.63999938964844,2026-09-10T13:50:00+05:30,WAITING FOR 0.786,2026-07-09,196.4499969482422,2026-08-17,155.57000732421875,,187.7016791687012,176.01000213623047,207.07879425048827,16.54842935695602
STYLAMIND.NS,3337.300048828125,2026-09-10T13:50:00+05:30,WAITING FOR 0.786,2026-07-22,4150.0,2026-08-06,3455.39990234375,,4001.3555791015615,3802.699951171875,4330.596025390625,16.595764039109447
BLUEJET.NS,574.7000122070312,2026-09-10T13:50:00+05:30,WAITING FOR 0.786,2025-08-20,789.0,2026-03-30,325.0,,689.704,557.0,909.64,16.674397682624534
BANKINDIA.NS,140.7100067138672,2026-09-10T13:50:00+05:30,WAITING FOR 0.786,2026-02-27,178.36000061035156,2026-07-08,134.00999450683594,,168.8690993041992,156.18499755859375,189.89100219726564,16.67510083630309
UNICHEMLAB.NS,536.0,2026-09-10T13:50:00+05:30,WAITING FOR 0.786,2026-07-09,687.2000122070312,2026-08-07,482.2999877929688,,643.3514069824218,584.75,740.4740185546875,16.686278419121418
IGIL.NS,312.29998779296875,2026-09-10T13:50:00+05:30,WAITING FOR 0.786,2026-05-26,388.2999877929688,2026-07-24,325.6499938964844,,374.8928890991211,356.97499084472656,404.5889862060547,16.696209271017374
SEJALLTD.NS,665.4000244140625,2026-09-10T13:40:00+05:30,WAITING FOR 0.786,2026-06-19,839.25,2026-08-20,650.0999755859375,,798.7718947753906,744.6749877929688,888.4290063476562,16.69711606450943
SUPREMEIND.NS,3501.300048828125,2026-09-10T13:50:00+05:30,WAITING FOR 0.786,2025-09-19,4492.7001953125,2026-07-08,3140.0,,4203.2223535156245,3816.35009765625,4844.40224609375,16.699623423452806
WAAREEENER.NS,2538.199951171875,2026-09-10T13:50:00+05:30,WAITING FOR 0.786,2026-05-29,3180.0,2026-07-30,2561.0,,3047.534,2870.5,3340.94,16.712989874046528
SOUTHWEST.NS,217.8000030517578,2026-09-10T13:50:00+05:30,WAITING FOR 0.786,2026-06-01,275.0,2026-06-29,212.0500030517578,,261.52870065307616,243.5250015258789,291.36699920654297,16.720420165022524
SAGARDEEP.NS,24.0,2026-09-10T13:40:00+05:30,WAITING FOR 0.786,2025-10-28,31.0,2026-03-30,20.809999465942383,,28.81933988571167,25.90499973297119,33.64940013885498,16.72258943065191
ASHOKLEY.NS,165.60000610351562,2026-09-10T13:50:00+05:30,WAITING FOR 0.786,2026-02-11,215.4199981689453,2026-06-11,138.02999877929688,,198.85853829956056,176.7249984741211,235.54139801025389,16.72471923028232
SBILIFE.NS,1697.0,2026-09-10T13:50:00+05:30,WAITING FOR 0.786,2026-02-23,2132.0,2026-06-12,1700.4000244140625,,2039.6376052246092,1916.2000122070312,2244.215993652344,16.798945280618966
MPHASIS.NS,2303.800048828125,2026-09-10T13:50:00+05:30,WAITING FOR 0.786,2026-02-03,2975.0,2026-03-30,2013.0,,2769.132,2494.0,3225.12,16.804253144013177
GESHIP.NS,1400.0,2026-09-10T13:50:00+05:30,WAITING FOR 0.786,2026-05-19,1798.0,2026-08-17,1261.0,,1683.082,1529.5,1937.62,16.819263707888272
EXPLEOSOL.NS,881.9500122070312,2026-09-10T13:50:00+05:30,WAITING FOR 0.786,2025-11-14,1175.0999755859375,2026-03-30,640.0,,1060.5885808105468,907.5499877929688,1314.225969238281,16.84334263404876
BPCL.NS,303.3500061035156,2026-09-10T13:50:00+05:30,WAITING FOR 0.786,2026-02-05,391.6499938964844,2026-04-02,266.6000061035156,,364.8892965087891,329.125,424.1629907226562,16.865194730038116
IOB.NS,32.849998474121094,2026-09-10T13:50:00+05:30,WAITING FOR 0.786,2025-10-23,41.79999923706055,2026-03-30,31.200000762939453,,39.53159956359863,36.5,44.55599884033203,16.90192444332577
SAMHI.NS,164.47000122070312,2026-09-10T13:50:00+05:30,WAITING FOR 0.786,2025-10-29,217.3000030517578,2026-03-30,127.0,,197.97580239868165,172.1500015258789,240.77800384521484,16.924190114155913
HPIL.NS,120.01000213623047,2026-09-10T12:55:00+05:30,WAITING FOR 0.786,2026-04-22,152.0,2026-08-04,117.0,,144.51,134.5,161.1,16.953842546377086
RAMANEWS.NS,32.22999954223633,2026-09-10T13:20:00+05:30,WAITING FOR 0.786,2026-03-11,42.0,2026-07-22,27.1200008392334,,38.81568017959594,34.5600004196167,45.86879978179932,16.96654704204172
RADAAN.NS,2.940000057220459,2026-09-10T13:45:00+05:30,WAITING FOR 0.786,2026-07-29,3.7300000190734863,2026-08-17,2.8499999046325684,,3.54167999458313,3.289999961853028,3.9588000488281248,16.988546065226625
AHLEAST.NS,137.0,2026-09-10T13:40:00+05:30,WAITING FOR 0.786,2026-05-21,172.89999389648438,2026-08-14,136.2100067138672,,165.04833663940428,154.55500030517578,182.43939056396485,16.99401351779992
BASF.NS,3705.300048828125,2026-09-10T13:50:00+05:30,WAITING FOR 0.786,2025-10-03,4829.89990234375,2026-03-23,3122.199951171875,,4464.452112792969,3976.049926757813,5273.901889648438,17.00437242432235
ADFFOODS.NS,271.75,2026-09-10T13:50:00+05:30,WAITING FOR 0.786,2026-07-02,346.95001220703125,2026-08-10,255.8500061035156,,327.4546109008789,301.40000915527344,370.6360137939453,17.011399151664648
SANSTAR.NS,108.0,2026-09-10T13:50:00+05:30,WAITING FOR 0.786,2026-06-24,137.49000549316406,2026-07-24,103.1500015258789,,130.14124464416506,120.32000350952148,146.4184065246582,17.01324180870109
RELIANCE.NS,1273.0999755859375,2026-09-10T13:50:00+05:30,WAITING FOR 0.786,2026-01-05,1611.800048828125,2026-07-24,1249.800048828125,,1534.3320488281252,1430.800048828125,1705.920048828125,17.025784832019152
JAYNECOIND.NS,90.94000244140625,2026-09-10T13:50:00+05:30,WAITING FOR 0.786,2026-05-08,117.0,2026-07-24,82.5199966430664,,109.6212792816162,99.7599983215332,125.96480087280273,17.041651915243477
TIINDIA.NS,2647.5,2026-09-10T13:50:00+05:30,WAITING FOR 0.786,2026-06-24,3335.199951171875,2026-07-30,2665.60009765625,,3191.9055825195314,3000.4000244140625,3509.2959130859376,17.05581723660525
TENNIND.NS,521.4000244140625,2026-09-10T13:50:00+05:30,WAITING FOR 0.786,2026-05-06,657.0,2026-08-12,525.0,,628.752,591.0,691.3199999999999,17.07381854625313
SIGNATURE.NS,775.5,2026-09-10T13:50:00+05:30,WAITING FOR 0.786,2026-02-27,998.0,2026-04-02,705.2000122070312,,935.3408026123049,851.6000061035156,1074.127996826172,17.089044139407466
RUBFILA.NS,68.30999755859375,2026-09-10T13:45:00+05:30,WAITING FOR 0.786,2025-09-04,89.23999786376953,2026-03-30,57.310001373291016,,82.40697861480713,73.27499961853027,97.54179695129396,17.106537933039075
MANYAVAR.NS,577.3499755859375,2026-09-10T13:50:00+05:30,WAITING FOR 0.786,2025-08-25,796.5499877929688,2026-03-16,329.20001220703125,,696.5370930175782,562.875,918.0609814453124,17.11138123531819
EXXARO.NS,6.389999866485596,2026-09-10T13:50:00+05:30,WAITING FOR 0.786,2026-06-15,8.180000305175781,2026-08-03,5.989999771118164,,7.7113401908874515,7.085000038146973,8.749400444030762,17.135028304979897
MRF.NS,128185.0,2026-09-10T13:50:00+05:30,WAITING FOR 0.786,2025-10-24,163600.0,2026-05-29,122000.0,,154697.6,142800.0,174416.0,17.13833957346462
ELDEHSG.NS,781.1500244140625,2026-09-10T11:30:00+05:30,WAITING FOR 0.786,2026-02-11,1008.7999877929688,2026-08-06,701.5499877929688,,943.0484877929688,855.1749877929688,1088.6849877929687,17.167565133135394
EVEREADY.NS,355.25,2026-09-10T13:50:00+05:30,WAITING FOR 0.786,2025-09-05,475.2000122070313,2026-03-30,259.6499938964844,,429.0723082885742,367.4250030517578,531.2430169677734,17.205097337329153
SATIA.NS,68.01000213623047,2026-09-10T13:50:00+05:30,WAITING FOR 0.786,2025-08-25,90.6999969482422,2026-03-30,50.79999923706055,,82.16139743804932,70.74999809265137,101.0739963531494,17.22389801425806
KRISHNADEF.NS,1091.300048828125,2026-09-10T13:50:00+05:30,WAITING FOR 0.786,2026-06-22,1400.0,2026-08-20,1026.0,,1319.964,1213.0,1497.24,17.323499062995275
ASHIANA.NS,346.25,2026-09-10T13:50:00+05:30,WAITING FOR 0.786,2026-07-21,435.8999938964844,2026-08-14,356.0,,418.8013952026368,395.9499969482422,456.6739923095703,17.323580110694916
AIAENG.NS,4131.5,2026-09-10T13:50:00+05:30,WAITING FOR 0.786,2026-06-30,5180.0,2026-08-18,4326.10009765625,,4997.265420898438,4753.050048828125,5402.013974609376,17.32478361621195
FUSION.NS,191.19000244140625,2026-09-10T13:50:00+05:30,WAITING FOR 0.786,2026-07-13,243.0,2026-08-18,188.1300048828125,,231.25782104492188,215.56500244140625,257.2661987304688,17.32603828163392
MOKSH.NS,10.180000305175781,2026-09-10T13:50:00+05:30,WAITING FOR 0.786,2026-06-18,12.949999809265137,2026-07-31,10.010000228881836,,12.32083989906311,11.480000019073486,13.714399700164794,17.375760187015498
ORKLAINDIA.NS,587.2000122070312,2026-09-10T13:50:00+05:30,WAITING FOR 0.786,2025-11-06,760.0,2026-02-17,533.25,,711.4755,646.625,818.9549999999999,17.467289849470397
HUDCO.NS,174.0,2026-09-10T13:50:00+05:30,WAITING FOR 0.786,2026-06-18,218.0,2026-08-20,184.47999572753903,,210.82671908569336,201.23999786376956,226.71520111083984,17.467766536140346
TATAPOWER.NS,366.5,2026-09-10T13:50:00+05:30,WAITING FOR 0.786,2026-04-28,464.8999938964844,2026-07-28,367.8500061035156,,444.1312965087891,416.375,490.13299072265625,17.47935737000079
SURYAROSNI.NS,217.1300048828125,2026-09-10T13:50:00+05:30,WAITING FOR 0.786,2026-06-22,275.7900085449219,2026-08-20,216.8000030517578,,263.1661473693848,246.29500579833984,291.1274099731445,17.4931855585343
SCI.NS,284.8999938964844,2026-09-10T13:50:00+05:30,WAITING FOR 0.786,2026-05-11,368.75,2026-07-24,260.20001220703125,,345.5203026123047,314.4750061035156,396.9729968261719,17.54464448470922
SATIN.NS,216.24000549316406,2026-09-10T13:50:00+05:30,WAITING FOR 0.786,2026-07-27,274.1400146484375,2026-08-13,219.3800048828125,,262.42137255859376,246.760009765625,288.3776171875,17.598172974694837
VOGL.NS,36.47999954223633,2026-09-10T13:50:00+05:30,WAITING FOR 0.786,2026-07-03,47.59999847412109,2026-07-24,32.119998931884766,,44.28727857208252,39.85999870300293,51.62479835510254,17.628717052773897
GFLLIMITED.NS,59.0,2026-09-10T13:50:00+05:30,WAITING FOR 0.786,2025-10-21,81.0,2026-03-30,37.25,,71.6375,59.125,92.375,17.6409003664282
LOTUSEYE.NS,112.47000122070312,2026-09-10T13:50:00+05:30,WAITING FOR 0.786,2026-06-15,143.1999969482422,2026-08-19,112.1999969482422,,136.56599694824217,127.6999969482422,151.2599969482422,17.644213249269736
BANSWRAS.NS,112.91999816894531,2026-09-10T13:40:00+05:30,WAITING FOR 0.786,2026-06-19,144.0,2026-08-14,112.05999755859376,,137.16483947753906,128.02999877929688,152.3044006347656,17.675696921268134
MFSL.NS,1476.699951171875,2026-09-10T13:50:00+05:30,WAITING FOR 0.786,2026-02-23,1892.5,2026-04-02,1433.5999755859375,,1794.2953947753906,1663.0499877929688,2011.814006347656,17.70028750719009
BLKASHYAP.NS,55.869998931884766,2026-09-10T13:45:00+05:30,WAITING FOR 0.786,2025-08-21,75.4000015258789,2026-03-30,40.31999969482422,,67.8928811340332,57.86000061035156,84.52080200195311,17.708605086905983
IRIS.NS,252.02999877929688,2026-09-10T13:50:00+05:30,WAITING FOR 0.786,2025-11-27,334.95001220703125,2026-03-02,203.0,,306.71270959472656,268.9750061035156,369.25701538085934,17.82864195216574
RAYMONDREL.NS,572.0999755859375,2026-09-10T13:50:00+05:30,WAITING FOR 0.786,2026-07-13,734.9000244140625,2026-08-13,554.3499755859375,,696.2623139648438,644.625,781.843037109375,17.832695506937284
ELCIDIN.NS,107000.0,2026-09-10T13:15:00+05:30,WAITING FOR 0.786,2026-04-20,137000.0,2026-07-27,105505.0,,130260.07,121252.5,145188.7,17.856638646056314
JNKINDIA.NS,426.70001220703125,2026-09-10T13:50:00+05:30,WAITING FOR 0.786,2026-07-15,558.0,2026-08-13,380.3500061035156,,519.9829013061524,469.1750030517578,604.188998413086,17.939607026462316
LAXMIINDIA.NS,129.1199951171875,2026-09-10T13:50:00+05:30,WAITING FOR 0.786,2025-09-18,180.8999938964844,2026-03-30,71.05999755859375,,157.39423468017577,125.97999572753906,209.45839294433597,17.96396139950194
LANDMARK.NS,485.6499938964844,2026-09-10T13:50:00+05:30,WAITING FOR 0.786,2025-10-15,662.0,2026-03-12,339.5,,592.985,500.75,745.85,18.10079615901172
DIXON.NS,13569.0,2026-09-10T13:50:00+05:30,WAITING FOR 0.786,2025-09-25,18471.0,2026-03-30,9600.0,,16572.606,14035.5,20777.46,18.123920884862645
BFINVEST.NS,452.70001220703125,2026-09-10T13:50:00+05:30,WAITING FOR 0.786,2026-07-13,584.7000122070312,2026-08-19,437.5,,553.1992095947265,511.1000061035156,622.9720153808594,18.166909070842845
TINNARUBR.NS,1028.9000244140625,2026-09-10T13:50:00+05:30,WAITING FOR 0.786,2026-07-21,1322.0,2026-08-17,1022.4000244140624,,1257.8856052246094,1172.2000122070312,1399.8959936523438,18.20400677608987
BAJAJCON.NS,527.6500244140625,2026-09-10T13:50:00+05:30,WAITING FOR 0.786,2026-07-13,692.0,2026-08-18,476.2000122070313,,645.8188026123047,584.1000061035156,748.1079968261719,18.2975128194248
TRUALT.NS,419.29998779296875,2026-09-10T13:45:00+05:30,WAITING FOR 0.786,2026-06-10,542.0,2026-07-22,408.2999877929688,,513.3881973876953,475.1499938964844,576.7620031738281,18.32691325462513
NAVKARCORP.NS,93.16999816894531,2026-09-10T13:50:00+05:30,WAITING FOR 0.786,2026-07-17,119.0,2026-08-20,96.18000030517578,,114.1165200653076,107.59000015258788,124.93319992065427,18.355380872440577
GATEWAY.NS,53.63999938964844,2026-09-10T13:50:00+05:30,WAITING FOR 0.786,2025-08-21,70.5,2026-03-23,48.09999847412109,,65.70639967346192,59.29999923706055,76.32400039672851,18.36411726069198
CTE.NS,42.0,2026-09-10T13:40:00+05:30,WAITING FOR 0.786,2025-10-31,59.93000030517578,2026-03-24,20.51000022888184,,51.49412028884888,40.22000026702881,70.1792003250122,18.4372899965918
MAFATIND.NS,122.01000213623047,2026-09-10T13:50:00+05:30,WAITING FOR 0.786,2026-06-24,157.77000427246094,2026-08-14,119.5999984741211,,149.6016230316162,138.68500137329102,167.6942057800293,18.44339676017729
INDUSTOWER.NS,372.1000061035156,2026-09-10T13:50:00+05:30,WAITING FOR 0.786,2026-02-19,481.5,2026-08-10,363.5,,456.248,422.5,512.1800000000001,18.443476770634472
NAVA.NS,559.2000122070312,2026-09-10T13:50:00+05:30,WAITING FOR 0.786,2026-05-15,724.0,2026-08-19,545.1500244140625,,685.7261052246093,634.5750122070312,770.5009936523437,18.451403855499205
SUNDROP.NS,672.3499755859375,2026-09-10T13:45:00+05:30,WAITING FOR 0.786,2025-09-04,897.5999755859375,2026-03-30,556.0,,824.4975808105469,726.7999877929688,986.4159692382811,18.45337194016217
RITES.NS,210.52999877929688,2026-09-10T13:50:00+05:30,WAITING FOR 0.786,2025-09-15,280.8999938964844,2026-03-30,175.0,,258.2373952026367,227.9499969482422,308.43399230957027,18.474240102175848
KITEX.NS,125.8499984741211,2026-09-10T13:50:00+05:30,WAITING FOR 0.786,2026-07-01,162.89999389648438,2026-08-20,123.1500015258789,,154.3934955291748,143.02499771118164,173.2349919128418,18.48749972090632
SHILCTECH.NS,4116.10009765625,2026-09-10T13:50:00+05:30,WAITING FOR 0.786,2026-04-28,5399.0,2026-06-11,3769.60009765625,,5050.308420898437,4584.300048828125,5822.643974609375,18.498044978330135
GRINDWELL.NS,1927.300048828125,2026-09-10T13:50:00+05:30,WAITING FOR 0.786,2026-07-16,2455.0,2026-08-19,2041.0,,2366.404,2248.0,2562.64,18.55574750430928
GODREJIND.NS,1130.5,2026-09-10T13:50:00+05:30,WAITING FOR 0.786,2026-07-10,1443.0,2026-08-18,1189.699951171875,,1388.7937895507812,1316.3499755859375,1508.8580126953125,18.59842631023925
CEMPRO.NS,1256.0999755859375,2026-09-10T13:50:00+05:30,WAITING FOR 0.786,2026-07-21,1649.199951171875,2026-08-10,1153.800048828125,,1543.1843720703123,1401.5,1778.00392578125,18.60337634829899
BANDHANBNK.NS,170.39999389648438,2026-09-10T13:50:00+05:30,WAITING FOR 0.786,2026-07-15,220.75999450683597,2026-08-19,167.63999938964844,,209.3923155517578,194.1999969482422,234.57119323730467,18.621658370092035
PYRAMID.NS,154.1999969482422,2026-09-10T13:40:00+05:30,WAITING FOR 0.786,2026-07-28,198.69000244140625,2026-08-12,156.1999969482422,,189.59714126586917,177.44499969482422,209.7374038696289,18.669661410131763
ONGC.NS,236.1300048828125,2026-09-10T13:50:00+05:30,WAITING FOR 0.786,2026-04-29,307.5,2026-06-30,227.6499938964844,,290.41209869384767,267.5749969482422,328.26100158691406,18.69140234004484
HERITGFOOD.NS,395.79998779296875,2026-09-10T13:50:00+05:30,WAITING FOR 0.786,2025-09-18,540.0,2026-03-30,292.54998779296875,,487.0456973876953,416.2749938964844,604.3370031738282,18.73452739324657
LINDEINDIA.NS,6283.0,2026-09-10T13:50:00+05:30,WAITING FOR 0.786,2026-05-07,8049.0,2026-08-17,6575.0,,7733.564,7312.0,8432.24,18.75673363535881
BCPL.NS,70.41000366210938,2026-09-10T13:50:00+05:30,WAITING FOR 0.786,2026-05-04,92.0,2026-08-13,67.19999694824219,,86.69279934692383,79.5999984741211,98.44800079345704,18.782177767330605
SINDHUTRAD.NS,23.959999084472656,2026-09-10T13:50:00+05:30,WAITING FOR 0.786,2025-09-18,32.7400016784668,2026-01-27,17.639999389648438,,29.508601188659668,25.190000534057617,36.66600227355957,18.803338283345578
REFEX.NS,270.45001220703125,2026-09-10T13:50:00+05:30,WAITING FOR 0.786,2026-07-29,344.8500061035156,2026-08-13,290.5,,333.2191047973633,317.6750030517578,358.9810076904297,18.837183008610232
AFFLE.NS,1610.5999755859375,2026-09-10T13:50:00+05:30,WAITING FOR 0.786,2025-09-22,2185.89990234375,2026-03-23,1251.300048828125,,1985.8955336914064,1718.5999755859375,2428.8958642578127,18.898051369694407
VCL.NS,1.7300000190734863,2026-09-10T13:50:00+05:30,WAITING FOR 0.786,2026-01-09,2.450000047683716,2026-07-29,0.9700000286102296,,2.1332800436019896,1.7100000381469729,2.834800052642822,18.90422336898512
KAYA.NS,341.5,2026-09-10T13:50:00+05:30,WAITING FOR 0.786,2025-11-04,474.8999938964844,2026-06-04,224.00999450683597,,421.2095340270996,349.45499420166016,540.1313937377929,18.923962443350412
CANTABIL.NS,240.97999572753906,2026-09-10T13:45:00+05:30,WAITING FOR 0.786,2026-02-06,321.5,2026-05-29,208.5,,297.318,265.0,350.88,18.94873646145236
TATACONSUM.NS,999.7000122070312,2026-09-10T13:50:00+05:30,WAITING FOR 0.786,2026-05-12,1282.699951171875,2026-08-12,1054.300048828125,,1233.8223720703124,1168.5,1342.08392578125,18.975369969214594
RENUKA.NS,24.979999542236328,2026-09-10T13:50:00+05:30,WAITING FOR 0.786,2025-09-02,33.5,2026-06-03,21.049999237060547,,30.83569983673096,27.274999618530277,36.73700019836426,18.990002904099555
SCHNEIDER.NS,1191.0,2026-09-10T13:50:00+05:30,WAITING FOR 0.786,2026-07-08,1548.0,2026-08-17,1185.0,,1470.318,1366.5,1642.38,18.99711490983583
VISL.NS,33.58000183105469,2026-09-10T13:50:00+05:30,WAITING FOR 0.786,2026-07-03,44.77999877929688,2026-07-29,29.25,,41.45657904052735,37.01499938964844,48.81779846191407,18.999583158496115
EXCELINDUS.NS,996.7000122070312,2026-09-10T13:50:00+05:30,WAITING FOR 0.786,2025-08-21,1348.800048828125,2026-03-30,800.0499877929688,,1231.3675357666016,1074.4250183105469,1491.4750646972657,19.05747201735958
IMFA.NS,1282.0,2026-09-10T13:50:00+05:30,WAITING FOR 0.786,2026-04-29,1679.9000244140625,2026-06-30,1232.5,,1584.1564191894531,1456.2000122070312,1796.2240307617187,19.07364800150568
ROTO.NS,65.30999755859375,2026-09-10T13:50:00+05:30,WAITING FOR 0.786,2025-08-20,89.80000305175781,2026-03-30,47.5,,80.74780239868164,68.6500015258789,100.79800384521484,19.118544878615722
ADANIENSOL.NS,1402.699951171875,2026-09-10T13:50:00+05:30,WAITING FOR 0.786,2026-07-21,1789.0,2026-08-19,1536.5,,1734.965,1662.75,1854.65,19.151109609019485
MOSCHIP.NS,208.55999755859375,2026-09-10T13:50:00+05:30,WAITING FOR 0.786,2025-10-08,288.45001220703125,2026-03-30,146.8000030517578,,258.13691024780275,217.62500762939453,325.27901458740234,19.205665955177363
JKIPL.NS,91.7699966430664,2026-09-10T13:50:00+05:30,WAITING FOR 0.786,2026-06-18,119.6999969482422,2026-07-20,91.1999969482422,,113.60099694824218,105.4499969482422,127.10999694824218,19.21726119632754
TGBHOTELS.NS,9.800000190734863,2026-09-10T13:30:00+05:30,WAITING FOR 0.786,2025-09-24,13.399999618530272,2026-03-30,7.5,,12.137399700164796,10.449999809265137,14.933999519348143,19.25782760040601
DEVYANI.NS,137.0,2026-09-10T13:50:00+05:30,WAITING FOR 0.786,2025-09-11,191.0,2026-04-02,91.5500030517578,,169.71770065307618,141.2750015258789,216.85699920654295,19.277718545076908
GVPTECH.NS,8.0,2026-09-10T13:45:00+05:30,WAITING FOR 0.786,2025-12-19,11.1899995803833,2026-03-18,5.21999979019165,,9.912419625282288,8.204999685287476,12.74219952583313,19.29316652822621
JETFREIGHT.NS,20.1200008392334,2026-09-10T13:50:00+05:30,WAITING FOR 0.786,2026-07-16,25.950000762939453,2026-08-20,21.200000762939453,,24.93350076293945,23.575000762939453,27.185000762939453,19.30535134023667
DDEVPLSTIK.NS,260.1499938964844,2026-09-10T13:50:00+05:30,WAITING FOR 0.786,2025-10-06,360.0,2026-03-30,185.1499938964844,,322.5820986938477,272.5749969482422,405.4610015869141,19.353865279615412
EPACKPEB.NS,240.83999633789062,2026-09-10T13:50:00+05:30,WAITING FOR 0.786,2025-11-07,344.0,2026-03-30,132.1699981689453,,298.6683796081543,238.08499908447263,399.0758004760742,19.362070851334547
KFINTECH.NS,905.3499755859375,2026-09-10T13:50:00+05:30,WAITING FOR 0.786,2025-10-28,1215.0,2026-05-18,784.9500122070312,,1122.9693026123048,999.9750061035156,1326.812996826172,19.378920378333657
ELECTCAST.NS,79.26000213623047,2026-09-10T13:50:00+05:30,WAITING FOR 0.786,2025-08-21,108.70999908447266,2026-03-09,60.150001525878906,,98.3181596069336,84.43000030517578,121.33559844970704,19.384168242058017
OLECTRA.NS,1207.199951171875,2026-09-10T13:50:00+05:30,WAITING FOR 0.786,2026-07-02,1556.0,2026-08-20,1284.0,,1497.792,1420.0,1626.72,19.401362060160885
BDL.NS,1196.9000244140625,2026-09-10T13:50:00+05:30,WAITING FOR 0.786,2026-01-29,1593.9000244140625,2026-03-30,1086.0,,1485.209419189453,1339.9500122070312,1725.9540307617187,19.412036514873048
TIMETECHNO.NS,184.27000427246094,2026-09-10T13:50:00+05:30,WAITING FOR 0.786,2025-09-23,249.1499938964844,2026-03-23,154.0,,228.78789520263672,201.5749969482422,273.8889923095703,19.458149606536843
VEDL.NS,270.79998779296875,2026-09-10T13:50:00+05:30,WAITING FOR 0.786,2026-05-29,360.0,2026-07-17,249.6999969482422,,336.3957993469238,304.8499984741211,388.678000793457,19.49959294417536
LXCHEM.NS,171.0,2026-09-10T13:50:00+05:30,WAITING FOR 0.786,2025-09-15,241.0,2026-03-30,107.5999984741211,,212.4523996734619,174.29999923706055,275.6840003967285,19.511382190633764
MODIRUBBER.NS,124.0,2026-09-10T13:35:00+05:30,WAITING FOR 0.786,2025-12-26,167.5,2026-03-30,105.01000213623048,,154.12714045715333,136.25500106811523,183.74739944458008,19.546940511446486
JUNIPER.NS,229.9199981689453,2026-09-10T13:55:00+05:30,WAITING FOR 0.786,2025-09-19,312.5,2026-03-30,188.5,,285.964,250.5,344.74,19.598271751358453
CHOLAHLDNG.NS,1528.800048828125,2026-09-10T13:50:00+05:30,WAITING FOR 0.786,2025-11-06,2064.0,2026-03-23,1305.0,,1901.574,1684.5,2261.34,19.603441736786213
CMPDI.NS,217.9600067138672,2026-09-10T13:50:00+05:30,WAITING FOR 0.786,2026-07-03,283.69000244140625,2026-08-19,224.9600067138672,,271.12178335571286,254.32500457763672,298.9598013305664,19.60808017115217
VIMTALABS.NS,634.9500122070312,2026-09-10T13:50:00+05:30,WAITING FOR 0.786,2025-09-05,902.6500244140624,2026-03-30,376.0499877929688,,789.9576165771484,639.3500061035156,1039.5660339355468,19.6222684758403
GARUDA.NS,179.85000610351562,2026-09-10T13:50:00+05:30,WAITING FOR 0.786,2025-11-07,249.3000030517578,2026-03-30,130.0,,223.76980239868163,189.6500015258789,280.31800384521483,19.627222182962775
SAKSOFT.NS,147.72000122070312,2026-09-10T13:50:00+05:30,WAITING FOR 0.786,2026-07-15,189.9900054931641,2026-08-07,161.11000061035156,,183.8096844482422,175.5500030517578,197.49880676269527,19.634266462005343
ABBOTINDIA.NS,25285.0,2026-09-10T13:50:00+05:30,WAITING FOR 0.786,2025-08-20,33185.0,2026-04-24,25150.0,,31465.51,29167.5,35274.1,19.64217328751385
WESTLIFE.NS,558.0,2026-09-10T13:50:00+05:30,WAITING FOR 0.786,2025-09-04,775.0,2026-03-23,398.3999938964844,,694.4075986938476,586.6999969482422,872.916001586914,19.643736466943153
PARAGMILK.NS,268.54998779296875,2026-09-10T13:55:00+05:30,WAITING FOR 0.786,2025-11-13,376.9500122070313,2026-03-30,177.83999633789062,,334.3404688110352,277.39500427246094,428.71861633300784,19.677690006246397
CENTRALBK.NS,30.8700008392334,2026-09-10T13:50:00+05:30,WAITING FOR 0.786,2026-02-26,40.91999816894531,2026-06-02,29.31999969482422,,38.4375984954834,35.119998931884766,43.9359977722168,19.688008492880297
JSWCEMENT.NS,120.66999816894531,2026-09-10T13:50:00+05:30,WAITING FOR 0.786,2025-09-04,162.14999389648438,2025-12-04,106.6500015258789,,150.2729955291748,134.39999771118164,176.5799919128418,19.699479108661418
VINEETLAB.NS,36.34000015258789,2026-09-10T13:50:00+05:30,WAITING FOR 0.786,2025-10-30,49.9900016784668,2026-03-09,27.959999084472656,,45.275581123352055,38.97500038146973,55.71780235290528,19.735982949438956
CSLFINANCE.NS,240.85000610351562,2026-09-10T13:50:00+05:30,WAITING FOR 0.786,2025-12-23,324.70001220703125,2026-07-17,209.6999969482422,,300.0900089416504,267.2000045776367,354.6000161743164,19.740744800888532
NINSYS.NS,707.0,2026-09-10T13:50:00+05:30,WAITING FOR 0.786,2026-07-08,935.0,2026-08-14,683.1500244140625,,881.1041052246094,809.0750122070312,1000.4809936523436,19.759765525122265
SANOFICONR.NS,4032.199951171875,2026-09-10T13:50:00+05:30,WAITING FOR 0.786,2026-05-14,5255.0,2026-08-20,4203.10009765625,,5029.893420898437,4729.050048828125,5528.493974609375,19.83528051670635
LAL.NS,9.0,2026-09-10T13:40:00+05:30,WAITING FOR 0.786,2025-09-11,12.770000457763672,2026-03-16,5.559999942779541,,11.227060347557067,9.165000200271606,14.644600591659549,19.836540275136766
GPTINFRA.NS,113.22000122070312,2026-09-10T13:50:00+05:30,WAITING FOR 0.786,2026-06-23,150.0,2026-08-04,110.0,,141.44,130.0,160.4,19.9519222138694
NORBTEAEXP.NS,65.0,2026-09-10T13:40:00+05:30,WAITING FOR 0.786,2026-05-25,87.0,2026-08-13,60.0099983215332,,81.2241396408081,73.5049991607666,94.01740043640136,19.97452938566662
NIRAJISPAT.NS,332.0,2026-09-10T13:20:00+05:30,WAITING FOR 0.786,2025-09-01,485.75,2026-01-30,155.0,,414.9695,320.375,571.745,19.994120049786787
EMAMIREAL.NS,71.66000366210938,2026-09-10T13:35:00+05:30,WAITING FOR 0.786,2026-06-17,94.9800033569336,2026-08-19,70.05000305175781,,89.64498329162598,82.5150032043457,101.4618034362793,20.062449642061157
GMDCLTD.NS,578.7000122070312,2026-09-10T13:50:00+05:30,WAITING FOR 0.786,2026-04-17,771.9000244140625,2026-07-31,548.0999755859375,,724.0068139648438,660.0,830.088037109375,20.069811354685445
BHARATCOAL.NS,33.52000045776367,2026-09-10T13:50:00+05:30,WAITING FOR 0.786,2026-06-18,44.400001525878906,2026-08-19,32.900001525878906,,41.93900152587891,38.650001525878906,47.39000152587891,20.07439557882703
ALICON.NS,741.0999755859375,2026-09-10T13:50:00+05:30,WAITING FOR 0.786,2025-10-27,1022.0,2026-03-30,580.0,,927.412,801.0,1136.92,20.089455863635852
ERIS.NS,1347.0,2026-09-10T13:50:00+05:30,WAITING FOR 0.786,2025-08-26,1818.800048828125,2026-04-28,1200.0,,1686.3768383789063,1509.4000244140625,1979.6880615234372,20.12461453782449
FAZE3Q.NS,488.95001220703125,2026-09-10T13:50:00+05:30,WAITING FOR 0.786,2026-06-25,650.0499877929688,2026-08-17,475.0499877929688,,612.5999877929687,562.5499877929688,695.5499877929688,20.184456096940963
ABREL.NS,1337.9000244140625,2026-09-10T13:50:00+05:30,WAITING FOR 0.786,2025-12-05,1839.0,2026-03-16,1080.0999755859375,,1676.5953947753906,1459.5499877929688,2036.314006347656,20.201377828948544
GMBREW.NS,913.0,2026-09-10T13:50:00+05:30,WAITING FOR 0.786,2026-01-08,1222.0,2026-06-08,860.0,,1144.5320000000002,1041.0,1316.12,20.229403808718335
BANCOINDIA.NS,627.6500244140625,2026-09-10T13:50:00+05:30,WAITING FOR 0.786,2025-11-14,865.0,2026-03-30,502.0,,787.318,683.5,959.38,20.27998541706623
AAVAS.NS,1290.0999755859375,2026-09-10T13:50:00+05:30,WAITING FOR 0.786,2025-11-13,1771.9000244140625,2026-03-23,1060.4000244140625,,1619.6390244140623,1416.1500244140625,1956.8900244140625,20.346450280632276
SSDL.NS,67.83999633789062,2026-09-10T13:55:00+05:30,WAITING FOR 0.786,2025-08-25,95.83000183105467,2026-03-30,46.150001525878906,,85.19848176574706,70.9900016784668,108.7468019104004,20.374172248260873
IDEAFORGE.NS,752.0,2026-09-10T13:50:00+05:30,WAITING FOR 0.786,2026-06-08,992.25,2026-08-13,769.7999877929688,,944.6456973876952,881.0249938964844,1050.0870031738282,20.393434058974055
TVTODAY.NS,110.26000213623047,2026-09-10T13:50:00+05:30,WAITING FOR 0.786,2026-01-08,151.0,2026-03-23,93.5,,138.695,122.25,165.95,20.50181900123979
MADHAV.NS,36.13999938964844,2026-09-10T13:50:00+05:30,WAITING FOR 0.786,2025-09-10,49.95000076293945,2026-03-30,29.0,,45.46670059967041,39.47500038146973,55.39700096130371,20.51325714646112
JKIL.NS,484.3999938964844,2026-09-10T13:50:00+05:30,WAITING FOR 0.786,2025-11-06,660.0,2026-03-30,425.0,,609.71,542.5,721.1,20.552394762020576
NIPPOBATRY.NS,320.1499938964844,2026-09-10T13:50:00+05:30,WAITING FOR 0.786,2026-05-12,425.9500122070313,2026-08-04,319.1000061035156,,403.0841109008789,372.52500915527344,453.7310137939453,20.574891136006247
MSPL.NS,34.400001525878906,2026-09-10T13:50:00+05:30,WAITING FOR 0.786,2026-06-22,46.119998931884766,2026-08-14,33.0,,43.31231916046143,39.55999946594238,49.5311986541748,20.57686544459693
GEEKAYWIRE.NS,28.5,2026-09-10T13:45:00+05:30,WAITING FOR 0.786,2025-09-08,40.625,2026-03-30,18.51000022888184,,35.892390048980715,29.56750011444092,46.37489994049072,20.595981596356932
MARSONS.NS,126.4800033569336,2026-09-10T13:50:00+05:30,WAITING FOR 0.786,2026-05-07,175.39999389648438,2026-08-12,100.25,,159.31789520263672,137.8249969482422,194.93899230957032,20.61155264694939
BALMLAWRIE.NS,173.75,2026-09-10T13:50:00+05:30,WAITING FOR 0.786,2025-09-15,238.1999969482422,2026-03-30,148.36000061035156,,218.9742377319336,193.27999877929688,261.55839599609374,20.652766371218853
DONEAR.NS,85.83999633789062,2026-09-10T13:45:00+05:30,WAITING FOR 0.786,2025-11-27,116.51000213623048,2026-01-27,77.5999984741211,,108.18326135253906,97.05500030517578,126.62660308837891,20.653162730820224
INDTERRAIN.NS,29.0,2026-09-10T13:40:00+05:30,WAITING FOR 0.786,2026-08-04,38.29999923706055,2026-08-20,30.1200008392334,,36.54947957992554,34.21000003814697,40.426798820495605,20.655504994035592
GLOBALE.NS,11.300000190734863,2026-09-10T13:25:00+05:30,WAITING FOR 0.786,2026-04-22,15.399999618530272,2026-08-12,10.029999732971191,,14.25081964302063,12.714999675750732,16.796199588775636,20.706313925816453
KSOLVES.NS,260.25,2026-09-10T13:50:00+05:30,WAITING FOR 0.786,2026-07-15,345.0,2026-08-20,266.8999938964844,,328.2865986938477,305.9499969482422,365.3060015869141,20.724756649995633
MEDICAMEQ.NS,314.8999938964844,2026-09-10T13:50:00+05:30,WAITING FOR 0.786,2025-11-25,447.6499938964844,2026-06-29,212.3999938964844,,397.3064938964844,330.0249938964844,508.8149938964844,20.74129199143433
POCL.NS,462.45001220703125,2026-09-10T13:50:00+05:30,WAITING FOR 0.786,2026-07-09,612.0399780273438,2026-08-11,479.8999938964844,,583.7620214233399,545.9699859619141,646.3963739013672,20.781072554278772
ACCELYA.NS,1122.0,2026-09-10T13:50:00+05:30,WAITING FOR 0.786,2025-10-21,1527.0,2026-03-30,1012.4000244140624,,1416.8756052246094,1269.7000122070312,1660.795993652344,20.811679171924514
CEATLTD.NS,3281.0,2026-09-10T13:50:00+05:30,WAITING FOR 0.786,2025-10-23,4438.0,2026-06-11,3061.199951171875,,4143.364789550781,3749.5999755859375,4795.968012695313,20.813151468719166
DTIL.NS,143.0,2026-09-10T13:05:00+05:30,WAITING FOR 0.786,2025-08-22,202.0,2026-03-30,102.0,,180.6,152.0,228.0,20.819490586932446
ASAL.NS,470.8500061035156,2026-09-10T13:45:00+05:30,WAITING FOR 0.786,2025-09-26,654.6500244140625,2026-03-30,374.5,,594.6979191894532,514.5750122070312,727.4890307617188,20.825348313768565
PATELRMART.NS,215.22000122070312,2026-09-10T13:45:00+05:30,WAITING FOR 0.786,2025-08-26,305.0,2026-03-30,150.25,,271.8835,227.625,345.235,20.841095093779835
NATHBIOGEN.NS,152.5,2026-09-10T13:45:00+05:30,WAITING FOR 0.786,2026-04-30,204.0,2026-07-23,151.32000732421875,,192.7264815673828,177.66000366210938,217.69679809570312,20.872316684367238
APTUS.NS,252.33999633789062,2026-09-10T13:50:00+05:30,WAITING FOR 0.786,2025-09-09,353.25,2026-03-30,193.02999877929688,,318.9629197387696,273.13999938964844,394.9072003173828,20.887356892595253
ISGEC.NS,813.4500122070312,2026-09-10T13:50:00+05:30,WAITING FOR 0.786,2026-05-21,1113.9000244140625,2026-08-17,722.5,,1030.140419189453,918.2000122070312,1215.6640307617188,21.03503589859338
DMART.NS,3679.300048828125,2026-09-10T13:50:00+05:30,WAITING FOR 0.786,2025-09-04,4949.5,2026-02-02,3600.0,,4660.707,4274.75,5300.37,21.057040298218173
PUNJABCHEM.NS,1099.699951171875,2026-09-10T13:40:00+05:30,WAITING FOR 0.786,2025-11-03,1533.9000244140625,2026-03-30,876.5999755859375,,1393.2378139648438,1205.25,1704.798037109375,21.068755086227924
VLSFINANCE.NS,244.91000366210938,2026-09-10T13:35:00+05:30,WAITING FOR 0.786,2025-12-05,339.0,2026-03-30,205.0,,310.324,272.0,373.84,21.079257916851624
NELCAST.NS,112.0,2026-09-10T13:50:00+05:30,WAITING FOR 0.786,2026-07-21,149.1999969482422,2026-08-20,115.91999816894533,,142.07807720947267,132.55999755859375,157.85279663085936,21.1701043540497
SIGMA.NS,45.290000915527344,2026-09-10T13:45:00+05:30,WAITING FOR 0.786,2026-01-14,63.5,2026-03-30,35.459999084472656,,57.49943980407715,49.47999954223633,70.79040023803711,21.234013635875566
GSFC.NS,159.9600067138672,2026-09-10T13:50:00+05:30,WAITING FOR 0.786,2025-09-04,220.58999633789065,2026-03-30,138.8300018310547,,203.09335751342772,179.70999908447266,241.847594909668,21.238188844609912
DOLATALGO.NS,70.2300033569336,2026-09-10T13:50:00+05:30,WAITING FOR 0.786,2026-01-05,95.76000213623048,2026-08-07,64.95999908447266,,89.1688014831543,80.36000061035156,103.7680029296875,21.23926509183664
ADVANIHOTR.NS,48.470001220703125,2026-09-10T13:50:00+05:30,WAITING FOR 0.786,2026-01-23,65.5,2026-03-30,47.0,,61.541,56.25,70.31,21.239496887110825
SAIPARENT.NS,522.7000122070312,2026-09-10T13:45:00+05:30,WAITING FOR 0.786,2026-07-02,706.0,2026-08-05,510.8999938964844,,664.2485986938477,608.4499969482422,756.7260015869141,21.309579992363105
CREATIVEYE.NS,6.130000114440918,2026-09-10T13:50:00+05:30,WAITING FOR 0.786,2026-04-17,8.399999618530273,2026-06-10,5.559999942779541,,7.792239687919617,6.979999780654907,9.138399534225464,21.331987208449
INDIANCARD.NS,213.0,2026-09-10T13:10:00+05:30,WAITING FOR 0.786,2025-09-11,303.04998779296875,2026-03-30,153.0,,270.9392904052734,228.0249938964844,342.0629846191406,21.384602550116416
BBL.NS,2232.199951171875,2026-09-10T13:50:00+05:30,WAITING FOR 0.786,2026-06-23,3006.0,2026-08-10,2249.89990234375,,2844.1945791015623,2627.949951171875,3202.586025390625,21.517326290770413
TPLPLASTEH.NS,68.20999908447266,2026-09-10T13:50:00+05:30,WAITING FOR 0.786,2026-07-06,90.33000183105467,2026-08-11,74.5199966430664,,86.9466607208252,82.42499923706055,94.44060317993164,21.549604643832847
RAJSREESUG.NS,34.779998779296875,2026-09-10T13:50:00+05:30,WAITING FOR 0.786,2025-09-03,49.70000076293945,2026-03-23,24.649999618530277,,44.33930051803589,37.17500019073486,56.21300106048584,21.559432889227878
JUBLCPL.NS,2101.60009765625,2026-09-10T13:50:00+05:30,WAITING FOR 0.786,2025-09-02,3013.39990234375,2026-03-30,1460.0,,2680.9723232421875,2236.699951171875,3417.283876953125,21.61052617228378
GRSE.NS,2471.5,2026-09-10T13:50:00+05:30,WAITING FOR 0.786,2026-04-29,3339.0,2026-08-06,2471.699951171875,,3153.397789550781,2905.349975585937,3564.4980126953124,21.624223617151742
ATULAUTO.NS,448.70001220703125,2026-09-10T13:50:00+05:30,WAITING FOR 0.786,2026-08-05,596.5499877929688,2026-08-20,485.1000061035156,,572.6996917114258,540.8249969482422,625.5269830322266,21.65178038316039
VASWANI.NS,46.5,2026-09-10T13:50:00+05:30,WAITING FOR 0.786,2026-06-09,63.400001525878906,2026-08-17,44.5,,59.35540119934082,53.95000076293945,68.31400192260742,21.658351118151632
BLBLIMITED.NS,16.25,2026-09-10T13:50:00+05:30,WAITING FOR 0.786,2026-02-23,22.46999931335449,2026-06-30,14.40999984741211,,20.74515942764282,18.4399995803833,24.56559917449951,21.668473762862696
DODLA.NS,1084.5,2026-09-10T13:50:00+05:30,WAITING FOR 0.786,2025-09-04,1500.0,2026-03-16,964.0999755859376,,1385.3173947753908,1232.0499877929688,1639.3340063476562,21.714691225988968
KAMATHOTEL.NS,226.41000366210938,2026-09-10T13:50:00+05:30,WAITING FOR 0.786,2025-09-24,329.79998779296875,2026-03-30,140.1999969482422,,289.22558975219727,234.99999237060547,379.09598541259766,21.718543695911222
BSE.NS,3278.0,2026-09-10T13:50:00+05:30,WAITING FOR 0.786,2026-05-27,4446.7998046875,2026-08-18,3235.0,,4187.474646484375,3840.89990234375,4761.86775390625,21.718929026780636
ELECTHERM.NS,946.5,2026-09-10T13:45:00+05:30,WAITING FOR 0.786,2026-07-06,1277.0,2026-08-18,959.9000244140624,,1209.140605224609,1118.4500122070312,1359.4459936523438,21.72126253057403
MUTHOOTMF.NS,196.05999755859375,2026-09-10T13:50:00+05:30,WAITING FOR 0.786,2026-07-27,262.7699890136719,2026-08-17,206.0,,250.6212113647461,234.38499450683597,277.5301861572266,21.770389469048453
PRAKASH.NS,124.69999694824219,2026-09-10T13:50:00+05:30,WAITING FOR 0.786,2025-11-03,172.89999389648438,2026-01-27,110.23999786376952,,159.4907547454834,141.56999588012695,189.19159286499024,21.81365173972659
MANAKCOAT.NS,128.10000610351562,2026-09-10T13:50:00+05:30,WAITING FOR 0.786,2025-10-27,182.82000732421875,2026-03-30,94.1999969482422,,163.85532510375975,138.51000213623047,205.86121002197265,21.82127372278101
SINCLAIR.NS,82.0,2026-09-10T13:50:00+05:30,WAITING FOR 0.786,2025-09-11,114.75,2026-03-16,68.81999969482422,,104.92097993469238,91.78499984741212,126.69180007934573,21.845945347593446
VBL.NS,411.5,2026-09-10T13:50:00+05:30,WAITING FOR 0.786,2026-06-17,555.7999877929688,2026-07-28,423.0,,527.3807904052735,489.3999938964844,590.3279846191406,21.972887999243053
AJOONI.NS,3.509999990463257,2026-09-10T13:50:00+05:30,WAITING FOR 0.786,2026-02-24,4.800000190734863,2026-06-08,3.400000095367432,,4.500400170326233,4.100000143051148,5.164000215530395,22.00693588079707
UNITEDTEA.NS,436.0,2026-09-10T13:20:00+05:30,WAITING FOR 0.786,2026-04-13,590.0,2026-08-19,446.0,,559.184,518.0,627.44,22.029242610661246
JUBLFOOD.NS,477.0,2026-09-10T13:50:00+05:30,WAITING FOR 0.786,2025-09-10,667.75,2026-07-24,408.5499877929688,,612.2811973876953,538.1499938964844,735.1420031738281,22.09461893732391
PFS.NS,27.309999465942383,2026-09-10T13:50:00+05:30,WAITING FOR 0.786,2025-10-28,38.130001068115234,2026-03-30,23.850000381469727,,35.07408092117309,30.99000072479248,41.84280124664306,22.136236364054756
HEIDELBERG.NS,159.1999969482422,2026-09-10T13:50:00+05:30,WAITING FOR 0.786,2025-08-20,223.1699981689453,2026-03-30,136.10000610351562,,204.53701986694333,179.63500213623047,245.80819610595705,22.165680788834244
PURVA.NS,213.27999877929688,2026-09-10T13:50:00+05:30,WAITING FOR 0.786,2025-09-02,305.0,2026-03-30,160.69000244140625,,274.11766052246094,232.84500122070312,342.5205993652344,22.193995683170908
BAJAJHFL.NS,83.62000274658203,2026-09-10T13:50:00+05:30,WAITING FOR 0.786,2025-09-16,117.0,2026-03-30,72.6500015258789,,107.50910032653807,94.82500076293944,128.53099960327148,22.220535291800914
SUYOG.NS,684.0499877929688,2026-09-10T13:50:00+05:30,WAITING FOR 0.786,2026-07-07,921.1500244140624,2026-08-20,730.0,,880.2439191894531,825.5750122070312,970.8490307617188,22.288586960889635
IDBI.NS,81.93000030517578,2026-09-10T13:50:00+05:30,WAITING FOR 0.786,2026-02-27,117.5500030517578,2026-03-30,61.0099983215332,,105.45044203948976,89.28000068664551,132.25040428161623,22.304735076886534
PDMJEPAPER.NS,101.38999938964844,2026-09-10T13:50:00+05:30,WAITING FOR 0.786,2025-08-25,148.38999938964844,2026-03-30,65.0,,130.54453952026367,106.69499969482422,170.071399230957,22.333021540199884
ELECON.NS,420.04998779296875,2026-09-10T13:50:00+05:30,WAITING FOR 0.786,2026-06-16,576.0,2026-07-28,412.8500061035156,,541.0859013061523,494.4250030517578,618.418998413086,22.369075450128967
MAHSCOOTER.NS,13121.0,2026-09-10T13:50:00+05:30,WAITING FOR 0.786,2025-09-15,18538.0,2026-04-02,10901.0,,16903.682,14719.5,20523.620000000003,22.377858267802246
ELLEN.NS,370.5,2026-09-10T13:55:00+05:30,WAITING FOR 0.786,2025-09-15,559.7999877929688,2026-03-17,175.0,,477.4527904052735,367.3999938964844,659.8479846191406,22.400704855968982
MARUTI.NS,12614.0,2026-09-10T13:50:00+05:30,WAITING FOR 0.786,2026-01-05,17370.0,2026-03-30,12201.0,,16263.834,14785.5,18713.94,22.441412031136082
ADVENZYMES.NS,303.6499938964844,2026-09-10T13:50:00+05:30,WAITING FOR 0.786,2026-05-11,419.0,2026-08-11,291.04998779296875,,391.6186973876953,355.0249938964844,452.2670031738281,22.462845639906597
SPANDANA.NS,233.86000061035156,2026-09-10T13:50:00+05:30,WAITING FOR 0.786,2026-07-06,319.3999938964844,2026-08-19,236.3500061035156,,301.6272965087891,277.875,340.99299072265626,22.46722915426285
IEX.NS,116.66000366210938,2026-09-10T13:50:00+05:30,WAITING FOR 0.786,2026-01-09,160.27000427246094,2026-03-30,114.5999984741211,,150.4966230316162,137.43500137329102,172.1442057800293,22.483308055622253
KIRIINDUS.NS,530.0,2026-09-10T13:50:00+05:30,WAITING FOR 0.786,2026-01-01,779.0,2026-03-30,333.79998779296875,,683.7271973876952,556.3999938964844,894.7520031738281,22.48370373082102
ARVEE.NS,198.5,2026-09-10T13:40:00+05:30,WAITING FOR 0.786,2025-12-19,290.7799987792969,2026-03-30,129.11000061035156,,256.18261917114256,209.94499969482425,332.81419830322267,22.51621103639656
DHARMAJ.NS,270.25,2026-09-10T13:30:00+05:30,WAITING FOR 0.786,2025-08-25,386.5,2026-01-27,210.6499938964844,,348.8680986938476,298.5749969482422,432.2210015869141,22.53519281017427
RPSGVENT.NS,850.8499755859375,2026-09-10T13:50:00+05:30,WAITING FOR 0.786,2026-04-07,1179.0,2026-04-29,802.25,,1098.3755,990.625,1276.955,22.53560138714516
SHREECEM.NS,22750.0,2026-09-10T13:50:00+05:30,WAITING FOR 0.786,2025-08-20,31225.0,2026-03-23,22550.0,,29368.55,26887.5,33480.5,22.53618241281915
ELGIRUBCO.NS,60.5099983215332,2026-09-10T13:50:00+05:30,WAITING FOR 0.786,2025-09-01,90.5,2026-03-30,32.720001220703125,,78.13508026123047,61.61000061035156,105.5227996826172,22.557194387938175
ISFT.NS,81.41999816894531,2026-09-10T13:50:00+05:30,WAITING FOR 0.786,2025-09-19,119.06999969482422,2026-03-30,54.04999923706055,,105.1557195968628,86.55999946594238,135.97519981384278,22.571973753699282
RUCHINFRA.NS,5.690000057220459,2026-09-10T13:50:00+05:30,WAITING FOR 0.786,2025-09-24,8.25,2026-03-30,4.050000190734863,,7.351200040817261,6.150000095367432,9.341999950408937,22.59767077991419
NTPCGREEN.NS,87.76000213623047,2026-09-10T13:50:00+05:30,WAITING FOR 0.786,2026-04-27,119.9499969482422,2026-07-31,89.5,,113.43369760131836,104.7249984741211,127.86699615478516,22.633217472397288
LOVABLE.NS,71.05999755859375,2026-09-10T13:50:00+05:30,WAITING FOR 0.786,2025-10-27,101.9499969482422,2026-03-30,55.0,,91.90269760131837,78.4749984741211,114.15699615478516,22.679094941415105
BANKBARODA.NS,237.25999450683594,2026-09-10T13:50:00+05:30,WAITING FOR 0.786,2026-02-26,325.5,2026-07-28,238.4499969482422,,306.8712993469238,281.9749984741211,348.13300079345703,22.684201809759664
SHREERAMA.NS,45.709999084472656,2026-09-10T13:45:00+05:30,WAITING FOR 0.786,2026-02-05,65.0,2026-07-28,37.619998931884766,,59.140679771423336,51.30999946594238,72.11880027770997,22.709716457199665
VEEDOL.NS,1440.9000244140625,2026-09-10T13:45:00+05:30,WAITING FOR 0.786,2025-09-19,2035.0,2026-03-30,1238.199951171875,,1864.4847895507812,1636.5999755859375,2242.1680126953124,22.718595909745925
LTTS.NS,3368.0,2026-09-10T13:50:00+05:30,WAITING FOR 0.786,2025-12-04,4726.0,2026-03-13,3010.0,,4358.776,3868.0,5172.16,22.730601434898233
SHAH.NS,3.559999942779541,2026-09-10T13:50:00+05:30,WAITING FOR 0.786,2026-07-27,4.800000190734863,2026-08-11,3.900000095367432,,4.607400170326233,4.350000143051148,5.034000215530396,22.732998845909442
VENTIVE.NS,570.9000244140625,2026-09-10T13:45:00+05:30,WAITING FOR 0.786,2026-02-03,793.9500122070312,2026-03-30,542.5999755859375,,740.1611043701172,668.2749938964844,859.3010217285157,22.868140321977222
CHAMBLFERT.NS,417.79998779296875,2026-09-10T13:50:00+05:30,WAITING FOR 0.786,2025-09-03,580.7000122070312,2026-03-16,399.75,,541.9767095947266,490.2250061035156,627.7470153808594,22.91181882974516
TRITURBINE.NS,569.75,2026-09-10T13:50:00+05:30,WAITING FOR 0.786,2026-05-29,787.5999755859375,2026-08-19,561.0499877929688,,739.1182781982423,674.3249816894531,846.5029724121093,22.914908641024734
CIEINDIA.NS,384.95001220703125,2026-09-10T13:50:00+05:30,WAITING FOR 0.786,2026-02-23,526.0,2026-07-24,401.8999938964844,,499.4425986938477,463.9499969482422,558.2660015869141,22.924073113955387
AKG.NS,10.350000381469727,2026-09-10T13:45:00+05:30,WAITING FOR 0.786,2026-02-23,14.899999618530272,2026-08-05,8.0600004196167,,13.43623978996277,11.480000019073486,16.678399410247803,22.969517191845192
PARADEEP.NS,157.0,2026-09-10T13:50:00+05:30,WAITING FOR 0.786,2025-08-26,232.22000122070312,2026-03-09,99.6999969482422,,203.8607203063965,165.95999908447266,266.675202331543,22.98663530471503
VINATIORGA.NS,1317.800048828125,2026-09-10T13:50:00+05:30,WAITING FOR 0.786,2025-09-29,1849.9000244140625,2026-04-13,1203.0,,1711.4634191894531,1526.4500122070312,2018.0940307617188,23.0015649734288
MEGASTAR.NS,286.5,2026-09-10T13:45:00+05:30,WAITING FOR 0.786,2026-07-13,392.0,2026-08-14,299.75,,372.2585,345.875,415.985,23.037351732734113
ESCORTS.NS,2973.10009765625,2026-09-10T13:50:00+05:30,WAITING FOR 0.786,2025-09-04,4180.0,2026-06-02,2700.0,,3863.28,3440.0,4564.8,23.04207570623279
WEWIN.NS,43.189998626708984,2026-09-10T13:40:00+05:30,WAITING FOR 0.786,2026-06-03,59.58000183105469,2026-08-05,43.5,,56.13888143920899,51.540000915527344,63.760802307128905,23.065801242445374
JHS.NS,8.279999732971191,2026-09-10T13:50:00+05:30,WAITING FOR 0.786,2026-02-03,12.0,2026-03-30,6.260000228881836,,10.771640048980714,9.130000114440918,13.492399940490722,23.13148512835145
COLPAL.NS,1805.0,2026-09-10T13:50:00+05:30,WAITING FOR 0.786,2025-09-04,2504.0,2026-03-30,1782.0,,2349.492,2143.0,2691.7200000000003,23.17488205961119
ITI.NS,264.0,2026-09-10T13:50:00+05:30,WAITING FOR 0.786,2025-10-08,372.8500061035156,2026-03-30,237.0,,343.7781047973633,304.9250030517578,408.1710076904297,23.206278609391877
GREAVESCOT.NS,195.35000610351562,2026-09-10T13:50:00+05:30,WAITING FOR 0.786,2026-07-14,271.8999938964844,2026-08-20,190.3000030517578,,254.4375958557129,231.0999984741211,293.1159915161133,23.22282190785391
WAKEFIT.NS,153.4199981689453,2026-09-10T13:50:00+05:30,WAITING FOR 0.786,2026-02-12,224.0,2026-06-08,111.4000015258789,,199.90360032653808,167.70000076293945,253.2759996032715,23.25300899116516
IITL.NS,148.0,2026-09-10T13:50:00+05:30,WAITING FOR 0.786,2025-09-30,216.0,2026-03-02,108.0,,192.888,162.0,244.08,23.271535813529095
INSECTICID.NS,616.5,2026-09-10T13:50:00+05:30,WAITING FOR 0.786,2025-08-21,881.5,2026-03-30,518.5999755859375,,803.8393947753907,700.0499877929688,975.8540063476562,23.30557521726553
HGS.NS,384.5,2026-09-10T13:50:00+05:30,WAITING FOR 0.786,2025-10-27,545.0,2026-03-09,342.04998779296875,,501.56869738769535,443.5249938964844,597.7670031738281,23.34051108002166
DBL.NS,415.0,2026-09-10T13:50:00+05:30,WAITING FOR 0.786,2025-09-24,585.0,2026-07-24,381.5499877929688,,541.4616973876953,483.2749938964844,637.8970031738281,23.355612778856756
HINDCOPPER.NS,530.9000244140625,2026-09-10T13:50:00+05:30,WAITING FOR 0.786,2026-01-29,760.0499877929688,2026-03-23,445.7000122070313,,692.7790930175781,602.875,841.7809814453125,23.36662151544002
IOC.NS,135.13999938964844,2026-09-10T13:50:00+05:30,WAITING FOR 0.786,2026-02-27,188.9600067138672,2026-04-02,130.22000122070312,,176.3896455383301,159.59000396728516,204.23240814208984,23.38552584693411
RESPONIND.NS,170.5399932861328,2026-09-10T13:50:00+05:30,WAITING FOR 0.786,2026-07-20,240.8999938964844,2026-08-19,155.52999877929688,,222.63081494140624,198.21499633789065,263.0961926269531,23.397848886724468
SRM.NS,450.5,2026-09-10T13:50:00+05:30,WAITING FOR 0.786,2025-11-17,649.9500122070312,2026-03-12,361.3500061035156,,588.189610900879,505.65000915527344,724.9860137939453,23.40905183449122
SPLIL.NS,30.520000457763672,2026-09-10T13:25:00+05:30,WAITING FOR 0.786,2025-11-03,45.20000076293945,2026-03-30,20.200000762939453,,39.85000076293946,32.70000076293945,51.70000076293945,23.41279831003842
AIROLAM.NS,86.95999908447266,2026-09-10T13:40:00+05:30,WAITING FOR 0.786,2025-09-12,123.3000030517578,2026-06-04,78.0,,113.60580239868165,100.6500015258789,135.07800384521485,23.454614774604334
NUVOCO.NS,332.29998779296875,2026-09-10T13:50:00+05:30,WAITING FOR 0.786,2025-09-04,477.5,2026-03-24,276.25,,434.4325,376.875,529.825,23.50940875902039
METROBRAND.NS,950.3499755859375,2026-09-10T13:55:00+05:30,WAITING FOR 0.786,2025-09-17,1340.4000244140625,2026-03-30,883.0,,1242.5164191894532,1111.7000122070312,1459.3240307617189,23.514091169443738
RAMCOCEM.NS,867.0999755859375,2026-09-10T13:50:00+05:30,WAITING FOR 0.786,2026-02-09,1214.5,2026-06-10,838.2999877929688,,1133.993197387695,1026.3999938964844,1312.312003173828,23.53569866350008
J&KBANK.NS,145.24000549316406,2026-09-10T13:50:00+05:30,WAITING FOR 0.786,2026-07-10,201.75,2026-07-30,146.6999969482422,,189.96929934692383,174.2249984741211,216.06300079345704,23.545538151443456
REDTAPE.NS,115.30999755859375,2026-09-10T13:50:00+05:30,WAITING FOR 0.786,2026-05-27,158.99000549316406,2026-08-18,120.83999633789062,,150.82590353393556,139.91500091552734,168.90900787353516,23.547616916712713
BSOFT.NS,276.1000061035156,2026-09-10T13:50:00+05:30,WAITING FOR 0.786,2026-04-24,385.9500122070313,2026-07-09,270.20001220703125,,361.1795122070313,328.07501220703125,416.0450122070313,23.55601666983462
DANGEE.NS,2.8499999046325684,2026-09-10T13:50:00+05:30,WAITING FOR 0.786,2026-04-24,3.9800000190734863,2026-08-19,2.809999942779541,,3.7296200027465822,3.3949999809265137,4.284200038909912,23.58471097501194
BMWVENTLTD.NS,54.689998626708984,2026-09-10T13:50:00+05:30,WAITING FOR 0.786,2025-10-01,78.0,2026-03-30,48.0,,71.58,63.0,85.8,23.595978448297032
PFC.NS,351.5,2026-09-10T13:50:00+05:30,WAITING FOR 0.786,2026-04-28,486.5,2026-08-20,363.2000122070313,,460.1138026123047,424.8500061035156,518.5579968261719,23.605856202454223
CAMPUS.NS,213.47999572753906,2026-09-10T13:50:00+05:30,WAITING FOR 0.786,2025-09-04,297.0,2026-03-30,215.1999969482422,,279.49479934692386,256.0999984741211,318.268000793457,23.619331656129923
LAXMICOT.NS,13.3100004196167,2026-09-10T12:20:00+05:30,WAITING FOR 0.786,2026-02-24,19.0,2026-04-01,11.699999809265137,,17.43779995918274,15.349999904632568,20.898000049591065,23.671561488422416
ROML.NS,42.029998779296875,2026-09-10T13:50:00+05:30,WAITING FOR 0.786,2025-10-24,60.5,2026-03-30,35.11000061035156,,55.06654013061524,47.80500030517578,67.10139984130859,23.67416097033934
CESC.NS,148.0399932861328,2026-09-10T13:50:00+05:30,WAITING FOR 0.786,2026-05-04,204.5,2026-08-20,155.89999389648438,,194.09959869384767,180.1999969482422,217.1360015869141,23.729881832658727
BIRLANU.NS,1445.0,2026-09-10T13:50:00+05:30,WAITING FOR 0.786,2025-09-10,2086.89990234375,2026-03-30,1190.0999755859375,,1894.9847180175784,1638.4999389648438,2320.067883300781,23.746086907145404
ORICONENT.NS,52.04999923706055,2026-09-10T13:45:00+05:30,WAITING FOR 0.786,2026-04-15,73.12000274658203,2026-08-17,50.75,,68.33282215881349,61.935001373291016,78.93620346069336,23.82869960194202
ESTER.NS,90.44000244140625,2026-09-10T13:45:00+05:30,WAITING FOR 0.786,2025-10-07,132.4499969482422,2026-03-30,68.55000305175781,,118.77539825439452,100.5,149.06399536132812,23.85628356496788
DALBHARAT.NS,1754.800048828125,2026-09-10T13:50:00+05:30,WAITING FOR 0.786,2025-09-17,2496.300048828125,2026-06-11,1605.0,,2305.561838378906,2050.6500244140625,2728.0380615234376,23.88839806344272
SOBHA.NS,1220.0,2026-09-10T13:50:00+05:30,WAITING FOR 0.786,2025-11-10,1732.0,2026-04-02,1130.0,,1603.172,1431.0,1888.52,23.900866532100114
DCMSIL.NS,72.4000015258789,2026-09-10T13:50:00+05:30,WAITING FOR 0.786,2026-03-19,105.2699966430664,2026-06-02,58.0,,95.1542173614502,81.6349983215332,117.56019577026368,23.912987218567253
TEMBO.NS,57.11000061035156,2026-09-10T13:50:00+05:30,WAITING FOR 0.786,2025-11-11,83.69999694824219,2026-03-30,43.334999084472656,,75.06188740539551,63.51749801635742,94.19489639282229,23.916114309901502
PACEDIGITK.NS,159.9499969482422,2026-09-10T13:50:00+05:30,WAITING FOR 0.786,2026-07-13,219.94000244140625,2026-08-19,174.61000061035156,,210.23938204956056,197.2750015258789,231.72580291748048,23.92005941563482
RADIOCITY.NS,6.260000228881836,2026-09-10T13:50:00+05:30,WAITING FOR 0.786,2025-09-22,9.25,2026-03-30,4.5,,8.2335,6.875,10.485,23.969147642171173
TORNTPOWER.NS,1291.4000244140625,2026-09-10T13:50:00+05:30,WAITING FOR 0.786,2026-04-27,1824.0999755859373,2026-08-20,1238.9000244140625,,1698.8671860351562,1531.5,1976.251962890625,23.984638997710423
UPL.NS,575.8499755859375,2026-09-10T13:50:00+05:30,WAITING FOR 0.786,2026-01-02,812.2000122070312,2026-08-19,557.9500122070312,,757.7905122070313,685.0750122070312,878.3050122070313,24.009344758249878
UTKARSHBNK.NS,14.800000190734863,2026-09-10T13:55:00+05:30,WAITING FOR 0.786,2025-10-24,22.030000686645508,2026-03-30,10.119999885559082,,19.48126051521301,16.075000286102295,25.12660089492798,24.029555586624014
KANANIIND.NS,1.5199999809265137,2026-09-10T13:50:00+05:30,WAITING FOR 0.786,2025-09-01,2.2699999809265137,2026-03-30,1.0199999809265137,,2.0024999809265136,1.6449999809265137,2.594999980926514,24.094881627752006
SBICARD.NS,667.25,2026-09-10T13:50:00+05:30,WAITING FOR 0.786,2025-10-23,965.0,2026-06-11,565.4500122070312,,879.4963026123047,765.2250061035156,1068.8829968261718,24.132711187288084
LINC.NS,97.0199966430664,2026-09-10T13:50:00+05:30,WAITING FOR 0.786,2025-09-08,139.60000610351562,2026-03-30,85.01000213623047,,127.9177452545166,112.30500411987305,153.79340713500977,24.15438807960011
TCIEXP.NS,537.5499877929688,2026-09-10T13:50:00+05:30,WAITING FOR 0.786,2025-09-24,780.0,2026-03-27,447.5499877929688,,708.8556973876953,613.7749938964844,866.4370031738281,24.16651375252107
FINPIPE.NS,156.35000610351562,2026-09-10T13:50:00+05:30,WAITING FOR 0.786,2025-09-15,222.5,2026-03-30,147.5399932861328,,206.45855856323243,185.0199966430664,241.98960174560543,24.270513563800733
JSLL.NS,525.9000244140625,2026-09-10T13:50:00+05:30,WAITING FOR 0.786,2026-06-04,749.6500244140625,2026-08-19,494.3500061035156,,695.0158204956055,622.0000152587891,816.0280291748047,24.332654177706196
MURUDCERA.NS,30.530000686645508,2026-09-10T13:30:00+05:30,WAITING FOR 0.786,2025-10-30,44.5,2026-03-30,25.15999984741211,,40.361239967346194,34.829999923706055,49.52840003967285,24.35812003955909
VIPIND.NS,303.6499938964844,2026-09-10T13:50:00+05:30,WAITING FOR 0.786,2025-12-24,435.0,2026-05-18,278.25,,401.4555,356.625,475.755,24.362726654265693
CLEAN.NS,852.6500244140625,2026-09-10T13:50:00+05:30,WAITING FOR 0.786,2025-08-21,1256.800048828125,2026-03-30,652.0,,1127.3728383789062,954.4000244140624,1414.0480615234374,24.368408091140324
INTLCONV.NS,77.7300033569336,2026-09-10T13:50:00+05:30,WAITING FOR 0.786,2025-10-07,114.54000091552734,2026-03-30,60.0,,102.8684407196045,87.27000045776367,128.72040115356447,24.437463216918438
NAHARPOLY.NS,233.5,2026-09-10T13:50:00+05:30,WAITING FOR 0.786,2025-10-10,338.79998779296875,2026-03-30,200.0,,309.09679040527345,269.3999938964844,374.88798461914064,24.457319762574834
UCOBANK.NS,23.860000610351562,2026-09-10T13:50:00+05:30,WAITING FOR 0.786,2025-10-31,34.20000076293945,2026-03-30,22.21999931335449,,31.636280452728272,28.210000038146973,37.314801139831545,24.580259534606867
NAGREEKCAP.NS,22.450000762939453,2026-09-10T13:30:00+05:30,WAITING FOR 0.786,2026-05-04,32.0,2026-08-10,21.809999465942383,,29.81933988571167,26.90499973297119,34.64940013885498,24.713287252556967
SELMC.NS,28.0,2026-08-20T15:25:00+05:30,WAITING FOR 0.786,2025-12-23,40.2400016784668,2026-08-04,26.0,,37.192641319274905,33.1200008392334,43.94240211486816,24.71629062416404
PSB.NS,22.510000228881836,2026-09-10T13:50:00+05:30,WAITING FOR 0.786,2025-10-31,32.459999084472656,2026-03-30,20.5,,29.90055928039551,26.479999542236328,35.56959884643555,24.717126466458236
IZMO.NS,904.0,2026-09-10T13:50:00+05:30,WAITING FOR 0.786,2025-09-29,1374.699951171875,2026-02-02,569.3499755859375,,1202.3550563964843,972.0249633789062,1584.0909448242187,24.81422228893591
BAYERCROP.NS,3985.89990234375,2026-09-10T13:50:00+05:30,WAITING FOR 0.786,2025-08-21,5649.5,2026-06-29,4030.0,,5302.927,4839.75,6070.57,24.83585192962773
STARTECK.NS,241.3000030517578,2026-09-10T11:30:00+05:30,WAITING FOR 0.786,2026-01-02,349.95001220703125,2026-03-30,215.1000061035156,,321.0921109008789,282.52500915527344,385.0110137939453,24.850223702242527
INFOMEDIA.NS,5.389999866485596,2026-09-10T13:05:00+05:30,WAITING FOR 0.786,2025-11-10,7.900000095367432,2026-02-16,4.5,,7.1724000749588015,6.200000047683716,8.784000120162965,24.85081966768905
GREENPOWER.NS,9.390000343322754,2026-09-10T13:50:00+05:30,WAITING FOR 0.786,2026-04-28,13.449999809265137,2026-07-23,9.0,,12.497699850082398,11.224999904632568,14.606999759674071,24.866171727905233
INDIASHLTR.NS,675.0,2026-09-10T13:50:00+05:30,WAITING FOR 0.786,2025-08-29,968.75,2026-08-11,640.0,,898.3975,804.375,1054.225,24.866220130844088
ASHOKAMET.NS,14.350000381469727,2026-09-10T13:40:00+05:30,WAITING FOR 0.786,2025-09-19,21.0,2026-03-30,12.130000114440918,,19.10182002449036,16.56500005722046,23.30619997024536,24.876266433922776
HINDPETRO.NS,350.95001220703125,2026-09-10T13:50:00+05:30,WAITING FOR 0.786,2026-01-05,508.4500122070313,2026-03-23,316.20001220703125,,467.3085122070312,412.3250122070313,558.4350122070313,24.899717629891953
AAKASH.NS,9.130000114440918,2026-09-10T13:50:00+05:30,WAITING FOR 0.786,2026-03-06,13.399999618530272,2026-04-02,7.599999904632568,,12.158799679756164,10.49999976158142,14.907999544143678,24.91035007639822
OMAXAUTO.NS,175.94000244140625,2026-09-10T13:50:00+05:30,WAITING FOR 0.786,2026-07-15,250.0,2026-08-05,177.0,,234.378,213.5,268.98,24.933226479701055
KEYFINSERV.NS,245.0,2026-09-10T13:20:00+05:30,WAITING FOR 0.786,2026-04-22,349.8999938964844,2026-06-29,240.3000030517578,,326.4455958557129,295.0999984741211,378.39599151611327,24.94920957417707
BLUEDART.NS,4893.89990234375,2026-09-10T13:50:00+05:30,WAITING FOR 0.786,2025-10-30,7036.0,2026-06-08,4628.5,,6520.795,5832.25,7661.95,24.94933666303342
LCCINFOTEC.NS,3.490000009536743,2026-09-10T13:40:00+05:30,WAITING FOR 0.786,2026-07-07,4.980000019073486,2026-08-18,3.440000057220459,,4.650440027236939,4.210000038146973,5.380400009155274,24.95333798315149
NLCINDIA.NS,271.0,2026-09-10T13:50:00+05:30,WAITING FOR 0.786,2026-05-14,387.7999877929688,2026-08-19,263.29998779296875,,361.1569877929687,325.54998779296875,420.1699877929688,24.96337904021138
JIOFIN.NS,230.97000122070312,2026-09-10T13:50:00+05:30,WAITING FOR 0.786,2025-08-20,331.0,2026-03-30,223.3000030517578,,307.95220065307615,277.1500015258789,359.00199920654296,24.998100117198835
HINDCOMPOS.NS,386.3500061035156,2026-09-10T13:35:00+05:30,WAITING FOR 0.786,2026-04-16,550.0,2026-05-25,388.1000061035156,,515.3534013061524,469.0500030517578,592.093998413086,25.03202557229279
ICICIGI.NS,1464.0999755859375,2026-09-10T13:50:00+05:30,WAITING FOR 0.786,2025-11-13,2064.89990234375,2026-07-16,1544.5999755859375,,1953.555718017578,1804.749938964844,2200.177883300781,25.054608779130632
HINDUNILVR.NS,1941.9000244140625,2026-09-10T13:50:00+05:30,WAITING FOR 0.786,2025-09-04,2750.0,2026-08-19,2008.300048828125,,2591.2762104492185,2379.1500244140625,2942.841987304688,25.060091371833398
FORCEMOT.NS,18282.0,2026-09-10T13:55:00+05:30,WAITING FOR 0.786,2026-02-18,26450.0,2026-06-11,16900.0,,24406.3,21675.0,28933.0,25.093111204893816
LTM.NS,4351.0,2026-09-10T13:50:00+05:30,WAITING FOR 0.786,2026-01-19,6429.5,2026-06-30,3528.0,,5808.579,4978.75,7183.889999999999,25.093555583904426
BONLON.NS,39.72999954223633,2026-09-10T13:00:00+05:30,WAITING FOR 0.786,2026-05-11,57.0,2026-08-03,38.54999923706055,,53.05169983673096,47.77499961853027,61.79700019836426,25.110788788093082
IREDA.NS,113.5199966430664,2026-09-10T13:50:00+05:30,WAITING FOR 0.786,2025-09-22,163.35000610351562,2026-03-30,108.6500015258789,,151.64420512390137,136.0000038146973,177.57200729370118,25.1405640259616
ARIHANT.NS,876.4000244140625,2026-09-10T13:50:00+05:30,WAITING FOR 0.786,2026-07-29,1225.0,2026-08-18,975.2000122070312,,1171.5428026123047,1100.1000061035156,1289.947996826172,25.192658564427457
STUDDS.NS,418.25,2026-09-10T13:50:00+05:30,WAITING FOR 0.786,2025-11-18,600.0,2026-08-11,412.2999877929688,,559.8321973876953,506.1499938964844,648.8020031738281,25.290113367603738
ZODIAC.NS,232.72000122070312,2026-09-10T13:50:00+05:30,WAITING FOR 0.786,2026-05-05,332.95001220703125,2026-07-31,233.6000061035156,,311.6891109008789,283.27500915527344,358.7810137939453,25.33585772436207
IGL.NS,153.8000030517578,2026-09-10T13:55:00+05:30,WAITING FOR 0.786,2025-10-08,223.5,2026-04-02,141.74000549316406,,206.00336117553712,182.62000274658203,244.75759857177732,25.34102250850966
TANLA.NS,507.8500061035156,2026-09-10T13:50:00+05:30,WAITING FOR 0.786,2025-09-19,766.0,2026-03-30,365.8999938964844,,680.3785986938476,565.9499969482422,870.026001586914,25.357733609132126
NIBE.NS,1295.5999755859375,2026-09-10T13:50:00+05:30,WAITING FOR 0.786,2026-06-22,1848.0,2026-07-30,1323.800048828125,,1735.8212104492188,1585.9000244140625,1984.291987304688,25.36097797476245
ORISSAMINE.NS,4096.39990234375,2026-09-10T13:50:00+05:30,WAITING FOR 0.786,2025-10-06,6138.89990234375,2026-03-30,3100.5,,5488.682323242188,4619.699951171875,6928.883876953125,25.366423831868108
PILANIINVS.NS,4158.2001953125,2026-09-10T13:45:00+05:30,WAITING FOR 0.786,2025-10-23,5980.0,2026-03-30,4092.199951171875,,5576.010789550781,5036.0999755859375,6470.828012695312,25.426970064247378
CROMPTON.NS,232.19000244140625,2026-09-10T13:50:00+05:30,WAITING FOR 0.786,2025-09-02,337.5,2026-01-30,217.3999938964844,,311.7985986938477,277.4499969482422,368.7260015869141,25.53205709901487
SURYODAY.NS,151.5,2026-09-10T13:50:00+05:30,WAITING FOR 0.786,2026-07-24,218.0,2026-08-17,150.0,,203.448,184.0,235.68,25.53379733396249
PARASPETRO.NS,2.180000066757202,2026-09-10T13:50:00+05:30,WAITING FOR 0.786,2026-02-02,3.2300000190734863,2026-06-17,1.830000042915344,,2.9304000241756443,2.5300000309944157,3.594000012874603,25.607423943068603
THERMAX.NS,3653.5,2026-09-10T13:50:00+05:30,WAITING FOR 0.786,2026-06-29,5277.7998046875,2026-07-31,3566.5,,4911.581646484376,4422.14990234375,5722.73775390625,25.614592956728888
FLAIR.NS,240.36000061035156,2026-09-10T13:45:00+05:30,WAITING FOR 0.786,2026-05-08,345.0,2026-07-24,242.8999938964844,,323.15059869384766,293.9499969482422,371.546001586914,25.61981887644026
NATCAPSUQ.NS,194.74000549316406,2026-09-10T13:50:00+05:30,WAITING FOR 0.786,2025-09-26,296.0,2026-03-27,136.36000061035156,,261.83704013061526,216.18000030517575,337.5063998413086,25.625493858309884
GODREJCP.NS,869.2999877929688,2026-09-10T13:50:00+05:30,WAITING FOR 0.786,2026-02-26,1240.4000244140625,2026-08-13,906.2999877929688,,1168.9026165771484,1073.3500061035156,1327.2660339355468,25.63110258590183
PRAENG.NS,22.5,2026-09-10T13:45:00+05:30,WAITING FOR 0.786,2025-10-31,33.880001068115234,2026-03-30,17.0,,30.26768083953857,25.440000534057617,38.2688013458252,25.663283819854726
PARKHOTELS.NS,111.0,2026-09-10T13:50:00+05:30,WAITING FOR 0.786,2025-09-11,164.10000610351562,2026-03-30,95.0999984741211,,149.3340044708252,129.60000228881836,182.04000808715816,25.669976912937038
HCLTECH.NS,1203.4000244140625,2026-09-10T13:50:00+05:30,WAITING FOR 0.786,2026-02-03,1780.0999755859375,2026-07-01,1030.0,,1619.578580810547,1405.0499877929688,1975.1259692382812,25.69671896921485
BOROLTD.NS,266.3900146484375,2026-09-10T13:50:00+05:30,WAITING FOR 0.786,2025-09-24,397.9500122070313,2026-03-23,213.72999572753903,,358.5269286804199,305.8400039672852,445.8472164916992,25.698743012442026
RCF.NS,112.9000015258789,2026-09-10T13:50:00+05:30,WAITING FOR 0.786,2025-09-04,164.49000549316406,2026-03-30,106.0,,151.97314431762695,135.24500274658203,179.69740692138672,25.71055759041504
BLAL.NS,161.10000610351562,2026-09-10T13:30:00+05:30,WAITING FOR 0.786,2025-09-09,233.8000030517578,2026-03-30,155.5,,217.04380239868163,194.6500015258789,254.1580038452149,25.7753484213313
CRAMC.NS,240.10000610351562,2026-09-10T13:50:00+05:30,WAITING FOR 0.786,2025-10-27,353.3999938964844,2026-03-09,214.1999969482422,,323.61119454956054,283.7999954223633,389.5919931030273,25.806025827470346
FRACTAL.NS,772.5999755859375,2026-09-10T13:50:00+05:30,WAITING FOR 0.786,2026-05-12,1118.0,2026-07-31,760.7000122070312,,1041.5378026123046,939.3500061035156,1210.897996826172,25.821225725253377
SAPPHIRE.NS,225.0399932861328,2026-09-10T13:50:00+05:30,WAITING FOR 0.786,2025-09-04,347.8999938964844,2026-04-02,139.91000366210938,,303.3901359863281,243.90499877929688,401.9773913574219,25.824881367839215
PALASHSECU.NS,89.88999938964844,2026-09-10T12:50:00+05:30,WAITING FOR 0.786,2025-09-30,132.6999969482422,2026-03-30,79.01000213623047,,121.21033805847168,105.85499954223631,146.65939559936524,25.839659529465514
SHOPERSTOP.NS,377.20001220703125,2026-09-10T13:50:00+05:30,WAITING FOR 0.786,2025-09-22,572.0,2026-03-02,275.95001220703125,,508.6453026123047,423.9750061035156,648.9729968261719,25.842230279174043
MUTHOOTFIN.NS,2841.39990234375,2026-09-10T13:50:00+05:30,WAITING FOR 0.786,2026-01-29,4149.5,2026-08-03,2671.0,,3833.101,3410.25,4533.91,25.87203148720188
THANGAMAYL.NS,5148.0,2026-09-10T13:50:00+05:30,WAITING FOR 0.786,2026-07-28,7430.0,2026-08-14,5204.0,,6953.636,6317.0,8008.76,25.966789173318826
BIKAJI.NS,570.2000122070312,2026-09-10T13:50:00+05:30,WAITING FOR 0.786,2025-09-04,818.7000122070312,2026-03-16,592.5499877929688,,770.303906982422,705.625,877.4990185546875,25.977265980549802
GILLETTE.NS,7389.5,2026-09-10T13:50:00+05:30,WAITING FOR 0.786,2025-09-04,10740.0,2026-03-30,7206.0,,9983.724,8973.0,11658.84,25.984532424974887
BANARBEADS.NS,111.0,2026-09-10T13:25:00+05:30,WAITING FOR 0.786,2025-10-30,164.6999969482422,2026-06-10,96.0500030517578,,150.00889825439452,130.375,182.5489953613281,26.004389545106037
BOROSCI.NS,125.29000091552734,2026-09-10T13:45:00+05:30,WAITING FOR 0.786,2026-06-29,180.8000030517578,2026-08-20,127.5,,169.39380239868166,154.1500015258789,194.6580038452149,26.036254490204158
SUNCLAY.NS,1304.5,2026-09-10T13:25:00+05:30,WAITING FOR 0.786,2025-09-19,1942.0,2026-01-27,1112.800048828125,,1764.5512104492186,1527.4000244140625,2157.591987304688,26.071853722630074
BBOX.NS,755.0,2026-09-10T13:50:00+05:30,WAITING FOR 0.786,2026-06-05,1103.0,2026-08-12,721.5,,1021.359,912.25,1202.19,26.078881176941703
EMSLIMITED.NS,385.20001220703125,2026-09-10T13:50:00+05:30,WAITING FOR 0.786,2025-09-08,593.8499755859375,2026-03-10,256.04998779296875,,521.5607781982421,424.9499816894531,681.6779724121094,26.14475084999221
GRAUWEIL.NS,76.87999725341797,2026-09-10T13:50:00+05:30,WAITING FOR 0.786,2026-04-13,115.5999984741211,2026-05-20,62.09000015258789,,104.148858833313,88.84499931335449,129.51259803771973,26.182583165445905
RUPA.NS,140.7100067138672,2026-09-10T13:50:00+05:30,WAITING FOR 0.786,2025-09-19,212.83999633789065,2026-03-30,109.20999908447266,,190.6631769256592,161.02499771118164,239.7837956237793,26.19969467479768
MARATHON.NS,438.1499938964844,2026-09-10T13:50:00+05:30,WAITING FOR 0.786,2025-10-23,662.0,2026-08-18,344.04998779296875,,593.9586973876953,503.0249938964844,744.6670031738281,26.232245470346193
CENTEXT.NS,22.610000610351562,2026-09-10T13:50:00+05:30,WAITING FOR 0.786,2025-10-10,34.75,2026-03-30,15.670000076293944,,30.666880016326907,25.210000038146973,39.71079998016357,26.27225006810572
TCI.NS,856.6500244140625,2026-09-10T13:50:00+05:30,WAITING FOR 0.786,2025-10-29,1242.0,2026-05-18,868.0499877929688,,1161.9746973876954,1055.0249938964844,1339.227003173828,26.276361581715292
TFL.NS,12.329999923706055,2026-09-10T13:30:00+05:30,WAITING FOR 0.786,2025-12-24,18.5,2026-07-24,10.210000038146973,,16.72594000816345,14.355000019073486,20.655399990081783,26.2821705824119
SURANASOL.NS,25.530000686645508,2026-09-10T13:50:00+05:30,WAITING FOR 0.786,2025-09-08,39.08000183105469,2026-03-30,18.309999465942383,,34.63522132492065,28.69500064849853,44.48020244598389,26.28890559946783
A2ZINFRA.NS,15.0,2026-09-10T13:50:00+05:30,WAITING FOR 0.786,2025-09-04,22.63999938964844,2026-07-23,12.0,,20.363039520263676,17.31999969482422,25.40639923095703,26.33712670903971
NFL.NS,69.5999984741211,2026-09-10T13:50:00+05:30,WAITING FOR 0.786,2025-09-04,102.97000122070312,2026-03-30,63.34999847412109,,94.49132063293456,83.15999984741211,113.27120193481446,26.342442874205847
SUNTV.NS,457.1000061035156,2026-09-10T13:50:00+05:30,WAITING FOR 0.786,2026-04-20,660.7000122070312,2026-08-20,474.0,,620.7462095947266,567.3500061035156,709.2420153808594,26.362819613196258
VAISHALI.NS,8.300000190734863,2026-09-10T13:45:00+05:30,WAITING FOR 0.786,2025-08-20,13.050000190734863,2026-03-30,4.75,,11.2738001499176,8.900000095367432,15.208000240325928,26.377972996128303
ASTRAZEN.NS,6876.0,2026-09-10T13:50:00+05:30,WAITING FOR 0.786,2025-11-03,9849.5,2026-08-19,7481.0,,9342.641,8665.25,10465.31,26.401967066913944
EMUDHRA.NS,501.3500061035156,2026-09-10T13:50:00+05:30,WAITING FOR 0.786,2025-08-20,767.5,2026-03-30,364.5499877929688,,681.2686973876953,566.0249938964844,872.2670031738281,26.409358300780966
HATHWAY.NS,10.199999809265137,2026-09-10T13:50:00+05:30,WAITING FOR 0.786,2025-09-16,15.25,2026-03-30,8.760000228881836,,13.861140048980714,12.005000114440918,16.93739994049072,26.4129806551143
ICRA.NS,4777.2001953125,2026-09-10T13:50:00+05:30,WAITING FOR 0.786,2025-09-23,6982.0,2026-07-28,4692.0,,6491.9400000000005,5837.0,7577.4,26.413364952348612
SPARC.NS,197.25,2026-09-10T13:50:00+05:30,WAITING FOR 0.786,2026-07-08,289.0,2026-08-18,191.8800048828125,,268.21632104492187,240.44000244140625,314.2511987304688,26.45861399054689
NBIFIN.NS,1971.0999755859375,2026-09-10T12:05:00+05:30,WAITING FOR 0.786,2025-10-01,2991.0,2026-03-30,1539.0,,2680.272,2265.0,3368.52,26.45895731530466
WANBURY.NS,243.4499969482422,2026-09-10T13:50:00+05:30,WAITING FOR 0.786,2026-07-15,358.8500061035156,2026-08-12,230.0,,331.2761047973633,294.4250030517578,392.3510076904297,26.51145270584579
DBCORP.NS,190.8300018310547,2026-09-10T13:50:00+05:30,WAITING FOR 0.786,2025-10-27,280.54998779296875,2026-03-30,184.50999450683597,,259.9974292297363,232.52999114990237,305.5203860473633,26.603119732220353
VEDPOWER.NS,33.95000076293945,2026-09-10T13:50:00+05:30,WAITING FOR 0.786,2026-07-03,49.880001068115234,2026-07-31,33.060001373291016,,46.28052113342285,41.470001220703125,54.253200988769535,26.6430024306242
XTGLOBAL.NS,30.600000381469727,2026-09-10T13:50:00+05:30,WAITING FOR 0.786,2025-09-17,46.25,2026-01-27,25.200000762939453,,41.74530016326904,35.72500038146973,51.72299980163574,26.698334275257817
URJA.NS,9.0,2026-09-10T13:50:00+05:30,WAITING FOR 0.786,2026-04-29,13.1899995803833,2026-07-24,8.9399995803833,,12.2804995803833,11.0649995803833,14.2949995803833,26.713079210747452
ONIDA.NS,33.66999816894531,2026-09-10T13:50:00+05:30,WAITING FOR 0.786,2026-05-11,49.22999954223633,2026-08-19,33.900001525878906,,45.94937996673584,41.56500053405762,53.21579902648926,26.723715981978312
ADL.NS,71.16000366210938,2026-09-10T12:05:00+05:30,WAITING FOR 0.786,2025-10-10,109.9000015258789,2026-03-30,50.2599983215332,,97.13704084014891,80.07999992370605,125.4064023590088,26.74266886592519
EKC.NS,103.0999984741211,2026-09-10T13:45:00+05:30,WAITING FOR 0.786,2025-10-27,154.5500030517578,2026-03-30,90.25,,140.78980239868164,122.4000015258789,171.26800384521485,26.770265518117863
UTIAMC.NS,921.0,2026-09-10T13:55:00+05:30,WAITING FOR 0.786,2025-10-20,1361.800048828125,2026-07-24,876.0,,1257.8388383789063,1118.9000244140625,1488.1080615234375,26.779172983163868
BBTC.NS,1434.4000244140625,2026-09-10T13:50:00+05:30,WAITING FOR 0.786,2025-10-23,2135.0,2026-03-30,1314.5999755859375,,1959.4343947753905,1724.7999877929688,2348.3040063476565,26.79520027622627
JWL.NS,243.0,2026-09-10T13:50:00+05:30,WAITING FOR 0.786,2025-12-23,358.25,2026-03-30,235.6499938964844,,332.01359869384765,296.9499969482422,390.1260015869141,26.810226763009126
HAVELLS.NS,1108.5,2026-09-10T13:50:00+05:30,WAITING FOR 0.786,2025-09-17,1621.0999755859375,2026-06-02,1123.5999755859375,,1514.6349755859376,1372.3499755859375,1750.4499755859374,26.81404973028726
VESUVIUS.NS,416.75,2026-09-10T13:50:00+05:30,WAITING FOR 0.786,2026-02-20,607.9000244140625,2026-08-20,428.6000061035156,,569.5298204956055,518.2500152587891,654.5180291748047,26.82560508643012
SCHAND.NS,135.35000610351562,2026-09-10T13:35:00+05:30,WAITING FOR 0.786,2025-09-30,200.0,2026-03-30,130.0500030517578,,185.03070065307617,165.0250015258789,218.18699920654296,26.84997374717264
EIHAHOTELS.NS,291.70001220703125,2026-09-10T13:50:00+05:30,WAITING FOR 0.786,2025-09-09,434.8999938964844,2026-03-30,266.6499938964844,,398.8944938964844,350.7749938964844,478.6449938964844,26.872890784316212
MSUMI.NS,36.369998931884766,2026-09-10T13:50:00+05:30,WAITING FOR 0.786,2026-01-06,53.59000015258789,2026-03-23,35.70000076293945,,49.761540283203125,44.64500045776367,58.24139999389648,26.91142853517868
ZUARIIND.NS,271.75,2026-09-10T13:45:00+05:30,WAITING FOR 0.786,2025-09-25,416.0,2026-03-30,210.0,,371.916,313.0,469.56,26.932425601479903
REGENCERAM.NS,35.29999923706055,2026-09-10T13:40:00+05:30,WAITING FOR 0.786,2026-05-04,53.29999923706055,2026-07-31,30.0,,48.31379940032959,41.64999961853027,59.35799903869629,26.935989975527093
BEARDSELL.NS,24.56999969482422,2026-09-10T13:20:00+05:30,WAITING FOR 0.786,2025-10-28,37.369998931884766,2026-04-01,20.020000457763672,,33.65709925842285,28.69499969482422,41.88099853515625,26.99905744647481
KHANDSE.NS,17.309999465942383,2026-09-10T13:35:00+05:30,WAITING FOR 0.786,2025-09-22,26.8799991607666,2026-03-30,12.199999809265137,,23.73847929954529,19.53999948501587,30.69679899215698,27.0804197374431
IFGLEXPOR.NS,212.3800048828125,2026-09-10T13:50:00+05:30,WAITING FOR 0.786,2025-10-06,338.0,2026-03-30,119.68000030517578,,291.2795200653076,228.8400001525879,394.7631999206543,27.08721683035083
JINDALPOLY.NS,682.3499755859375,2026-09-10T13:50:00+05:30,WAITING FOR 0.786,2026-03-19,1026.449951171875,2026-07-01,606.0,,936.4736616210936,816.2249755859375,1135.7669384765625,27.136234199609238
NESCO.NS,1093.5999755859375,2026-09-10T13:50:00+05:30,WAITING FOR 0.786,2025-09-11,1638.9000244140625,2026-03-30,996.0,,1501.3194191894531,1317.4500122070312,1806.0540307617189,27.157408236525654
NARMADA.NS,14.430000305175781,2026-09-10T13:50:00+05:30,WAITING FOR 0.786,2026-07-31,21.670000076293945,2026-08-17,13.010000228881836,,19.816760108947754,17.34000015258789,23.921600036621093,27.18284812530843
AXITA.NS,8.0,2026-09-10T13:50:00+05:30,WAITING FOR 0.786,2025-12-31,12.199999809265137,2026-06-10,6.570000171661377,,10.995179886817931,9.384999990463257,13.663799715042114,27.24084478516662
PRSMJOHNSN.NS,115.76000213623047,2026-09-10T13:55:00+05:30,WAITING FOR 0.786,2025-09-18,176.0,2026-08-10,97.0999984741211,,159.11539967346192,136.54999923706055,196.51400039672853,27.247769622680014
ROSSARI.NS,453.0,2026-09-10T13:50:00+05:30,WAITING FOR 0.786,2025-10-16,690.2999877929688,2026-03-30,375.0,,622.8257904052734,532.6499938964844,772.2779846191406,27.266981075842672
PLATIND.NS,224.19000244140625,2026-09-10T13:50:00+05:30,WAITING FOR 0.786,2025-09-17,342.3999938964844,2026-03-30,183.5,,308.39539520263673,262.9499969482422,383.7139923095703,27.30436124245689
EUROPRATIK.NS,254.64999389648438,2026-09-10T13:50:00+05:30,WAITING FOR 0.786,2025-11-17,390.0,2026-01-30,205.1000061035156,,350.43140130615234,297.5500030517578,438.073998413086,27.33242713200496
PASHUPATI.NS,80.5199966430664,2026-09-10T13:45:00+05:30,WAITING FOR 0.786,2026-04-17,118.3499984741211,2026-08-07,83.19999694824219,,110.827898147583,100.77499771118164,127.4889988708496,27.346816109565967
NKIND.NS,58.599998474121094,2026-09-10T13:45:00+05:30,WAITING FOR 0.786,2025-09-16,87.77999877929688,2026-03-09,54.540000915527344,,80.6666392364502,71.15999984741211,96.42239822387695,27.35534909003377
SJVN.NS,67.70999908447266,2026-09-10T13:50:00+05:30,WAITING FOR 0.786,2025-08-26,101.4499969482422,2026-03-30,63.02000045776367,,93.22597769927978,82.23499870300293,111.4417960357666,27.370030590737638
GTL.NS,7.190000057220459,2026-09-10T13:50:00+05:30,WAITING FOR 0.786,2025-09-18,11.260000228881836,2026-03-30,4.909999847412109,,9.901100147247314,8.085000038146973,12.911000328063963,27.381806563996737
SKMEGGPROD.NS,247.9499969482422,2026-09-10T13:50:00+05:30,WAITING FOR 0.786,2026-07-13,372.0,2026-08-05,229.5,,341.505,300.75,409.05,27.394914584488607
BALKRISHNA.NS,16.68000030517578,2026-09-10T13:10:00+05:30,WAITING FOR 0.786,2025-09-25,25.96999931335449,2026-03-10,12.0,,22.98041946029663,18.98499965667725,29.60219913482666,27.416467162429782
HDFCBANK.NS,692.7999877929688,2026-09-10T13:50:00+05:30,WAITING FOR 0.786,2025-10-23,1020.5,2026-08-19,715.0999755859375,,955.1443947753908,867.7999877929688,1099.9040063476564,27.466465637806962
APCL.NS,100.0,2026-09-10T13:30:00+05:30,WAITING FOR 0.786,2026-02-03,148.77999877929688,2026-08-13,98.0199966430664,,137.91735832214357,123.39999771118164,161.9775993347168,27.492810755247536
NBCC.NS,83.69000244140625,2026-09-10T13:50:00+05:30,WAITING FOR 0.786,2025-12-29,125.8499984741211,2026-03-30,77.18000030517578,,115.4346188659668,101.51499938964844,138.5041979980469,27.500083368768074
GODIGIT.NS,250.9499969482422,2026-09-10T13:50:00+05:30,WAITING FOR 0.786,2025-10-29,374.0,2026-07-28,244.1999969482422,,346.2227993469238,309.0999984741211,407.748000793457,27.517772537913054
AURUS.NS,4.900000095367432,2026-09-10T13:45:00+05:30,WAITING FOR 0.786,2025-09-16,7.489999771118164,2026-03-30,4.099999904632568,,6.764539799690247,5.794999837875366,8.371399736404419,27.563437566117866
RELCHEMQ.NS,115.36000061035156,2026-09-10T13:35:00+05:30,WAITING FOR 0.786,2025-08-25,174.07000732421875,2026-03-30,105.01000213623048,,159.29116621398924,139.5400047302246,192.0256086730957,27.579160004780956
HINDCON.NS,23.889999389648438,2026-09-10T13:45:00+05:30,WAITING FOR 0.786,2025-10-23,37.75,2026-03-30,15.65999984741211,,33.0227399673462,26.70499992370605,43.49340003967285,27.655914035989948
PTC.NS,154.25,2026-09-10T13:50:00+05:30,WAITING FOR 0.786,2026-05-07,229.50999450683597,2026-08-19,155.14999389648438,,213.5969543762207,192.32999420166016,248.84359466552732,27.784550837597372
ARIHANTCAP.NS,76.9000015258789,2026-09-10T13:50:00+05:30,WAITING FOR 0.786,2025-10-24,120.0,2026-03-30,56.970001220703125,,106.51158026123048,88.48500061035156,136.3877996826172,27.80127631448727
MADRASFERT.NS,62.790000915527344,2026-09-10T13:50:00+05:30,WAITING FOR 0.786,2025-09-04,96.38999938964844,2026-03-30,52.560001373291016,,87.01037981414795,74.47500038146973,107.78579887390136,27.836194888879636
CORALFINAC.NS,32.709999084472656,2026-09-10T13:40:00+05:30,WAITING FOR 0.786,2025-09-15,50.900001525878906,2026-03-30,25.01000022888184,,45.359541248321534,37.95500087738037,57.63140186309815,27.88727975576022
NIMBSPROJ.NS,158.0500030517578,2026-09-10T13:40:00+05:30,WAITING FOR 0.786,2026-05-22,231.22999572753903,2026-08-17,175.00999450683594,,219.1989154663086,203.1199951171875,245.84719604492187,27.896539672409794
NDGL.NS,2710.0,2026-09-10T12:25:00+05:30,WAITING FOR 0.786,2025-08-20,4211.89990234375,2026-03-27,2100.0,,3759.9533232421873,3155.949951171875,4760.993876953125,27.924637169081084
JPOLYINVST.NS,989.0,2026-09-10T13:45:00+05:30,WAITING FOR 0.786,2026-03-10,1487.699951171875,2026-08-20,950.0,,1372.6321616210937,1218.8499755859375,1627.5019384765624,27.948650217259946
PENIND.NS,178.32000732421875,2026-09-10T13:55:00+05:30,WAITING FOR 0.786,2025-11-07,279.8999938964844,2026-03-30,129.10000610351562,,247.6287965087891,204.5,319.10799072265627,27.988985999094158
SHRIKRISH.NS,37.400001525878906,2026-09-10T13:35:00+05:30,WAITING FOR 0.786,2026-04-28,56.0,2026-07-13,37.04999923706055,,51.94469983673096,46.52499961853027,60.927000198364254,28.000351059045407
REMSONSIND.NS,97.83000183105469,2026-09-10T13:50:00+05:30,WAITING FOR 0.786,2025-11-04,152.4499969482422,2026-07-15,75.2300033569336,,135.92491831970216,113.84000015258788,172.52719528198242,28.02644059645218
SHREDIGCEM.NS,69.22000122070312,2026-09-10T13:50:00+05:30,WAITING FOR 0.786,2025-08-25,107.6999969482422,2026-03-30,53.900001525878906,,96.18679792785645,80.79999923706055,121.68799575805664,28.035860729431278
VINNY.NS,1.0099999904632568,2026-09-10T13:50:00+05:30,WAITING FOR 0.786,2025-12-11,1.5299999713897705,2026-05-12,0.9399999976158142,,1.403739977002144,1.2349999845027924,1.6833999645709992,28.049353369544004
TCS.NS,2198.60009765625,2026-09-10T13:50:00+05:30,WAITING FOR 0.786,2026-02-03,3350.0,2026-07-01,1976.800048828125,,3056.135210449219,2663.4000244140625,3707.031987304688,28.059462482581733
LOYALTEX.NS,215.0,2026-09-10T13:35:00+05:30,WAITING FOR 0.786,2026-02-09,333.989990234375,2026-04-02,170.0399932861328,,298.9046908874512,252.0149917602539,376.616989440918,28.070717337468764
BAJAJHCARE.NS,333.45001220703125,2026-09-10T13:50:00+05:30,WAITING FOR 0.786,2025-09-25,515.9000244140625,2026-05-18,272.3500061035156,,463.7803204956055,394.12501525878906,579.2230291748047,28.10173319758383
AWL.NS,186.11000061035156,2026-09-10T13:50:00+05:30,WAITING FOR 0.786,2025-11-21,282.8999938964844,2026-03-16,171.19000244140625,,258.99405572509767,227.0449981689453,311.94459167480466,28.141207685518054
ICICIPRULI.NS,469.8500061035156,2026-09-10T13:50:00+05:30,WAITING FOR 0.786,2026-01-13,706.7999877929688,2026-06-11,459.5,,653.8777904052735,583.1499938964844,771.0979846191406,28.14406407467937
SIYSIL.NS,546.0,2026-09-10T13:50:00+05:30,WAITING FOR 0.786,2025-11-04,848.7999877929688,2026-03-30,433.3500061035156,,759.8936917114258,641.0749969482422,956.8169830322264,28.14784410562698
ZOTA.NS,1099.4000244140625,2026-09-10T13:50:00+05:30,WAITING FOR 0.786,2025-12-17,1667.699951171875,2026-03-23,1026.199951171875,,1530.418951171875,1346.949951171875,1834.489951171875,28.163459843970962
GODAVARIB.NS,236.0500030517578,2026-09-10T13:50:00+05:30,WAITING FOR 0.786,2026-04-24,353.0,2026-08-10,239.0,,328.604,296.0,382.64,28.16581567730222
ARKADE.NS,122.4000015258789,2026-09-10T13:45:00+05:30,WAITING FOR 0.786,2025-08-20,191.5800018310547,2026-03-30,92.62000274658205,,170.4025620269775,142.10000228881836,217.3096015930176,28.170093178234616
MONTECARLO.NS,557.0,2026-09-10T13:50:00+05:30,WAITING FOR 0.786,2025-11-20,860.9500122070312,2026-03-30,464.0,,776.0027095947266,662.4750061035156,964.1570153808592,28.22190011541358
FDC.NS,345.79998779296875,2026-09-10T13:50:00+05:30,WAITING FOR 0.786,2025-09-19,527.7999877929688,2026-03-30,312.95001220703125,,481.8220930175781,420.375,583.6609814453125,28.230773805477387
TEAMLEASE.NS,1260.0,2026-09-10T13:50:00+05:30,WAITING FOR 0.786,2025-09-16,1944.300048828125,2026-03-16,1065.199951171875,,1756.1726279296877,1504.75,2172.8660742187503,28.253066927401914
EIHOTEL.NS,286.79998779296875,2026-09-10T13:50:00+05:30,WAITING FOR 0.786,2025-09-09,434.7999877929688,2026-04-02,271.1499938964844,,399.7788890991211,352.97499084472656,477.3489862060547,28.260347003500826
SUDARCOLOR.NS,381.0,2026-09-10T13:50:00+05:30,WAITING FOR 0.786,2025-09-15,603.0,2026-03-30,268.25,,531.3634999999999,435.625,690.0350000000001,28.297671932678842
VSTL.NS,120.9800033569336,2026-09-10T13:50:00+05:30,WAITING FOR 0.786,2025-08-26,187.2400054931641,2026-03-02,100.8000030517578,,168.74184497070314,144.02000427246094,209.7144061279297,28.304681403751353
IFBIND.NS,1273.4000244140625,2026-09-10T13:50:00+05:30,WAITING FOR 0.786,2025-10-31,2019.800048828125,2026-03-30,883.2000122070312,,1776.567640991211,1451.500030517578,2315.316058349609,28.322457584357057
MEDICO.NS,35.29999923706055,2026-09-10T13:50:00+05:30,WAITING FOR 0.786,2026-08-03,51.4900016784668,2026-08-19,41.119998931884766,,49.27082109069824,46.30500030517578,54.18620239257813,28.35516345043258
DHUNINV.NS,988.0999755859375,2026-09-10T13:50:00+05:30,WAITING FOR 0.786,2025-10-17,1573.0999755859375,2026-03-30,667.0999755859375,,1379.2159755859377,1120.0999755859375,1808.6599755859372,28.357850178891734
TAJGVK.NS,331.70001220703125,2026-09-10T13:50:00+05:30,WAITING FOR 0.786,2025-09-09,512.6500244140625,2026-03-23,281.3500061035156,,463.1518204956055,397.00001525878906,572.7880291748047,28.382012651469534
MOIL.NS,251.3000030517578,2026-09-10T13:50:00+05:30,WAITING FOR 0.786,2026-01-29,380.7000122070313,2026-03-17,242.3500061035156,,351.0931109008789,311.52500915527344,416.67101379394535,28.423544851979404
NSIL.NS,5631.0,2026-09-10T13:50:00+05:30,WAITING FOR 0.786,2025-10-17,8730.0,2026-03-30,4700.0,,7867.58,6715.0,9777.8,28.427801179015656
NATCOPHARM.NS,818.5,2026-09-10T13:50:00+05:30,WAITING FOR 0.786,2026-05-12,1226.800048828125,2026-06-11,839.0,,1143.8108383789065,1032.9000244140625,1327.6280615234375,28.44096483995213
MAGNUM.NS,19.5,2026-09-10T13:50:00+05:30,WAITING FOR 0.786,2025-09-10,30.25,2026-03-24,16.25,,27.254,23.25,33.89,28.45086959712336
HBLENGINE.NS,724.7999877929688,2026-09-10T13:55:00+05:30,WAITING FOR 0.786,2025-11-10,1122.0,2026-03-30,613.0,,1013.074,867.5,1254.34,28.455375639591107
HARIOMPIPE.NS,362.75,2026-09-10T13:50:00+05:30,WAITING FOR 0.786,2025-09-22,572.2000122070312,2026-04-13,268.04998779296875,,507.1119069824219,420.125,651.2790185546876,28.467465463678398
JINDALPHOT.NS,1010.0,2026-09-10T13:50:00+05:30,WAITING FOR 0.786,2026-02-12,1532.0,2026-06-03,971.0999755859376,,1411.9673947753906,1251.5499877929688,1677.8340063476562,28.468603188909597
ACI.NS,481.8500061035156,2026-09-10T13:50:00+05:30,WAITING FOR 0.786,2025-09-11,726.0,2025-12-12,483.0,,673.998,604.5,789.1800000000001,28.508689031196592
AKI.NS,6.460000038146973,2026-09-10T13:55:00+05:30,WAITING FOR 0.786,2025-09-23,10.479999542236328,2026-03-25,3.799999952316284,,9.05047962999344,7.139999747276306,12.21679943561554,28.622566955032692
KIRLPNU.NS,724.0499877929688,2026-09-10T13:50:00+05:30,WAITING FOR 0.786,2026-06-22,1098.550048828125,2026-08-05,710.5999755859375,,1015.5287331542968,904.5750122070312,1199.417067871094,28.7021662554024
KEEPLEARN.NS,1.899999976158142,2026-09-10T13:50:00+05:30,WAITING FOR 0.786,2026-01-06,2.9800000190734863,2026-07-22,1.5099999904632568,,2.6654200129508974,2.245000004768372,3.362200026512146,28.716676286427205
GANGESSECU.NS,115.5,2026-09-10T12:15:00+05:30,WAITING FOR 0.786,2025-10-17,178.14999389648438,2026-03-30,103.30999755859376,,162.13423468017578,140.72999572753906,197.60839294433595,28.76273155522395
WALCHANNAG.NS,209.80999755859375,2026-09-10T13:50:00+05:30,WAITING FOR 0.786,2026-06-19,315.79998779296875,2026-08-19,216.5200042724609,,294.5540713195801,266.15999603271484,341.6127835083008,28.770294493414827
JPPOWER.NS,16.239999771118164,2026-09-10T13:50:00+05:30,WAITING FOR 0.786,2026-05-29,24.5,2026-07-14,16.649999618530273,,22.82009991836548,20.574999809265137,26.541000099182128,28.834668431717468
AMBUJACEM.NS,396.0,2026-09-10T13:50:00+05:30,WAITING FOR 0.786,2025-09-22,600.7999877929688,2026-03-23,394.0,,556.5447904052735,497.3999938964844,654.5679846191406,28.846697188265026
AVROIND.NS,8.470000267028809,2026-09-10T13:50:00+05:30,WAITING FOR 0.786,2026-06-08,12.989999771118164,2026-08-11,8.0,,11.922139820098876,10.494999885559082,14.287399711608888,28.955704304442865
COMPUSOFT.NS,13.270000457763672,2026-09-10T13:50:00+05:30,WAITING FOR 0.786,2025-10-03,20.5,2026-03-11,12.0,,18.681,16.25,22.71,28.96525636869723
GOPAL.NS,259.75,2026-09-10T13:50:00+05:30,WAITING FOR 0.786,2025-09-10,398.0,2026-03-27,247.5500030517578,,365.8037006530762,322.7750015258789,437.11699920654297,28.99197041028741
ANTGRAPHIC.NS,0.75,2026-09-10T13:50:00+05:30,WAITING FOR 0.786,2026-01-01,1.1699999570846558,2026-03-30,0.6399999856948853,,1.0565799632072448,0.9049999713897704,1.3077999496459962,29.01625753687609
RELAXO.NS,329.29998779296875,2026-09-10T13:50:00+05:30,WAITING FOR 0.786,2025-09-04,526.0,2026-03-30,236.5,,464.047,381.25,601.27,29.037363070342288
RUCHIRA.NS,110.81999969482422,2026-09-10T13:50:00+05:30,WAITING FOR 0.786,2025-09-18,173.0,2026-03-30,95.16999816894533,,156.3443796081543,134.08499908447266,193.23580047607425,29.118015004714444
HGM.NS,49.400001525878906,2026-09-10T13:35:00+05:30,WAITING FOR 0.786,2025-12-16,77.0,2026-08-18,43.02999877929688,,69.73041973876954,60.01499938964844,85.83220031738281,29.15573760928774
SASKEN.NS,1808.300048828125,2026-09-10T13:50:00+05:30,WAITING FOR 0.786,2026-06-19,2780.199951171875,2026-07-28,1728.0999755859375,,2555.0505563964844,2254.1499633789062,3053.745944824219,29.226447425820762
VMM.NS,102.61000061035156,2026-09-10T13:55:00+05:30,WAITING FOR 0.786,2025-08-26,157.60000610351562,2026-03-23,98.7699966430664,,145.01038407897948,128.18500137329102,172.89580856323244,29.23954980047131
BVCL.NS,43.63999938964844,2026-09-10T13:10:00+05:30,WAITING FOR 0.786,2025-09-09,69.98999786376953,2026-03-30,31.200000762939453,,61.68893848419189,50.59499931335449,80.07539710998535,29.25798293509068
AMJLAND.NS,38.5,2026-09-10T13:50:00+05:30,WAITING FOR 0.786,2025-09-09,61.0,2026-03-30,30.299999237060547,,54.43019983673096,45.64999961853027,68.98200019836426,29.26720806558721
JAIBALAJI.NS,68.12999725341797,2026-09-10T13:50:00+05:30,WAITING FOR 0.786,2025-09-15,108.0,2026-03-30,53.650001525878906,,96.36910032653807,80.82500076293945,122.13099960327148,29.303068076213673
CONTROLPR.NS,577.5999755859375,2026-09-10T13:55:00+05:30,WAITING FOR 0.786,2025-09-22,899.0,2026-03-30,517.0,,817.252,708.0,998.32,29.324128226552208
ARSSBL.NS,504.29998779296875,2026-09-10T13:50:00+05:30,WAITING FOR 0.786,2025-11-18,794.8499755859375,2026-03-30,416.0,,713.7760808105469,605.4249877929688,893.3509692382813,29.347592143981927
JKCEMENT.NS,4907.5,2026-09-10T13:50:00+05:30,WAITING FOR 0.786,2025-08-20,7565.5,2026-06-12,4671.5,,6946.184,6118.5,8317.94,29.34969761814545
WILLAMAGOR.NS,23.719999313354492,2026-09-10T13:50:00+05:30,WAITING FOR 0.786,2025-10-03,37.0,2026-03-30,21.11000061035156,,33.59954013061524,29.05500030517578,41.13139984130859,29.403797727156107
SINTERCOM.NS,79.97000122070312,2026-09-10T13:50:00+05:30,WAITING FOR 0.786,2025-12-01,126.9800033569336,2026-03-30,62.9900016784668,,113.2861429977417,94.9850025177002,143.61740379333497,29.408841095157346
PATELENG.NS,27.049999237060547,2026-09-10T13:50:00+05:30,WAITING FOR 0.786,2025-09-19,42.77000045776367,2026-03-30,22.0,,38.325220359802245,32.38500022888184,48.17020057678222,29.419846818592116
ALPA.NS,62.9900016784668,2026-09-10T13:50:00+05:30,WAITING FOR 0.786,2025-08-21,101.0,2026-03-30,46.09999847412109,,89.25139967346192,73.54999923706055,115.27400039672852,29.424074122171675
GENUSPAPER.NS,12.279999732971191,2026-09-10T13:55:00+05:30,WAITING FOR 0.786,2025-08-25,19.780000686645508,2026-03-30,8.670000076293945,,17.402460556030274,14.225000381469728,22.668600845336915,29.435267539130006
KALPATARU.NS,267.29998779296875,2026-09-10T13:50:00+05:30,WAITING FOR 0.786,2026-05-13,409.7999877929688,2026-07-24,265.1499938964844,,378.84488909912113,337.47499084472656,447.4089862060547,29.443422497107445
ASIANTILES.NS,50.2599983215332,2026-09-10T13:50:00+05:30,WAITING FOR 0.786,2026-04-21,79.05999755859375,2026-07-22,42.5,,71.2361580810547,60.77999877929688,88.56559692382812,29.445944762565908
BFUTILITIE.NS,553.9500122070312,2026-09-10T13:55:00+05:30,WAITING FOR 0.786,2025-09-23,898.7000122070312,2026-03-30,368.7000122070313,,785.2800122070313,633.7000122070312,1036.5000122070312,29.45828193816452
MALLCOM.NS,983.0,2026-09-10T13:40:00+05:30,WAITING FOR 0.786,2025-10-21,1520.0,2026-03-30,929.0,,1393.526,1224.5,1673.66,29.459514928318526
DGCONTENT.NS,24.770000457763672,2026-09-10T13:50:00+05:30,WAITING FOR 0.786,2025-12-02,38.79999923706055,2026-03-30,21.61000061035156,,35.12133953094482,30.20499992370605,43.269398880004886,29.47307594592387
NCC.NS,142.97000122070312,2026-09-10T13:55:00+05:30,WAITING FOR 0.786,2025-08-20,222.6000061035156,2026-03-30,130.0,,202.7836047973633,176.3000030517578,246.67600769042969,29.49627196756387
WEALTH.NS,833.4000244140625,2026-09-10T13:20:00+05:30,WAITING FOR 0.786,2025-09-12,1294.800048828125,2026-02-05,774.9500122070312,,1183.552140991211,1034.875030517578,1429.9610583496094,29.584849238995098
BHARATWIRE.NS,172.6999969482422,2026-09-10T13:50:00+05:30,WAITING FOR 0.786,2026-05-11,262.0,2026-08-14,185.0,,245.522,223.5,282.02,29.660072438216456
MCL.NS,59.220001220703125,2026-09-10T13:50:00+05:30,WAITING FOR 0.786,2026-01-21,93.1999969482422,2026-07-20,51.150001525878906,,84.20129792785644,72.17499923706055,104.13299575805664,29.66854112932708
3PLAND.NS,32.0,2026-09-10T13:35:00+05:30,WAITING FOR 0.786,2025-08-25,50.18000030517578,2026-03-16,28.51000022888184,,45.54262028884888,39.34500026702881,55.81420032501221,29.73614649960049
MEDPLUS.NS,661.75,2026-09-10T13:50:00+05:30,WAITING FOR 0.786,2026-05-21,1022.2000122070312,2026-08-19,648.0,,942.1212095947266,835.1000061035156,1119.4920153808594,29.75956880488172
BIRLAMONEY.NS,123.20999908447266,2026-09-10T13:50:00+05:30,WAITING FOR 0.786,2025-09-09,197.38999938964844,2026-03-30,95.0,,175.47853952026367,146.19499969482422,224.01139923095704,29.786286447725548
UBL.NS,1257.9000244140625,2026-09-10T13:50:00+05:30,WAITING FOR 0.786,2025-08-21,1933.0,2026-06-02,1276.0,,1792.402,1604.5,2103.82,29.820429545712262
SWIGGY.NS,281.8500061035156,2026-09-10T13:55:00+05:30,WAITING FOR 0.786,2025-10-17,447.0,2026-06-30,235.75,,401.7925,341.375,501.925,29.851849871882724
INOXGREEN.NS,173.72999572753906,2026-09-10T13:50:00+05:30,WAITING FOR 0.786,2025-11-03,279.0,2026-03-23,132.5800018310547,,247.6661203918457,205.79000091552732,317.0691995239258,29.853144445969594
TSFINV.NS,436.54998779296875,2026-09-10T13:55:00+05:30,WAITING FOR 0.786,2025-10-14,701.5,2026-03-30,331.70001220703125,,622.3628026123047,516.6000061035156,797.647996826172,29.856028355069665
ALLTIME.NS,212.52999877929688,2026-09-10T13:50:00+05:30,WAITING FOR 0.786,2025-08-25,334.8999938964844,2026-03-30,186.0,,303.0353952026367,260.4499969482422,373.6139923095704,29.866278941712338
CCHHL.NS,12.520000457763672,2026-09-10T13:25:00+05:30,WAITING FOR 0.786,2025-08-25,19.989999771118164,2026-03-30,10.029999732971191,,17.858559762954712,15.009999752044678,22.57959978103638,29.893560152959232
GRINFRA.NS,858.7000122070312,2026-09-10T13:50:00+05:30,WAITING FOR 0.786,2025-09-22,1345.0,2026-03-30,785.0,,1225.16,1065.0,1490.6,29.911194276092008
TIPSFILMS.NS,329.0,2026-09-10T13:40:00+05:30,WAITING FOR 0.786,2025-09-08,522.0,2026-03-27,276.75,,469.5165,399.375,585.765,29.92791520638785
NUCLEUS.NS,699.5499877929688,2026-09-10T13:50:00+05:30,WAITING FOR 0.786,2025-09-18,1084.800048828125,2026-07-31,682.0,,998.6008383789062,883.4000244140625,1189.5280615234374,29.946985731696984
HEXT.NS,503.1499938964844,2026-09-10T13:50:00+05:30,WAITING FOR 0.786,2025-12-19,805.0,2026-03-12,400.2000122070313,,718.3728026123047,602.6000061035156,910.247996826172,29.959765727931227
JMFINANCIL.NS,126.77999877929688,2026-09-10T13:50:00+05:30,WAITING FOR 0.786,2025-08-22,199.8000030517578,2026-03-30,112.0,,181.01080239868165,155.9000015258789,222.62800384521483,29.959981890992243
HDFCLIFE.NS,523.5,2026-09-10T13:55:00+05:30,WAITING FOR 0.786,2025-08-21,807.0,2026-08-04,530.5,,747.829,668.75,878.89,29.997365707935902
AIRAN.NS,17.010000228881836,2026-09-10T13:50:00+05:30,WAITING FOR 0.786,2025-09-19,27.489999771118164,2026-03-30,12.630000114440918,,24.309959844589237,20.05999994277954,31.35359968185425,30.02867821409496
HEMIPROP.NS,121.5199966430664,2026-09-10T13:50:00+05:30,WAITING FOR 0.786,2025-10-03,190.69000244140625,2026-03-30,111.1999969482422,,173.6791412658691,150.94499969482422,211.3574038696289,30.031899192175963
DABUR.NS,376.75,2026-09-10T13:50:00+05:30,WAITING FOR 0.786,2025-09-04,577.0,2026-08-19,398.0,,538.694,487.5,623.54,30.062335945824525
KUANTUM.NS,76.36000061035156,2026-09-10T13:55:00+05:30,WAITING FOR 0.786,2025-09-25,121.29000091552734,2026-03-30,65.01000213623047,,109.2460811767578,93.1500015258789,135.92280059814453,30.10275536858596
RAILTEL.NS,263.3500061035156,2026-09-10T13:50:00+05:30,WAITING FOR 0.786,2025-09-17,412.8999938964844,2026-03-30,245.0,,376.9693952026368,328.9499969482422,456.5539923095703,30.14021576951784
SONATSOFTW.NS,262.3500061035156,2026-09-10T13:50:00+05:30,WAITING FOR 0.786,2025-09-18,421.5,2026-03-30,207.1499938964844,,375.62909869384765,314.3249969482422,477.2310015869141,30.157166466663675
EMKAY.NS,252.64999389648438,2026-09-10T13:40:00+05:30,WAITING FOR 0.786,2025-09-24,409.8999938964844,2026-03-30,186.0,,361.9853952026367,297.9499969482422,468.1139923095704,30.204368119588693
ASHIMASYN.NS,16.959999084472656,2026-09-10T13:50:00+05:30,WAITING FOR 0.786,2025-08-20,27.799999237060547,2026-03-27,11.5,,24.31179940032959,19.649999618530277,32.037999038696285,30.23963876469492
MASKINVEST.NS,152.0,2026-09-10T11:35:00+05:30,WAITING FOR 0.786,2025-10-17,246.08999633789065,2026-03-30,114.94000244140624,,218.02389764404296,180.51499938964844,280.1889947509766,30.28287190417858
RAMCOSYS.NS,610.4000244140625,2026-09-10T13:50:00+05:30,WAITING FOR 0.786,2026-07-07,967.5,2026-08-19,545.0,,877.085,756.25,1077.35,30.405830174491356
JTEKTINDIA.NS,120.5,2026-09-10T13:50:00+05:30,WAITING FOR 0.786,2025-09-09,188.5,2026-03-30,117.01000213623048,,173.20114045715331,152.75500106811523,207.0873994445801,30.427709839584217
IGCL.NS,72.41999816894531,2026-09-10T13:50:00+05:30,WAITING FOR 0.786,2025-09-08,118.98999786376952,2026-03-27,49.459999084472656,,104.110578125,84.2249984741211,137.0677975463867,30.439346824109943
XCHANGING.NS,63.36000061035156,2026-09-10T13:50:00+05:30,WAITING FOR 0.786,2025-10-30,103.0,2026-03-30,47.5,,91.123,75.25,117.43,30.467609044531503
HCL-INSYS.NS,10.130000114440918,2026-09-10T13:50:00+05:30,WAITING FOR 0.786,2025-11-07,16.09000015258789,2026-03-30,9.010000228881836,,14.574880168914795,12.550000190734863,17.930800132751465,30.496854882923063
MAXIND.NS,149.75,2026-09-10T13:50:00+05:30,WAITING FOR 0.786,2025-09-25,241.57000732421875,2026-03-30,120.0,,215.55402575683596,180.78500366210935,273.1782092285156,30.52785747136485
KPIGREEN.NS,288.8500061035156,2026-09-10T13:50:00+05:30,WAITING FOR 0.786,2026-05-27,447.4500122070313,2026-08-17,301.20001220703125,,416.1525122070312,374.3250122070313,485.4750122070312,30.59034905938138
KRSNAA.NS,563.9500122070312,2026-09-10T13:50:00+05:30,WAITING FOR 0.786,2025-09-24,894.4000244140625,2026-03-30,515.0,,813.2084191894531,704.7000122070312,993.0440307617188,30.65123295585952
TECHNOE.NS,986.7000122070312,2026-09-10T13:55:00+05:30,WAITING FOR 0.786,2025-09-03,1575.0,2026-01-27,870.0,,1424.13,1222.5,1758.3,30.715593927026948
AGIIL.NS,279.6499938964844,2026-09-10T13:50:00+05:30,WAITING FOR 0.786,2026-05-04,434.3999938964844,2026-08-20,290.70001220703125,,403.6481978149414,362.5500030517578,471.76198913574217,30.71937508694288
CINEVISTA.NS,14.199999809265137,2026-09-10T13:40:00+05:30,WAITING FOR 0.786,2025-09-25,22.799999237060547,2026-03-30,12.15999984741211,,20.523039367675786,17.479999542236328,25.56639907836914,30.809469519264134
GHCL.NS,424.5,2026-09-10T13:55:00+05:30,WAITING FOR 0.786,2025-10-30,667.2000122070312,2026-06-11,416.6000061035156,,613.5716109008789,541.9000091552734,732.3560137939453,30.81492160683148
VSTTILLERS.NS,4085.0,2026-09-10T13:50:00+05:30,WAITING FOR 0.786,2026-02-20,6350.0,2026-06-11,4275.0,,5905.95,5312.5,6889.5,30.832465564388457
BIRLACORPN.NS,839.7000122070312,2026-09-10T13:50:00+05:30,WAITING FOR 0.786,2025-09-04,1335.699951171875,2026-03-16,769.5999755859375,,1214.5545563964845,1052.6499633789062,1482.8859448242188,30.863541058347
HITECH.NS,79.5999984741211,2026-09-10T13:55:00+05:30,WAITING FOR 0.786,2025-09-22,127.5,2026-03-30,70.13999938964844,,115.22495986938478,98.81999969482422,142.4136001586914,30.917746845515907
AVONMORE.NS,14.3100004196167,2026-09-10T13:50:00+05:30,WAITING FOR 0.786,2025-09-10,23.899999618530277,2026-07-28,9.050000190734863,,20.722099740982056,16.47499990463257,27.76099946975708,30.943289538772756
LFIC.NS,147.0,2026-09-10T13:50:00+05:30,WAITING FOR 0.786,2025-09-03,240.8999938964844,2026-03-30,111.0,,213.10139520263672,175.9499969482422,274.6739923095703,31.018752899192116
ATL.NS,24.649999618530273,2026-09-10T13:50:00+05:30,WAITING FOR 0.786,2025-09-25,40.5099983215332,2026-03-30,18.200000762939453,,35.735658843994145,29.354999542236328,46.31059768676758,31.0212812190168
SWANCORP.NS,298.70001220703125,2026-09-10T13:55:00+05:30,WAITING FOR 0.786,2026-01-08,470.5,2026-03-30,295.6499938964844,,433.0820986938477,383.0749969482422,515.9610015869141,31.02924062022087
INTERARCH.NS,1733.0999755859375,2026-09-10T13:50:00+05:30,WAITING FOR 0.786,2025-11-10,2762.60009765625,2026-05-18,1600.0,,2513.8036767578124,2181.300048828125,3064.876123046875,31.056669555786087
BRNL.NS,16.809999465942383,2026-09-10T13:50:00+05:30,WAITING FOR 0.786,2025-11-06,26.489999771118164,2026-03-30,16.65999984741211,,24.38637978744507,21.574999809265137,29.045799751281734,31.068081394366136
PINELABS.NS,173.69000244140625,2026-09-10T13:55:00+05:30,WAITING FOR 0.786,2025-11-14,284.0,2026-05-27,134.72999572753906,,252.05621908569336,209.36499786376956,322.81020111083984,31.090768927881278
MASTEK.NS,1618.4000244140625,2026-09-10T13:50:00+05:30,WAITING FOR 0.786,2025-08-25,2625.0,2026-03-30,1334.199951171875,,2348.768789550781,1979.5999755859373,2960.6080126953125,31.095813618862284
ARTNIRMAN.NS,40.599998474121094,2026-09-10T13:50:00+05:30,WAITING FOR 0.786,2025-10-27,66.97000122070312,2026-03-30,29.38999938964844,,58.92788082885743,48.18000030517578,76.74080169677734,31.10222546092483
GUJAPOLLO.NS,345.29998779296875,2026-09-10T13:50:00+05:30,WAITING FOR 0.786,2025-08-26,556.0,2026-08-14,300.5,,501.323,428.25,622.4300000000001,31.122252960073894
PVSL.NS,100.26000213623047,2026-09-10T13:50:00+05:30,WAITING FOR 0.786,2025-10-16,163.0,2026-03-16,82.41000366210938,,145.7537407836914,122.70500183105467,183.9533990478516,31.212741712733656
RVTH.NS,775.0,2026-09-10T13:40:00+05:30,WAITING FOR 0.786,2025-09-24,1300.0,2026-03-16,491.1000061035156,,1126.8954013061525,895.5500030517578,1510.313998413086,31.226979975096224
RAJMET.NS,3.25,2026-09-10T13:50:00+05:30,WAITING FOR 0.786,2025-12-30,5.28000020980835,2026-03-24,2.720000028610229,,4.732160171031952,4.0000001192092896,5.94560025691986,31.321005998593108
EPIGRAL.NS,1149.0999755859375,2026-09-10T13:50:00+05:30,WAITING FOR 0.786,2025-08-22,1911.5999755859373,2026-03-30,807.0,,1675.215580810547,1359.2999877929688,2198.795969238281,31.405844791035808
ACC.NS,1254.5999755859375,2026-09-10T13:50:00+05:30,WAITING FOR 0.786,2025-11-24,1987.0,2026-03-30,1251.699951171875,,1829.6457895507813,1619.3499755859375,2178.1780126953126,31.429351913302867
WSI.NS,59.08000183105469,2026-09-10T13:50:00+05:30,WAITING FOR 0.786,2025-12-23,95.0,2026-08-12,53.79999923706055,,86.18319983673095,74.39999961853027,105.71200019836424,31.44835426976684
STARCEMENT.NS,194.5,2026-09-10T13:55:00+05:30,WAITING FOR 0.786,2025-09-02,308.95001220703125,2026-08-20,191.5,,283.81570959472657,250.2250061035156,339.48701538085936,31.469614462943067
SHARDACROP.NS,778.4000244140625,2026-09-10T13:50:00+05:30,WAITING FOR 0.786,2026-05-14,1238.800048828125,2026-08-19,761.0999755859375,,1136.572233154297,999.9500122070312,1363.002067871094,31.513369611908367
LAOPALA.NS,164.77000427246094,2026-09-10T13:50:00+05:30,WAITING FOR 0.786,2025-08-20,262.0,2026-03-30,162.10000610351562,,240.62140130615236,212.0500030517578,287.97399841308595,31.523129955170788
AMRUTANJAN.NS,495.3999938964844,2026-09-10T13:50:00+05:30,WAITING FOR 0.786,2025-09-08,790.9500122070312,2026-08-12,482.7999877929688,,725.005906982422,636.875,871.0690185546875,31.66952308590011
IRCTC.NS,467.5,2026-09-10T13:55:00+05:30,WAITING FOR 0.786,2025-09-19,739.0,2026-08-20,485.1499938964844,,684.6760986938477,612.0749969482422,805.0010015869141,31.719538495378064
DJML.NS,81.31999969482422,2026-09-10T13:50:00+05:30,WAITING FOR 0.786,2026-07-03,124.8000030517578,2026-08-13,98.8000030517578,,119.23600305175782,111.8000030517578,131.5600030517578,31.79912307231153
INFOBEAN.NS,155.58999633789062,2026-09-10T13:50:00+05:30,WAITING FOR 0.786,2026-01-07,257.5,2026-03-13,120.33000183105467,,228.1456203918457,188.91500091552732,293.1641995239258,31.802330427969217
SYMPHONY.NS,607.7000122070312,2026-09-10T13:50:00+05:30,WAITING FOR 0.786,2026-02-03,970.4500122070312,2026-08-19,599.9500122070312,,891.1630122070312,785.2000122070312,1066.7800122070312,31.80820973460095
KOKUYOCMLN.NS,78.9000015258789,2026-09-10T13:45:00+05:30,WAITING FOR 0.786,2025-09-04,128.0,2026-03-30,71.05000305175781,,115.81270065307618,99.5250015258789,142.80699920654297,31.872755681409636
DIAMINESQ.NS,254.3000030517578,2026-09-10T13:35:00+05:30,WAITING FOR 0.786,2025-09-04,418.7999877929688,2026-03-24,208.00999450683597,,373.6909292297363,313.40499114990234,473.6053860473633,31.949110037022006
FOODSIN.NS,57.650001525878906,2026-09-10T13:45:00+05:30,WAITING FOR 0.786,2025-09-08,95.9000015258789,2026-03-30,44.0,,84.79340119934082,69.95000076293945,109.39400192260742,32.01121701634599
DCMFINSERV.NS,5.210000038146973,2026-09-10T12:50:00+05:30,WAITING FOR 0.786,2026-03-17,8.550000190734863,2026-04-06,4.449999809265137,,7.672600109100342,6.5,9.616000289916991,32.09603049730848
HONDAPOWER.NS,1978.5999755859375,2026-09-10T13:40:00+05:30,WAITING FOR 0.786,2025-08-20,3216.0,2026-03-30,1816.5999755859373,,2916.5283947753906,2516.2999877929688,3579.8440063476564,32.159070382089844
PIIND.NS,2355.89990234375,2026-09-10T13:50:00+05:30,WAITING FOR 0.786,2025-11-12,3750.0,2026-08-12,2457.0,,3473.298,3103.5,4086.18,32.17109783428459
REGAAL.NS,85.94999694824219,2026-09-10T13:45:00+05:30,WAITING FOR 0.786,2025-08-20,145.6999969482422,2026-02-02,57.27000045776367,,126.7759776992798,101.48499870300292,168.6917960357666,32.20324661812452
CROWN.NS,116.37000274658203,2026-09-10T13:55:00+05:30,WAITING FOR 0.786,2025-09-10,191.0,2026-03-30,100.62000274658205,,171.65868058776857,145.81000137329102,214.49879928588865,32.20849516719756
BSHSL.NS,88.5,2026-09-10T13:50:00+05:30,WAITING FOR 0.786,2025-08-26,150.0,2026-03-30,59.15999984741211,,130.5602399673462,104.57999992370604,173.61840003967285,32.21519811687363
SNOWMAN.NS,36.27000045776367,2026-09-10T13:50:00+05:30,WAITING FOR 0.786,2025-09-12,59.79999923706055,2026-03-30,30.5,,53.5297994003296,45.14999961853027,67.41799903869628,32.243346950520525
THOMASCOOK.NS,109.12999725341797,2026-09-10T13:55:00+05:30,WAITING FOR 0.786,2025-09-01,181.5500030517578,2026-03-17,86.3499984741211,,161.17720207214356,133.95000076293945,206.30200424194337,32.29191483013153
BRIGHOTEL.NS,56.45000076293945,2026-09-10T13:45:00+05:30,WAITING FOR 0.786,2025-08-20,91.4000015258789,2026-03-30,54.36000061035156,,83.47344132995606,72.88000106811523,101.03040176391602,32.37369891124726
DENTA.NS,286.79998779296875,2026-09-10T13:50:00+05:30,WAITING FOR 0.786,2025-10-07,479.6000061035156,2026-03-09,222.0,,424.4736047973633,350.8000030517578,546.5760076904296,32.43396419669431
EIDPARRY.NS,736.2999877929688,2026-09-10T13:50:00+05:30,WAITING FOR 0.786,2025-08-25,1196.4000244140625,2026-06-19,698.2000122070312,,1089.785221801758,947.3000183105468,1325.9320275878906,32.436229353924155
BSL.NS,123.0,2026-09-10T13:05:00+05:30,WAITING FOR 0.786,2025-11-11,205.0,2026-03-30,98.0,,182.102,151.5,232.82,32.455437062745055
ITCHOTELS.NS,154.5,2026-09-10T13:55:00+05:30,WAITING FOR 0.786,2025-09-04,253.6699981689453,2026-03-30,137.3000030517578,,228.7668192138672,195.4850006103516,283.9261968994141,32.46398208843276
WAAREERTL.NS,833.2999877929688,2026-09-10T13:50:00+05:30,WAITING FOR 0.786,2025-10-27,1358.0,2026-03-30,779.5,,1234.201,1068.75,1508.41,32.48263550321474
AWHCL.NS,374.45001220703125,2026-09-10T13:55:00+05:30,WAITING FOR 0.786,2026-01-30,605.0,2026-03-30,372.5,,555.245,488.75,665.45,32.56129956919355
SUNTECK.NS,289.29998779296875,2026-09-10T13:50:00+05:30,WAITING FOR 0.786,2025-11-03,472.5,2026-03-30,270.75,,429.3255,371.625,524.955,32.61523301248848
LORDSCHLO.NS,138.97000122070312,2026-09-10T13:35:00+05:30,WAITING FOR 0.786,2025-10-21,233.0,2026-03-30,108.0,,206.25,170.5,265.5,32.62060546875
KOTHARIPRO.NS,66.0199966430664,2026-09-10T13:45:00+05:30,WAITING FOR 0.786,2025-09-17,109.0,2026-03-30,58.0,,98.086,83.5,122.26,32.691722933888215
THEINVEST.NS,97.05999755859375,2026-09-10T13:50:00+05:30,WAITING FOR 0.786,2025-09-19,159.2899932861328,2026-03-30,89.0,,144.2479347229004,124.1449966430664,177.56539154052734,32.713076450594905
BHANDARI.NS,3.0,2026-09-10T13:50:00+05:30,WAITING FOR 0.786,2025-10-24,5.130000114440918,2026-03-30,2.0,,4.460180089950562,3.565000057220459,5.943800144195556,32.73814196966085
DELTAMAGNT.NS,55.900001525878906,2026-09-10T13:35:00+05:30,WAITING FOR 0.786,2025-09-08,93.4499969482422,2026-03-30,45.5099983215332,,83.19083724212646,69.4799976348877,105.91439659118652,32.80509803840263
MOHITIND.NS,23.700000762939453,2026-09-10T13:40:00+05:30,WAITING FOR 0.786,2025-09-11,39.88999938964844,2026-03-30,18.600000381469727,,35.333939601898194,29.24499988555908,45.4253991317749,32.925677040365315
DHANUKA.NS,980.7999877929688,2026-09-10T13:50:00+05:30,WAITING FOR 0.786,2025-09-29,1620.4000244140625,2026-03-30,889.5999755859375,,1464.0088139648435,1255.0,1810.408037109375,33.005868650697785
RADIANTCMS.NS,37.439998626708984,2026-09-10T13:50:00+05:30,WAITING FOR 0.786,2025-09-01,62.29999923706055,2026-03-30,32.33000183105469,,55.88641979217529,47.31500053405762,70.09219856262207,33.00698315272829
TPHQ.NS,0.5099999904632568,2026-09-10T13:45:00+05:30,WAITING FOR 0.786,2025-12-24,0.8600000143051147,2026-07-22,0.4000000059604645,,0.7615600125193596,0.6300000101327896,0.9796000164747238,33.03219942232823
NDRAUTO.NS,710.5999755859375,2026-09-10T13:50:00+05:30,WAITING FOR 0.786,2025-09-18,1186.5999755859375,2026-03-30,605.0499877929688,,1062.1482781982422,895.8249816894531,1337.8029724121093,33.097855528104596
MANAKALUCO.NS,38.88999938964844,2026-09-10T13:40:00+05:30,WAITING FOR 0.786,2026-01-20,68.12000274658203,2026-03-30,21.729999542236328,,58.192542060852055,44.92500114440918,80.18140357971191,33.17013140793697
SAFARI.NS,1511.0999755859375,2026-09-10T13:50:00+05:30,WAITING FOR 0.786,2025-11-26,2507.10009765625,2026-05-06,1363.0999755859375,,2262.284071533203,1935.1000366210935,2804.5401293945315,33.2046759909409
INCREDIBLE.NS,31.760000228881836,2026-09-10T13:30:00+05:30,WAITING FOR 0.786,2025-09-08,52.869998931884766,2026-03-30,28.100000381469727,,47.56921924209595,40.484999656677246,59.31019855499268,33.23413599192288
ACEINTEG.NS,17.729999542236328,2026-09-10T13:20:00+05:30,WAITING FOR 0.786,2025-09-10,29.940000534057617,2026-03-27,14.199999809265137,,26.571640378952026,22.070000171661377,34.03240072250367,33.274727155043664
TTML.NS,35.939998626708984,2026-09-10T13:55:00+05:30,WAITING FOR 0.786,2025-10-07,60.08000183105469,2026-03-30,31.21999931335449,,53.90396129226684,45.65000057220459,67.58360248565674,33.32586740361696
EUROBOND.NS,150.83999633789062,2026-09-10T13:40:00+05:30,WAITING FOR 0.786,2025-09-09,253.8999938964844,2026-03-30,126.3000030517578,,226.5935958557129,190.0999984741211,287.0759915161133,33.43148301775465
ORIENTPPR.NS,18.049999237060547,2026-09-10T13:50:00+05:30,WAITING FOR 0.786,2025-08-25,30.88999938964844,2026-03-30,13.25,,27.11503952026367,22.06999969482422,35.47639923095703,33.431779719253655
VAKRANGEE.NS,5.460000038146973,2026-09-10T13:55:00+05:30,WAITING FOR 0.786,2025-10-28,9.199999809265137,2026-03-30,4.610000133514404,,8.21773987865448,6.9049999713897705,10.393399724960329,33.5583734850347
ITC.NS,260.3999938964844,2026-09-10T13:55:00+05:30,WAITING FOR 0.786,2025-09-04,427.0,2026-08-20,265.0,,392.332,346.0,469.12,33.62764345083134
COASTCORP.NS,40.04999923706055,2026-09-10T13:50:00+05:30,WAITING FOR 0.786,2026-05-15,66.69999694824219,2026-08-07,37.02000045776367,,60.34847769927978,51.85999870300293,74.4167960357666,33.63544406764959
BLS.NS,235.94000244140625,2026-09-10T13:50:00+05:30,WAITING FOR 0.786,2025-08-26,392.8500061035156,2026-03-23,218.8999938964844,,355.62470349121094,305.875,438.0770092773438,33.654777037378295
BAGFILMS.NS,4.46999979019165,2026-09-10T13:40:00+05:30,WAITING FOR 0.786,2025-12-02,7.590000152587891,2026-03-30,3.609999895095825,,6.738280097484589,5.600000023841858,8.624800219535828,33.662600462983
WIPRO.NS,166.3800048828125,2026-09-10T13:55:00+05:30,WAITING FOR 0.786,2025-12-22,273.1000061035156,2026-07-02,169.0,,250.82260479736328,221.0500030517578,300.1660076904297,33.66626384522679
ZENITHSTL.NS,6.010000228881836,2026-09-10T13:50:00+05:30,WAITING FOR 0.786,2025-10-23,10.329999923706056,2026-01-29,4.409999847412109,,9.06311990737915,7.369999885559082,11.86919994354248,33.68729212124269
LUXIND.NS,1114.0999755859375,2026-09-10T13:50:00+05:30,WAITING FOR 0.786,2026-04-24,1823.3499755859373,2026-08-17,1154.0999755859375,,1680.1304755859376,1488.7249755859375,1997.3549755859376,33.68967519041041
LATTEYS.NS,21.510000228881836,2026-09-10T13:35:00+05:30,WAITING FOR 0.786,2025-10-24,37.0,2026-03-30,15.789999961853027,,32.46105999183655,26.394999980926517,42.51460000991821,33.73598941534483
PANACEABIO.NS,392.3999938964844,2026-09-10T13:50:00+05:30,WAITING FOR 0.786,2026-06-09,647.0,2026-08-12,391.8999938964844,,592.4085986938477,519.4499969482422,713.3260015869141,33.76193479269977
MOBIKWIK.NS,195.22000122070312,2026-09-10T13:50:00+05:30,WAITING FOR 0.786,2025-09-08,334.0,2026-03-30,151.4600067138672,,294.9364414367676,242.7300033569336,381.4603982543945,33.80946746705867
CAPACITE.NS,199.25,2026-09-10T13:50:00+05:30,WAITING FOR 0.786,2025-09-18,334.0,2026-03-16,180.0,,301.044,257.0,374.04,33.81366179030307
ASHAPURMIN.NS,544.9500122070312,2026-09-10T13:50:00+05:30,WAITING FOR 0.786,2026-01-07,924.9000244140624,2026-03-30,455.1000061035156,,824.3628204956055,690.0000152587891,1047.0480291748047,33.89439714428069
TRIGYN.NS,58.5099983215332,2026-09-10T13:35:00+05:30,WAITING FOR 0.786,2025-09-22,102.4000015258789,2026-03-30,37.54999923706055,,88.52210103607177,69.97500038146973,119.26100212097168,33.903513770317055
HPL.NS,298.5,2026-09-10T13:50:00+05:30,WAITING FOR 0.786,2025-09-25,505.0,2026-03-30,255.5500030517578,,451.6177006530762,380.2750015258789,569.8569992065429,33.90427355518959
DCXINDIA.NS,168.89999389648438,2026-09-10T13:50:00+05:30,WAITING FOR 0.786,2025-09-19,283.3999938964844,2026-03-30,153.3000030517578,,255.5585958557129,218.3499984741211,317.22599151611325,33.90948430791799
SURANAT&P.NS,16.100000381469727,2026-09-10T13:45:00+05:30,WAITING FOR 0.786,2025-09-10,26.780000686645508,2026-03-30,15.5,,24.36608053970337,21.140000343322757,29.712800865173342,33.924537615988164
SILINV.NS,452.0,2026-09-10T13:40:00+05:30,WAITING FOR 0.786,2025-10-17,767.0,2026-03-30,380.0,,684.182,573.5,867.62,33.93570716563721
DCW.NS,47.45000076293945,2026-09-10T13:50:00+05:30,WAITING FOR 0.786,2025-08-21,81.30999755859375,2026-03-30,37.11000061035156,,71.85119821166992,59.209999084472656,92.80199676513672,33.96073838162838
GVPIL.NS,655.5,2026-09-10T13:50:00+05:30,WAITING FOR 0.786,2026-06-22,1084.0,2026-08-20,663.0,,993.906,873.5,1193.46,34.04808905469933
INFY.NS,1032.0999755859375,2026-09-10T13:55:00+05:30,WAITING FOR 0.786,2026-02-03,1728.0,2026-07-01,982.4000244140624,,1568.4416052246092,1355.2000122070312,1921.855993652344,34.195830297543324
ZODIACLOTH.NS,70.0,2026-09-10T12:50:00+05:30,WAITING FOR 0.786,2025-09-16,119.4499969482422,2026-03-30,58.5,,106.40669760131836,88.9749984741211,135.29699615478518,34.214667330176866
NILAINFRA.NS,6.800000190734863,2026-09-10T13:50:00+05:30,WAITING FOR 0.786,2025-09-29,11.550000190734863,2026-03-30,5.900000095367432,,10.340900170326233,8.725000143051147,13.019000215530395,34.24169967090652
INDIAMART.NS,1631.199951171875,2026-09-10T13:50:00+05:30,WAITING FOR 0.786,2025-08-25,2685.0,2026-07-30,1730.0,,2480.63,2207.5,2933.3,34.242512943410546
WEIZMANIND.NS,72.47000122070312,2026-09-10T13:20:00+05:30,WAITING FOR 0.786,2025-09-04,122.5,2026-03-30,65.20999908447266,,110.23993980407715,93.85499954223631,137.3954002380371,34.26157402707247
CUBEXTUB.NS,77.5999984741211,2026-09-10T13:50:00+05:30,WAITING FOR 0.786,2026-02-03,130.35000610351562,2026-03-30,73.0999984741211,,118.0985044708252,101.72500228881836,145.2350080871582,34.292141274920866
NILASPACES.NS,12.15999984741211,2026-09-10T13:50:00+05:30,WAITING FOR 0.786,2025-09-26,20.46999931335449,2026-03-30,11.350000381469728,,18.518319541931152,15.90999984741211,22.84119903564453,34.335295274076344
VIVIDHA.NS,0.5299999713897705,2026-09-10T13:35:00+05:30,WAITING FOR 0.786,2025-09-29,0.9100000262260436,2026-03-30,0.4300000071525574,,0.8072800221443177,0.6700000166893005,1.0348000311851502,34.34744365629523
SUBROS.NS,713.5499877929688,2026-09-10T13:50:00+05:30,WAITING FOR 0.786,2025-09-29,1213.699951171875,2026-03-30,622.0999755859375,,1087.0975563964844,917.8999633789062,1367.5159448242189,34.361917787926295
MAANALU.NS,110.69000244140625,2026-09-10T13:50:00+05:30,WAITING FOR 0.786,2025-12-18,184.7400054931641,2026-07-28,110.4000015258789,,168.83124464416505,147.57000350952148,204.0684065246582,34.437489532994576
JYOTISTRUC.NS,10.09000015258789,2026-09-10T13:50:00+05:30,WAITING FOR 0.786,2025-09-18,17.420000076293945,2026-01-21,7.940000057220459,,15.391280072212218,12.680000066757202,19.88480008125305,34.443398435685566
HLEGLAS.NS,376.1000061035156,2026-09-10T13:50:00+05:30,WAITING FOR 0.786,2025-11-03,661.9500122070312,2026-03-30,250.0,,573.7927095947266,455.9750061035156,769.0570153808594,34.453679906606446
USK.NS,20.780000686645508,2026-09-10T12:40:00+05:30,WAITING FOR 0.786,2025-09-23,35.16999816894531,2026-04-01,18.96999931335449,,31.70319841384888,27.069998741149902,39.38199787139892,34.45456065540631
TATACHEM.NS,610.0499877929688,2026-09-10T13:55:00+05:30,WAITING FOR 0.786,2025-09-17,1026.6500244140625,2026-03-30,580.2999877929688,,931.1311165771484,803.4750061035156,1142.701033935547,34.48291256385873
SWELECTES.NS,570.75,2026-09-10T13:35:00+05:30,WAITING FOR 0.786,2025-10-10,977.0,2026-03-30,483.1000061035156,,871.3054013061524,730.0500030517578,1105.413998413086,34.49483968027711
JISLDVREQS.NS,20.860000610351562,2026-09-10T13:45:00+05:30,WAITING FOR 0.786,2025-09-18,35.47999954223633,2026-03-10,18.5,,31.84627964019776,26.989999771118164,39.894799423217776,34.497841361597665
MASTERTR.NS,92.44999694824219,2026-09-10T13:50:00+05:30,WAITING FOR 0.786,2025-10-06,164.5,2026-03-30,55.59999847412109,,141.1953996734619,110.04999923706056,192.8140003967285,34.523364669069714
KIOCL.NS,367.0,2026-09-10T13:50:00+05:30,WAITING FOR 0.786,2025-10-06,634.5499877929688,2026-03-16,290.6499938964844,,560.955389099121,462.59999084472656,723.9639862060546,34.57590262402293
GUJENERGY.NS,254.5500030517578,2026-09-10T13:55:00+05:30,WAITING FOR 0.786,2026-06-02,423.8999938964844,2026-07-24,261.25,,389.0928952026367,342.5749969482422,466.1889923095703,34.578604186748244
ZENITHEXPO.NS,204.97999572753906,2026-09-10T12:15:00+05:30,WAITING FOR 0.786,2025-09-04,351.6499938964844,2026-03-17,174.0,,313.63289520263675,262.8249969482422,397.8389923095703,34.64333656866495
GALLANTT.NS,553.0,2026-09-10T13:50:00+05:30,WAITING FOR 0.786,2026-05-11,938.0,2026-07-24,513.0999755859375,,847.0713947753907,725.5499877929688,1048.474006347656,34.716246657504776
JAIPURKURT.NS,25.299999237060547,2026-09-10T13:15:00+05:30,WAITING FOR 0.786,2026-02-10,42.7400016784668,2026-03-30,24.399999618530277,,38.81524123764038,33.570000648498535,47.50840221405029,34.819420335004054
EUREKAFORB.NS,397.8999938964844,2026-09-10T13:55:00+05:30,WAITING FOR 0.786,2025-11-28,668.2999877929688,2026-03-09,403.2000122070313,,611.5685930175781,535.75,737.2259814453125,34.93779791189381
LEMONTREE.NS,106.20999908447266,2026-09-10T13:55:00+05:30,WAITING FOR 0.786,2025-09-08,180.67999267578125,2026-03-16,99.61000061035156,,163.33101437377928,140.1449966430664,201.758190612793,34.97254670725701
ZEEMEDIA.NS,7.699999809265137,2026-09-10T13:50:00+05:30,WAITING FOR 0.786,2025-09-22,13.260000228881836,2026-03-30,6.650000095367432,,11.845460200309754,9.955000162124634,14.97860026359558,34.99619534356474
OLAELEC.NS,39.459999084472656,2026-09-10T13:55:00+05:30,WAITING FOR 0.786,2025-09-04,71.25,2026-03-16,22.25,,60.764,46.75,83.99000000000001,35.060234539410416
INDBANK.NS,27.979999542236328,2026-09-10T13:50:00+05:30,WAITING FOR 0.786,2025-10-07,47.150001525878906,2026-03-30,28.25,,43.10540119934082,37.70000076293945,52.06400192260742,35.08934202272497
BCG.NS,10.100000381469727,2026-09-10T13:55:00+05:30,WAITING FOR 0.786,2025-08-21,17.700000762939453,2026-07-31,7.699999809265137,,15.560000558853153,12.700000286102297,20.30000101089477,35.08997417276349
KSCL.NS,722.5,2026-09-10T13:50:00+05:30,WAITING FOR 0.786,2025-09-18,1225.0,2026-03-05,705.0999755859375,,1113.7413947753907,965.0499877929688,1360.1740063476564,35.12856724287354
RKSWAMY.NS,92.87999725341797,2026-09-10T13:45:00+05:30,WAITING FOR 0.786,2025-09-18,163.88999938964844,2026-03-30,67.1500015258789,,143.18763984680174,115.52000045776369,189.0423988342285,35.13406788966461
DCI.NS,278.0,2026-09-10T13:50:00+05:30,WAITING FOR 0.786,2026-04-08,475.0,2026-05-13,258.25,,428.6155,366.625,531.355,35.14000310301424
NACLIND.NS,161.2100067138672,2026-09-10T13:55:00+05:30,WAITING FOR 0.786,2025-08-29,285.79998779296875,2026-03-09,112.62000274658205,,248.739470993042,199.2099952697754,330.8267839050293,35.18921381063132
FABTECH.NS,149.27000427246094,2026-09-10T13:50:00+05:30,WAITING FOR 0.786,2025-12-11,256.95001220703125,2026-03-23,132.6999969482422,,230.3605089416504,194.82500457763672,289.25501617431644,35.201565164856206
BOMDYEING.NS,112.22000122070312,2026-09-10T13:50:00+05:30,WAITING FOR 0.786,2025-09-11,195.4499969482422,2026-03-30,92.0,,173.31169760131837,143.7249984741211,222.3469961547852,35.24960936055739
DYNPRO.NS,238.02000427246094,2026-09-10T13:50:00+05:30,WAITING FOR 0.786,2025-08-25,415.7999877929688,2026-03-30,190.8000030517578,,367.64999105834966,303.2999954223633,474.2999838256836,35.25907519070636
BANG.NS,34.61000061035156,2026-09-10T13:45:00+05:30,WAITING FOR 0.786,2025-11-19,61.0,2026-06-29,25.84000015258789,,53.47576003265381,43.420000076293945,70.14159996032714,35.27908609579795
BESTAGRO.NS,19.200000762939453,2026-09-10T13:55:00+05:30,WAITING FOR 0.786,2026-01-16,34.400001525878906,2026-03-30,12.300000190734863,,29.67060124015808,23.350000858306885,40.14600187301636,35.289478607016065
SPMLINFRA.NS,174.3000030517578,2026-09-10T13:50:00+05:30,WAITING FOR 0.786,2025-09-08,302.0,2026-03-30,151.00999450683594,,269.6881388244629,226.504997253418,341.2574014282227,35.36979274968863
ZUARI.NS,223.91000366210938,2026-09-10T13:50:00+05:30,WAITING FOR 0.786,2025-08-21,393.5499877929688,2026-03-30,175.10000610351562,,346.80169171142575,284.3249969482422,450.34698303222655,35.43572335038514
HAVISHA.NS,1.3700000047683716,2026-09-10T13:45:00+05:30,WAITING FOR 0.786,2025-10-21,2.4200000762939453,2026-03-30,1.0299999713897705,,2.122540053844452,1.725000023841858,2.781400103569031,35.45469249039808
UNIENTER.NS,92.01000213623047,2026-09-10T13:20:00+05:30,WAITING FOR 0.786,2025-11-14,157.60000610351562,2026-03-30,87.51000213623047,,142.6007452545166,122.55500411987305,175.82340713500977,35.47719405532613
SUMMITSEC.NS,1445.9000244140625,2026-09-10T13:55:00+05:30,WAITING FOR 0.786,2025-10-23,2495.0,2026-03-30,1312.0,,2241.838,1903.5,2802.58,35.503813191940615
SANOFI.NS,3103.39990234375,2026-09-10T13:50:00+05:30,WAITING FOR 0.786,2025-08-21,5291.0,2026-05-29,3054.0,,4812.282,4172.5,5872.62,35.51084698810772
ENIL.NS,102.0,2026-09-10T13:45:00+05:30,WAITING FOR 0.786,2025-08-28,174.5800018310547,2026-03-30,98.56999969482422,,158.31386137390135,136.57500076293945,194.3426023864746,35.571023841621056
YATRA.NS,114.69000244140625,2026-09-10T13:55:00+05:30,WAITING FOR 0.786,2025-11-17,202.0,2026-03-30,89.9000015258789,,178.0106003265381,145.95000076293945,231.1459996032715,35.571251245138306
IRFC.NS,81.16999816894531,2026-09-10T13:55:00+05:30,WAITING FOR 0.786,2025-12-29,137.1699981689453,2026-08-19,85.0,,126.00561856079102,111.08499908447266,150.73419769287108,35.58223903342445
EMAMILTD.NS,372.79998779296875,2026-09-10T13:55:00+05:30,WAITING FOR 0.786,2025-08-21,634.2000122070312,2026-06-08,376.3999938964844,,579.0308082885742,505.3000030517578,701.2280169677734,35.61655399738684
JKTYRE.NS,358.0,2026-09-10T13:50:00+05:30,WAITING FOR 0.786,2026-02-11,611.9000244140625,2026-06-11,351.0,,556.0674191894532,481.4500122070313,679.7340307617187,35.61931743423566
EXCELSOFT.NS,81.25,2026-09-10T13:55:00+05:30,WAITING FOR 0.786,2025-11-26,142.58999633789062,2026-03-30,66.4000015258789,,126.28533744812012,104.49499893188477,162.39939498901367,35.661572719494295
RVHL.NS,39.97999954223633,2026-09-10T13:50:00+05:30,WAITING FOR 0.786,2025-09-17,71.36000061035156,2026-03-30,28.5,,62.18796047973633,49.93000030517578,82.50360076904298,35.71102954041461
SALZERELEC.NS,548.2000122070312,2026-09-10T13:50:00+05:30,WAITING FOR 0.786,2025-10-10,952.5,2026-03-30,488.7999877929688,,853.2681973876954,720.6499938964844,1073.062003173828,35.75290701266483
GLOBECIVIL.NS,45.0,2026-09-10T13:40:00+05:30,WAITING FOR 0.786,2025-11-27,80.0,2026-03-30,33.5,,70.049,56.75,92.09,35.759254236320295
KPEL.NS,224.05999755859375,2026-09-10T13:50:00+05:30,WAITING FOR 0.786,2026-05-26,378.7000122070313,2026-08-18,240.0,,349.01820959472656,309.3500061035156,414.76201538085934,35.80277721934107
FCSSOFT.NS,1.4199999570846558,2026-09-10T13:50:00+05:30,WAITING FOR 0.786,2025-10-23,2.5299999713897705,2026-03-30,1.0499999523162842,,2.2132799673080443,1.7899999618530271,2.9147999763488768,35.84182850524033
LIBERTSHOE.NS,233.0,2026-09-10T13:35:00+05:30,WAITING FOR 0.786,2025-09-17,404.9500122070313,2026-03-30,210.5,,363.33770959472656,307.7250061035156,455.50701538085934,35.87233203514923
INA.NS,94.0,2026-09-10T13:50:00+05:30,WAITING FOR 0.786,2026-04-28,161.80999755859375,2026-08-19,92.1999969482422,,146.91345742797853,127.00499725341795,179.90859771728515,36.01675323305105
NAGREEKEXP.NS,22.5,2026-09-10T13:50:00+05:30,WAITING FOR 0.786,2025-09-16,40.0,2026-03-30,17.5,,35.185,28.75,45.85,36.052295012079014
WCIL.NS,84.48999786376953,2026-09-10T13:50:00+05:30,WAITING FOR 0.786,2025-09-22,147.2899932861328,2026-03-30,77.0199966430664,,132.2522140045166,112.1549949645996,165.56019241333007,36.11449267618001
HMAAGRO.NS,19.90999984741211,2026-09-10T13:50:00+05:30,WAITING FOR 0.786,2025-11-18,34.2400016784668,2026-07-31,20.0,,31.192641319274905,27.1200008392334,37.94240211486816,36.1708434895858
RAMAPHO.NS,123.0999984741211,2026-09-10T13:25:00+05:30,WAITING FOR 0.786,2025-11-10,217.19000244140625,2026-03-30,103.5,,192.86034191894527,160.34500122070312,246.7494030761719,36.17142993251709
VISHWARAJ.NS,5.679999828338623,2026-09-10T13:50:00+05:30,WAITING FOR 0.786,2025-09-02,10.199999809265137,2026-03-30,4.139999866485596,,8.903159821510314,7.169999837875366,11.775599794387816,36.20242765253337
AKSHAR.NS,0.4300000071525574,2026-09-10T13:50:00+05:30,WAITING FOR 0.786,2025-10-10,0.7599999904632568,2026-03-09,0.3600000143051147,,0.6743999955654145,0.5600000023841858,0.8639999842643737,36.239618923477764
ORIENTTECH.NS,237.0,2026-09-10T13:50:00+05:30,WAITING FOR 0.786,2026-01-08,412.9500122070313,2026-03-30,220.8000030517578,,371.82991024780273,316.87500762939453,462.9090145874024,36.26117924670088
TOKYOPLAST.NS,77.88999938964844,2026-09-10T11:00:00+05:30,WAITING FOR 0.786,2025-09-18,140.85000610351562,2026-03-30,53.86000061035156,,122.23414492797852,97.3550033569336,163.46740753173827,36.278034721360434
VARDMNPOLY.NS,5.940000057220459,2026-09-10T13:50:00+05:30,WAITING FOR 0.786,2025-08-20,10.479999542236328,2026-01-12,5.099999904632568,,9.328679619789124,7.789999723434448,11.878799448013304,36.32539331054084
MUFTI.NS,73.91000366210938,2026-09-10T13:50:00+05:30,WAITING FOR 0.786,2025-09-04,130.6999969482422,2026-03-30,63.060001373291016,,116.22503789520265,96.8799991607666,148.28639579772948,36.4078472241478
HIMATSEIDE.NS,68.80000305175781,2026-09-10T13:50:00+05:30,WAITING FOR 0.786,2026-02-10,119.01000213623048,2026-08-20,69.05999755859375,,108.3207011566162,94.03499984741212,131.997003326416,36.48489871545156
PRAKASHSTL.NS,3.799999952316284,2026-09-10T13:50:00+05:30,WAITING FOR 0.786,2025-12-30,6.570000171661377,2026-08-19,3.829999923706055,,5.983640118598938,5.200000047683716,7.28240023612976,36.49350768097248
INNOVISION.NS,270.25,2026-09-10T13:45:00+05:30,WAITING FOR 0.786,2026-03-23,470.0,2026-08-19,263.70001220703125,,425.8518026123047,366.8500061035156,523.637996826172,36.53895596021805
VGL.NS,55.0,2026-09-10T13:40:00+05:30,WAITING FOR 0.786,2025-08-21,98.4749984741211,2026-03-30,43.70000076293945,,86.75314896392823,71.08749961853027,112.71649787902832,36.601724943876235
AERONEU.NS,70.91999816894531,2026-09-10T13:40:00+05:30,WAITING FOR 0.786,2025-09-10,125.37000274658205,2026-03-19,63.209999084472656,,112.06776196289064,94.29000091552734,141.53160369873046,36.71686047194439
PIGL.NS,106.16999816894531,2026-09-10T13:50:00+05:30,WAITING FOR 0.786,2025-09-29,189.6999969482422,2026-06-01,88.05000305175781,,167.94689825439454,138.875,216.12899536132807,36.78359096092015
TTL.NS,6.599999904632568,2026-09-10T13:50:00+05:30,WAITING FOR 0.786,2025-09-22,11.800000190734863,2026-08-11,5.5,,10.451800149917602,8.650000095367432,13.438000240325929,36.852984079641054
SURAJLTD.NS,198.99000549316406,2026-09-10T13:50:00+05:30,WAITING FOR 0.786,2025-10-20,348.6499938964844,2026-08-20,192.0,,315.1268952026367,270.3249969482422,389.3789923095703,36.85400753712022
SERVOTECH.NS,78.0,2026-09-10T13:55:00+05:30,WAITING FOR 0.786,2025-10-07,141.5,2026-01-30,57.5099983215332,,123.52613964080813,99.5049991607666,163.33740043640137,36.85547024556096
GLFL.NS,5.130000114440918,2026-09-10T12:35:00+05:30,WAITING FOR 0.786,2025-11-03,9.34000015258789,2026-04-06,3.660000085830689,,8.124480138301848,6.5000001192092896,10.816800169944765,36.85749700764025
TATAELXSI.NS,3405.39990234375,2026-09-10T13:50:00+05:30,WAITING FOR 0.786,2026-01-08,5950.0,2026-07-24,3353.89990234375,,5394.434579101562,4651.949951171875,6624.9860253906245,36.8719769902017
IPL.NS,136.08999633789062,2026-09-10T13:55:00+05:30,WAITING FOR 0.786,2025-09-18,240.25,2026-03-30,125.0,,215.5865,182.625,270.21500000000003,36.87452770099676
PROSTARM.NS,133.0399932861328,2026-09-10T13:50:00+05:30,WAITING FOR 0.786,2025-09-16,237.0,2026-03-30,114.63999938964844,,210.8149598693848,175.81999969482422,268.81360015869143,36.89252728147909
RKDL.NS,18.309999465942383,2026-09-10T12:40:00+05:30,WAITING FOR 0.786,2025-09-17,32.47999954223633,2026-03-05,16.299999237060547,,29.017479476928717,24.38999938964844,36.68679962158203,36.90010367544039
MEDIASSIST.NS,324.8999938964844,2026-09-10T13:50:00+05:30,WAITING FOR 0.786,2025-11-03,575.5499877929688,2026-03-30,293.0,,515.0842904052735,434.2749938964844,649.0129846191406,36.92294640924696
SUVIDHAA.NS,2.4000000953674316,2026-09-10T13:50:00+05:30,WAITING FOR 0.786,2025-09-19,4.239999771118164,2026-03-30,2.2100000381469727,,3.805579828262329,3.2249999046325684,4.767799701690674,36.93470630825529
KNRCON.NS,123.70999908447266,2026-09-10T13:55:00+05:30,WAITING FOR 0.786,2025-09-17,220.0,2026-03-27,108.6500015258789,,196.1711003265381,164.32500076293945,248.9509996032715,36.937704443442364
SOMICONVEY.NS,94.75,2026-09-10T13:50:00+05:30,WAITING FOR 0.786,2025-10-06,169.39999389648438,2026-08-18,80.16000366210938,,150.30263598632814,124.77999877929688,192.60239135742188,36.960520101178616
GOODYEAR.NS,726.0,2026-09-10T13:45:00+05:30,WAITING FOR 0.786,2026-04-15,1273.699951171875,2026-06-03,711.25,,1153.3356616210938,992.4749755859376,1419.9369384765623,37.05215019714587
EMBDL.NS,57.59000015258789,2026-09-10T13:50:00+05:30,WAITING FOR 0.786,2025-09-18,105.6999969482422,2026-03-30,39.459999084472656,,91.52463740539552,72.57999801635742,122.92239639282226,37.07705183523309
NIRAJ.NS,28.399999618530273,2026-09-10T13:35:00+05:30,WAITING FOR 0.786,2025-09-15,51.97999954223633,2026-03-30,20.149999618530277,,45.16837955856323,36.0649995803833,60.255799522399904,37.12415655357273
OMINFRAL.NS,80.7699966430664,2026-09-10T13:50:00+05:30,WAITING FOR 0.786,2025-09-23,144.0,2026-01-27,71.5,,128.485,107.75,162.85,37.13663334780994
INTENTECH.NS,79.44999694824219,2026-09-10T13:50:00+05:30,WAITING FOR 0.786,2025-11-17,142.8000030517578,2026-03-30,66.30000305175781,,126.42900305175782,104.5500030517578,162.6900030517578,37.15840904344017
GKENERGY.NS,130.0,2026-09-10T13:55:00+05:30,WAITING FOR 0.786,2025-10-23,239.6000061035156,2026-04-02,87.19999694824219,,206.98640414428712,163.4000015258789,279.2240084838867,37.19394250195344
CAPILLARY.NS,456.70001220703125,2026-09-10T13:55:00+05:30,WAITING FOR 0.786,2025-11-26,798.9500122070312,2026-03-27,464.25,,727.3242095947267,631.6000061035156,885.9720153808594,37.20819324005319
TVSELECT.NS,410.0,2026-09-10T13:55:00+05:30,WAITING FOR 0.786,2025-10-27,739.3499755859375,2026-03-05,336.20001220703125,,653.0758834228516,537.7749938964844,844.1689660644531,37.22015918714695
ARENTERP.NS,34.0,2026-09-10T13:45:00+05:30,WAITING FOR 0.786,2025-12-01,60.790000915527344,2026-03-30,30.01000022888184,,54.20308076858521,45.40000057220459,68.79280109405518,37.27293814689298
SYNGENE.NS,384.20001220703125,2026-09-10T13:55:00+05:30,WAITING FOR 0.786,2026-01-07,678.9500122070312,2026-07-30,375.25,,613.9582095947266,527.1000061035156,757.9120153808594,37.42244892194837
MIDWESTLTD.NS,1057.300048828125,2026-09-10T13:50:00+05:30,WAITING FOR 0.786,2026-01-08,1859.9000244140625,2026-03-09,1071.0999755859375,,1691.096813964844,1465.5,2064.988037109375,37.4784435700495
ABLBL.NS,83.68000030517578,2026-09-10T13:50:00+05:30,WAITING FOR 0.786,2025-10-08,147.0,2026-08-20,86.0,,133.946,116.5,162.86,37.52706291701448
INDRAMEDCO.NS,360.3500061035156,2026-09-10T13:50:00+05:30,WAITING FOR 0.786,2025-11-06,640.8499755859375,2026-01-27,342.0,,576.8960808105469,491.4249877929688,718.5509692382813,37.5364094002478
SBGLP.NS,22.059999465942383,2026-09-10T13:50:00+05:30,WAITING FOR 0.786,2026-01-29,40.0,2026-03-30,18.350000381469727,,35.366900081634526,29.175000190734863,45.628999900817874,37.62529536085128
JAICORPLTD.NS,96.75,2026-09-10T13:55:00+05:30,WAITING FOR 0.786,2025-10-29,173.39999389648438,2026-03-30,88.0,,155.12439520263672,130.6999969482422,195.60399230957032,37.63069962424872
GLOBALVECT.NS,138.77000427246094,2026-09-10T13:50:00+05:30,WAITING FOR 0.786,2025-10-17,248.0,2026-03-30,129.0,,222.534,188.5,278.94,37.64098777154909
MAHEPC.NS,102.93000030517578,2026-09-10T13:50:00+05:30,WAITING FOR 0.786,2025-08-20,185.1199951171875,2026-03-30,91.91000366210938,,165.1730569458008,138.51499938964844,209.3545928955078,37.68354100333034
DNAMEDIA.NS,2.549999952316284,2026-09-10T13:50:00+05:30,WAITING FOR 0.786,2026-01-19,4.590000152587891,2026-08-17,2.2799999713897705,,4.095660113811493,3.4350000619888306,5.190600199699402,37.73897536767988
DELTACORP.NS,54.599998474121094,2026-09-10T13:50:00+05:30,WAITING FOR 0.786,2025-08-20,98.8000030517578,2026-03-30,48.29999923706055,,87.9930022354126,73.55000114440918,111.9300040435791,37.949612938484975
AJMERA.NS,118.26000213623047,2026-09-10T13:55:00+05:30,WAITING FOR 0.786,2025-11-06,215.8000030517578,2026-03-30,98.02999877929688,,190.5972221374512,156.91500091552734,246.42020416259768,37.952924596694274
TRF.NS,226.0,2026-09-10T13:50:00+05:30,WAITING FOR 0.786,2025-09-18,405.0,2026-03-24,215.5,,364.447,310.25,454.27,37.988239716611744
INTELLECT.NS,685.5,2026-09-10T13:55:00+05:30,WAITING FOR 0.786,2025-11-03,1244.5999755859375,2026-03-30,595.2000122070312,,1105.6283834228516,919.8999938964844,1413.443966064453,37.999059152425176
RHL.NS,172.35000610351562,2026-09-10T13:30:00+05:30,WAITING FOR 0.786,2025-09-03,309.8999938964844,2026-03-30,160.97999572753906,,278.03111428833006,235.4399948120117,348.61919342041017,38.01053290575911
DBREALTY.NS,100.6500015258789,2026-09-10T13:50:00+05:30,WAITING FOR 0.786,2025-09-22,183.8999938964844,2026-03-30,83.5,,162.41439520263674,133.6999969482422,210.00399230957032,38.028891219708285
SPIC.NS,69.75,2026-09-10T13:50:00+05:30,WAITING FOR 0.786,2025-09-03,128.1999969482422,2026-03-30,55.09999847412109,,112.55659727478027,91.64999771118164,147.2059965515137,38.0311757029027
VIPCLOTHNG.NS,21.920000076293945,2026-09-10T13:50:00+05:30,WAITING FOR 0.786,2025-09-22,41.20000076293945,2026-03-30,14.050000190734863,,35.38990064048767,27.62500047683716,48.25900091171265,38.061425210059895
TREEHOUSE.NS,6.079999923706055,2026-09-10T13:50:00+05:30,WAITING FOR 0.786,2026-02-26,11.0,2026-07-20,5.519999980926514,,9.827279995918277,8.259999990463257,12.424800004959106,38.13140638883435
JAYBARMARU.NS,117.0199966430664,2026-09-10T13:55:00+05:30,WAITING FOR 0.786,2026-07-14,207.0,2026-08-19,124.5999984741211,,189.3663996734619,165.79999923706055,228.4240003967285,38.20445609947045
RTNPOWER.NS,7.260000228881836,2026-09-10T13:55:00+05:30,WAITING FOR 0.786,2025-08-21,12.899999618530272,2026-03-30,7.519999980926514,,11.74867969608307,10.209999799728394,14.29879952430725,38.20582042676446
UNIECOM.NS,84.6500015258789,2026-09-10T13:55:00+05:30,WAITING FOR 0.786,2025-09-22,152.97999572753906,2026-03-30,78.51000213623047,,137.04341709899904,115.74499893188477,172.34219406127932,38.23125304535537
INNOVANA.NS,312.25,2026-09-10T13:45:00+05:30,WAITING FOR 0.786,2025-09-15,564.7999877929688,2026-08-18,290.0,,505.9927904052735,427.3999938964844,636.2479846191407,38.289634571689405
GLOBE.NS,1.840000033378601,2026-09-10T13:50:00+05:30,WAITING FOR 0.786,2026-01-05,3.289999961853028,2026-03-30,1.8600000143051147,,2.983979973077774,2.574999988079071,3.6617999482154846,38.33738664536796
WHIRLPOOL.NS,795.2000122070312,2026-09-10T13:55:00+05:30,WAITING FOR 0.786,2025-10-31,1437.0,2026-08-19,751.0,,1290.196,1094.0,1615.36,38.36595275392023
ROUTE.NS,500.45001220703125,2026-09-10T13:50:00+05:30,WAITING FOR 0.786,2025-08-20,921.5999755859376,2026-03-30,410.7000122070313,,812.2673834228516,666.1499938964844,1054.4339660644532,38.38851313982823
JYOTHYLAB.NS,195.5800018310547,2026-09-10T13:50:00+05:30,WAITING FOR 0.786,2025-08-25,352.70001220703125,2026-07-01,188.1000061035156,,317.4756109008789,270.40000915527344,395.4960137939453,38.395267190424285
SHREYANIND.NS,135.74000549316406,2026-09-10T13:50:00+05:30,WAITING FOR 0.786,2025-09-22,247.22000122070312,2026-03-30,122.0,,220.42292095947263,184.6100006103516,279.77720153808593,38.41838003856166
THOMASCOTT.NS,252.85000610351562,2026-09-10T13:40:00+05:30,WAITING FOR 0.786,2025-11-13,459.7999877929688,2026-03-30,230.0,,410.6227904052735,344.8999938964844,519.5479846191406,38.42280262769645
LAXMIDENTL.NS,203.0,2026-09-10T13:55:00+05:30,WAITING FOR 0.786,2025-09-17,377.0499877929688,2026-03-30,155.8800048828125,,329.7196114501953,266.4649963378906,434.5541833496094,38.43253693429046
GOYALALUM.NS,6.199999809265137,2026-09-10T13:45:00+05:30,WAITING FOR 0.786,2026-01-07,11.369999885559082,2026-03-30,5.340000152587891,,10.079579942703248,8.355000019073486,12.93779981613159,38.48950209722375
TATAINVEST.NS,643.4000244140625,2026-09-10T13:55:00+05:30,WAITING FOR 0.786,2025-10-03,1184.699951171875,2026-03-30,538.8499755859375,,1046.4880563964844,861.7749633789062,1352.620944824219,38.51816841277961
SHAKTIPUMP.NS,502.1000061035156,2026-09-10T13:55:00+05:30,WAITING FOR 0.786,2025-09-15,915.0,2026-03-30,456.3500061035156,,816.8489013061524,685.6750030517578,1034.248998413086,38.53208282454062
CENTRUM.NS,21.899999618530273,2026-09-10T13:50:00+05:30,WAITING FOR 0.786,2025-08-25,40.0,2026-03-13,19.65999984741211,,35.647239967346195,29.82999992370605,45.28840003967285,38.56466969506967
PNCINFRA.NS,177.6300048828125,2026-09-10T13:55:00+05:30,WAITING FOR 0.786,2025-09-17,325.0,2026-03-30,158.1699981689453,,289.2983796081543,241.58499908447263,368.37580047607423,38.59972353685255
AFCONS.NS,265.20001220703125,2026-09-10T13:55:00+05:30,WAITING FOR 0.786,2025-10-10,479.3999938964844,2026-08-11,259.1000061035156,,432.2557965087891,369.25,536.6779907226562,38.64743646031386
SRGHFL.NS,195.0,2026-09-10T13:50:00+05:30,WAITING FOR 0.786,2026-07-24,335.0,2026-08-18,255.0500030517578,,317.8907006530762,295.0250015258789,355.786999206543,38.65816156326968
HEADSUP.NS,6.989999771118164,2026-09-10T13:30:00+05:30,WAITING FOR 0.786,2025-10-09,12.949999809265137,2026-03-30,5.690000057220459,,11.396359862327577,9.319999933242798,14.837599744796751,38.664627516504765
CPEDU.NS,181.8000030517578,2026-09-10T13:50:00+05:30,WAITING FOR 0.786,2025-10-29,338.75,2026-03-30,141.0,,296.4315,239.875,390.165,38.670484394621425
PATANJALI.NS,339.20001220703125,2026-09-10T13:50:00+05:30,WAITING FOR 0.786,2025-09-04,615.0,2026-07-15,328.20001220703125,,553.6248026123047,471.6000061035156,689.5679968261718,38.731066490066915
GENESYS.NS,308.4200134277344,2026-09-10T13:55:00+05:30,WAITING FOR 0.786,2025-10-20,594.9000244140625,2026-08-18,168.5,,503.6504191894532,381.7000122070313,705.7640307617188,38.76307818345743
NECLIFE.NS,12.0,2026-09-10T13:50:00+05:30,WAITING FOR 0.786,2025-12-23,22.399999618530277,2026-03-30,9.300000190734863,,19.596599740982057,15.849999904632568,25.80599946975708,38.76488697728213
TRIVENI.NS,264.6499938964844,2026-09-10T13:55:00+05:30,WAITING FOR 0.786,2026-07-14,490.1000061035156,2026-07-31,220.0500030517578,,432.30930545043947,355.0750045776367,560.3130068969726,38.782258313700765
SILLYMONKS.NS,15.600000381469728,2026-08-20T15:25:00+05:30,WAITING FOR 0.786,2025-11-06,28.450000762939453,2026-05-19,14.609999656677246,,25.48824052619934,21.53000020980835,32.04840105056763,38.79530301264028
ALANKIT.NS,8.069999694824219,2026-09-10T13:55:00+05:30,WAITING FOR 0.786,2025-08-20,14.9399995803833,2026-03-30,6.800000190734863,,13.198039710998536,10.869999885559082,17.056399421691893,38.85455816518634
INVENTURE.NS,0.9200000166893005,2026-09-10T13:55:00+05:30,WAITING FOR 0.786,2025-09-03,1.7200000286102295,2026-08-20,0.7200000286102295,,1.5060000286102295,1.2200000286102295,1.9800000286102293,38.911022628711564
ASALCBR.NS,698.5999755859375,2026-09-10T13:45:00+05:30,WAITING FOR 0.786,2025-11-03,1277.0,2026-03-30,660.6500244140625,,1145.1011052246097,968.8250122070312,1437.2509936523438,38.99228876834345
SAMPANN.NS,23.90999984741211,2026-09-10T13:35:00+05:30,WAITING FOR 0.786,2025-11-06,43.43999862670898,2026-03-30,23.75,,39.226338920593264,33.59499931335449,48.55939826965332,39.04605806875415
AHLADA.NS,35.900001525878906,2026-09-10T13:20:00+05:30,WAITING FOR 0.786,2026-01-08,66.44000244140625,2026-03-30,31.21999931335449,,58.902921772003175,48.83000087738037,75.5972032546997,39.05225675419324
TARIL.NS,293.6000061035156,2026-09-10T13:55:00+05:30,WAITING FOR 0.786,2025-09-23,552.0,2026-02-02,224.0500030517578,,481.8187006530762,388.0250015258789,637.266999206543,39.064215293935554
UNITECH.NS,4.199999809265137,2026-09-10T13:55:00+05:30,WAITING FOR 0.786,2025-10-06,7.929999828338623,2026-03-30,3.0999999046325684,,6.896379844665527,5.514999866485596,9.185799808502196,39.09848494621549
EASEMYTRIP.NS,5.820000171661377,2026-09-10T13:55:00+05:30,WAITING FOR 0.786,2026-02-18,10.600000381469728,2026-03-30,5.769999980926514,,9.56638029575348,8.18500018119812,11.855800485610962,39.16194013063773
AARON.NS,136.58999633789062,2026-09-10T13:50:00+05:30,WAITING FOR 0.786,2025-08-25,258.0,2026-03-30,106.8000030517578,,225.64320065307615,182.4000015258789,297.31199920654296,39.46638057669808
SHANTI.NS,6.440000057220459,2026-09-10T13:00:00+05:30,WAITING FOR 0.786,2025-10-07,12.260000228881836,2026-03-25,4.699999809265137,,10.642160139083863,8.480000019073486,14.225600337982176,39.48596926699836
DRCSYSTEMS.NS,12.75,2026-09-10T13:50:00+05:30,WAITING FOR 0.786,2025-09-11,23.68000030517578,2026-03-16,11.5,,21.073480239868164,17.59000015258789,26.846800384521487,39.49741639789174
BELLACASA.NS,264.239990234375,2026-09-10T13:50:00+05:30,WAITING FOR 0.786,2025-10-15,497.3500061035156,2026-08-14,214.67999267578125,,436.8586232299805,356.01499938964844,570.8442095947266,39.51361466080798
ISHANCH.NS,45.45000076293945,2026-09-10T13:30:00+05:30,WAITING FOR 0.786,2025-10-13,83.37000274658203,2026-03-30,45.0,,75.15882215881348,64.18500137329102,93.34620346069336,39.528056111760435
GANESHCP.NS,166.80999755859375,2026-09-10T13:55:00+05:30,WAITING FOR 0.786,2025-10-06,309.95001220703125,2026-03-16,152.0,,276.1487095947266,230.9750061035156,351.01701538085933,39.59414193772528
SHALBY.NS,146.5,2026-09-10T13:55:00+05:30,WAITING FOR 0.786,2025-09-22,274.70001220703125,2026-03-30,125.81999969482422,,242.83968952941893,200.2600059509277,313.4088154602051,39.672135027066005
DCAL.NS,169.11000061035156,2026-09-10T13:50:00+05:30,WAITING FOR 0.786,2025-09-23,321.95001220703125,2026-03-30,128.5,,280.55170959472656,225.2250061035156,372.24701538085935,39.722341790523785
UNIINFO.NS,11.510000228881836,2026-09-10T12:20:00+05:30,WAITING FOR 0.786,2025-08-26,21.780000686645508,2026-03-27,9.359999656677246,,19.1221204662323,15.570000171661375,25.00920095443725,39.80792951698368
SHK.NS,144.61000061035156,2026-09-10T13:55:00+05:30,WAITING FOR 0.786,2025-09-04,275.5,2026-03-30,111.9800033569336,,240.5067207183838,193.7400016784668,318.01519912719726,39.87278185889884
AHLUCONT.NS,592.1500244140625,2026-09-10T13:50:00+05:30,WAITING FOR 0.786,2025-11-18,1077.949951171875,2026-03-30,645.1500244140625,,985.3307668457032,861.5499877929688,1190.477932128906,39.90342691625405
CEINSYS.NS,684.0999755859375,2026-09-10T13:50:00+05:30,WAITING FOR 0.786,2026-04-20,1249.9000244140625,2026-08-12,736.3499755859375,,1140.0003139648438,993.125,1383.423037109375,39.99124673863605
VIKASLIFE.NS,1.25,2026-09-10T13:50:00+05:30,WAITING FOR 0.786,2025-08-20,2.369999885559082,2026-03-30,1.0499999523162842,,2.087519899845123,1.709999918937683,2.713199868202209,40.12033130353681
ARCHIES.NS,12.829999923706055,2026-09-10T13:35:00+05:30,WAITING FOR 0.786,2025-09-24,24.3799991607666,2026-03-30,10.859999656677246,,21.48671926689148,17.619999408721924,27.895199031829836,40.288697570151704
AROGRANITE.NS,23.770000457763672,2026-09-10T13:45:00+05:30,WAITING FOR 0.786,2025-09-19,45.630001068115234,2026-03-30,18.670000076293945,,39.86056085586548,32.15000057220459,52.63960132598877,40.36711991154556
ABFRL.NS,51.27000045776367,2026-09-10T13:55:00+05:30,WAITING FOR 0.786,2025-09-22,94.9499969482422,2026-03-30,53.5099983215332,,86.08183724212647,74.2299976348877,105.72439659118652,40.440397068252494
ASHOKA.NS,113.26000213623047,2026-09-10T13:50:00+05:30,WAITING FOR 0.786,2025-11-04,214.5,2026-03-30,101.0,,190.211,157.75,244.01,40.455598185052146
CSBBANK.NS,308.54998779296875,2026-09-10T13:55:00+05:30,WAITING FOR 0.786,2026-01-05,574.4000244140625,2026-08-18,312.95001220703125,,518.4497218017578,443.6750183105469,642.3770275878906,40.48603464947937
BPL.NS,47.47999954223633,2026-09-10T13:50:00+05:30,WAITING FOR 0.786,2025-09-04,91.27999877929688,2026-03-30,37.61000061035156,,79.79461917114259,64.44499969482422,105.23419830322266,40.49724149895149
AGRITECH.NS,99.30999755859375,2026-09-10T13:20:00+05:30,WAITING FOR 0.786,2025-12-17,187.19000244140625,2026-03-30,92.5199966430664,,166.93062120056152,139.85499954223633,211.8042039489746,40.508220214866306
SUMIT.NS,49.060001373291016,2026-09-10T13:50:00+05:30,WAITING FOR 0.786,2025-10-13,96.48999786376952,2026-03-12,31.739999771118164,,82.63349827194213,64.11499881744385,113.32499736785888,40.629402846001575
MTNL.NS,25.110000610351562,2026-09-10T13:50:00+05:30,WAITING FOR 0.786,2025-08-22,48.18999862670898,2026-03-30,21.26000022888184,,42.42697896957398,34.72499942779541,55.19179821014404,40.8159590425731
INDOFARM.NS,140.39999389648438,2026-09-10T13:50:00+05:30,WAITING FOR 0.786,2025-10-20,271.69000244140625,2026-03-30,110.6999969482422,,237.2381412658692,191.19499969482425,313.5474038696289,40.818962268322515
SAKUMA.NS,1.5800000429153442,2026-09-10T13:50:00+05:30,WAITING FOR 0.786,2025-10-29,3.0999999046325684,2026-03-30,1.100000023841858,,2.671999930143357,2.099999964237213,3.619999873638153,40.86826032100328
BAJAJELEC.NS,341.5,2026-09-10T13:50:00+05:30,WAITING FOR 0.786,2025-09-24,653.7999877929688,2026-06-11,301.0,,578.3007904052735,477.3999938964844,745.5279846191406,40.94768576043677
DSSL.NS,1028.0,2026-09-10T13:50:00+05:30,WAITING FOR 0.786,2026-05-25,1924.800048828125,2026-08-20,1072.9000244140625,,1742.4934436035155,1498.8500366210938,2146.294055175781,41.00408218041424
MINDTECK.NS,160.91000366210938,2026-09-10T13:50:00+05:30,WAITING FOR 0.786,2025-10-20,307.67999267578125,2026-03-30,145.1300048828125,,272.8942952880859,226.40499877929688,349.9429895019531,41.0357759614426
TRACXN.NS,29.09000015258789,2026-09-10T13:50:00+05:30,WAITING FOR 0.786,2025-10-17,55.900001525878906,2026-03-30,25.38999938964844,,49.37086106872559,40.64500045776367,63.83260208129883,41.07860482300721
EFCIL.NS,186.75,2026-09-10T13:50:00+05:30,WAITING FOR 0.786,2025-08-20,357.0,2026-08-18,171.4199981689453,,317.2858796081543,264.20999908447266,405.25080047607423,41.141408426169214
HAPPSTMNDS.NS,334.8999938964844,2026-09-10T13:50:00+05:30,WAITING FOR 0.786,2025-08-21,635.0,2026-03-09,330.20001220703125,,569.7728026123048,482.6000061035156,714.2479968261719,41.22218674513266
REPRO.NS,311.1000061035156,2026-09-10T13:50:00+05:30,WAITING FOR 0.786,2025-11-14,590.0,2026-03-30,307.04998779296875,,529.4486973876953,448.5249938964844,663.5670031738282,41.24076465982712
TREJHARA.NS,147.5800018310547,2026-09-10T13:50:00+05:30,WAITING FOR 0.786,2025-12-02,284.8500061035156,2026-07-09,128.39999389648438,,251.3697034912109,206.625,325.5270092773437,41.28966228572777
RALLIS.NS,203.97999572753906,2026-09-10T13:55:00+05:30,WAITING FOR 0.786,2025-08-21,385.7000122070313,2026-08-12,207.52999877929688,,347.5716293334961,296.61500549316406,432.0242156982422,41.31281770071642
MFML.NS,19.200000762939453,2026-09-10T13:50:00+05:30,WAITING FOR 0.786,2025-09-09,36.9900016784668,2026-07-20,17.299999237060547,,32.776341156005856,27.145000457763672,42.10940231323242,41.421159025795376
ROHLTD.NS,306.6000061035156,2026-09-10T13:50:00+05:30,WAITING FOR 0.786,2025-09-02,593.4000244140625,2026-03-30,269.3999938964844,,524.0640178833007,431.40000915527344,677.6400323486328,41.49569601403359
CHEMFAB.NS,387.0,2026-09-10T13:45:00+05:30,WAITING FOR 0.786,2025-08-21,764.0,2026-03-30,290.3500061035156,,662.6389013061523,527.1750030517578,887.1489984130859,41.59715053897835
SOMATEX.NS,84.37000274658203,2026-09-10T13:00:00+05:30,WAITING FOR 0.786,2025-11-06,161.25,2026-08-20,83.05999755859375,,144.51733947753905,122.15499877929688,181.5794006347656,41.619460300336584
PROTEAN.NS,489.25,2026-09-10T13:50:00+05:30,WAITING FOR 0.786,2025-09-03,945.5,2026-03-30,444.0,,838.1790000000001,694.75,1075.89,41.62941328761518
SUNDARAM.NS,1.2200000286102295,2026-09-10T13:50:00+05:30,WAITING FOR 0.786,2025-08-20,2.380000114440918,2026-08-14,1.0299999713897705,,2.0911000838279725,1.7050000429153442,2.731000151634216,41.65750180752254
ATLANTAA.NS,37.540000915527344,2026-09-10T13:50:00+05:30,WAITING FOR 0.786,2025-10-07,73.38999938964844,2026-03-30,31.520000457763672,,64.4298196182251,52.454999923706055,84.27619911193847,41.735051971325866
DEVX.NS,33.040000915527344,2026-09-10T13:50:00+05:30,WAITING FOR 0.786,2025-09-17,64.05000305175781,2026-03-30,29.950000762939453,,56.75260256195068,47.00000190734863,72.91600364685058,41.782403935641284
RUSTOMJEE.NS,350.3500061035156,2026-09-10T13:50:00+05:30,WAITING FOR 0.786,2025-08-21,668.0,2026-03-23,358.79998779296875,,601.8311973876953,513.3999938964844,748.3920031738281,41.78600118700349
JISLJALEQS.NS,30.209999084472656,2026-09-10T13:50:00+05:30,WAITING FOR 0.786,2025-09-17,59.0,2026-08-17,26.11000061035156,,51.961540130615234,42.55500030517578,67.5513998413086,41.86084744883607
INDOUS.NS,79.75,2026-09-10T13:50:00+05:30,WAITING FOR 0.786,2026-02-23,154.38999938964844,2026-08-13,74.9800033569336,,137.39626023864747,114.68500137329102,175.0365983581543,41.95620764242057
MHRIL.NS,194.0,2026-09-10T13:55:00+05:30,WAITING FOR 0.786,2025-09-22,368.8999938964844,2026-07-22,207.8999938964844,,334.4459938964844,288.3999938964844,410.7599938964844,41.99362422022443
SAMBHAAV.NS,5.880000114440918,2026-09-10T13:10:00+05:30,WAITING FOR 0.786,2025-11-24,11.529999732971191,2026-03-30,5.070000171661377,,10.147559826850893,8.299999952316284,13.209599618911744,42.05503377391107
BATAINDIA.NS,658.0,2026-09-10T13:50:00+05:30,WAITING FOR 0.786,2025-09-15,1282.5,2026-03-30,605.0,,1137.515,943.75,1458.65,42.15460895021165
ESSENTIA.NS,1.0700000524520874,2026-09-10T13:55:00+05:30,WAITING FOR 0.786,2025-10-30,2.0799999237060547,2026-03-30,1.0099999904632568,,1.851019937992096,1.5449999570846558,2.3581999063491823,42.19402878972898
SVPGLOB.NS,3.4000000953674316,2026-09-10T13:50:00+05:30,WAITING FOR 0.786,2025-11-28,6.889999866485596,2026-03-30,2.180000066757202,,5.88205990934372,4.534999966621399,8.114599814414978,42.19711890444209
SMLT.NS,61.970001220703125,2026-09-10T13:45:00+05:30,WAITING FOR 0.786,2025-11-04,121.0,2026-03-30,56.61000061035156,,107.22054013061523,88.80500030517578,137.74139984130858,42.20323722934827
ORIENTCEM.NS,126.0999984741211,2026-09-10T13:50:00+05:30,WAITING FOR 0.786,2025-08-21,244.3699951171875,2026-03-30,122.31999969482422,,218.25129609680172,183.34499740600583,276.102993927002,42.22256603773316
FINKURVE.NS,67.05000305175781,2026-09-10T13:50:00+05:30,WAITING FOR 0.786,2025-10-06,134.89999389648438,2026-03-30,48.02000045776367,,116.30767530059816,91.45999717712402,157.48879219055175,42.35117942262494
PGHH.NS,7585.0,2026-09-10T13:55:00+05:30,WAITING FOR 0.786,2025-10-07,14509.0,2026-08-20,8220.0,,13163.154,11364.5,16144.14,42.377032130749214
PILITA.NS,7.960000038146973,2026-09-10T13:40:00+05:30,WAITING FOR 0.786,2025-09-15,15.899999618530272,2026-03-30,6.199999809265137,,13.824199659347537,11.049999713897703,18.421999568939206,42.419812833326354
RAYMONDLSL.NS,692.8499755859375,2026-09-10T13:55:00+05:30,WAITING FOR 0.786,2025-09-12,1350.0,2026-08-03,677.0,,1205.978,1013.5,1524.98,42.54870523459487
DIGIDRIVE.NS,17.489999771118164,2026-09-10T13:50:00+05:30,WAITING FOR 0.786,2025-09-11,34.369998931884766,2026-03-27,16.100000381469727,,30.460219242095945,25.23499965667725,39.12019855499268,42.58084739276259
HLVLTD.NS,6.369999885559082,2026-09-10T13:50:00+05:30,WAITING FOR 0.786,2025-08-21,12.600000381469728,2026-03-30,5.599999904632568,,11.102000279426576,9.100000143051147,14.420000505447389,42.6229532946103
JARO.NS,448.25,2026-09-10T13:50:00+05:30,WAITING FOR 0.786,2025-09-30,890.0,2026-03-30,383.5,,781.609,636.75,1021.69,42.65035330964715
DAMCAPITAL.NS,143.42999267578125,2026-09-10T13:50:00+05:30,WAITING FOR 0.786,2025-11-07,286.0,2026-03-16,119.22000122070312,,250.3090802612305,202.6100006103516,329.36279968261715,42.698845552828864
NIITMTS.NS,224.07000732421875,2026-09-10T13:50:00+05:30,WAITING FOR 0.786,2025-12-26,443.8999938964844,2026-05-29,203.3000030517578,,392.4115958557129,323.5999984741211,506.4559915161133,42.89923904119088
CIFL.NS,20.200000762939453,2026-09-10T13:50:00+05:30,WAITING FOR 0.786,2026-01-14,39.68999862670898,2026-07-27,19.559999465942383,,35.382178806304935,29.624999046325684,44.923798408508304,42.90911005361855
GTPL.NS,59.2599983215332,2026-09-10T13:50:00+05:30,WAITING FOR 0.786,2025-10-14,118.25,2026-08-17,50.84999847412109,,103.8263996734619,84.54999923706055,135.77400039672852,42.923959120312155
SEMAC.NS,279.8500061035156,2026-09-10T13:25:00+05:30,WAITING FOR 0.786,2025-08-25,568.0,2026-03-09,205.0,,490.318,386.5,662.38,42.924794499994775
KARMAENG.NS,37.25,2026-09-10T13:45:00+05:30,WAITING FOR 0.786,2025-09-25,73.69999694824219,2026-03-30,34.380001068115234,,65.28551782989501,54.03999900817871,83.92319587707519,42.942935526594255
AVANTIFEED.NS,815.6500244140625,2026-09-10T13:55:00+05:30,WAITING FOR 0.786,2026-04-21,1593.800048828125,2026-08-12,829.9000244140625,,1430.3254436035156,1211.8500366210938,1792.4140551757814,42.97451478181495
SARVESHWAR.NS,4.0,2026-09-10T13:50:00+05:30,WAITING FOR 0.786,2025-09-17,8.25,2026-03-30,2.5,,7.0195,5.375,9.745,43.01588432224517
SRTL.NS,37.4900016784668,2026-09-10T13:45:00+05:30,WAITING FOR 0.786,2026-03-04,73.36000061035156,2026-08-20,38.0,,65.79296047973634,55.68000030517578,82.55360076904296,43.01821744286246
RVNL.NS,206.2899932861328,2026-09-10T13:55:00+05:30,WAITING FOR 0.786,2025-12-29,400.7000122070313,2026-07-28,220.16000366210935,,362.064450378418,310.4300079345703,447.6404144287109,43.023958007883614
LASA.NS,6.989999771118164,2026-08-20T15:25:00+05:30,WAITING FOR 0.786,2025-09-16,14.079999923706056,2026-03-30,5.670000076293945,,12.280259956359863,9.875,16.266599884033205,43.07938271699134
SDBL.NS,71.01000213623047,2026-09-10T13:55:00+05:30,WAITING FOR 0.786,2025-09-24,141.89999389648438,2026-03-30,61.79999923706055,,124.75859503936768,101.84999656677246,162.72599250793456,43.08207613766154
HUBTOWN.NS,184.0500030517578,2026-09-10T13:50:00+05:30,WAITING FOR 0.786,2025-08-25,365.7000122070313,2026-03-30,168.14999389648438,,323.42430828857425,266.9250030517578,417.0630169677735,43.093330236779906
IFBAGRO.NS,883.0,2026-09-10T13:45:00+05:30,WAITING FOR 0.786,2026-01-08,1790.0,2026-03-16,679.1500244140625,,1552.2781052246094,1234.5750122070312,2078.8209936523435,43.11586325749065
TRENT.NS,2802.39990234375,2026-09-10T13:55:00+05:30,WAITING FOR 0.786,2025-09-04,5674.0,2026-03-30,2183.666748046875,,4927.068684082031,3928.8333740234375,6581.486645507813,43.1223698708014
SAGCEM.NS,151.94000244140625,2026-09-10T13:50:00+05:30,WAITING FOR 0.786,2025-09-05,299.3999938964844,2026-03-24,148.6999969482422,,267.1501945495605,224.04999542236328,338.58199310302734,43.12562538178537
BALAXI.NS,24.020000457763672,2026-09-10T13:50:00+05:30,WAITING FOR 0.786,2025-08-21,49.650001525878906,2026-03-27,15.199999809265137,,42.27770115852356,32.42500066757202,58.60700197219849,43.18517847576718
MEIL.NS,281.1000061035156,2026-09-10T13:50:00+05:30,WAITING FOR 0.786,2025-09-04,573.7000122070312,2026-03-30,206.25999450683597,,495.0678484191895,389.9800033569336,669.234416809082,43.21990268584369
BIGBLOC.NS,40.29999923706055,2026-09-10T13:50:00+05:30,WAITING FOR 0.786,2026-01-01,80.0,2026-03-30,38.0,,71.012,59.0,90.92,43.249029407620476
ENERGYDEV.NS,14.84000015258789,2026-09-10T13:50:00+05:30,WAITING FOR 0.786,2025-11-19,29.690000534057617,2026-03-30,13.149999618530272,,26.150440338134764,21.420000076293945,33.99040077209473,43.2514330133594
JSWHL.NS,11410.0,2026-09-10T13:55:00+05:30,WAITING FOR 0.786,2025-12-03,22790.0,2026-07-24,10530.0,,20166.36,16660.0,25977.6,43.42062722276108
JKLAKSHMI.NS,505.6000061035156,2026-09-10T13:55:00+05:30,WAITING FOR 0.786,2025-09-04,989.7999877929688,2026-08-13,542.9500122070312,,894.1740930175781,766.375,1105.9809814453124,43.45620052608969
CELLO.NS,340.1000061035156,2026-09-10T13:55:00+05:30,WAITING FOR 0.786,2025-10-30,673.7999877929688,2026-07-24,336.6000061035156,,601.6391917114258,505.1999969482422,761.4719830322265,43.471101818339754
FIBERWEB.NS,26.3700008392334,2026-09-10T13:45:00+05:30,WAITING FOR 0.786,2025-08-26,52.470001220703125,2026-08-18,25.309999465942383,,46.65776084518433,38.890000343322754,59.53160167694092,43.482069517369226
TRANSRAILL.NS,419.8999938964844,2026-09-10T13:55:00+05:30,WAITING FOR 0.786,2025-09-16,823.0,2026-01-27,450.0499877929688,,743.1886973876954,636.5249938964844,919.967003173828,43.500217996798014
BAJAJINDEF.NS,221.5,2026-09-10T13:45:00+05:30,WAITING FOR 0.786,2025-10-08,442.6000061035156,2026-03-27,207.25,,392.2351047973633,324.9250030517578,503.7910076904297,43.52876698417102
XELPMOC.NS,74.58000183105469,2026-09-10T13:50:00+05:30,WAITING FOR 0.786,2026-01-27,147.5,2026-08-20,75.5,,132.09199999999998,111.5,166.22,43.539349974976005
NEWGEN.NS,510.75,2026-09-10T13:55:00+05:30,WAITING FOR 0.786,2025-10-29,1041.949951171875,2026-03-30,401.0499877929688,,904.797359008789,721.4999694824219,1208.583941650391,43.55089624050962
GODFRYPHLP.NS,1972.199951171875,2026-09-10T13:55:00+05:30,WAITING FOR 0.786,2025-09-16,3947.0,2026-03-23,1832.0999755859373,,3494.4113947753904,2889.5499877929688,4496.874006347656,43.56131181003541
HBSL.NS,53.400001525878906,2026-09-10T13:50:00+05:30,WAITING FOR 0.786,2025-11-10,108.8000030517578,2026-03-30,42.630001068115234,,94.6396226272583,75.71500205993652,126.00420356750487,43.57542851137857
TNTELE.NS,8.880000114440918,2026-09-10T13:50:00+05:30,WAITING FOR 0.786,2025-08-29,17.899999618530273,2026-03-18,7.809999942779541,,15.740739687919618,12.854999780654907,20.52339953422546,43.58587785264018
ANNAPURNA.NS,139.0,2026-09-10T13:50:00+05:30,WAITING FOR 0.786,2025-10-20,281.5,2026-07-29,120.75,,247.0995,201.125,323.295,43.74735683398793
ATAM.NS,54.88999938964844,2026-09-10T13:50:00+05:30,WAITING FOR 0.786,2025-11-03,111.0,2026-03-25,48.5,,97.625,79.75,127.25,43.774648512524
SURAJEST.NS,174.77000427246094,2026-09-10T13:50:00+05:30,WAITING FOR 0.786,2025-08-22,349.3500061035156,2026-03-30,171.3000030517578,,311.24730545043946,260.3250045776367,395.6430068969727,43.84850849727599
CMSINFO.NS,227.85000610351562,2026-09-10T13:55:00+05:30,WAITING FOR 0.786,2025-08-21,450.8500061035156,2026-08-19,240.5,,405.8351047973633,345.6750030517578,505.5410076904297,43.85650639629045
LATENTVIEW.NS,257.8999938964844,2026-09-10T13:55:00+05:30,WAITING FOR 0.786,2025-12-08,517.5,2026-03-23,248.0,,459.827,382.75,587.5699999999999,43.9136906061444
INDOWIND.NS,9.170000076293945,2026-09-10T13:50:00+05:30,WAITING FOR 0.786,2025-12-01,18.940000534057617,2026-03-30,7.0,,16.38484041976929,12.970000267028809,22.0444006729126,44.033632056435586
ADSL.NS,99.43000030517578,2026-09-10T13:50:00+05:30,WAITING FOR 0.786,2025-10-07,202.6300048828125,2026-03-30,86.2699966430664,,177.72896311950683,144.45000076293945,232.8836070251465,44.055263385339174
TIGERLOGS.NS,27.649999618530273,2026-09-10T13:55:00+05:30,WAITING FOR 0.786,2025-09-18,56.68999862670898,2026-03-23,22.899999618530277,,49.45893883895874,39.79499912261963,65.47539836883544,44.09504071941308
SECURKLOUD.NS,17.0,2026-09-10T13:45:00+05:30,WAITING FOR 0.786,2025-11-24,34.18000030517578,2026-07-06,16.709999084472656,,30.441420043945318,25.44499969482422,38.72220062255859,44.15503621230957
GRMOVER.NS,86.83999633789062,2026-09-10T13:55:00+05:30,WAITING FOR 0.786,2026-05-18,175.60000610351562,2026-06-11,81.94999694824219,,155.5589041442871,128.7750015258789,199.9490084838867,44.17548978273654
CCCL.NS,14.1899995803833,2026-09-10T13:50:00+05:30,WAITING FOR 0.786,2025-09-17,28.8700008392334,2026-03-30,12.760000228881836,,25.422460708618164,20.815000534057617,33.058600997924806,44.183217576680455
VIKRAN.NS,58.02000045776367,2026-09-10T13:50:00+05:30,WAITING FOR 0.786,2025-11-20,118.4000015258789,2026-03-30,51.09999847412109,,103.99780087280274,84.75,135.89800231933594,44.210358324089405
ABINFRA.NS,11.369999885559082,2026-09-10T13:40:00+05:30,WAITING FOR 0.786,2026-02-23,23.559999465942383,2026-06-11,8.819999694824219,,20.40563951492309,16.1899995803833,27.392399406433107,44.28011002917134
KRITIKA.NS,5.389999866485596,2026-09-10T13:50:00+05:30,WAITING FOR 0.786,2025-09-01,11.100000381469728,2026-03-30,4.5,,9.687600299835204,7.800000190734863,12.816000480651857,44.36186775194177
CEWATER.NS,281.1499938964844,2026-09-10T13:55:00+05:30,WAITING FOR 0.786,2025-08-26,579.0,2026-03-16,235.0,,505.384,407.0,668.44,44.36903544700972
SGL.NS,10.079999923706055,2026-09-10T13:50:00+05:30,WAITING FOR 0.786,2025-09-23,20.790000915527344,2026-03-30,8.399999618530273,,18.13854063796997,14.595000267028809,24.01140125274658,44.42772368023215
VISACHROME.NS,35.349998474121094,2026-09-10T13:50:00+05:30,WAITING FOR 0.786,2025-10-17,73.68000030517578,2026-04-01,27.049999237060547,,63.70118007659912,50.36499977111816,85.80380058288574,44.50652494724026
RSYSTEMS.NS,241.9199981689453,2026-09-10T13:55:00+05:30,WAITING FOR 0.786,2025-08-22,496.8999938964844,2026-07-06,213.5200042724609,,436.25667611694337,355.20999908447266,570.5787911987304,44.546407788589114
DREAMFOLKS.NS,67.79000091552734,2026-09-10T13:50:00+05:30,WAITING FOR 0.786,2025-11-10,140.4199981689453,2026-03-30,56.0,,122.35411856079102,98.20999908447266,162.3691976928711,44.59524394199593
MBEL.NS,259.79998779296875,2026-09-10T13:55:00+05:30,WAITING FOR 0.786,2025-11-10,535.9000244140625,2026-03-30,223.0500030517578,,468.9501198425293,379.47501373291016,617.2410299682617,44.59965424889793
JAINREC.NS,292.54998779296875,2026-09-10T13:50:00+05:30,WAITING FOR 0.786,2026-05-08,593.9500122070312,2026-08-19,287.5,,528.3697095947266,440.7250061035156,673.6270153808593,44.631574732517834
TIRUMALCHM.NS,159.97000122070312,2026-09-10T13:55:00+05:30,WAITING FOR 0.786,2025-09-17,328.79998779296875,2026-08-19,143.5,,289.14579040527343,236.1499938964844,376.9779846191406,44.67496794731631
ZENSARTECH.NS,427.8500061035156,2026-09-10T13:55:00+05:30,WAITING FOR 0.786,2025-09-18,868.9500122070312,2026-07-01,423.0,,773.5167095947265,645.9750061035156,984.8970153808592,44.68768408019501
MAHAPEXLTD.NS,56.09000015258789,2026-09-10T13:45:00+05:30,WAITING FOR 0.786,2026-03-09,117.88999938964844,2026-07-24,42.0,,101.64953952026367,79.94499969482422,137.62139923095702,44.82021225348843
NDTV.NS,72.91999816894531,2026-09-10T13:50:00+05:30,WAITING FOR 0.786,2025-08-21,152.5,2026-03-30,58.75,,132.4375,105.625,176.875,44.94006745148065
PIONEEREMB.NS,20.59000015258789,2026-09-10T13:50:00+05:30,WAITING FOR 0.786,2025-08-25,42.25,2026-03-30,19.61000061035156,,37.405040130615234,30.93000030517578,48.1363998413086,44.95394181990087
TOUCHWOOD.NS,62.400001525878906,2026-09-10T13:30:00+05:30,WAITING FOR 0.786,2025-09-22,128.0,2026-08-17,60.0099983215332,,113.45013964080812,94.0049991607666,145.67740043640137,44.997862740899116
DECCANCE.NS,565.0999755859375,2026-09-10T13:50:00+05:30,WAITING FOR 0.786,2025-09-11,1164.9000244140625,2026-08-12,525.0,,1027.9614191894532,844.9500122070312,1331.274030761719,45.027122123754566
GEMAROMA.NS,166.52000427246094,2026-09-10T13:45:00+05:30,WAITING FOR 0.786,2025-08-26,349.6000061035156,2025-12-09,133.0,,303.2476047973633,241.3000030517578,405.9160076904297,45.087775917065116
ARIHANTSUP.NS,222.39999389648438,2026-09-10T13:50:00+05:30,WAITING FOR 0.786,2025-10-07,465.0,2026-03-30,188.8000030517578,,405.8932006530762,326.9000015258789,536.811999206543,45.20726300942069
RUSHIL.NS,16.049999237060547,2026-09-10T13:50:00+05:30,WAITING FOR 0.786,2025-09-17,33.9900016784668,2026-03-30,12.489999771118164,,29.38900127029419,23.24000072479248,39.58000217437744,45.38773505963415
MAPMYINDIA.NS,949.0,2026-09-10T13:50:00+05:30,WAITING FOR 0.786,2025-10-14,1998.0,2026-03-30,795.0,,1740.558,1396.5,2310.78,45.47725499523716
IXIGO.NS,162.72999572753906,2026-09-10T13:55:00+05:30,WAITING FOR 0.786,2025-10-16,339.1499938964844,2026-06-08,151.27000427246094,,298.9436761169434,245.20999908447263,387.9987911987305,45.56499811560458
MITTAL.NS,0.8600000143051147,2026-09-10T13:55:00+05:30,WAITING FOR 0.786,2025-09-17,1.8200000524520876,2026-03-30,0.699999988079071,,1.580320038676262,1.2600000202655792,2.1112000691890715,45.58064232195116
KELLTONTEC.NS,13.520000457763672,2026-09-10T13:50:00+05:30,WAITING FOR 0.786,2025-09-08,28.1299991607666,2026-03-30,13.0,,24.89217934036255,20.5649995803833,32.06379894256592,45.68575023946957
CELEBRITY.NS,6.699999809265137,2026-09-10T13:10:00+05:30,WAITING FOR 0.786,2025-08-25,14.199999809265137,2026-03-30,5.650000095367432,,12.370299870491028,9.924999952316284,16.422999734878537,45.838016221031296
SHRADHA.NS,30.690000534057617,2026-09-10T13:50:00+05:30,WAITING FOR 0.786,2025-08-21,65.0199966430664,2026-03-30,26.34000015258789,,56.742477394104,45.67999839782715,75.07679573059082,45.913534368792725
INOXWIND.NS,76.08000183105469,2026-09-10T13:55:00+05:30,WAITING FOR 0.786,2025-10-29,159.3000030517578,2026-08-11,72.69999694824219,,140.76760174560548,116.0,181.81600463867187,45.95347161732137
DIGISPICE.NS,16.790000915527344,2026-09-10T13:45:00+05:30,WAITING FOR 0.786,2025-09-16,35.5,2026-03-30,14.81999969482422,,31.074479934692384,25.15999984741211,40.8768000793457,45.96852159452382
GREENPANEL.NS,159.97999572753906,2026-09-10T13:55:00+05:30,WAITING FOR 0.786,2025-09-12,333.79998779296875,2026-08-20,157.67999267578125,,296.11030883789067,245.739990234375,379.5911865234375,45.972838177977074
DEVIT.NS,24.100000381469727,2026-09-10T13:55:00+05:30,WAITING FOR 0.786,2025-08-21,50.88999938964844,2026-03-02,22.25,,44.76103952026367,36.56999969482422,58.33639923095704,46.15853286749637
KAVDEFENCE.NS,74.79000091552734,2026-09-10T13:55:00+05:30,WAITING FOR 0.786,2025-10-01,162.8699951171875,2026-04-01,51.5099983215332,,139.03895580291749,107.18999671936037,191.8235942840576,46.20931919142188
VIKASECO.NS,1.059999942779541,2026-09-10T13:50:00+05:30,WAITING FOR 0.786,2025-08-21,2.240000009536743,2026-03-30,0.9900000095367432,,1.972500009536743,1.6150000095367432,2.565000009536744,46.26109314805579
AURIONPRO.NS,671.7999877929688,2026-09-10T13:50:00+05:30,WAITING FOR 0.786,2025-08-20,1409.4000244140625,2026-08-20,680.1500244140625,,1253.3405244140629,1044.7750244140625,1599.0050244140623,46.399244681964184
AGROPHOS.NS,22.670000076293945,2026-09-10T13:45:00+05:30,WAITING FOR 0.786,2025-09-24,47.470001220703125,2026-03-30,23.899999618530277,,42.42602087783813,35.6850004196167,53.59820163726806,46.56581124689927
ZAGGLE.NS,184.32000732421875,2026-09-10T13:55:00+05:30,WAITING FOR 0.786,2025-11-28,397.0,2026-08-18,154.36000061035156,,345.0750401306152,275.6800003051758,460.0863998413086,46.58552897524801
HINDWAREAP.NS,183.0500030517578,2026-09-10T13:55:00+05:30,WAITING FOR 0.786,2025-11-11,390.0,2026-03-30,170.5,,343.02700000000004,280.25,447.07,46.636852769094624
ANIKINDS.NS,44.79999923706055,2026-09-10T12:35:00+05:30,WAITING FOR 0.786,2025-08-25,98.0,2026-03-30,32.5,,83.983,65.25,115.03,46.65587173944662
HGINFRA.NS,488.1000061035156,2026-09-10T13:55:00+05:30,WAITING FOR 0.786,2025-09-16,1049.949951171875,2026-03-30,429.5,,917.1736616210936,739.7249755859375,1211.2669384765625,46.782160617128426
KSHITIJPOL.NS,3.2699999809265137,2026-09-10T13:50:00+05:30,WAITING FOR 0.786,2026-06-11,7.199999809265137,2026-07-21,2.2699999809265137,,6.144979846000672,4.734999895095825,8.481799764633179,46.78583066379424
RAMKY.NS,336.6000061035156,2026-09-10T13:50:00+05:30,WAITING FOR 0.786,2025-10-07,705.0,2026-07-30,367.0,,632.668,536.0,792.88,46.796739189667306
GUJRAFFIA.NS,40.70000076293945,2026-09-10T13:35:00+05:30,WAITING FOR 0.786,2025-10-27,88.0,2026-03-17,35.099998474121094,,76.67939967346192,61.54999923706055,101.75400039672851,46.92185784414093
TOLINS.NS,91.19000244140625,2026-09-10T13:55:00+05:30,WAITING FOR 0.786,2025-11-06,196.2700042724609,2026-03-30,83.04000091552734,,172.03878355407716,139.65500259399414,225.7098051452637,46.99450870463613
NEXTMEDIA.NS,3.9100000858306885,2026-09-10T13:30:00+05:30,WAITING FOR 0.786,2025-10-30,8.479999542236328,2026-03-30,3.4200000762939453,,7.397159656524659,5.949999809265137,9.795599403381347,47.14187245665468
KAYNES.NS,3534.0,2026-09-10T13:55:00+05:30,WAITING FOR 0.786,2025-10-07,7705.0,2026-05-20,2995.0,,6697.06,5350.0,8929.6,47.23057580490544
SULA.NS,138.52000427246094,2026-09-10T13:55:00+05:30,WAITING FOR 0.786,2025-09-10,296.79998779296875,2026-03-30,138.60000610351562,,262.94519171142576,217.6999969482422,337.9319830322265,47.31981848731337
PAKKA.NS,77.0,2026-09-10T13:45:00+05:30,WAITING FOR 0.786,2025-09-23,167.1999969482422,2026-07-17,69.0999984741211,,146.20659727478028,118.14999771118164,192.7059965515137,47.33479785779679
LGHL.NS,182.0,2026-09-10T13:25:00+05:30,WAITING FOR 0.786,2025-10-10,395.0,2026-08-19,168.0,,346.422,281.5,454.02,47.46292094612929
SADBHAV.NS,8.050000190734863,2026-09-10T13:55:00+05:30,WAITING FOR 0.786,2025-08-25,17.850000381469727,2026-02-06,6.050000190734863,,15.324800340652466,11.950000286102297,20.91800043106079,47.47076626257613
HERANBA.NS,173.6999969482422,2026-09-10T13:50:00+05:30,WAITING FOR 0.786,2025-08-25,379.0,2026-03-30,155.3800048828125,,331.14532104492184,267.19000244140625,437.1411987304688,47.54568888361894
NETWORK18.NS,26.959999084472656,2026-09-10T13:55:00+05:30,WAITING FOR 0.786,2025-09-17,58.09999847412109,2026-03-30,27.3799991607666,,51.525918621063234,42.73999881744385,66.08719829559325,47.67682012087078
PRECAM.NS,119.0,2026-09-10T13:50:00+05:30,WAITING FOR 0.786,2025-09-09,262.0,2026-03-30,103.9800033569336,,228.1837207183838,182.9900016784668,303.08519912719726,47.84904040246344
GAYAHWS.NS,1.9199999570846558,2026-09-10T13:55:00+05:30,WAITING FOR 0.786,2025-11-13,4.199999809265137,2026-07-10,1.7899999618530271,,3.684259841918945,2.994999885559082,4.826599769592285,47.8864130255095
MKPL.NS,4.019999980926514,2026-09-10T13:50:00+05:30,WAITING FOR 0.786,2025-09-22,8.850000381469727,2026-03-30,3.559999942779541,,7.717940287590027,6.205000162124634,10.225400495529176,47.913564615284386
SPENCERS.NS,28.899999618530273,2026-09-10T13:40:00+05:30,WAITING FOR 0.786,2025-09-04,64.0,2026-03-30,24.3799991607666,,55.52131982040405,44.1899995803833,74.30120021820068,47.94792394702847
EPACK.NS,189.25,2026-09-10T13:55:00+05:30,WAITING FOR 0.786,2025-09-03,409.5,2026-03-30,196.1499938964844,,363.8430986938477,302.8249969482422,464.9710015869141,47.98582117418624
MBLINFRA.NS,23.5,2026-09-10T13:45:00+05:30,WAITING FOR 0.786,2025-09-17,52.47999954223633,2026-03-30,18.3700008392334,,45.1804598197937,35.42500019073486,61.34859920501709,47.98636380919572
OSWALGREEN.NS,20.049999237060547,2026-09-10T13:50:00+05:30,WAITING FOR 0.786,2025-09-30,43.790000915527344,2026-03-30,19.76000022888184,,38.64758076858521,31.77500057220459,50.037801094055176,48.12094615412967
CRIZAC.NS,177.0,2026-09-10T13:55:00+05:30,WAITING FOR 0.786,2025-09-08,387.9500122070313,2026-08-19,170.2899932861328,,341.370768157959,279.12000274658203,444.54161712646487,48.15021773683369
HARDWYN.NS,9.199999809265137,2026-09-10T13:55:00+05:30,WAITING FOR 0.786,2026-06-01,20.200000762939453,2026-08-18,8.800000190734863,,17.76040064048767,14.500000476837158,23.164000911712648,48.19936782117253
SALASAR.NS,5.059999942779541,2026-09-10T13:55:00+05:30,WAITING FOR 0.786,2025-11-20,10.93000030517578,2026-03-30,5.590000152587891,,9.787240272521974,8.260000228881836,12.318400344848634,48.30003349375542
TARACHAND.NS,47.0,2026-09-10T13:50:00+05:30,WAITING FOR 0.786,2025-10-14,103.66999816894533,2026-08-18,46.0099983215332,,91.33075820159912,74.83999824523926,118.66159812927246,48.53869504044359
PEARLPOLY.NS,15.510000228881836,2026-09-10T13:20:00+05:30,WAITING FOR 0.786,2025-09-09,35.02000045776367,2026-03-30,12.75,,30.254220359802247,23.88500022888184,40.81020057678222,48.73442434005192
COHANCE.NS,447.8500061035156,2026-09-10T13:55:00+05:30,WAITING FOR 0.786,2025-09-08,1038.9000244140625,2026-03-09,266.70001220703125,,873.6492218017578,652.8000183105469,1239.6720275878906,48.73800663613038
TECILCHEM.NS,9.460000038146973,2026-09-10T12:35:00+05:30,WAITING FOR 0.786,2025-12-30,21.3799991607666,2026-08-18,8.100000381469727,,18.538079421997068,14.739999771118164,24.832798843383788,48.9699023140345
SAURASHCEM.NS,55.400001525878906,2026-09-10T13:50:00+05:30,WAITING FOR 0.786,2025-09-05,125.3499984741211,2026-03-30,47.650001525878906,,108.72219912719729,86.5,145.55199768066404,49.044443572131186
AGARIND.NS,439.20001220703125,2026-09-10T13:50:00+05:30,WAITING FOR 0.786,2025-09-24,1006.0,2026-04-30,360.0,,867.7560000000001,683.0,1173.96,49.386692548708254
CAMLINFINE.NS,103.69999694824219,2026-09-10T13:50:00+05:30,WAITING FOR 0.786,2025-09-17,235.0,2026-03-30,96.20999908447266,,205.29893980407715,165.60499954223633,271.0854002380371,49.48829397404285
KRITI.NS,62.11000061035156,2026-09-10T13:45:00+05:30,WAITING FOR 0.786,2025-09-23,142.33999633789062,2026-03-24,53.0,,123.22123712158204,97.66999816894533,165.56839538574218,49.59472728790427
SHYAMTEL.NS,11.5,2026-09-10T13:50:00+05:30,WAITING FOR 0.786,2026-05-06,25.420000076293945,2026-08-19,13.359999656677246,,22.83915998649597,19.3899998664856,28.555600185394287,49.64788544412507
UGROCAP.NS,83.0999984741211,2026-09-10T13:55:00+05:30,WAITING FOR 0.786,2025-11-18,189.9199981689453,2026-03-30,80.12000274658203,,166.4227991485596,135.02000045776367,218.46799697875977,50.06693860500403
FINOPB.NS,138.42999267578125,2026-09-10T13:50:00+05:30,WAITING FOR 0.786,2025-12-08,324.0,2026-03-25,110.02999877929688,,278.2104197387696,217.01499938964844,379.6322003173828,50.24270018148046
RTNINDIA.NS,27.610000610351562,2026-09-10T13:50:00+05:30,WAITING FOR 0.786,2025-09-05,64.0,2026-03-09,24.399999618530277,,55.52559991836548,44.19999980926514,74.29600009918212,50.27518720924371
OSWALAGRO.NS,35.20000076293945,2026-09-10T13:50:00+05:30,WAITING FOR 0.786,2025-11-03,81.0,2026-03-30,33.400001525878906,,70.81360032653808,57.20000076293945,93.37599960327148,50.29203345032026
GOCOLORS.NS,322.20001220703125,2026-09-10T13:50:00+05:30,WAITING FOR 0.786,2025-09-10,760.9000244140625,2026-03-17,237.0500030517578,,648.7961198425294,498.97501373291016,897.1010299682617,50.338788665192226
KEC.NS,409.95001220703125,2026-09-10T13:55:00+05:30,WAITING FOR 0.786,2025-09-23,937.7999877929688,2026-08-20,418.0,,826.5627904052735,677.8999938964844,1072.9479846191407,50.403040523270114
SRD.NS,39.22999954223633,2026-09-10T13:45:00+05:30,WAITING FOR 0.786,2025-09-02,91.0,2026-08-07,36.0,,79.23,63.5,105.3,50.485927625601
VIRINCHI.NS,14.180000305175781,2026-09-10T13:50:00+05:30,WAITING FOR 0.786,2025-09-18,32.689998626708984,2026-03-30,13.8100004196167,,28.649679010391235,23.24999952316284,37.598798160552974,50.505552610091385
STANLEY.NS,137.47000122070312,2026-09-10T13:50:00+05:30,WAITING FOR 0.786,2025-09-23,320.45001220703125,2026-03-30,123.0,,278.19570959472657,221.7250061035156,371.7870153808594,50.585146902168844
BALAJEE.NS,25.459999084472656,2026-09-10T13:05:00+05:30,WAITING FOR 0.786,2025-09-01,59.900001525878906,2026-03-30,21.100000381469727,,51.59680128097534,40.50000095367432,69.9880018234253,50.65585762608077
RPOWER.NS,21.799999237060547,2026-09-10T13:55:00+05:30,WAITING FOR 0.786,2025-10-10,50.72999954223633,2026-03-30,20.170000076293945,,44.190159656524656,35.44999980926514,58.67559940338135,50.667751810573534
VMSTMT.NS,44.150001525878906,2026-09-10T13:45:00+05:30,WAITING FOR 0.786,2025-09-24,105.0,2026-03-30,33.5,,89.69900000000001,69.25,123.59,50.779828620298
MANGALAM.NS,34.880001068115234,2026-09-10T13:50:00+05:30,WAITING FOR 0.786,2025-08-22,84.20999908447266,2025-12-29,22.799999237060547,,71.06825911712647,53.5049991607666,100.1765990447998,50.92042284217197
ORIENTALTL.NS,5.050000190734863,2026-09-10T13:40:00+05:30,WAITING FOR 0.786,2025-09-15,11.989999771118164,2026-03-30,4.400000095367432,,10.365739840507509,8.194999933242798,13.963399686813355,51.281816170994944
BLUECHIP.NS,1.9299999475479128,2026-08-20T15:10:00+05:30,WAITING FOR 0.786,2025-08-20,4.599999904632568,2026-08-06,1.649999976158142,,3.968699919939042,3.1249999403953552,5.366999886035919,51.36946641262923
BOHRAIND.NS,13.199999809265137,2026-09-10T13:45:00+05:30,WAITING FOR 0.786,2025-08-20,31.290000915527344,2026-07-27,12.020000457763672,,27.16622081756592,21.655000686645508,36.3002010345459,51.4102462101394
MONEYBOXX.NS,39.52000045776367,2026-09-10T13:50:00+05:30,WAITING FOR 0.786,2025-10-20,91.5,2026-01-23,44.02000045776367,,81.33928009796142,67.76000022888184,103.84479988098144,51.41338795946125
TERASOFT.NS,257.75,2026-09-10T13:55:00+05:30,WAITING FOR 0.786,2025-11-17,598.0,2026-05-18,285.0,,531.018,441.5,679.38,51.46115574236655
DIGITIDE.NS,90.08999633789062,2026-09-10T13:55:00+05:30,WAITING FOR 0.786,2025-08-20,219.0,2026-03-23,69.9000015258789,,187.0926003265381,144.45000076293945,257.7659996032715,51.84737601559123
PNC.NS,17.0,2026-09-10T13:35:00+05:30,WAITING FOR 0.786,2025-09-03,40.63999938964844,2026-03-30,16.0,,35.367039520263674,28.31999969482422,47.04639923095704,51.932646241821324
KAMOPAINTS.NS,4.400000095367432,2026-09-10T13:50:00+05:30,WAITING FOR 0.786,2025-08-25,10.760000228881836,2026-03-30,3.5999999046325684,,9.227760159492494,7.180000066757202,12.621600313186644,52.317788723180016
KPITTECH.NS,551.5499877929688,2026-09-10T13:55:00+05:30,WAITING FOR 0.786,2025-09-18,1328.0,2026-07-15,543.0,,1160.01,935.5,1532.1,52.45299714718246
ODIGMA.NS,22.969999313354492,2026-09-10T13:55:00+05:30,WAITING FOR 0.786,2025-09-22,56.09000015258789,2026-06-04,20.0,,48.36674011993408,38.045000076293945,65.47340019226074,52.508688292003505
DISHTV.NS,2.4100000858306885,2026-09-10T13:55:00+05:30,WAITING FOR 0.786,2025-09-16,5.989999771118164,2026-03-30,1.8200000524520876,,5.097619831323623,3.9049999117851257,7.074199697971344,52.7230322076623
WEL.NS,75.66000366210938,2026-09-10T13:50:00+05:30,WAITING FOR 0.786,2025-12-01,183.52999877929688,2026-04-06,75.01000213623047,,160.30671949768066,129.27000045776367,211.74519790649416,52.80297426134777
KHAICHEM.NS,53.529998779296875,2026-09-10T13:50:00+05:30,WAITING FOR 0.786,2025-10-28,132.89999389648438,2026-03-30,42.91999816894531,,113.64427481079102,87.90999603271484,156.29479278564452,52.89688031498269
RMC.NS,220.4499969482422,2026-09-10T13:45:00+05:30,WAITING FOR 0.786,2026-04-23,530.0,2026-08-03,245.3999938964844,,469.0955986938477,387.6999969482422,603.9960015869141,53.005315427801
VIKRAMSOLR.NS,166.05999755859375,2026-09-10T13:55:00+05:30,WAITING FOR 0.786,2025-09-10,407.9500122070313,2026-08-07,155.3800048828125,,353.90003063964843,281.6650085449219,473.61821411132814,53.07714518745521
TMPV.NS,302.25,2026-09-10T13:55:00+05:30,WAITING FOR 0.786,2025-10-03,739.7000122070312,2026-03-30,294.29998779296875,,644.3844069824219,517.0,855.5040185546875,53.094768165573406
VASCONEQ.NS,30.020000457763672,2026-09-10T13:55:00+05:30,WAITING FOR 0.786,2025-10-10,74.58999633789062,2026-03-30,26.75,,64.35223712158204,50.66999816894531,87.02839538574219,53.3504944030986
ABCOTS.NS,203.3800048828125,2026-09-10T13:45:00+05:30,WAITING FOR 0.786,2025-09-24,504.0,2026-07-31,196.80999755859372,,438.2613394775391,350.4049987792969,583.8694006347656,53.593897849792945
HILINFRA.NS,43.08000183105469,2026-09-10T13:50:00+05:30,WAITING FOR 0.786,2025-08-21,107.18000030517578,2026-03-30,40.59999847412109,,92.93187991333008,73.88999938964844,124.49080078125,53.643462425131325
ELIN.NS,92.94999694824219,2026-09-10T13:50:00+05:30,WAITING FOR 0.786,2025-09-23,234.0,2026-03-30,93.6500015258789,,203.9651003265381,163.82500076293945,270.49099960327146,54.428479774513484
CHEMPLASTS.NS,178.19000244140625,2026-09-10T13:50:00+05:30,WAITING FOR 0.786,2025-09-15,451.2999877929688,2026-08-11,170.02000427246094,,391.1060713195801,310.65999603271484,524.4327835083008,54.43946910867466
ACL.NS,43.20000076293945,2026-09-10T13:50:00+05:30,WAITING FOR 0.786,2025-09-08,109.98999786376952,2026-03-30,40.5,,95.11913832092284,75.24499893188477,128.0573973083496,54.58327154185649
BHARATRAS.NS,1179.699951171875,2026-09-10T13:55:00+05:30,WAITING FOR 0.786,2025-10-24,2987.5,2026-03-30,1203.0,,2605.617,2095.25,3451.47,54.724736936707316
AWFIS.NS,249.4499969482422,2026-09-10T13:50:00+05:30,WAITING FOR 0.786,2025-11-11,639.4000244140625,2026-03-30,229.0500030517578,,551.5851198425294,434.22501373291016,746.0910299682618,54.77579289675961
SEPC.NS,5.320000171661377,2026-09-10T13:55:00+05:30,WAITING FOR 0.786,2025-09-22,13.729999542236328,2026-03-23,4.650000095367432,,11.786879660606385,9.18999981880188,16.09079939842224,54.86506755946904
GANGAFORGE.NS,1.600000023841858,2026-09-10T13:50:00+05:30,WAITING FOR 0.786,2025-12-29,4.099999904632568,2026-07-27,1.590000033378601,,3.562859932184219,2.8449999690055847,4.7525998711586,55.092255819863944
TAKE.NS,16.780000686645508,2026-09-10T13:40:00+05:30,WAITING FOR 0.786,2026-05-04,42.68999862670898,2026-07-20,18.56999969482422,,37.52831885528565,30.6299991607666,48.96119834899902,55.28709732148809
ADVENTHTL.NS,132.27000427246094,2026-09-10T13:50:00+05:30,WAITING FOR 0.786,2025-11-14,345.04998779296875,2026-06-11,120.0199966430664,,296.8935696868897,232.5349922180176,403.5577854919434,55.44868000611947
FIRSTCRY.NS,172.10000610351562,2026-09-10T13:55:00+05:30,WAITING FOR 0.786,2025-09-08,438.7000122070313,2026-08-19,194.33999633789065,,386.4069688110352,316.52000427246094,502.23361633300783,55.46146420882027
RACE.NS,96.0,2026-09-10T13:35:00+05:30,WAITING FOR 0.786,2025-09-10,252.0,2026-03-30,84.11000061035156,,216.07154013061523,168.05500030517578,295.6513998413086,55.57027087326355
LANDSMILL.NS,0.5799999833106995,2026-09-10T13:50:00+05:30,WAITING FOR 0.786,2026-01-02,1.4800000190734863,2026-07-20,0.7300000190734863,,1.3195000190734865,1.1050000190734863,1.6750000190734864,56.04395794416448
KALAMANDIR.NS,84.72000122070312,2026-09-10T13:50:00+05:30,WAITING FOR 0.786,2025-10-28,223.02999877929688,2026-08-19,84.5,,193.3845790405273,153.76499938964844,259.04779846191406,56.1909219230203
RETAIL.NS,16.559999465942383,2026-09-10T13:45:00+05:30,WAITING FOR 0.786,2025-09-16,43.790000915527344,2026-03-30,15.8100004196167,,37.80228080940247,29.80000066757202,51.06480104446411,56.193120861047476
RPPINFRA.NS,63.599998474121094,2026-09-10T13:50:00+05:30,WAITING FOR 0.786,2025-09-02,169.89999389648438,2026-03-30,55.040000915527344,,145.31995539855956,112.46999740600586,199.7635920715332,56.23450454571808
ESSARSHPNG.NS,16.190000534057617,2026-09-10T13:50:00+05:30,WAITING FOR 0.786,2025-10-30,43.2599983215332,2026-08-19,15.710000038146973,,37.36429868888855,29.484999179840088,50.422997875213625,56.66986641750559
RSSOFTWARE.NS,29.600000381469727,2026-09-10T13:40:00+05:30,WAITING FOR 0.786,2025-09-23,82.0,2026-03-30,21.93000030517578,,69.14502006530762,51.96500015258789,97.61819992065428,57.19142122814852
SOLARWORLD.NS,141.27999877929688,2026-09-10T13:55:00+05:30,WAITING FOR 0.786,2025-09-30,388.5,2026-03-30,139.19000244140625,,335.1476605224609,263.8450012207031,453.3205993652344,57.84544682213929
ALOKINDS.NS,7.369999885559082,2026-09-10T13:50:00+05:30,WAITING FOR 0.786,2025-09-18,19.34000015258789,2026-03-30,11.109999656677246,,17.578780046463013,15.224999904632568,21.47980028152466,58.074451889839864
ALLCARGO.NS,12.420000076293945,2026-09-10T13:55:00+05:30,WAITING FOR 0.786,2025-11-10,36.13999938964844,2026-03-30,7.110000133514404,,29.927579548835755,21.62499976158142,43.68779919624328,58.4998176814566
SUPREME.NS,35.29999923706055,2026-09-10T13:35:00+05:30,WAITING FOR 0.786,2025-10-13,97.83999633789062,2026-08-20,38.54999923706055,,85.15193695831299,68.19499778747559,113.25539558410644,58.54469023488916
PAVNAIND.NS,15.0,2026-09-10T13:50:00+05:30,WAITING FOR 0.786,2025-10-13,42.29999923706055,2026-03-30,14.109999656677246,,36.26733932685852,28.204999446868896,49.629399127960205,58.64047300296043
SOLEX.NS,711.0,2026-09-10T13:50:00+05:30,WAITING FOR 0.786,2025-11-21,1985.0,2026-08-20,766.1500244140625,,1724.1661052246095,1375.5750122070312,2301.9009936523435,58.76267386039484
WAAREEINDO.NS,258.0,2026-09-10T13:50:00+05:30,WAITING FOR 0.786,2025-10-13,725.0,2026-07-31,282.79998779296875,,630.3691973876953,503.8999938964844,839.9720031738282,59.07160421715173
ORCHASP.NS,1.4500000476837158,2026-09-10T13:50:00+05:30,WAITING FOR 0.786,2025-10-16,4.159999847412109,2026-08-20,1.2999999523162842,,3.547959869861603,2.7299998998641968,4.903599820137024,59.1314417053912
LEXUS.NS,13.510000228881836,2026-09-10T13:40:00+05:30,WAITING FOR 0.786,2026-03-05,39.25,2026-06-29,12.739999771118164,,33.57685995101929,25.99499988555908,46.14260005950928,59.76395574633918
BCONCEPTS.NS,153.9600067138672,2026-09-10T13:55:00+05:30,WAITING FOR 0.786,2025-09-24,449.0,2026-08-20,152.83999633789062,,385.6217592163086,300.9199981689453,526.0016009521485,60.07486532223777
PRAXIS.NS,4.570000171661377,2026-09-10T13:55:00+05:30,WAITING FOR 0.786,2025-10-30,13.140000343322754,2026-03-30,5.260000228881836,,11.453680318832395,9.200000286102297,15.188800373077394,60.10015956052762
DHRUV.NS,22.989999771118164,2026-09-10T13:35:00+05:30,WAITING FOR 0.786,2025-08-28,68.94999694824219,2026-08-13,22.020000457763672,,58.906977699279786,45.48499870300293,81.15179603576661,60.97236580616621
DAVANGERE.NS,1.909999966621399,2026-09-10T13:55:00+05:30,WAITING FOR 0.786,2026-01-22,5.5,2026-08-13,2.950000047683716,,4.954300010204316,4.225000023841858,6.162999987602234,61.44763210367976
TARAPUR.NS,12.90999984741211,2026-09-10T13:50:00+05:30,WAITING FOR 0.786,2025-11-24,39.27999877929688,2026-08-07,12.210000038146973,,33.4870190486908,25.744999408721924,46.31819845199585,61.44774836888076
OSWALPUMPS.NS,284.3999938964844,2026-09-10T13:55:00+05:30,WAITING FOR 0.786,2025-08-21,888.4000244140625,2026-03-16,283.1000061035156,,758.8658204956055,585.7500152587891,1045.7780291748047,62.523019720304916
GSS.NS,10.640000343322754,2026-09-10T13:50:00+05:30,WAITING FOR 0.786,2025-08-28,33.970001220703125,2026-03-30,8.680000305175781,,28.557941024780277,21.325000762939453,40.54540145874023,62.742410826851206
SPCENET.NS,3.4800000190734863,2026-09-10T13:50:00+05:30,WAITING FOR 0.786,2025-10-28,11.239999771118164,2026-03-30,3.0,,9.476639820098878,7.119999885559082,13.382399711608889,63.27812299362902
TRU.NS,4.230000019073486,2026-09-10T13:50:00+05:30,WAITING FOR 0.786,2025-09-08,13.81999969482422,2026-08-14,4.0,,11.718519760131835,8.90999984741211,16.373199615478516,63.90329064030269
SKFINDIA.NS,1531.9000244140625,2026-09-10T13:45:00+05:30,WAITING FOR 0.786,2025-10-14,5074.0,2026-03-30,1404.0,,4288.62,3239.0,6028.2,64.27988433542579
FISCHER.NS,34.93000030517578,2026-09-10T13:50:00+05:30,WAITING FOR 0.786,2025-11-03,119.4000015258789,2026-06-09,31.049999237060547,,100.49310103607178,75.22500038146973,142.3710021209717,65.24139473749771
MCLOUD.NS,25.829999923706055,2026-09-10T13:50:00+05:30,WAITING FOR 0.786,2025-08-21,90.5,2026-03-30,19.399999618530277,,75.28459991836547,54.94999980926514,108.98600009918214,65.69019434025724
GRADIENTE.NS,2.5999999046325684,2026-09-10T13:55:00+05:30,WAITING FOR 0.786,2026-05-08,9.399999618530272,2026-06-16,2.0799999237060547,,7.833519683837891,5.739999771118164,11.30319953918457,66.80930144342541
GOODLUCK.NS,524.1500244140625,2026-09-10T13:50:00+05:30,WAITING FOR 0.786,2026-07-13,1672.0999755859375,2026-08-13,1252.0,,1582.198580810547,1462.0499877929688,1781.3259692382812,66.87204559711178
DUCON.NS,1.7899999618530273,2026-09-10T13:55:00+05:30,WAITING FOR 0.786,2025-09-16,6.449999809265137,2026-03-30,2.220000028610229,,5.544779856204986,4.334999918937683,7.549799752235413,67.71738449002812
FILATFASH.NS,0.18000000715255737,2026-09-10T13:55:00+05:30,WAITING FOR 0.786,2025-09-18,0.6800000071525574,2026-03-30,0.1400000005960464,,0.5644400057494641,0.4100000038743019,0.8204000088572502,68.10998417563384
SUMEETINDS.NS,10.850000381469727,2026-09-10T13:55:00+05:30,WAITING FOR 0.786,2025-10-23,40.5,2026-08-20,12.239999771118164,,34.45235995101929,26.36999988555908,47.84760005950928,68.50723608804998
VPRPL.NS,37.13999938964844,2026-09-10T13:55:00+05:30,WAITING FOR 0.786,2025-08-20,153.88999938964844,2026-06-12,23.940000534057617,,126.080699634552,88.91499996185303,187.67699909210205,70.54267663702721
DCMSRIND.NS,42.54999923706055,2026-09-10T13:50:00+05:30,WAITING FOR 0.786,2025-12-10,175.75,2026-03-24,31.899999618530277,,144.9660999183655,103.82499980926514,213.1510000991821,70.64831070090067
RKEC.NS,19.270000457763672,2026-09-10T13:55:00+05:30,WAITING FOR 0.786,2025-09-23,81.5,2026-08-19,21.1200008392334,,68.57868017959595,51.3100004196167,97.19879978179932,71.90088755383043
CURAA.NS,77.69999694824219,2026-08-20T15:10:00+05:30,WAITING FOR 0.786,2025-08-25,337.0,2026-08-20,63.0,,278.36400000000003,200.0,408.24,72.08690888611955
INDIAGLYCO.NS,311.5,2026-09-10T13:50:00+05:30,WAITING FOR 0.786,2026-07-27,1199.050048828125,2026-08-12,1044.0,,1165.869338378906,1121.5250244140625,1239.3630615234374,73.28174009335144
GSLSU.NS,27.040000915527344,2026-09-10T13:55:00+05:30,WAITING FOR 0.786,2025-11-19,139.6699981689453,2026-07-22,23.059999465942383,,114.7154584465027,81.36499881744385,169.98859783172608,76.42863369792713
LEMERITE.NS,20.90999984741211,2026-09-10T13:50:00+05:30,WAITING FOR 0.786,2025-12-12,107.56999969482422,2026-07-20,19.520000457763672,,88.72729985809326,63.545000076293945,130.46299949645996,76.43340901745607
RAJTV.NS,8.270000457763672,2026-09-10T13:45:00+05:30,WAITING FOR 0.786,2025-12-17,46.900001525878906,2026-08-05,9.93000030517578,,38.98842126464844,28.415000915527344,56.51220184326172,78.78857314681207
RNBDENIMS.NS,9.850000381469727,2026-09-10T13:50:00+05:30,WAITING FOR 0.786,2026-02-25,67.66666412353516,2026-08-20,7.820000171661377,,54.85947803783417,37.74333214759827,83.22679675102233,82.04503445206566
GICL.NS,24.049999237060547,2026-09-10T13:40:00+05:30,WAITING FOR 0.786,2025-09-25,169.9499969482422,2026-07-09,15.609999656677246,,136.9212375278473,92.77999830245972,210.07839624404903,82.43515785331022
SILVERTUC.NS,143.97000122070312,2026-09-10T13:50:00+05:30,WAITING FOR 0.786,2025-12-31,1117.449951171875,2026-03-17,100.5,,899.8226616210937,608.9749755859375,1381.8569384765626,84.00018055098423
SHANKARA.NS,148.3800048828125,2026-09-10T13:55:00+05:30,WAITING FOR 0.786,2025-08-21,1160.0,2026-02-25,98.25,,932.7855,629.125,1436.055,84.09280537885586
INDOTHAI.NS,43.43000030517578,2026-09-10T13:15:00+05:30,WAITING FOR 0.786,2025-12-03,439.8999938964844,2026-08-20,62.79999923706055,,359.20059503936767,251.3499965667725,537.9459925079345,87.90926270586607
TCC.NS,55.540000915527344,2026-09-10T13:55:00+05:30,WAITING FOR 0.786,2026-02-25,526.4000244140625,2026-08-19,246.3000030517578,,466.4586198425293,386.35001373291016,599.2260299682617,88.09326303493395
AQYLON.NS,22.149999618530273,2026-09-10T13:50:00+05:30,WAITING FOR 0.786,2025-12-15,1714.9000244140625,2026-08-18,20.8700008392334,,1352.3775993690492,867.885012626648,2155.3478305435183,98.3621438547293
20MICRONS.NS,212.94000244140625,2026-09-10T13:50:00+05:30,NO CURRENT SETUP,,,,,,,,,
3BBLACKBIO.NS,1452.4000244140625,2026-09-10T13:50:00+05:30,NO CURRENT SETUP,,,,,,,,,
3MINDIA.NS,32905.0,2026-09-10T13:40:00+05:30,NO CURRENT SETUP,,,,,,,,,
AARNAV.NS,30.799999237060547,2026-09-10T13:45:00+05:30,NO CURRENT SETUP,,,,,,,,,
AARTIIND.NS,509.6499938964844,2026-09-10T13:55:00+05:30,NO CURRENT SETUP,,,,,,,,,
AASTHA.NS,79.33999633789062,2026-09-10T13:55:00+05:30,NO CURRENT SETUP,,,,,,,,,
ABANSENT.NS,28.0,2026-09-10T13:15:00+05:30,NO CURRENT SETUP,,,,,,,,,
ABMKNO.NS,181.3000030517578,2026-09-10T13:20:00+05:30,NO CURRENT SETUP,,,,,,,,,
ACGL.NS,1757.5999755859375,2026-09-10T13:55:00+05:30,NO CURRENT SETUP,,,,,,,,,
ACMESOLAR.NS,397.04998779296875,2026-09-10T13:55:00+05:30,NO CURRENT SETUP,,,,,,,,,
ACSTECH.NS,59.97999954223633,2026-09-10T13:50:00+05:30,NO CURRENT SETUP,,,,,,,,,
ADDIND.NS,81.98999786376953,2026-09-10T11:00:00+05:30,NO CURRENT SETUP,,,,,,,,,
ADOR.NS,1622.0,2026-09-10T13:50:00+05:30,NO CURRENT SETUP,,,,,,,,,
ADVAIT.NS,2087.199951171875,2026-09-10T13:55:00+05:30,NO CURRENT SETUP,,,,,,,,,
ADVANCE.NS,119.55999755859375,2026-09-10T13:55:00+05:30,NO CURRENT SETUP,,,,,,,,,
ADVIKCA.NS,1.0499999523162842,2026-09-10T13:50:00+05:30,NO CURRENT SETUP,,,,,,,,,
AEGISLOG.NS,1307.300048828125,2026-09-10T13:55:00+05:30,NO CURRENT SETUP,,,,,,,,,
AEPL.NS,17.600000381469727,2026-09-10T13:45:00+05:30,NO CURRENT SETUP,,,,,,,,,
AETHER.NS,1650.0,2026-09-10T13:55:00+05:30,NO CURRENT SETUP,,,,,,,,,
AFSL.NS,201.39999389648438,2026-09-10T13:40:00+05:30,NO CURRENT SETUP,,,,,,,,,
AGL.NS,15.470000267028809,2026-09-10T13:55:00+05:30,NO CURRENT SETUP,,,,,,,,,
AJANTPHARM.NS,3517.0,2026-09-10T13:55:00+05:30,NO CURRENT SETUP,,,,,,,,,
AKCAPIT.NS,1706.5999755859375,2026-09-10T13:40:00+05:30,NO CURRENT SETUP,,,,,,,,,
AKUMS.NS,751.2000122070312,2026-09-10T13:55:00+05:30,NO CURRENT SETUP,,,,,,,,,
ALFREDHE.NS,3000.0,2026-08-20T15:15:00+05:30,NO CURRENT SETUP,,,,,,,,,
ALIVUS.NS,1384.5,2026-09-10T13:55:00+05:30,NO CURRENT SETUP,,,,,,,,,
ALPHAGEO.NS,317.25,2026-09-10T13:40:00+05:30,NO CURRENT SETUP,,,,,,,,,
ALPINETEX.NS,58.70000076293945,2026-09-10T13:50:00+05:30,NO CURRENT SETUP,,,,,,,,,
ALUFLUOR.NS,501.0,2026-09-10T13:40:00+05:30,NO CURRENT SETUP,,,,,,,,,
AMAGI.NS,576.0,2026-09-10T13:55:00+05:30,NO CURRENT SETUP,,,,,,,,,
AMAL.NS,757.9000244140625,2026-09-10T13:45:00+05:30,NO CURRENT SETUP,,,,,,,,,
AMARJOTHI.NS,154.88999938964844,2026-09-10T13:45:00+05:30,NO CURRENT SETUP,,,,,,,,,
AMBALALSA.NS,42.5,2026-09-10T13:50:00+05:30,NO CURRENT SETUP,,,,,,,,,
AMBIKCO.NS,1612.0999755859375,2026-09-10T13:50:00+05:30,NO CURRENT SETUP,,,,,,,,,
AMDIND.NS,56.310001373291016,2026-09-10T13:45:00+05:30,NO CURRENT SETUP,,,,,,,,,
AMNPLST.NS,168.8800048828125,2026-09-10T13:25:00+05:30,NO CURRENT SETUP,,,,,,,,,
ANANDRATHI.NS,2176.0,2026-09-10T13:55:00+05:30,NO CURRENT SETUP,,,,,,,,,
ANDREWYU.NS,26.989999771118164,2026-09-10T13:35:00+05:30,NO CURRENT SETUP,,,,,,,,,
ANSALBU.NS,83.0,2026-09-10T13:50:00+05:30,NO CURRENT SETUP,,,,,,,,,
ANUP.NS,1741.4000244140625,2026-09-10T13:55:00+05:30,NO CURRENT SETUP,,,,,,,,,
APARINDS.NS,17448.0,2026-09-10T13:55:00+05:30,NO CURRENT SETUP,,,,,,,,,
APEX.NS,375.75,2026-09-10T13:55:00+05:30,NO CURRENT SETUP,,,,,,,,,
APOLLOHOSP.NS,8930.0,2026-09-10T13:55:00+05:30,NO CURRENT SETUP,,,,,,,,,
APOLLOPIPE.NS,574.5999755859375,2026-09-10T13:55:00+05:30,NO CURRENT SETUP,,,,,,,,,
APOORVA.NS,26.559999465942383,2026-09-10T13:35:00+05:30,NO CURRENT SETUP,,,,,,,,,
ARCL.NS,237.0,2026-09-10T13:30:00+05:30,NO CURRENT SETUP,,,,,,,,,
ARDEE.NS,52.900001525878906,2026-09-10T13:55:00+05:30,NO CURRENT SETUP,,,,,,,,,
ARIES.NS,474.0,2026-09-10T13:50:00+05:30,NO CURRENT SETUP,,,,,,,,,
ARMANFIN.NS,2051.39990234375,2026-09-10T13:50:00+05:30,NO CURRENT SETUP,,,,,,,,,
ARTEMISMED.NS,347.8999938964844,2026-09-10T13:55:00+05:30,NO CURRENT SETUP,,,,,,,,,
ARVSMART.NS,603.5,2026-09-10T13:50:00+05:30,NO CURRENT SETUP,,,,,,,,,
ARYAMAN.NS,625.0,2026-09-10T13:40:00+05:30,NO CURRENT SETUP,,,,,,,,,
ASIANENE.NS,535.0,2026-09-10T13:55:00+05:30,NO CURRENT SETUP,,,,,,,,,
ASIANTNE.NS,9.489999771118164,2026-09-10T13:45:00+05:30,NO CURRENT SETUP,,,,,,,,,
ASKAUTOLTD.NS,623.5,2026-09-10T13:50:00+05:30,NO CURRENT SETUP,,,,,,,,,
ASSAMENT.NS,800.0,2026-08-20T14:45:00+05:30,NO CURRENT SETUP,,,,,,,,,
ASTAR.NS,576.0,2026-09-10T13:20:00+05:30,NO CURRENT SETUP,,,,,,,,,
ASTERDM.NS,773.3499755859375,2026-09-10T13:55:00+05:30,NO CURRENT SETUP,,,,,,,,,
ATALREAL.NS,15.270000457763672,2026-09-10T13:50:00+05:30,NO CURRENT SETUP,,,,,,,,,
ATHERENERG.NS,1640.800048828125,2026-09-10T13:55:00+05:30,NO CURRENT SETUP,,,,,,,,,
ATUL.NS,6277.5,2026-09-10T13:50:00+05:30,NO CURRENT SETUP,,,,,,,,,
AUBANK.NS,1059.199951171875,2026-09-10T13:55:00+05:30,NO CURRENT SETUP,,,,,,,,,
AUROPHARMA.NS,1667.5,2026-09-10T13:55:00+05:30,NO CURRENT SETUP,,,,,,,,,
AUSTENG.NS,123.5,2026-09-10T13:00:00+05:30,NO CURRENT SETUP,,,,,,,,,
AVADHSUGAR.NS,816.25,2026-09-10T13:50:00+05:30,NO CURRENT SETUP,,,,,,,,,
AVALON.NS,2250.0,2026-09-10T13:50:00+05:30,NO CURRENT SETUP,,,,,,,,,
AVANCE.NS,0.8199999928474426,2026-09-10T13:55:00+05:30,NO CURRENT SETUP,,,,,,,,,
AVTNPL.NS,90.63999938964844,2026-09-10T13:50:00+05:30,NO CURRENT SETUP,,,,,,,,,
AXTEL.NS,423.1000061035156,2026-09-10T13:50:00+05:30,NO CURRENT SETUP,,,,,,,,,
AYMSYNTEX.NS,299.0,2026-09-10T13:55:00+05:30,NO CURRENT SETUP,,,,,,,,,
AZAD.NS,2789.800048828125,2026-09-10T13:55:00+05:30,NO CURRENT SETUP,,,,,,,,,
AZADIND.NS,88.30999755859375,2026-09-10T13:25:00+05:30,NO CURRENT SETUP,,,,,,,,,
BAJAJ-AUTO.NS,11700.0,2026-09-10T13:55:00+05:30,NO CURRENT SETUP,,,,,,,,,
BAJAJST.NS,366.70001220703125,2026-09-10T13:45:00+05:30,NO CURRENT SETUP,,,,,,,,,
BAJEL.NS,177.55999755859375,2026-09-10T13:55:00+05:30,NO CURRENT SETUP,,,,,,,,,
BALRAMCHIN.NS,700.0999755859375,2026-09-10T13:55:00+05:30,NO CURRENT SETUP,,,,,,,,,
BANARISUG.NS,3597.89990234375,2026-09-10T13:50:00+05:30,NO CURRENT SETUP,,,,,,,,,
BATLIBOI.NS,85.80000305175781,2026-09-10T13:50:00+05:30,NO CURRENT SETUP,,,,,,,,,
BBTCL.NS,234.0,2026-09-10T13:15:00+05:30,NO CURRENT SETUP,,,,,,,,,
BEDMUTHA.NS,107.72000122070312,2026-09-10T13:55:00+05:30,NO CURRENT SETUP,,,,,,,,,
BEEKAY.NS,429.0,2026-09-10T13:55:00+05:30,NO CURRENT SETUP,,,,,,,,,
BELRISE.NS,228.60000610351562,2026-09-10T13:55:00+05:30,NO CURRENT SETUP,,,,,,,,,
BENARAS.NS,10700.0,2026-09-10T13:45:00+05:30,NO CURRENT SETUP,,,,,,,,,
BENGALASM.NS,6210.0,2026-09-10T13:20:00+05:30,NO CURRENT SETUP,,,,,,,,,
BERGEPAINT.NS,465.70001220703125,2026-09-10T13:55:00+05:30,NO CURRENT SETUP,,,,,,,,,
BETA.NS,2091.89990234375,2026-09-10T13:55:00+05:30,NO CURRENT SETUP,,,,,,,,,
BHARATFORG.NS,1961.300048828125,2026-09-10T13:55:00+05:30,NO CURRENT SETUP,,,,,,,,,
BHARATSE.NS,218.6999969482422,2026-09-10T13:50:00+05:30,NO CURRENT SETUP,,,,,,,,,
BHARTIHEXA.NS,1543.4000244140625,2026-09-10T13:55:00+05:30,NO CURRENT SETUP,,,,,,,,,
BI.NS,91.47000122070312,2026-09-10T13:15:00+05:30,NO CURRENT SETUP,,,,,,,,,
BIL.NS,1065.0,2026-09-10T13:55:00+05:30,NO CURRENT SETUP,,,,,,,,,
BIRLAPREC.NS,59.29999923706055,2026-09-10T13:50:00+05:30,NO CURRENT SETUP,,,,,,,,,
BLIL.NS,71.83999633789062,2026-09-10T13:50:00+05:30,NO CURRENT SETUP,,,,,,,,,
BLSE.NS,317.1499938964844,2026-09-10T13:50:00+05:30,NO CURRENT SETUP,,,,,,,,,
BLUECLOUDS.NS,19.459999084472656,2026-09-10T13:55:00+05:30,NO CURRENT SETUP,,,,,,,,,
BLUESTONE.NS,863.0999755859375,2026-09-10T13:55:00+05:30,NO CURRENT SETUP,,,,,,,,,
BNAGROCHEM.NS,203.3000030517578,2026-09-10T13:00:00+05:30,NO CURRENT SETUP,,,,,,,,,
BORORENEW.NS,504.1499938964844,2026-09-10T13:50:00+05:30,NO CURRENT SETUP,,,,,,,,,
BOSCHLTD.NS,48870.0,2026-09-10T13:55:00+05:30,NO CURRENT SETUP,,,,,,,,,
BPLPHARMA.NS,1565.0,2026-09-10T12:50:00+05:30,NO CURRENT SETUP,,,,,,,,,
BRAHMINFRA.NS,158.50999450683594,2026-09-10T13:40:00+05:30,NO CURRENT SETUP,,,,,,,,,
BRIGHTBR.NS,251.0500030517578,2026-09-10T13:10:00+05:30,NO CURRENT SETUP,,,,,,,,,
CALSOFT.NS,36.900001525878906,2026-09-10T13:50:00+05:30,NO CURRENT SETUP,,,,,,,,,
CAMS.NS,717.5499877929688,2026-09-10T13:55:00+05:30,NO CURRENT SETUP,,,,,,,,,
CARYSIL.NS,1185.199951171875,2026-09-10T13:50:00+05:30,NO CURRENT SETUP,,,,,,,,,
CCAVENUE.NS,15.380000114440918,2026-09-10T13:55:00+05:30,NO CURRENT SETUP,,,,,,,,,
CENTUM.NS,4220.89990234375,2026-09-10T13:55:00+05:30,NO CURRENT SETUP,,,,,,,,,
CFEL.NS,46.029998779296875,2026-09-10T13:55:00+05:30,NO CURRENT SETUP,,,,,,,,,
CGVAK.NS,148.6999969482422,2026-09-10T13:30:00+05:30,NO CURRENT SETUP,,,,,,,,,
CHEMCRUX.NS,84.5,2026-09-10T13:50:00+05:30,NO CURRENT SETUP,,,,,,,,,
CHENNPETRO.NS,1591.4000244140625,2026-09-10T13:55:00+05:30,NO CURRENT SETUP,,,,,,,,,
CHOLAFIN.NS,1857.4000244140625,2026-09-10T13:55:00+05:30,NO CURRENT SETUP,,,,,,,,,
CINELINE.NS,95.11000061035156,2026-09-10T13:55:00+05:30,NO CURRENT SETUP,,,,,,,,,
CLSEL.NS,301.95001220703125,2026-09-10T13:45:00+05:30,NO CURRENT SETUP,,,,,,,,,
CMLL.NS,474.3500061035156,2026-09-10T13:50:00+05:30,NO CURRENT SETUP,,,,,,,,,
CNL.NS,1093.5,2026-09-10T13:55:00+05:30,NO CURRENT SETUP,,,,,,,,,
COCHINSHIP.NS,1547.4000244140625,2026-09-10T13:55:00+05:30,NO CURRENT SETUP,,,,,,,,,
COCKERILL.NS,8098.5,2026-09-10T13:45:00+05:30,NO CURRENT SETUP,,,,,,,,,
COMFINTE.NS,5.980000019073486,2026-09-10T13:50:00+05:30,NO CURRENT SETUP,,,,,,,,,
COMPEAU.NS,363.0,2026-09-10T12:05:00+05:30,NO CURRENT SETUP,,,,,,,,,
COMSYN.NS,299.1000061035156,2026-09-10T13:50:00+05:30,NO CURRENT SETUP,,,,,,,,,
CONFIPET.NS,88.27999877929688,2026-09-10T13:50:00+05:30,NO CURRENT SETUP,,,,,,,,,
CORDELIA.NS,109.45999908447266,2026-09-10T13:55:00+05:30,NO CURRENT SETUP,,,,,,,,,
CORONA.NS,2204.0,2026-09-10T13:50:00+05:30,NO CURRENT SETUP,,,,,,,,,
CPL.NS,66.06999969482422,2026-09-10T13:45:00+05:30,NO CURRENT SETUP,,,,,,,,,
CPPLUS.NS,3835.39990234375,2026-09-10T13:55:00+05:30,NO CURRENT SETUP,,,,,,,,,
CRAFTSMAN.NS,11925.0,2026-09-10T13:55:00+05:30,NO CURRENT SETUP,,,,,,,,,
CRAVATEX.NS,319.8999938964844,2026-09-10T13:50:00+05:30,NO CURRENT SETUP,,,,,,,,,
CREST.NS,362.29998779296875,2026-09-10T13:30:00+05:30,NO CURRENT SETUP,,,,,,,,,
CRSL.NS,2.5799999237060547,2026-09-10T13:50:00+05:30,NO CURRENT SETUP,,,,,,,,,
CSM.NS,93.44000244140625,2026-09-10T13:55:00+05:30,NO CURRENT SETUP,,,,,,,,,
CUB.NS,228.7100067138672,2026-09-10T13:55:00+05:30,NO CURRENT SETUP,,,,,,,,,
CUPID.NS,279.70001220703125,2026-09-10T13:55:00+05:30,NO CURRENT SETUP,,,,,,,,,
CYIENTDLM.NS,939.0,2026-09-10T13:55:00+05:30,NO CURRENT SETUP,,,,,,,,,
DAICHI.NS,341.04998779296875,2026-09-10T12:50:00+05:30,NO CURRENT SETUP,,,,,,,,,
DALMIASUG.NS,436.04998779296875,2026-09-10T13:50:00+05:30,NO CURRENT SETUP,,,,,,,,,
DATAPATTNS.NS,4759.60009765625,2026-09-10T13:55:00+05:30,NO CURRENT SETUP,,,,,,,,,
DCMNVL.NS,177.0,2026-09-10T13:00:00+05:30,NO CURRENT SETUP,,,,,,,,,
DECNGOLD.NS,225.7899932861328,2026-09-10T13:55:00+05:30,NO CURRENT SETUP,,,,,,,,,
DEEP.NS,42.18000030517578,2026-09-10T13:50:00+05:30,NO CURRENT SETUP,,,,,,,,,
DEEPAKNTR.NS,1646.5999755859375,2026-09-10T13:55:00+05:30,NO CURRENT SETUP,,,,,,,,,
DEEPINDS.NS,786.7999877929688,2026-09-10T13:55:00+05:30,NO CURRENT SETUP,,,,,,,,,
DHABRIYA.NS,515.4500122070312,2026-09-10T13:40:00+05:30,NO CURRENT SETUP,,,,,,,,,
DHAMPURSUG.NS,167.8800048828125,2026-09-10T13:50:00+05:30,NO CURRENT SETUP,,,,,,,,,
DHATRE.NS,4.480000019073486,2026-09-10T13:25:00+05:30,NO CURRENT SETUP,,,,,,,,,
DHOOTTRANS.NS,1581.4000244140625,2026-09-10T13:55:00+05:30,NO CURRENT SETUP,,,,,,,,,
DIGJAMLMTD.NS,61.84000015258789,2026-09-10T13:55:00+05:30,NO CURRENT SETUP,,,,,,,,,
DIVGIITTS.NS,1189.9000244140625,2026-09-10T13:55:00+05:30,NO CURRENT SETUP,,,,,,,,,
DIVISLAB.NS,9405.0,2026-09-10T13:55:00+05:30,NO CURRENT SETUP,,,,,,,,,
DLINKINDIA.NS,435.0,2026-09-10T13:50:00+05:30,NO CURRENT SETUP,,,,,,,,,
DMCC.NS,292.70001220703125,2026-09-10T13:50:00+05:30,NO CURRENT SETUP,,,,,,,,,
DOLPHIN.NS,662.75,2026-09-10T13:50:00+05:30,NO CURRENT SETUP,,,,,,,,,
DRAGARWQ.NS,5301.5,2026-09-10T13:45:00+05:30,NO CURRENT SETUP,,,,,,,,,
DREDGECORP.NS,1031.0,2026-09-10T13:55:00+05:30,NO CURRENT SETUP,,,,,,,,,
DWARKESH.NS,45.95000076293945,2026-09-10T13:50:00+05:30,NO CURRENT SETUP,,,,,,,,,
DYNAMATECH.NS,11647.0,2026-09-10T13:50:00+05:30,NO CURRENT SETUP,,,,,,,,,
EASTWEST.NS,2.359999895095825,2026-09-10T13:40:00+05:30,NO CURRENT SETUP,,,,,,,,,
EBIX.NS,19.950000762939453,2026-09-10T13:50:00+05:30,NO CURRENT SETUP,,,,,,,,,
ECORECO.NS,438.5,2026-09-10T13:50:00+05:30,NO CURRENT SETUP,,,,,,,,,
EDELWEISS.NS,137.0399932861328,2026-09-10T13:55:00+05:30,NO CURRENT SETUP,,,,,,,,,
EIEL.NS,213.24000549316406,2026-09-10T13:55:00+05:30,NO CURRENT SETUP,,,,,,,,,
EKI.NS,70.01000213623047,2026-09-10T13:50:00+05:30,NO CURRENT SETUP,,,,,,,,,
ELANTAS.NS,13385.0,2026-09-10T13:55:00+05:30,NO CURRENT SETUP,,,,,,,,,
ELITECON.NS,7.809999942779541,2026-09-10T13:55:00+05:30,NO CURRENT SETUP,,,,,,,,,
ELPROINTL.NS,173.4499969482422,2026-09-10T13:50:00+05:30,NO CURRENT SETUP,,,,,,,,,
EMCURE.NS,1979.4000244140625,2026-09-10T13:55:00+05:30,NO CURRENT SETUP,,,,,,,,,
EMIL.NS,195.83999633789062,2026-09-10T13:55:00+05:30,NO CURRENT SETUP,,,,,,,,,
EMPIND.NS,1055.5,2026-09-10T13:50:00+05:30,NO CURRENT SETUP,,,,,,,,,
EMPOWER.NS,2.190000057220459,2026-09-10T13:55:00+05:30,NO CURRENT SETUP,,,,,,,,,
ENGINERSIN.NS,273.45001220703125,2026-09-10T13:55:00+05:30,NO CURRENT SETUP,,,,,,,,,
ENKEIWHEL.NS,403.3999938964844,2026-09-10T13:25:00+05:30,NO CURRENT SETUP,,,,,,,,,
EPL.NS,246.39999389648438,2026-09-10T13:55:00+05:30,NO CURRENT SETUP,,,,,,,,,
ETHOSLTD.NS,2737.5,2026-09-10T13:50:00+05:30,NO CURRENT SETUP,,,,,,,,,
EXIDEIND.NS,423.3999938964844,2026-09-10T13:55:00+05:30,NO CURRENT SETUP,,,,,,,,,
FEDDERSHOL.NS,48.529998779296875,2026-09-10T13:55:00+05:30,NO CURRENT SETUP,,,,,,,,,
FEDERALBNK.NS,346.29998779296875,2026-09-10T13:55:00+05:30,NO CURRENT SETUP,,,,,,,,,
FERMENTA.NS,485.04998779296875,2026-09-10T13:55:00+05:30,NO CURRENT SETUP,,,,,,,,,
FIEMIND.NS,1990.800048828125,2026-09-10T13:55:00+05:30,NO CURRENT SETUP,,,,,,,,,
FILATEX.NS,76.08000183105469,2026-09-10T13:55:00+05:30,NO CURRENT SETUP,,,,,,,,,
FINCABLES.NS,1390.5999755859375,2026-09-10T13:55:00+05:30,NO CURRENT SETUP,,,,,,,,,
FLUOROCHEM.NS,4787.10009765625,2026-09-10T13:55:00+05:30,NO CURRENT SETUP,,,,,,,,,
FREDUN.NS,1440.699951171875,2026-09-10T13:55:00+05:30,NO CURRENT SETUP,,,,,,,,,
FRONTSP.NS,1262.5999755859375,2026-09-10T13:45:00+05:30,NO CURRENT SETUP,,,,,,,,,
FSL.NS,252.1999969482422,2026-09-10T13:55:00+05:30,NO CURRENT SETUP,,,,,,,,,
GANDHITUBE.NS,900.0,2026-09-10T13:45:00+05:30,NO CURRENT SETUP,,,,,,,,,
GANECOS.NS,1061.0,2026-09-10T13:55:00+05:30,NO CURRENT SETUP,,,,,,,,,
GARFIBRES.NS,788.0499877929688,2026-09-10T13:55:00+05:30,NO CURRENT SETUP,,,,,,,,,
GCSL.NS,608.2000122070312,2026-09-10T13:50:00+05:30,NO CURRENT SETUP,,,,,,,,,
GHCLTEXTIL.NS,132.19000244140625,2026-09-10T13:50:00+05:30,NO CURRENT SETUP,,,,,,,,,
GICHSGFIN.NS,136.4499969482422,2026-09-10T13:55:00+05:30,NO CURRENT SETUP,,,,,,,,,
GKB.NS,64.80000305175781,2026-09-10T13:25:00+05:30,NO CURRENT SETUP,,,,,,,,,
GKSL.NS,174.49000549316406,2026-09-10T13:55:00+05:30,NO CURRENT SETUP,,,,,,,,,
GLAND.NS,2941.10009765625,2026-09-10T13:55:00+05:30,NO CURRENT SETUP,,,,,,,,,
GLOBUSSPR.NS,840.9500122070312,2026-09-10T13:55:00+05:30,NO CURRENT SETUP,,,,,,,,,
GLOSTERLTD.NS,599.0,2026-09-10T13:15:00+05:30,NO CURRENT SETUP,,,,,,,,,
GNRL.NS,107.61000061035156,2026-09-10T13:50:00+05:30,NO CURRENT SETUP,,,,,,,,,
GOCLCORP.NS,432.3500061035156,2026-09-10T13:50:00+05:30,NO CURRENT SETUP,,,,,,,,,
GOKEX.NS,775.5,2026-09-10T13:55:00+05:30,NO CURRENT SETUP,,,,,,,,,
GOKULAGRO.NS,226.99000549316406,2026-09-10T13:55:00+05:30,NO CURRENT SETUP,,,,,,,,,
GOLDIAM.NS,327.6000061035156,2026-09-10T13:55:00+05:30,NO CURRENT SETUP,,,,,,,,,
GRANDOAK.NS,36.97999954223633,2026-09-10T11:25:00+05:30,NO CURRENT SETUP,,,,,,,,,
GRASIM.NS,3307.10009765625,2026-09-10T13:55:00+05:30,NO CURRENT SETUP,,,,,,,,,
GRAVISSHO.NS,35.5,2026-09-10T13:55:00+05:30,NO CURRENT SETUP,,,,,,,,,
GREENLAM.NS,237.27000427246094,2026-09-10T13:50:00+05:30,NO CURRENT SETUP,,,,,,,,,
GRWRHITECH.NS,6892.0,2026-09-10T13:55:00+05:30,NO CURRENT SETUP,,,,,,,,,
GSPCROP.NS,475.1000061035156,2026-09-10T13:50:00+05:30,NO CURRENT SETUP,,,,,,,,,
GUFICBIO.NS,423.5,2026-09-10T13:50:00+05:30,NO CURRENT SETUP,,,,,,,,,
GULPOLY.NS,177.6699981689453,2026-09-10T13:50:00+05:30,NO CURRENT SETUP,,,,,,,,,
GYFTR.NS,182.3000030517578,2026-09-10T13:35:00+05:30,NO CURRENT SETUP,,,,,,,,,
HAL.NS,4956.7998046875,2026-09-10T13:55:00+05:30,NO CURRENT SETUP,,,,,,,,,
HALDER.NS,285.0,2026-09-10T11:55:00+05:30,NO CURRENT SETUP,,,,,,,,,
HAMPTON.NS,8.319999694824219,2026-09-10T13:40:00+05:30,NO CURRENT SETUP,,,,,,,,,
HAPPYFORGE.NS,2231.39990234375,2026-09-10T13:50:00+05:30,NO CURRENT SETUP,,,,,,,,,
HARRMALAYA.NS,187.42999267578125,2026-09-10T13:55:00+05:30,NO CURRENT SETUP,,,,,,,,,
HAZOOR.NS,19.780000686645508,2026-09-10T13:40:00+05:30,NO CURRENT SETUP,,,,,,,,,
HBESD.NS,73.22000122070312,2026-09-10T12:25:00+05:30,NO CURRENT SETUP,,,,,,,,,
HBPOR.NS,58.79999923706055,2026-09-10T12:25:00+05:30,NO CURRENT SETUP,,,,,,,,,
HDBFS.NS,669.4000244140625,2026-09-10T13:55:00+05:30,NO CURRENT SETUP,,,,,,,,,
HEG.NS,249.64999389648438,2026-09-10T13:55:00+05:30,NO CURRENT SETUP,,,,,,,,,
HINDADH.NS,368.0,2026-09-10T13:25:00+05:30,NO CURRENT SETUP,,,,,,,,,
HINDALUMI.NS,96.69999694824219,2026-09-10T13:45:00+05:30,NO CURRENT SETUP,,,,,,,,,
HNDFDS.NS,621.5999755859375,2026-09-10T13:50:00+05:30,NO CURRENT SETUP,,,,,,,,,
HONASA.NS,474.0,2026-09-10T13:55:00+05:30,NO CURRENT SETUP,,,,,,,,,
HPAL.NS,35.79999923706055,2026-09-10T13:55:00+05:30,NO CURRENT SETUP,,,,,,,,,
HRYNSHP.NS,101.79000091552734,2026-09-10T13:15:00+05:30,NO CURRENT SETUP,,,,,,,,,
IBULLSLTD.NS,24.899999618530273,2026-09-10T13:55:00+05:30,NO CURRENT SETUP,,,,,,,,,
ICDSLTD.NS,67.47000122070312,2026-09-10T13:40:00+05:30,NO CURRENT SETUP,,,,,,,,,
ICICIBANK.NS,1382.4000244140625,2026-09-10T13:55:00+05:30,NO CURRENT SETUP,,,,,,,,,
ICIL.NS,442.8999938964844,2026-09-10T13:55:00+05:30,NO CURRENT SETUP,,,,,,,,,
IGPL.NS,559.6500244140625,2026-09-10T13:55:00+05:30,NO CURRENT SETUP,,,,,,,,,
INDOBORAX.NS,487.95001220703125,2026-09-10T13:50:00+05:30,NO CURRENT SETUP,,,,,,,,,
INDOKEM.NS,622.0,2026-09-10T13:05:00+05:30,NO CURRENT SETUP,,,,,,,,,
INDOMIM.NS,1009.25,2026-09-10T13:55:00+05:30,NO CURRENT SETUP,,,,,,,,,
INDOTECH.NS,3611.39990234375,2026-09-10T13:55:00+05:30,NO CURRENT SETUP,,,,,,,,,
INDPRUD.NS,6220.0,2026-09-10T13:25:00+05:30,NO CURRENT SETUP,,,,,,,,,
INDSWFTLAB.NS,383.20001220703125,2026-09-10T13:55:00+05:30,NO CURRENT SETUP,,,,,,,,,
INDUSINDBK.NS,989.7000122070312,2026-09-10T13:55:00+05:30,NO CURRENT SETUP,,,,,,,,,
INGERRAND.NS,4583.0,2026-09-10T13:55:00+05:30,NO CURRENT SETUP,,,,,,,,,
INNOVACAP.NS,1172.5,2026-09-10T13:50:00+05:30,NO CURRENT SETUP,,,,,,,,,
IOLCP.NS,210.9199981689453,2026-09-10T13:55:00+05:30,NO CURRENT SETUP,,,,,,,,,
IPCALAB.NS,1969.0,2026-09-10T13:55:00+05:30,NO CURRENT SETUP,,,,,,,,,
IPRINGLTD.NS,147.00999450683594,2026-09-10T13:50:00+05:30,NO CURRENT SETUP,,,,,,,,,
IRISDOREME.NS,62.619998931884766,2026-09-10T13:50:00+05:30,NO CURRENT SETUP,,,,,,,,,
IRMENERGY.NS,284.20001220703125,2026-09-10T13:50:00+05:30,NO CURRENT SETUP,,,,,,,,,
ISTLTD.NS,662.0,2026-09-10T13:50:00+05:30,NO CURRENT SETUP,,,,,,,,,
ITL.NS,367.1499938964844,2026-09-10T13:55:00+05:30,NO CURRENT SETUP,,,,,,,,,
IVALUE.NS,228.39999389648438,2026-09-10T13:50:00+05:30,NO CURRENT SETUP,,,,,,,,,
IWP.NS,34.29999923706055,2026-09-10T13:30:00+05:30,NO CURRENT SETUP,,,,,,,,,
JAMNAAUTO.NS,131.7899932861328,2026-09-10T13:55:00+05:30,NO CURRENT SETUP,,,,,,,,,
JAYSREETEA.NS,95.72000122070312,2026-09-10T13:45:00+05:30,NO CURRENT SETUP,,,,,,,,,
JBMA.NS,605.7000122070312,2026-09-10T13:55:00+05:30,NO CURRENT SETUP,,,,,,,,,
JENBURPH.NS,1016.0999755859375,2026-09-10T13:50:00+05:30,NO CURRENT SETUP,,,,,,,,,
JGCHEM.NS,600.5999755859375,2026-09-10T13:50:00+05:30,NO CURRENT SETUP,,,,,,,,,
JINDRILL.NS,663.7999877929688,2026-09-10T13:55:00+05:30,NO CURRENT SETUP,,,,,,,,,
JITFINFRA.NS,302.1499938964844,2026-09-10T13:40:00+05:30,NO CURRENT SETUP,,,,,,,,,
JNPR.NS,259.1000061035156,2026-09-10T13:55:00+05:30,NO CURRENT SETUP,,,,,,,,,
JSFB.NS,520.9000244140625,2026-09-10T13:55:00+05:30,NO CURRENT SETUP,,,,,,,,,
JSWSTEEL.NS,1296.300048828125,2026-09-10T13:55:00+05:30,NO CURRENT SETUP,,,,,,,,,
JUSTDIAL.NS,661.4000244140625,2026-09-10T13:50:00+05:30,NO CURRENT SETUP,,,,,,,,,
JYOTIRES.NS,873.9000244140625,2026-09-10T13:55:00+05:30,NO CURRENT SETUP,,,,,,,,,
KABRAEXTRU.NS,711.0,2026-09-10T13:55:00+05:30,NO CURRENT SETUP,,,,,,,,,
KAJARIACER.NS,1247.4000244140625,2026-09-10T13:55:00+05:30,NO CURRENT SETUP,,,,,,,,,
KAMAHOLD.NS,2298.0,2026-09-10T13:50:00+05:30,NO CURRENT SETUP,,,,,,,,,
KAMANWALA.NS,17.0,2026-09-10T13:40:00+05:30,NO CURRENT SETUP,,,,,,,,,
KANCHI.NS,404.8999938964844,2026-09-10T13:40:00+05:30,NO CURRENT SETUP,,,,,,,,,
KANCOTEA.NS,55.939998626708984,2026-09-10T13:45:00+05:30,NO CURRENT SETUP,,,,,,,,,
KANPRPLA.NS,248.89999389648438,2026-09-10T13:50:00+05:30,NO CURRENT SETUP,,,,,,,,,
KAPSTON.NS,579.8499755859375,2026-09-10T13:50:00+05:30,NO CURRENT SETUP,,,,,,,,,
KDDL.NS,3888.300048828125,2026-09-10T13:50:00+05:30,NO CURRENT SETUP,,,,,,,,,
KEI.NS,4622.0,2026-09-10T13:55:00+05:30,NO CURRENT SETUP,,,,,,,,,
KENNAMET.NS,5072.39990234375,2026-09-10T13:55:00+05:30,NO CURRENT SETUP,,,,,,,,,
KERNEX.NS,1701.5999755859375,2026-09-10T13:55:00+05:30,NO CURRENT SETUP,,,,,,,,,
KHAITANLTD.NS,161.0,2026-09-10T13:25:00+05:30,NO CURRENT SETUP,,,,,,,,,
KINGFA.NS,6240.5,2026-09-10T13:55:00+05:30,NO CURRENT SETUP,,,,,,,,,
KIRANVYPAR.NS,207.0,2026-09-10T13:00:00+05:30,NO CURRENT SETUP,,,,,,,,,
KJMCFIN.NS,63.63999938964844,2026-09-10T13:50:00+05:30,NO CURRENT SETUP,,,,,,,,,
KLBRENG-B.NS,481.6000061035156,2026-09-10T13:55:00+05:30,NO CURRENT SETUP,,,,,,,,,
KMCSHIL.NS,137.52999877929688,2026-09-10T13:50:00+05:30,NO CURRENT SETUP,,,,,,,,,
KMEW.NS,2930.300048828125,2026-09-10T13:50:00+05:30,NO CURRENT SETUP,,,,,,,,,
KMSUGAR.NS,30.200000762939453,2026-09-10T13:55:00+05:30,NO CURRENT SETUP,,,,,,,,,
KNACK.NS,188.00999450683594,2026-09-10T13:50:00+05:30,NO CURRENT SETUP,,,,,,,,,
KNAGRI.NS,196.9199981689453,2026-09-10T13:50:00+05:30,NO CURRENT SETUP,,,,,,,,,
KOLTEPATIL.NS,445.45001220703125,2026-09-10T13:55:00+05:30,NO CURRENT SETUP,,,,,,,,,
KOTIC.NS,152.39999389648438,2026-09-10T13:55:00+05:30,NO CURRENT SETUP,,,,,,,,,
KOVAI.NS,6336.0,2026-09-10T13:55:00+05:30,NO CURRENT SETUP,,,,,,,,,
KPIL.NS,1426.0,2026-09-10T13:55:00+05:30,NO CURRENT SETUP,,,,,,,,,
KPL.NS,3521.89990234375,2026-09-10T13:55:00+05:30,NO CURRENT SETUP,,,,,,,,,
KRISHANA.NS,182.05999755859375,2026-09-10T13:55:00+05:30,NO CURRENT SETUP,,,,,,,,,
KRITINUT.NS,82.0,2026-09-10T13:45:00+05:30,NO CURRENT SETUP,,,,,,,,,
KRN.NS,1593.4000244140625,2026-09-10T13:55:00+05:30,NO CURRENT SETUP,,,,,,,,,
KRYSTAL.NS,628.9500122070312,2026-09-10T13:50:00+05:30,NO CURRENT SETUP,,,,,,,,,
KSE.NS,179.0,2026-09-10T13:40:00+05:30,NO CURRENT SETUP,,,,,,,,,
KSHINTL.NS,1171.550048828125,2026-09-10T13:50:00+05:30,NO CURRENT SETUP,,,,,,,,,
KTKBANK.NS,331.8500061035156,2026-09-10T13:55:00+05:30,NO CURRENT SETUP,,,,,,,,,
KUSUMGAR.NS,568.8499755859375,2026-09-10T13:50:00+05:30,NO CURRENT SETUP,,,,,,,,,
KWIL.NS,41.75,2026-09-10T13:55:00+05:30,NO CURRENT SETUP,,,,,,,,,
LADDERUP.NS,61.93000030517578,2026-09-10T13:25:00+05:30,NO CURRENT SETUP,,,,,,,,,
LAGNAM.NS,72.94000244140625,2026-09-10T13:45:00+05:30,NO CURRENT SETUP,,,,,,,,,
LAHOTIOV.NS,41.130001068115234,2026-09-10T13:40:00+05:30,NO CURRENT SETUP,,,,,,,,,
LAKSHMIMIL.NS,8300.0,2026-08-20T15:25:00+05:30,NO CURRENT SETUP,,,,,,,,,
LALPATHLAB.NS,1899.4000244140625,2026-09-10T13:55:00+05:30,NO CURRENT SETUP,,,,,,,,,
LANCER.NS,12.739999771118164,2026-09-10T13:50:00+05:30,NO CURRENT SETUP,,,,,,,,,
LASERPOWER.NS,292.5,2026-09-10T13:55:00+05:30,NO CURRENT SETUP,,,,,,,,,
LAURUSLABS.NS,1944.0,2026-09-10T13:55:00+05:30,NO CURRENT SETUP,,,,,,,,,
LCL.NS,557.5,2026-09-10T13:55:00+05:30,NO CURRENT SETUP,,,,,,,,,
LEAPIND.NS,142.25,2026-09-10T13:55:00+05:30,NO CURRENT SETUP,,,,,,,,,
LEENEE.NS,8.350000381469727,2026-09-10T13:25:00+05:30,NO CURRENT SETUP,,,,,,,,,
LENSKART.NS,695.0999755859375,2026-09-10T13:55:00+05:30,NO CURRENT SETUP,,,,,,,,,
LICI.NS,406.45001220703125,2026-09-10T13:55:00+05:30,NO CURRENT SETUP,,,,,,,,,
LKPSEC.NS,15.600000381469727,2026-09-10T13:55:00+05:30,NO CURRENT SETUP,,,,,,,,,
LLOYDSENGG.NS,81.33999633789062,2026-09-10T13:55:00+05:30,NO CURRENT SETUP,,,,,,,,,
LLOYDSENT.NS,70.12999725341797,2026-09-10T13:55:00+05:30,NO CURRENT SETUP,,,,,,,,,
LLOYDSME.NS,1819.0,2026-09-10T13:55:00+05:30,NO CURRENT SETUP,,,,,,,,,
LMW.NS,17650.0,2026-09-10T13:55:00+05:30,NO CURRENT SETUP,,,,,,,,,
LOTUSCHO.NS,598.0,2026-09-10T13:35:00+05:30,NO CURRENT SETUP,,,,,,,,,
LPDC.NS,6.260000228881836,2026-09-10T13:40:00+05:30,NO CURRENT SETUP,,,,,,,,,
LT.NS,3926.0,2026-09-10T13:55:00+05:30,NO CURRENT SETUP,,,,,,,,,
LUMAXTECH.NS,1954.199951171875,2026-09-10T13:50:00+05:30,NO CURRENT SETUP,,,,,,,,,
M&M.NS,3128.0,2026-09-10T13:55:00+05:30,NO CURRENT SETUP,,,,,,,,,
MACPOWER.NS,1878.0999755859375,2026-09-10T13:55:00+05:30,NO CURRENT SETUP,,,,,,,,,
MADHAVIPL.NS,7.900000095367432,2026-09-10T13:50:00+05:30,NO CURRENT SETUP,,,,,,,,,
MAGADSUGAR.NS,565.0499877929688,2026-09-10T13:55:00+05:30,NO CURRENT SETUP,,,,,,,,,
MAKERSL.NS,188.69000244140625,2026-09-10T13:40:00+05:30,NO CURRENT SETUP,,,,,,,,,
MANAKSIA.NS,71.51000213623047,2026-09-10T13:55:00+05:30,NO CURRENT SETUP,,,,,,,,,
MANAKSTEEL.NS,115.01000213623047,2026-09-10T13:50:00+05:30,NO CURRENT SETUP,,,,,,,,,
MANBRO.NS,59.369998931884766,2026-08-20T15:25:00+05:30,NO CURRENT SETUP,,,,,,,,,
MANCREDIT.NS,220.13999938964844,2026-09-10T13:55:00+05:30,NO CURRENT SETUP,,,,,,,,,
MANGLMCEM.NS,1043.199951171875,2026-09-10T13:45:00+05:30,NO CURRENT SETUP,,,,,,,,,
MANINDS.NS,809.5499877929688,2026-09-10T13:55:00+05:30,NO CURRENT SETUP,,,,,,,,,
MANIPALHOS.NS,737.75,2026-09-10T13:55:00+05:30,NO CURRENT SETUP,,,,,,,,,
MANORAMA.NS,2101.60009765625,2026-09-10T13:50:00+05:30,NO CURRENT SETUP,,,,,,,,,
MARICO.NS,802.75,2026-09-10T13:55:00+05:30,NO CURRENT SETUP,,,,,,,,,
MARINE.NS,412.1000061035156,2026-09-10T13:55:00+05:30,NO CURRENT SETUP,,,,,,,,,
MARKSANS.NS,331.3500061035156,2026-09-10T13:55:00+05:30,NO CURRENT SETUP,,,,,,,,,
MAWANASUG.NS,137.11000061035156,2026-09-10T13:55:00+05:30,NO CURRENT SETUP,,,,,,,,,
MAXESTATES.NS,544.0499877929688,2026-09-10T13:50:00+05:30,NO CURRENT SETUP,,,,,,,,,
MAXHEALTH.NS,1033.199951171875,2026-09-10T13:55:00+05:30,NO CURRENT SETUP,,,,,,,,,
MBAPL.NS,161.3699951171875,2026-09-10T13:55:00+05:30,NO CURRENT SETUP,,,,,,,,,
MCCHRLS-B.NS,679.0,2026-09-10T13:40:00+05:30,NO CURRENT SETUP,,,,,,,,,
MCLEODRUSS.NS,44.54999923706055,2026-09-10T13:50:00+05:30,NO CURRENT SETUP,,,,,,,,,
MEDICAPQ.NS,34.939998626708984,2026-09-10T13:55:00+05:30,NO CURRENT SETUP,,,,,,,,,
MEESHO.NS,216.85000610351562,2026-09-10T13:55:00+05:30,NO CURRENT SETUP,,,,,,,,,
MENNPIS.NS,76.41000366210938,2026-09-10T13:55:00+05:30,NO CURRENT SETUP,,,,,,,,,
MERCANTILE.NS,24.25,2026-09-10T13:35:00+05:30,NO CURRENT SETUP,,,,,,,,,
MERCURYEV.NS,41.61000061035156,2026-09-10T13:50:00+05:30,NO CURRENT SETUP,,,,,,,,,
METROGLOBL.NS,140.0,2026-09-10T13:35:00+05:30,NO CURRENT SETUP,,,,,,,,,
MIIL.NS,683.9500122070312,2026-09-10T13:50:00+05:30,NO CURRENT SETUP,,,,,,,,,
MILKYMIST.NS,275.3599853515625,2026-09-10T13:55:00+05:30,NO CURRENT SETUP,,,,,,,,,
MINALIND.NS,5.670000076293945,2026-09-10T13:10:00+05:30,NO CURRENT SETUP,,,,,,,,,
MINDACORP.NS,705.5,2026-09-10T13:55:00+05:30,NO CURRENT SETUP,,,,,,,,,
MIRZAINT.NS,30.950000762939453,2026-09-10T13:55:00+05:30,NO CURRENT SETUP,,,,,,,,,
MKEXIM.NS,64.58000183105469,2026-09-10T13:35:00+05:30,NO CURRENT SETUP,,,,,,,,,
MLKFOOD.NS,82.0,2026-09-10T13:20:00+05:30,NO CURRENT SETUP,,,,,,,,,
MMFL.NS,644.5,2026-09-10T13:55:00+05:30,NO CURRENT SETUP,,,,,,,,,
MMP.NS,454.0,2026-09-10T13:50:00+05:30,NO CURRENT SETUP,,,,,,,,,
MMWL.NS,13.680000305175781,2026-09-10T13:50:00+05:30,NO CURRENT SETUP,,,,,,,,,
MODIS.NS,371.1499938964844,2026-09-10T13:45:00+05:30,NO CURRENT SETUP,,,,,,,,,
MODTHREAD.NS,53.9900016784668,2026-09-10T12:50:00+05:30,NO CURRENT SETUP,,,,,,,,,
MOHITE.NS,2.759999990463257,2026-09-10T13:50:00+05:30,NO CURRENT SETUP,,,,,,,,,
MOLBIO.NS,1509.4000244140625,2026-09-10T13:55:00+05:30,NO CURRENT SETUP,,,,,,,,,
MONARCH.NS,371.5,2026-09-10T13:55:00+05:30,NO CURRENT SETUP,,,,,,,,,
MOREPENLAB.NS,116.11000061035156,2026-09-10T13:55:00+05:30,NO CURRENT SETUP,,,,,,,,,
MOTHERSON.NS,163.13999938964844,2026-09-10T13:55:00+05:30,NO CURRENT SETUP,,,,,,,,,
MPDL.NS,32.11000061035156,2026-09-10T12:20:00+05:30,NO CURRENT SETUP,,,,,,,,,
MPSLTD.NS,2715.89990234375,2026-09-10T13:50:00+05:30,NO CURRENT SETUP,,,,,,,,,
MSL.NS,149.0,2026-09-10T13:20:00+05:30,NO CURRENT SETUP,,,,,,,,,
MSTCLTD.NS,739.4500122070312,2026-09-10T13:55:00+05:30,NO CURRENT SETUP,,,,,,,,,
MUKESHB.NS,132.5,2026-09-10T13:20:00+05:30,NO CURRENT SETUP,,,,,,,,,
MUNJALAU.NS,109.4000015258789,2026-09-10T13:50:00+05:30,NO CURRENT SETUP,,,,,,,,,
MVELECTRO.NS,843.75,2026-09-10T13:55:00+05:30,NO CURRENT SETUP,,,,,,,,,
MWL.NS,42.13999938964844,2026-09-10T13:55:00+05:30,NO CURRENT SETUP,,,,,,,,,
MYSORPETRO.NS,152.0,2026-09-10T13:30:00+05:30,NO CURRENT SETUP,,,,,,,,,
NAHARCAP.NS,259.6000061035156,2026-09-10T13:50:00+05:30,NO CURRENT SETUP,,,,,,,,,
NAHARSPING.NS,276.04998779296875,2026-09-10T13:55:00+05:30,NO CURRENT SETUP,,,,,,,,,
NAM-INDIA.NS,1178.5999755859375,2026-09-10T13:55:00+05:30,NO CURRENT SETUP,,,,,,,,,
NATIONALUM.NS,372.54998779296875,2026-09-10T13:55:00+05:30,NO CURRENT SETUP,,,,,,,,,
NATIONSTD.NS,114.38999938964844,2026-09-10T13:50:00+05:30,NO CURRENT SETUP,,,,,,,,,
NAVINFLUOR.NS,8703.0,2026-09-10T13:55:00+05:30,NO CURRENT SETUP,,,,,,,,,
NAZARA.NS,375.79998779296875,2026-09-10T13:55:00+05:30,NO CURRENT SETUP,,,,,,,,,
NEAGI.NS,3469.0,2026-09-10T11:45:00+05:30,NO CURRENT SETUP,,,,,,,,,
NELCO.NS,946.9500122070312,2026-09-10T13:50:00+05:30,NO CURRENT SETUP,,,,,,,,,
NEOGEN.NS,2362.0,2026-09-10T13:55:00+05:30,NO CURRENT SETUP,,,,,,,,,
NESTLEIND.NS,1383.5,2026-09-10T13:55:00+05:30,NO CURRENT SETUP,,,,,,,,,
NEULANDLAB.NS,24050.0,2026-09-10T13:55:00+05:30,NO CURRENT SETUP,,,,,,,,,
NGLFINE.NS,2737.89990234375,2026-09-10T13:55:00+05:30,NO CURRENT SETUP,,,,,,,,,
NIACL.NS,198.2100067138672,2026-09-10T13:55:00+05:30,NO CURRENT SETUP,,,,,,,,,
NIBL.NS,30.649999618530273,2026-09-10T13:50:00+05:30,NO CURRENT SETUP,,,,,,,,,
NICCOPAR.NS,80.0199966430664,2026-09-10T13:30:00+05:30,NO CURRENT SETUP,,,,,,,,,
NILE.NS,1470.0999755859375,2026-09-10T13:35:00+05:30,NO CURRENT SETUP,,,,,,,,,
NILKAMAL.NS,2070.800048828125,2026-09-10T13:55:00+05:30,NO CURRENT SETUP,,,,,,,,,
NIRLON.NS,620.5499877929688,2026-09-10T13:35:00+05:30,NO CURRENT SETUP,,,,,,,,,
NITCO.NS,94.4000015258789,2026-09-10T13:50:00+05:30,NO CURRENT SETUP,,,,,,,,,
NITINSPIN.NS,651.9500122070312,2026-09-10T13:50:00+05:30,NO CURRENT SETUP,,,,,,,,,
NRAIL.NS,606.0,2026-09-10T13:50:00+05:30,NO CURRENT SETUP,,,,,,,,,
NRBBEARING.NS,513.2000122070312,2026-09-10T13:55:00+05:30,NO CURRENT SETUP,,,,,,,,,
NSLNISP.NS,43.90999984741211,2026-09-10T13:55:00+05:30,NO CURRENT SETUP,,,,,,,,,
NTCIND.NS,135.3000030517578,2026-09-10T12:35:00+05:30,NO CURRENT SETUP,,,,,,,,,
NYKAA.NS,343.54998779296875,2026-09-10T13:55:00+05:30,NO CURRENT SETUP,,,,,,,,,
OBEROIRLTY.NS,1782.800048828125,2026-09-10T13:55:00+05:30,NO CURRENT SETUP,,,,,,,,,
ODYCORP.NS,7.289999961853027,2026-09-10T13:15:00+05:30,NO CURRENT SETUP,,,,,,,,,
OFSS.NS,11689.0,2026-09-10T13:55:00+05:30,NO CURRENT SETUP,,,,,,,,,
OMAXE.NS,123.37000274658203,2026-09-10T13:50:00+05:30,NO CURRENT SETUP,,,,,,,,,
OMNI.NS,559.0,2026-09-10T13:55:00+05:30,NO CURRENT SETUP,,,,,,,,,
ONEGLOBAL.NS,546.0,2026-09-10T13:50:00+05:30,NO CURRENT SETUP,,,,,,,,,
ONIXSOLAR.NS,456.1499938964844,2026-09-10T13:50:00+05:30,NO CURRENT SETUP,,,,,,,,,
OPTIFIN.NS,14.569999694824219,2026-09-10T13:45:00+05:30,NO CURRENT SETUP,,,,,,,,,
ORCHPHARMA.NS,1017.6500244140625,2026-09-10T13:55:00+05:30,NO CURRENT SETUP,,,,,,,,,
ORIENTBELL.NS,411.29998779296875,2026-09-10T13:55:00+05:30,NO CURRENT SETUP,,,,,,,,,
ORIRAIL.NS,124.76000213623047,2026-09-10T13:50:00+05:30,NO CURRENT SETUP,,,,,,,,,
PACIFICI.NS,138.0,2026-09-10T13:20:00+05:30,NO CURRENT SETUP,,,,,,,,,
PAGEIND.NS,35505.0,2026-09-10T13:55:00+05:30,NO CURRENT SETUP,,,,,,,,,
PANAMAPET.NS,492.29998779296875,2026-09-10T13:55:00+05:30,NO CURRENT SETUP,,,,,,,,,
PANCHMAHQ.NS,299.0,2026-08-20T14:50:00+05:30,NO CURRENT SETUP,,,,,,,,,
PANORAMA.NS,52.189998626708984,2026-09-10T13:50:00+05:30,NO CURRENT SETUP,,,,,,,,,
PANSARI.NS,292.0,2026-09-10T13:50:00+05:30,NO CURRENT SETUP,,,,,,,,,
PARAS.NS,1460.0,2026-09-10T13:55:00+05:30,NO CURRENT SETUP,,,,,,,,,
PARNAXLAB.NS,126.94999694824219,2026-09-10T12:15:00+05:30,NO CURRENT SETUP,,,,,,,,,
PAUSHAKLTD.NS,736.0,2026-09-10T13:55:00+05:30,NO CURRENT SETUP,,,,,,,,,
PAYTM.NS,1739.0,2026-09-10T13:55:00+05:30,NO CURRENT SETUP,,,,,,,,,
PBMPOLY.NS,60.5,2026-09-10T11:10:00+05:30,NO CURRENT SETUP,,,,,,,,,
PERMAGN.NS,860.0999755859375,2026-09-10T13:50:00+05:30,NO CURRENT SETUP,,,,,,,,,
PFIZER.NS,4134.10009765625,2026-09-10T13:55:00+05:30,NO CURRENT SETUP,,,,,,,,,
PGEL.NS,544.7999877929688,2026-09-10T13:55:00+05:30,NO CURRENT SETUP,,,,,,,,,
PGIL.NS,2387.10009765625,2026-09-10T13:55:00+05:30,NO CURRENT SETUP,,,,,,,,,
PHOENXINTL.NS,29.59000015258789,2026-09-10T13:35:00+05:30,NO CURRENT SETUP,,,,,,,,,
PICCADIL.NS,603.9500122070312,2026-09-10T13:55:00+05:30,NO CURRENT SETUP,,,,,,,,,
PIDILITIND.NS,1560.800048828125,2026-09-10T13:55:00+05:30,NO CURRENT SETUP,,,,,,,,,
PITTIENG.NS,1177.5,2026-09-10T13:55:00+05:30,NO CURRENT SETUP,,,,,,,,,
PIXTRANS.NS,1736.300048828125,2026-09-10T13:55:00+05:30,NO CURRENT SETUP,,,,,,,,,
PLASTIBLEN.NS,194.6999969482422,2026-09-10T13:50:00+05:30,NO CURRENT SETUP,,,,,,,,,
PLAZACABLE.NS,60.5,2026-09-10T13:55:00+05:30,NO CURRENT SETUP,,,,,,,,,
PML.NS,498.0,2026-09-10T12:50:00+05:30,NO CURRENT SETUP,,,,,,,,,
PNBHOUSING.NS,1156.699951171875,2026-09-10T13:55:00+05:30,NO CURRENT SETUP,,,,,,,,,
PNGJL.NS,605.5,2026-09-10T13:55:00+05:30,NO CURRENT SETUP,,,,,,,,,
PNGSREVA.NS,509.5,2026-09-10T13:55:00+05:30,NO CURRENT SETUP,,,,,,,,,
PODDARMENT.NS,300.0,2026-09-10T13:50:00+05:30,NO CURRENT SETUP,,,,,,,,,
POEL.NS,141.5,2026-09-10T13:50:00+05:30,NO CURRENT SETUP,,,,,,,,,
POKARNA.NS,778.8499755859375,2026-09-10T13:55:00+05:30,NO CURRENT SETUP,,,,,,,,,
POLICYBZR.NS,1802.800048828125,2026-09-10T13:55:00+05:30,NO CURRENT SETUP,,,,,,,,,
POLYPLEX.NS,1126.0,2026-09-10T13:55:00+05:30,NO CURRENT SETUP,,,,,,,,,
POLYSPIN.NS,28.5,2026-09-10T12:40:00+05:30,NO CURRENT SETUP,,,,,,,,,
PONNIERODE.NS,371.29998779296875,2026-09-10T13:50:00+05:30,NO CURRENT SETUP,,,,,,,,,
POWERMECH.NS,2420.10009765625,2026-09-10T13:55:00+05:30,NO CURRENT SETUP,,,,,,,,,
PPLPHARMA.NS,214.10000610351562,2026-09-10T13:55:00+05:30,NO CURRENT SETUP,,,,,,,,,
PRAVEG.NS,266.3999938964844,2026-09-10T13:45:00+05:30,NO CURRENT SETUP,,,,,,,,,
PRECOT.NS,669.0,2026-09-10T13:45:00+05:30,NO CURRENT SETUP,,,,,,,,,
PRECWIRE.NS,465.20001220703125,2026-09-10T13:55:00+05:30,NO CURRENT SETUP,,,,,,,,,
PREMCO.NS,390.0,2026-09-10T13:20:00+05:30,NO CURRENT SETUP,,,,,,,,,
PREMIERPOL.NS,88.2699966430664,2026-09-10T13:50:00+05:30,NO CURRENT SETUP,,,,,,,,,
PRICOLLTD.NS,741.4500122070312,2026-09-10T13:55:00+05:30,NO CURRENT SETUP,,,,,,,,,
PRIMESECU.NS,278.20001220703125,2026-09-10T13:45:00+05:30,NO CURRENT SETUP,,,,,,,,,
PRIMO.NS,21.690000534057617,2026-09-10T13:50:00+05:30,NO CURRENT SETUP,,,,,,,,,
PRISMX.NS,0.5899999737739563,2026-09-10T13:45:00+05:30,NO CURRENT SETUP,,,,,,,,,
PRUDENT.NS,3331.0,2026-09-10T13:55:00+05:30,NO CURRENT SETUP,,,,,,,,,
PTCIL.NS,22380.0,2026-09-10T13:50:00+05:30,NO CURRENT SETUP,,,,,,,,,
PTL.NS,38.380001068115234,2026-09-10T13:45:00+05:30,NO CURRENT SETUP,,,,,,,,,
PVP.NS,66.4000015258789,2026-09-10T13:55:00+05:30,NO CURRENT SETUP,,,,,,,,,
PWL.NS,127.86000061035156,2026-09-10T13:55:00+05:30,NO CURRENT SETUP,,,,,,,,,
QUADFUTURE.NS,433.54998779296875,2026-09-10T13:55:00+05:30,NO CURRENT SETUP,,,,,,,,,
QUESS.NS,356.25,2026-09-10T13:55:00+05:30,NO CURRENT SETUP,,,,,,,,,
QUINT.NS,39.59000015258789,2026-09-10T13:55:00+05:30,NO CURRENT SETUP,,,,,,,,,
RADICO.NS,4427.7998046875,2026-09-10T13:55:00+05:30,NO CURRENT SETUP,,,,,,,,,
RAIN.NS,219.7100067138672,2026-09-10T13:55:00+05:30,NO CURRENT SETUP,,,,,,,,,
RAJPALAYAM.NS,760.4500122070312,2026-09-10T13:20:00+05:30,NO CURRENT SETUP,,,,,,,,,
RAMBHAJO.NS,275.0,2026-09-10T13:55:00+05:30,NO CURRENT SETUP,,,,,,,,,
RANASUG.NS,14.899999618530273,2026-09-10T13:55:00+05:30,NO CURRENT SETUP,,,,,,,,,
RATEGAIN.NS,867.0499877929688,2026-09-10T13:55:00+05:30,NO CURRENT SETUP,,,,,,,,,
RATNAVEER.NS,305.3500061035156,2026-09-10T13:55:00+05:30,NO CURRENT SETUP,,,,,,,,,
RBA.NS,97.58999633789062,2026-09-10T13:55:00+05:30,NO CURRENT SETUP,,,,,,,,,
RBLBANK.NS,410.45001220703125,2026-09-10T13:55:00+05:30,NO CURRENT SETUP,,,,,,,,,
RBZJEWEL.NS,178.0,2026-09-10T13:50:00+05:30,NO CURRENT SETUP,,,,,,,,,
REDINGTON.NS,394.6499938964844,2026-09-10T13:55:00+05:30,NO CURRENT SETUP,,,,,,,,,
RHETAN.NS,25.270000457763672,2026-09-10T13:50:00+05:30,NO CURRENT SETUP,,,,,,,,,
RHIM.NS,380.45001220703125,2026-09-10T13:50:00+05:30,NO CURRENT SETUP,,,,,,,,,
RIR.NS,181.8300018310547,2026-09-10T13:55:00+05:30,NO CURRENT SETUP,,,,,,,,,
RISHABH.NS,801.75,2026-09-10T13:55:00+05:30,NO CURRENT SETUP,,,,,,,,,
RITCO.NS,310.1000061035156,2026-09-10T13:55:00+05:30,NO CURRENT SETUP,,,,,,,,,
RKFORGE.NS,734.4000244140625,2026-09-10T13:55:00+05:30,NO CURRENT SETUP,,,,,,,,,
ROLEXRINGS.NS,173.1699981689453,2026-09-10T13:55:00+05:30,NO CURRENT SETUP,,,,,,,,,
ROSSELLIND.NS,56.08000183105469,2026-09-10T13:55:00+05:30,NO CURRENT SETUP,,,,,,,,,
ROSSTECH.NS,1205.4000244140625,2026-09-10T13:55:00+05:30,NO CURRENT SETUP,,,,,,,,,
RPEL.NS,1764.199951171875,2026-09-10T13:55:00+05:30,NO CURRENT SETUP,,,,,,,,,
RRECL.NS,132.0,2026-09-10T13:10:00+05:30,NO CURRENT SETUP,,,,,,,,,
RRIL.NS,16.020000457763672,2026-09-10T13:50:00+05:30,NO CURRENT SETUP,,,,,,,,,
RRKABEL.NS,2440.199951171875,2026-09-10T13:55:00+05:30,NO CURRENT SETUP,,,,,,,,,
RSL.NS,186.5500030517578,2026-09-10T13:50:00+05:30,NO CURRENT SETUP,,,,,,,,,
RTSPOWR.NS,90.18000030517578,2026-09-10T13:50:00+05:30,NO CURRENT SETUP,,,,,,,,,
RUBICON.NS,1796.300048828125,2026-09-10T13:50:00+05:30,NO CURRENT SETUP,,,,,,,,,
RUDRA.NS,20.139999389648438,2026-09-10T13:40:00+05:30,NO CURRENT SETUP,,,,,,,,,
SAB.NS,175.02999877929688,2026-09-10T10:35:00+05:30,NO CURRENT SETUP,,,,,,,,,
SAHYADRI.NS,382.0,2026-09-10T13:55:00+05:30,NO CURRENT SETUP,,,,,,,,,
SAICAPI.NS,158.0,2026-09-10T13:55:00+05:30,NO CURRENT SETUP,,,,,,,,,
SAILIFE.NS,1602.0,2026-09-10T13:55:00+05:30,NO CURRENT SETUP,,,,,,,,,
SAKAR.NS,1126.800048828125,2026-09-10T13:55:00+05:30,NO CURRENT SETUP,,,,,,,,,
SALSTEEL.NS,78.0,2026-09-10T13:50:00+05:30,NO CURRENT SETUP,,,,,,,,,
SAMBANDAM.NS,113.01000213623047,2026-09-10T12:10:00+05:30,NO CURRENT SETUP,,,,,,,,,
SAMBHV.NS,132.89999389648438,2026-09-10T13:55:00+05:30,NO CURRENT SETUP,,,,,,,,,
SAMMAANCAP.NS,150.47000122070312,2026-09-10T13:55:00+05:30,NO CURRENT SETUP,,,,,,,,,
SANATHAN.NS,486.8999938964844,2026-09-10T13:55:00+05:30,NO CURRENT SETUP,,,,,,,,,
SANDESH.NS,1025.300048828125,2026-09-10T12:45:00+05:30,NO CURRENT SETUP,,,,,,,,,
SANGHVIMOV.NS,435.70001220703125,2026-09-10T13:55:00+05:30,NO CURRENT SETUP,,,,,,,,,
SANSERA.NS,4113.7998046875,2026-09-10T13:55:00+05:30,NO CURRENT SETUP,,,,,,,,,
SAYAJIHOTL.NS,327.8999938964844,2026-09-10T13:20:00+05:30,NO CURRENT SETUP,,,,,,,,,
SAYAJIIND.NS,114.63999938964844,2026-08-20T15:20:00+05:30,NO CURRENT SETUP,,,,,,,,,
SBCL.NS,1115.699951171875,2026-09-10T13:55:00+05:30,NO CURRENT SETUP,,,,,,,,,
SBIFUNDS.NS,552.0,2026-09-10T13:55:00+05:30,NO CURRENT SETUP,,,,,,,,,
SCHAEFFLER.NS,3945.0,2026-09-10T13:55:00+05:30,NO CURRENT SETUP,,,,,,,,,
SCPL.NS,650.0,2026-09-10T13:00:00+05:30,NO CURRENT SETUP,,,,,,,,,
SECMARK.NS,148.0,2026-09-10T13:50:00+05:30,NO CURRENT SETUP,,,,,,,,,
SEDEMAC.NS,2915.800048828125,2026-09-10T13:55:00+05:30,NO CURRENT SETUP,,,,,,,,,
SEIL.NS,195.08999633789062,2026-09-10T13:50:00+05:30,NO CURRENT SETUP,,,,,,,,,
SEKURITIND.NS,112.26000213623047,2026-09-10T13:45:00+05:30,NO CURRENT SETUP,,,,,,,,,
SENCO.NS,352.04998779296875,2026-09-10T13:55:00+05:30,NO CURRENT SETUP,,,,,,,,,
SENORES.NS,1473.5999755859375,2026-09-10T13:55:00+05:30,NO CURRENT SETUP,,,,,,,,,
SGFIN.NS,677.0999755859375,2026-09-10T13:55:00+05:30,NO CURRENT SETUP,,,,,,,,,
SGIL.NS,601.75,2026-09-10T13:35:00+05:30,NO CURRENT SETUP,,,,,,,,,
SGLRES.NS,2.4600000381469727,2026-09-10T13:50:00+05:30,NO CURRENT SETUP,,,,,,,,,
SGMART.NS,770.5999755859375,2026-09-10T13:55:00+05:30,NO CURRENT SETUP,,,,,,,,,
SGRL.NS,638.0,2026-09-10T13:55:00+05:30,NO CURRENT SETUP,,,,,,,,,
SHADOWFAX.NS,254.6999969482422,2026-09-10T13:55:00+05:30,NO CURRENT SETUP,,,,,,,,,
SHAHALLOYS.NS,99.58999633789062,2026-09-10T13:10:00+05:30,NO CURRENT SETUP,,,,,,,,,
SHAILY.NS,3395.5,2026-09-10T13:55:00+05:30,NO CURRENT SETUP,,,,,,,,,
SHBAJRG.NS,159.97000122070312,2026-09-10T13:10:00+05:30,NO CURRENT SETUP,,,,,,,,,
SHERVANI.NS,307.20001220703125,2026-09-10T13:20:00+05:30,NO CURRENT SETUP,,,,,,,,,
SHILGRAVQ.NS,172.35000610351562,2026-09-10T13:55:00+05:30,NO CURRENT SETUP,,,,,,,,,
SHILPAMED.NS,965.8499755859375,2026-09-10T13:55:00+05:30,NO CURRENT SETUP,,,,,,,,,
SHINDL.NS,161.0,2026-09-10T13:40:00+05:30,NO CURRENT SETUP,,,,,,,,,
SHIVAAGRO.NS,41.939998626708984,2026-09-10T11:55:00+05:30,NO CURRENT SETUP,,,,,,,,,
SHIVACEM.NS,16.09000015258789,2026-09-10T13:50:00+05:30,NO CURRENT SETUP,,,,,,,,,
SHIVAMILLS.NS,60.209999084472656,2026-09-10T11:45:00+05:30,NO CURRENT SETUP,,,,,,,,,
SHIVAUM.NS,420.0,2026-09-10T13:55:00+05:30,NO CURRENT SETUP,,,,,,,,,
SHRADDHA.NS,150.99000549316406,2026-09-10T13:15:00+05:30,NO CURRENT SETUP,,,,,,,,,
SHREEJISPG.NS,708.9000244140625,2026-09-10T13:55:00+05:30,NO CURRENT SETUP,,,,,,,,,
SHREEPUSHK.NS,503.1000061035156,2026-09-10T13:55:00+05:30,NO CURRENT SETUP,,,,,,,,,
SHRIPISTON.NS,4471.60009765625,2026-09-10T13:55:00+05:30,NO CURRENT SETUP,,,,,,,,,
SHRIRAMFIN.NS,1036.5,2026-09-10T13:55:00+05:30,NO CURRENT SETUP,,,,,,,,,
SHRIRAMPPS.NS,73.06999969482422,2026-09-10T13:55:00+05:30,NO CURRENT SETUP,,,,,,,,,
SHRJAGP.NS,665.7999877929688,2026-09-10T13:45:00+05:30,NO CURRENT SETUP,,,,,,,,,
SHUKRAPHAR.NS,54.220001220703125,2026-09-10T13:55:00+05:30,NO CURRENT SETUP,,,,,,,,,
SICAGEN.NS,55.150001525878906,2026-09-10T13:50:00+05:30,NO CURRENT SETUP,,,,,,,,,
SIEL.NS,29.0,2026-09-10T10:35:00+05:30,NO CURRENT SETUP,,,,,,,,,
SIEMENS.NS,3919.39990234375,2026-09-10T13:55:00+05:30,NO CURRENT SETUP,,,,,,,,,
SIGIND.NS,71.58999633789062,2026-09-10T13:30:00+05:30,NO CURRENT SETUP,,,,,,,,,
SIGMAADV.NS,792.8499755859375,2026-09-10T13:55:00+05:30,NO CURRENT SETUP,,,,,,,,,
SIKA.NS,1035.050048828125,2026-09-10T13:55:00+05:30,NO CURRENT SETUP,,,,,,,,,
SIL.NS,18.350000381469727,2026-09-10T13:30:00+05:30,NO CURRENT SETUP,,,,,,,,,
SIMPLEXINF.NS,262.6000061035156,2026-09-10T13:50:00+05:30,NO CURRENT SETUP,,,,,,,,,
SIMPLXREA.NS,132.5,2026-09-10T12:45:00+05:30,NO CURRENT SETUP,,,,,,,,,
SINGERIND.NS,74.11000061035156,2026-09-10T13:45:00+05:30,NO CURRENT SETUP,,,,,,,,,
SJS.NS,2339.699951171875,2026-09-10T13:55:00+05:30,NO CURRENT SETUP,,,,,,,,,
SKYGOLD.NS,828.4000244140625,2026-09-10T13:55:00+05:30,NO CURRENT SETUP,,,,,,,,,
SOLARA.NS,710.7999877929688,2026-09-10T13:55:00+05:30,NO CURRENT SETUP,,,,,,,,,
SOLARINDS.NS,22395.0,2026-09-10T13:55:00+05:30,NO CURRENT SETUP,,,,,,,,,
SOMANYCERA.NS,558.5,2026-09-10T13:55:00+05:30,NO CURRENT SETUP,,,,,,,,,
SONACOMS.NS,801.0,2026-09-10T13:55:00+05:30,NO CURRENT SETUP,,,,,,,,,
SONAL.NS,90.08000183105469,2026-09-10T13:40:00+05:30,NO CURRENT SETUP,,,,,,,,,
SONAMLTD.NS,74.11000061035156,2026-09-10T13:50:00+05:30,NO CURRENT SETUP,,,,,,,,,
SOTL.NS,689.0,2026-09-10T13:55:00+05:30,NO CURRENT SETUP,,,,,,,,,
SPELS.NS,150.22000122070312,2026-08-20T15:25:00+05:30,NO CURRENT SETUP,,,,,,,,,
SRIKPRIND.NS,31.149999618530273,2026-09-10T13:50:00+05:30,NO CURRENT SETUP,,,,,,,,,
SSWL.NS,365.79998779296875,2026-09-10T13:55:00+05:30,NO CURRENT SETUP,,,,,,,,,
STCINDIA.NS,114.08000183105469,2026-09-10T13:50:00+05:30,NO CURRENT SETUP,,,,,,,,,
STEELCAS.NS,324.8500061035156,2026-09-10T13:50:00+05:30,NO CURRENT SETUP,,,,,,,,,
STLSTRINF.NS,18.889999389648438,2026-09-10T13:25:00+05:30,NO CURRENT SETUP,,,,,,,,,
STYRENIX.NS,2158.0,2026-09-10T13:50:00+05:30,NO CURRENT SETUP,,,,,,,,,
SUBEXLTD.NS,19.790000915527344,2026-09-10T13:55:00+05:30,NO CURRENT SETUP,,,,,,,,,
SUDEEPPHRM.NS,1213.5,2026-09-10T13:55:00+05:30,NO CURRENT SETUP,,,,,,,,,
SUMEDHA.NS,41.0,2026-09-10T13:50:00+05:30,NO CURRENT SETUP,,,,,,,,,
SUNDRMFAST.NS,1238.199951171875,2026-09-10T13:55:00+05:30,NO CURRENT SETUP,,,,,,,,,
SUNLOC.NS,78.77999877929688,2026-09-10T13:55:00+05:30,NO CURRENT SETUP,,,,,,,,,
SUNRAKSHAK.NS,376.79998779296875,2026-09-10T13:50:00+05:30,NO CURRENT SETUP,,,,,,,,,
SUNSHIEL.NS,1240.0,2026-09-10T13:50:00+05:30,NO CURRENT SETUP,,,,,,,,,
SUPRAJIT.NS,499.5,2026-09-10T13:50:00+05:30,NO CURRENT SETUP,,,,,,,,,
SUPTANERY.NS,10.819999694824219,2026-09-10T13:50:00+05:30,NO CURRENT SETUP,,,,,,,,,
SURAKSHA.NS,331.95001220703125,2026-09-10T13:55:00+05:30,NO CURRENT SETUP,,,,,,,,,
SURYALA.NS,410.0,2026-09-10T13:45:00+05:30,NO CURRENT SETUP,,,,,,,,,
SURYALAXMI.NS,59.4900016784668,2026-09-10T13:45:00+05:30,NO CURRENT SETUP,,,,,,,,,
SUVEN.NS,360.5,2026-09-10T13:55:00+05:30,NO CURRENT SETUP,,,,,,,,,
SUZLON.NS,44.54999923706055,2026-09-10T13:55:00+05:30,NO CURRENT SETUP,,,,,,,,,
SVGLOBAL.NS,144.99000549316406,2026-09-10T13:45:00+05:30,NO CURRENT SETUP,,,,,,,,,
SWARAJ.NS,352.3999938964844,2026-09-10T13:55:00+05:30,NO CURRENT SETUP,,,,,,,,,
SWARNSAR.NS,41.70000076293945,2026-09-10T13:55:00+05:30,NO CURRENT SETUP,,,,,,,,,
SWISSMLTRY.NS,15.270000457763672,2026-09-10T13:30:00+05:30,NO CURRENT SETUP,,,,,,,,,
SYRMA.NS,1599.4000244140625,2026-09-10T13:55:00+05:30,NO CURRENT SETUP,,,,,,,,,
TAALTECH.NS,5073.89990234375,2026-09-10T13:50:00+05:30,NO CURRENT SETUP,,,,,,,,,
TALBROAUTO.NS,419.45001220703125,2026-09-10T13:55:00+05:30,NO CURRENT SETUP,,,,,,,,,
TANAA.NS,262.8999938964844,2026-09-10T13:55:00+05:30,NO CURRENT SETUP,,,,,,,,,
TARMAT.NS,61.43000030517578,2026-09-10T13:55:00+05:30,NO CURRENT SETUP,,,,,,,,,
TATACAP.NS,363.04998779296875,2026-09-10T13:55:00+05:30,NO CURRENT SETUP,,,,,,,,,
TATACOMM.NS,1771.0,2026-09-10T13:55:00+05:30,NO CURRENT SETUP,,,,,,,,,
TATATECH.NS,781.8499755859375,2026-09-10T13:55:00+05:30,NO CURRENT SETUP,,,,,,,,,
TCPLPACK.NS,3862.199951171875,2026-09-10T13:45:00+05:30,NO CURRENT SETUP,,,,,,,,,
TDPOWERSYS.NS,762.9500122070312,2026-09-10T13:55:00+05:30,NO CURRENT SETUP,,,,,,,,,
TECHNOCRAF.NS,447.8999938964844,2026-09-10T13:55:00+05:30,NO CURRENT SETUP,,,,,,,,,
TECHNVISN.NS,4852.5,2026-09-10T13:45:00+05:30,NO CURRENT SETUP,,,,,,,,,
TERAI.NS,124.05000305175781,2026-09-10T12:40:00+05:30,NO CURRENT SETUP,,,,,,,,,
TFCILTD.NS,142.6199951171875,2026-09-10T13:55:00+05:30,NO CURRENT SETUP,,,,,,,,,
TGVSL.NS,106.9800033569336,2026-09-10T13:45:00+05:30,NO CURRENT SETUP,,,,,,,,,
THAKDEV.NS,135.6699981689453,2026-09-10T13:45:00+05:30,NO CURRENT SETUP,,,,,,,,,
THEJO.NS,2179.39990234375,2026-09-10T13:50:00+05:30,NO CURRENT SETUP,,,,,,,,,
THELEELA.NS,556.0999755859375,2026-09-10T13:55:00+05:30,NO CURRENT SETUP,,,,,,,,,
THYROCARE.NS,558.4000244140625,2026-09-10T13:55:00+05:30,NO CURRENT SETUP,,,,,,,,,
TIIL.NS,3177.300048828125,2026-09-10T13:50:00+05:30,NO CURRENT SETUP,,,,,,,,,
TIJARIA.NS,7.789999961853027,2026-09-10T13:10:00+05:30,NO CURRENT SETUP,,,,,,,,,
TITAN.NS,5002.5,2026-09-10T13:55:00+05:30,NO CURRENT SETUP,,,,,,,,,
TORNTPHARM.NS,4946.0,2026-09-10T13:55:00+05:30,NO CURRENT SETUP,,,,,,,,,
TOYAMSL.NS,0.6600000262260437,2026-09-10T13:55:00+05:30,NO CURRENT SETUP,,,,,,,,,
TRANSCOR.NS,25.90999984741211,2026-09-10T13:25:00+05:30,NO CURRENT SETUP,,,,,,,,,
TRAVELFOOD.NS,1288.699951171875,2026-09-10T13:50:00+05:30,NO CURRENT SETUP,,,,,,,,,
TRITONV.NS,1144.4000244140625,2026-09-10T13:55:00+05:30,NO CURRENT SETUP,,,,,,,,,
TTKPRESTIG.NS,543.5,2026-09-10T13:55:00+05:30,NO CURRENT SETUP,,,,,,,,,
TURTLEMINT.NS,134.57000732421875,2026-09-10T13:55:00+05:30,NO CURRENT SETUP,,,,,,,,,
TUTIALKA.NS,58.29999923706055,2026-09-10T13:45:00+05:30,NO CURRENT SETUP,,,,,,,,,
TVSHLTD.NS,13100.0,2026-09-10T13:50:00+05:30,NO CURRENT SETUP,,,,,,,,,
TVSMOTOR.NS,4136.60009765625,2026-09-10T13:55:00+05:30,NO CURRENT SETUP,,,,,,,,,
TVSSRICHAK.NS,5243.5,2026-09-10T13:50:00+05:30,NO CURRENT SETUP,,,,,,,,,
UCAL.NS,143.64999389648438,2026-09-10T12:40:00+05:30,NO CURRENT SETUP,,,,,,,,,
UDAYJEW.NS,178.0,2026-09-10T13:55:00+05:30,NO CURRENT SETUP,,,,,,,,,
UEL.NS,196.8000030517578,2026-09-10T13:40:00+05:30,NO CURRENT SETUP,,,,,,,,,
UGARSUGAR.NS,50.099998474121094,2026-09-10T13:50:00+05:30,NO CURRENT SETUP,,,,,,,,,
UJJIVANSFB.NS,66.54000091552734,2026-09-10T13:55:00+05:30,NO CURRENT SETUP,,,,,,,,,
ULTRACEMCO.NS,10940.0,2026-09-10T13:55:00+05:30,NO CURRENT SETUP,,,,,,,,,
ULTRAMAR.NS,431.5,2026-09-10T13:55:00+05:30,NO CURRENT SETUP,,,,,,,,,
UMESLTD.NS,5.0,2026-09-10T13:20:00+05:30,NO CURRENT SETUP,,,,,,,,,
UNIMECH.NS,1579.4000244140625,2026-09-10T13:55:00+05:30,NO CURRENT SETUP,,,,,,,,,
UNIPARTS.NS,897.8499755859375,2026-09-10T13:55:00+05:30,NO CURRENT SETUP,,,,,,,,,
UNIVCABLES.NS,1562.0,2026-09-10T13:55:00+05:30,NO CURRENT SETUP,,,,,,,,,
UPHOT.NS,1399.0,2026-09-10T13:40:00+05:30,NO CURRENT SETUP,,,,,,,,,
UTLSOLAR.NS,442.0,2026-09-10T13:55:00+05:30,NO CURRENT SETUP,,,,,,,,,
UTTAMSUGAR.NS,283.6000061035156,2026-09-10T13:55:00+05:30,NO CURRENT SETUP,,,,,,,,,
VADILALIND.NS,7417.5,2026-09-10T13:50:00+05:30,NO CURRENT SETUP,,,,,,,,,
VADILENT.NS,10400.0,2026-09-10T13:05:00+05:30,NO CURRENT SETUP,,,,,,,,,
VAIBHAVGBL.NS,215.8000030517578,2026-09-10T13:55:00+05:30,NO CURRENT SETUP,,,,,,,,,
VARROC.NS,871.0499877929688,2026-09-10T13:55:00+05:30,NO CURRENT SETUP,,,,,,,,,
VASUPRADA.NS,103.0,2026-09-10T13:15:00+05:30,NO CURRENT SETUP,,,,,,,,,
VEDAVAAG.NS,22.209999084472656,2026-09-10T13:55:00+05:30,NO CURRENT SETUP,,,,,,,,,
VENKEYS.NS,1716.9000244140625,2026-09-10T13:55:00+05:30,NO CURRENT SETUP,,,,,,,,,
VGCL.NS,48.27000045776367,2026-09-10T13:35:00+05:30,NO CURRENT SETUP,,,,,,,,,
VIJAYA.NS,1503.9000244140625,2026-09-10T13:55:00+05:30,NO CURRENT SETUP,,,,,,,,,
VIJSOLX.NS,628.4000244140625,2026-09-10T13:35:00+05:30,NO CURRENT SETUP,,,,,,,,,
VINDHYATEL.NS,2851.10009765625,2026-09-10T13:55:00+05:30,NO CURRENT SETUP,,,,,,,,,
VIRAT.NS,450.0,2026-09-10T13:20:00+05:30,NO CURRENT SETUP,,,,,,,,,
VIRTUALG.NS,0.4399999976158142,2026-09-10T13:40:00+05:30,NO CURRENT SETUP,,,,,,,,,
VISAKAIND.NS,92.13999938964844,2026-09-10T13:40:00+05:30,NO CURRENT SETUP,,,,,,,,,
VISHAL.NS,18.100000381469727,2026-09-10T13:45:00+05:30,NO CURRENT SETUP,,,,,,,,,
VISHNU.NS,725.4000244140625,2026-09-10T13:50:00+05:30,NO CURRENT SETUP,,,,,,,,,
VIVOBIOT.NS,17.0,2026-09-10T13:50:00+05:30,NO CURRENT SETUP,,,,,,,,,
VOEPL.NS,536.8499755859375,2026-09-10T13:55:00+05:30,NO CURRENT SETUP,,,,,,,,,
VOITHPAPR.NS,1493.0,2026-09-10T13:50:00+05:30,NO CURRENT SETUP,,,,,,,,,
VSSL.NS,399.6000061035156,2026-09-10T13:55:00+05:30,NO CURRENT SETUP,,,,,,,,,
VTMLTD.NS,53.790000915527344,2026-09-10T13:50:00+05:30,NO CURRENT SETUP,,,,,,,,,
WARDINMOBI.NS,5.800000190734863,2026-09-10T13:55:00+05:30,NO CURRENT SETUP,,,,,,,,,
WATERBASE.NS,47.0,2026-09-10T13:25:00+05:30,NO CURRENT SETUP,,,,,,,,,
WEBELSOLAR.NS,75.58000183105469,2026-09-10T13:55:00+05:30,NO CURRENT SETUP,,,,,,,,,
WELCORP.NS,2762.199951171875,2026-09-10T13:55:00+05:30,NO CURRENT SETUP,,,,,,,,,
WELSPLSOL.NS,56.66999816894531,2026-09-10T13:55:00+05:30,NO CURRENT SETUP,,,,,,,,,
WELSPUNLIV.NS,210.41000366210938,2026-09-10T13:55:00+05:30,NO CURRENT SETUP,,,,,,,,,
WEWORK.NS,683.5499877929688,2026-09-10T13:55:00+05:30,NO CURRENT SETUP,,,,,,,,,
WHBRADY.NS,480.0,2026-09-10T13:15:00+05:30,NO CURRENT SETUP,,,,,,,,,
WPIL.NS,431.1000061035156,2026-09-10T13:45:00+05:30,NO CURRENT SETUP,,,,,,,,,
WSTCSTPAPR.NS,707.0499877929688,2026-09-10T13:55:00+05:30,NO CURRENT SETUP,,,,,,,,,
XTRANET.NS,285.2300109863281,2026-09-10T13:55:00+05:30,NO CURRENT SETUP,,,,,,,,,
YASHO.NS,3980.0,2026-09-10T13:55:00+05:30,NO CURRENT SETUP,,,,,,,,,
YOGI.NS,157.5,2026-09-10T13:35:00+05:30,NO CURRENT SETUP,,,,,,,,,
ZEEL.NS,81.36000061035156,2026-09-10T13:55:00+05:30,NO CURRENT SETUP,,,,,,,,,
ZSARACOM.NS,11200.0,2026-09-10T13:00:00+05:30,NO CURRENT SETUP,,,,,,,,,
ZYDUSLIFE.NS,1117.5,2026-09-10T13:55:00+05:30,NO CURRENT SETUP,,,,,,,,,
