Symbol,Price,Price Time,Status,High Date,High,Low Date,Low,Entry Date,Entry,SL,Target,Distance %,Trades,Wins,Losses,Timeouts,Resolved Trades,Win Rate %,Avg Return %,Expectancy %,Avg Holding Days,Avg Win Days,Median Win Days,Avg Loss Days,Fast <=5d %,Fast <=10d %,Fast <=20d %,Return / Day,Quality Score,Grade,Live Grade,Speed Group
SKYGOLD.NS,857.6500244140625,2026-10-06T18:18:25.566299+05:30,OPEN,2026-08-26,868.7999877929688,2026-09-21,765.0499877929688,2026-10-06,846.5974877929688,816.9249877929688,895.7749877929688,1.3055243820657991,12.0,8.0,4.0,0.0,12.0,66.66666666666666,7.474879064250036,7.474879064250036,11.333333333333334,15.0,3.5,3.5,62.5,75.0,75.0,0.6595481527279443,81.35,A+,A+,FAST
SUPREMEINF.NS,61.400001525878906,2026-10-06T18:18:25.566299+05:30,WAITING FOR 0.786,2025-10-13,110.87999725341795,2026-10-06,57.41999816894531,,99.43955744934082,84.14999771118164,124.77959701538086,38.25394732155868,10.0,8.0,2.0,0.0,10.0,80.0,13.585363868216414,13.585363868216414,8.1,9.125,7.0,4.0,37.5,62.5,100.0,1.677205415829187,83.25,A+,A+,FAST
MAANALU.NS,105.02999877929688,2026-10-06T18:18:25.566299+05:30,WAITING FOR 0.786,2025-12-18,184.7400054931641,2026-10-01,96.0,,165.74964431762697,140.37000274658203,207.81240692138672,36.63334892108287,15.0,10.0,5.0,0.0,15.0,66.66666666666666,6.65605153906863,6.65605153906863,6.266666666666667,8.7,2.5,0.4,70.0,80.0,80.0,1.0621358838939303,81.57,A+,A+,FAST
BSE.NS,3305.0,2026-10-06T18:18:25.566299+05:30,WAITING FOR 0.786,2026-05-27,4446.7998046875,2026-10-01,3000.0,,4137.184646484375,3723.39990234375,4822.96775390625,20.114757198268496,16.0,10.0,5.0,1.0,15.0,66.66666666666666,5.954366427089175,5.954366427089175,10.6875,8.4,5.5,4.6,50.0,80.0,80.0,0.5571337007802737,77.47,A+,A+,FAST
BCONCEPTS.NS,146.8800048828125,2026-10-06T18:18:25.566299+05:30,WAITING FOR 0.786,2026-01-06,349.8999938964844,2026-09-30,136.5,,304.2323952026367,243.1999969482422,405.3839923095703,51.72111609449686,13.0,8.0,5.0,0.0,13.0,61.53846153846154,4.803442714483389,4.803442714483389,6.0,6.875,4.5,3.8,62.5,87.5,87.5,0.8005737857472316,76.37,A+,A+,FAST
INDOTECH.NS,3352.800048828125,2026-10-06T18:18:25.566299+05:30,WAITING FOR 0.786,2026-08-24,4030.0,2026-09-25,3050.10009765625,,3820.3014208984378,3540.050048828125,4284.773974609375,12.23729021780612,15.0,9.0,6.0,0.0,15.0,60.0,3.5685913631931694,3.5685913631931694,3.2,2.555555555555556,2.0,3.8333333333333335,88.88888888888889,100.0,100.0,1.115184800997865,76.08,A+,A+,FAST
LGHL.NS,213.69000244140625,2026-10-06T18:18:25.566299+05:30,WAITING FOR 0.786,2025-10-06,395.3125,2026-08-19,168.0,,346.66762500000004,281.65625,454.41375,38.35882354419273,13.0,9.0,4.0,0.0,13.0,69.23076923076923,5.018930261268612,5.018930261268612,6.307692307692308,6.777777777777778,6.0,4.5,44.44444444444444,77.77777777777779,100.0,0.7956840658108776,75.81,A+,A+,FAST
ASTRAMICRO.NS,1705.9000244140625,2026-10-06T18:18:25.566299+05:30,WAITING FOR 0.786,2026-07-31,1960.0,2026-09-16,1537.0999755859375,,1869.4993947753903,1748.5499877929688,2069.954006347656,8.750972095446095,11.0,7.0,3.0,1.0,10.0,70.0,6.049985937056814,6.049985937056814,16.90909090909091,14.142857142857142,6.0,8.333333333333334,42.85714285714285,57.14285714285714,71.42857142857143,0.3577948672452954,75.67,A+,A+,FAST
HUBTOWN.NS,170.0,2026-10-06T18:18:25.566299+05:30,WAITING FOR 0.786,2025-11-18,339.0,2026-09-29,165.5500030517578,,301.88170065307617,252.2750015258789,384.0969992065429,43.68655018431714,13.0,8.0,5.0,0.0,13.0,61.53846153846154,9.616694011863832,9.616694011863832,8.153846153846153,10.875,7.5,3.6,37.5,75.0,75.0,1.1794058693795266,77.12,A+,A+,MEDIUM
PTCIL.NS,23125.0,2026-10-06T18:18:25.566299+05:30,NEAR 0.786,2026-09-04,24125.0,2026-09-28,21510.0,,23565.39,22817.5,24804.9,1.8687999646939832,11.0,4.0,5.0,2.0,9.0,44.44444444444444,2.8759263981373056,2.8759263981373056,14.636363636363637,8.25,4.5,1.2,75.0,75.0,75.0,0.1964918657112444,65.27,A,A,FAST
GEEKAYWIRE.NS,32.720001220703125,2026-10-06T18:18:25.566299+05:30,OPEN,2025-10-28,36.79999923706055,2026-03-30,18.51000022888184,2026-09-17,32.8859394493103,27.65499973297119,41.55539897918701,-0.5045871621303335,14.0,7.0,7.0,0.0,14.0,50.0,1.0888943342230692,1.0888943342230692,4.0,1.8571428571428568,1.0,5.571428571428571,100.0,100.0,100.0,0.2722235835557673,67.2,A,A,FAST
SIGMA.NS,45.2400016784668,2026-10-06T18:18:25.566299+05:30,WAITING FOR 0.786,2026-01-14,63.5,2026-03-30,35.459999084472656,,57.49943980407715,49.47999954223633,70.79040023803711,21.320969677936,9.0,6.0,3.0,0.0,9.0,66.66666666666666,5.868947653331461,5.868947653331461,3.888888888888889,4.0,2.5,3.333333333333333,66.66666666666666,83.33333333333334,100.0,1.5091579679995186,78.67,A+,A,FAST
TIPSMUSIC.NS,653.0999755859375,2026-10-06T18:18:25.566299+05:30,WAITING FOR 0.786,2026-07-20,741.0,2026-09-02,628.2000122070312,,716.8608026123047,684.6000061035156,770.3279968261719,8.89445019089021,9.0,6.0,3.0,0.0,9.0,66.66666666666666,6.703425412125324,6.703425412125324,5.555555555555555,6.5,5.5,3.0,50.0,83.33333333333334,100.0,1.2066165741825583,76.97,A+,A,FAST
TARAPUR.NS,11.609999656677246,2026-10-06T18:18:25.566299+05:30,WAITING FOR 0.786,2025-11-24,39.27999877929688,2026-09-29,10.800000190734863,,33.1852790813446,25.03999948501587,46.684798412323,65.01460895290795,9.0,6.0,3.0,0.0,9.0,66.66666666666666,3.041100522263956,3.041100522263956,5.222222222222222,3.6666666666666665,4.0,8.333333333333334,83.33333333333334,100.0,100.0,0.582338397880332,75.92,A+,A,FAST
RELIABLE.NS,139.3000030517578,2026-10-06T18:18:25.566299+05:30,WAITING FOR 0.786,2026-02-04,175.0,2026-03-27,104.73999786376952,,159.9643595428467,139.86999893188477,193.2676005554199,12.91810035069337,11.0,6.0,5.0,0.0,11.0,54.54545454545454,6.422976428243351,6.422976428243351,8.727272727272727,11.833333333333334,4.0,4.6,66.66666666666666,83.33333333333334,83.33333333333334,0.7359660490695508,75.69,A+,A,FAST
BEARDSELL.NS,22.5,2026-10-06T18:18:25.566299+05:30,WAITING FOR 0.786,2025-10-28,37.369998931884766,2026-04-01,20.020000457763672,,33.65709925842285,28.69499969482422,41.88099853515625,33.14931917559929,12.0,7.0,5.0,0.0,12.0,58.333333333333336,5.273291584786584,5.273291584786584,6.666666666666667,7.285714285714286,5.0,5.4,71.42857142857143,85.71428571428571,85.71428571428571,0.7909937377179875,75.64,A+,A,FAST
SERVOTECH.NS,72.05999755859375,2026-10-06T18:18:25.566299+05:30,WAITING FOR 0.786,2025-10-07,141.5,2026-01-30,57.5099983215332,,123.52613964080813,99.5049991607666,163.33740043640137,41.66417102636631,13.0,7.0,6.0,0.0,13.0,53.84615384615385,6.7926391457132524,6.7926391457132524,4.307692307692308,5.714285714285714,6.0,2.333333333333333,28.57142857142857,100.0,100.0,1.5768626588262908,74.65,A,A,FAST
ATULAUTO.NS,427.5,2026-10-06T18:18:25.566299+05:30,WAITING FOR 0.786,2026-08-05,596.5499877929688,2026-10-01,420.25,,558.8217904052734,508.3999938964844,642.3879846191406,23.499761938423184,9.0,5.0,4.0,0.0,9.0,55.55555555555556,5.9499165850610405,5.9499165850610405,5.555555555555555,9.0,2.0,0.0,80.0,80.0,80.0,1.0709849853109874,74.02,A,A,FAST
WEBELSOLAR.NS,70.88999938964844,2026-10-06T18:18:25.566299+05:30,WAITING FOR 0.786,2026-08-07,97.6999969482422,2026-10-01,67.04000091552734,,91.1387577972412,82.36999893188477,105.67159591674805,22.2175053698238,9.0,5.0,4.0,0.0,9.0,55.55555555555556,7.772829725655291,7.772829725655291,6.111111111111111,10.2,7.0,0.0,40.0,80.0,80.0,1.2719175914708658,73.87,A,A,FAST
ELECTHERM.NS,735.25,2026-10-06T18:18:25.566299+05:30,WAITING FOR 0.786,2026-07-06,1277.0,2026-10-05,695.0,,1152.452,986.0,1428.3200000000002,36.201247427224736,12.0,8.0,4.0,0.0,12.0,66.66666666666666,1.71513376770964,1.71513376770964,7.833333333333333,5.125,4.5,13.0,75.0,87.5,100.0,0.2189532469416561,73.6,A,A,FAST
SPMLINFRA.NS,162.6300048828125,2026-10-06T18:18:25.566299+05:30,WAITING FOR 0.786,2026-07-21,210.42999267578125,2026-10-01,155.41000366210938,,198.65571502685543,182.9199981689453,224.73518981933597,18.134746407458145,11.0,6.0,5.0,0.0,11.0,54.54545454545454,5.870604069874392,5.870604069874392,8.181818181818182,11.5,3.0,3.8,66.66666666666666,66.66666666666666,66.66666666666666,0.7175182752068702,73.16,A,A,FAST
NITCO.NS,83.7699966430664,2026-10-06T18:18:25.566299+05:30,WAITING FOR 0.786,2026-07-03,119.4000015258789,2026-10-05,82.12999725341797,,111.42422061157228,100.76499938964844,129.09020263671874,24.81886237724669,11.0,7.0,4.0,0.0,11.0,63.63636363636363,4.944193832612185,4.944193832612185,8.181818181818182,8.428571428571429,6.0,7.75,42.85714285714285,71.42857142857143,85.71428571428571,0.6042903573192671,72.82,A,A,FAST
KERNEX.NS,1749.699951171875,2026-10-06T18:18:25.566299+05:30,WAITING FOR 0.786,2026-08-06,2580.0,2026-09-16,1593.0,,2368.782,2086.5,2836.62,26.135036859792294,18.0,11.0,7.0,0.0,18.0,61.11111111111112,4.788569047512334,4.788569047512334,10.88888888888889,6.909090909090909,6.0,16.714285714285715,45.45454545454545,72.72727272727273,100.0,0.4397665451797041,72.7,A,A,FAST
SHAILY.NS,3100.300048828125,2026-10-06T18:18:25.566299+05:30,WAITING FOR 0.786,2026-08-11,3615.199951171875,2026-10-01,2972.800048828125,,3477.7263720703127,3294.0,3782.22392578125,10.852674502321566,16.0,9.0,7.0,0.0,16.0,56.25,5.668844248905428,5.668844248905428,6.9375,11.0,7.0,1.0,33.33333333333333,77.77777777777779,77.77777777777779,0.8171307025449265,72.64,A,A,FAST
ENERGYDEV.NS,14.359999656677246,2026-10-06T18:18:25.566299+05:30,WAITING FOR 0.786,2025-11-19,29.690000534057617,2026-03-30,13.149999618530272,,26.150440338134764,21.420000076293945,33.99040077209473,45.08696805485034,8.0,5.0,3.0,0.0,8.0,62.5,1.884523972865717,1.884523972865717,3.375,3.0,3.0,3.6666666666666665,80.0,100.0,100.0,0.558377473441694,72.44,A,A,FAST
RSSOFTWARE.NS,30.440000534057617,2026-10-06T18:18:25.566299+05:30,WAITING FOR 0.786,2025-11-03,73.48999786376953,2026-03-30,21.93000030517578,,62.45615838623047,47.709999084472656,86.89559722900391,51.26181097176057,9.0,5.0,3.0,1.0,8.0,62.5,1.868871669780817,1.868871669780817,9.444444444444445,1.8,2.0,4.333333333333333,100.0,100.0,100.0,0.1978805297414982,72.42,A,A,FAST
SOBHA.NS,1190.699951171875,2026-10-06T18:18:25.566299+05:30,WAITING FOR 0.786,2025-11-10,1732.0,2026-04-02,1130.0,,1603.172,1431.0,1888.52,25.728496307827548,9.0,5.0,4.0,0.0,9.0,55.55555555555556,6.120568908798727,6.120568908798727,8.444444444444445,13.0,3.0,2.0,60.0,60.0,60.0,0.7248042128840598,72.29,A,A,FAST
SUMIT.NS,51.880001068115234,2026-10-06T18:18:25.566299+05:30,WAITING FOR 0.786,2025-10-06,104.0,2026-03-12,31.739999771118164,,88.53635995101929,67.86999988555908,122.78760005950927,41.40260442510099,13.0,7.0,6.0,0.0,13.0,53.84615384615385,3.124715117908106,3.124715117908106,5.846153846153846,4.714285714285714,4.0,6.666666666666667,71.42857142857143,100.0,100.0,0.5344907438527023,71.92,A,A,FAST
3PLAND.NS,30.75,2026-10-06T18:18:25.566299+05:30,WAITING FOR 0.786,2025-10-27,45.0099983215332,2026-03-16,28.51000022888184,,41.47899872970581,36.75999927520752,49.29999782562256,25.86609864818669,9.0,4.0,4.0,1.0,8.0,50.0,4.203144737558822,4.203144737558822,8.0,2.0,1.5,0.0,100.0,100.0,100.0,0.5253930921948528,71.07,A,A,FAST
GLOBALVECT.NS,130.77000427246094,2026-10-06T18:18:25.566299+05:30,WAITING FOR 0.786,2025-10-17,248.0,2026-09-17,123.0,,221.25,185.5,280.5,40.8949133231815,9.0,5.0,3.0,1.0,8.0,62.5,3.919912478817141,3.919912478817141,15.22222222222222,12.4,7.0,4.333333333333333,40.0,80.0,80.0,0.2575124986084253,70.62,A,A,FAST
RPOWER.NS,20.489999771118164,2026-10-06T18:18:25.566299+05:30,WAITING FOR 0.786,2025-10-10,50.72999954223633,2026-10-01,19.09000015258789,,43.95903967285156,34.90999984741211,58.95639938354492,53.3884272185944,11.0,6.0,5.0,0.0,11.0,54.54545454545454,2.0066835816867186,2.0066835816867186,8.818181818181818,2.5,1.0,16.0,83.33333333333334,100.0,100.0,0.2275620556551948,70.45,A,A,FAST
CHENNPETRO.NS,1405.699951171875,2026-10-06T18:18:25.566299+05:30,WAITING FOR 0.786,2026-09-11,1677.5,2026-10-05,1325.0999755859375,,1602.0863947753903,1501.2999877929688,1769.1240063476562,12.25816811402662,13.0,6.0,6.0,1.0,12.0,50.0,4.136240110407352,4.136240110407352,10.76923076923077,5.333333333333333,3.5,7.333333333333333,66.66666666666666,83.33333333333334,100.0,0.3840794388235398,70.3,A,A,FAST
S&SPOWER.NS,286.0,2026-10-06T18:18:25.566299+05:30,WAITING FOR 0.786,2026-08-26,367.0,2026-10-05,280.0,,348.382,323.5,389.62,17.90620640561223,19.0,9.0,8.0,2.0,17.0,52.94117647058824,1.504794184226269,1.504794184226269,13.210526315789474,4.111111111111111,4.0,11.125,66.66666666666666,100.0,100.0,0.1139087231087614,70.03,A,A,FAST
TIMETECHNO.NS,183.07000732421875,2026-10-06T18:18:25.566299+05:30,WAITING FOR 0.786,2026-09-01,195.3000030517578,2026-09-16,172.0500030517578,,190.3245030517578,183.6750030517578,201.34500305175783,3.811645695229388,17.0,8.0,8.0,1.0,16.0,50.0,3.702239885960772,3.702239885960772,8.882352941176471,8.5,3.0,2.25,62.5,75.0,87.5,0.4168084639823385,69.78,A,A,FAST
KPIGREEN.NS,326.79998779296875,2026-10-06T18:18:25.566299+05:30,WAITING FOR 0.786,2026-05-27,447.4500122070313,2026-09-16,271.8999938964844,,409.8823082885742,359.6750030517578,493.0930169677735,20.269799114411168,19.0,10.0,9.0,0.0,19.0,52.63157894736842,2.697866050188643,2.697866050188643,5.894736842105263,6.1,3.0,4.888888888888889,80.0,80.0,90.0,0.4576737049427162,69.77,A,A,FAST
NDRAUTO.NS,704.7000122070312,2026-10-06T18:18:25.566299+05:30,WAITING FOR 0.786,2025-11-06,1052.0,2026-03-30,605.0499877929688,,956.3526973876952,828.5249938964844,1168.207003173828,26.31379467722113,16.0,8.0,7.0,1.0,15.0,53.333333333333336,2.7891355605787065,2.7891355605787065,9.8125,9.125,3.5,2.2857142857142856,75.0,75.0,87.5,0.2842431144538809,69.69,A,A,FAST
WANBURY.NS,197.8699951171875,2026-10-06T18:18:25.566299+05:30,WAITING FOR 0.786,2026-07-15,358.8500061035156,2026-10-05,187.0,,322.07410479736325,272.9250030517578,403.5310076904297,38.56382982367373,17.0,9.0,8.0,0.0,17.0,52.94117647058824,2.638852484546431,2.638852484546431,9.588235294117649,10.444444444444445,4.0,8.125,66.66666666666666,77.77777777777779,77.77777777777779,0.2752177437870511,69.58,A,A,FAST
ATLANTAA.NS,35.34000015258789,2026-10-06T18:18:25.566299+05:30,WAITING FOR 0.786,2025-10-07,73.38999938964844,2026-03-30,31.520000457763672,,64.4298196182251,52.454999923706055,84.27619911193847,45.1496211505901,12.0,5.0,6.0,1.0,11.0,45.45454545454545,3.4862823277736545,3.4862823277736545,8.5,3.8,4.0,3.1666666666666665,80.0,100.0,100.0,0.4101508620910182,69.13,A,A,FAST
ZUARI.NS,218.27999877929688,2026-10-06T18:18:25.566299+05:30,WAITING FOR 0.786,2025-12-30,345.6000061035156,2026-03-30,175.10000610351562,,309.11300610351566,260.3500061035156,389.93000610351567,29.38504868145233,9.0,5.0,4.0,0.0,9.0,55.55555555555556,3.8926165329337183,3.8926165329337183,11.333333333333334,13.4,5.0,8.5,60.0,60.0,60.0,0.3434661646706222,68.8,A,A,FAST
ARVSMART.NS,603.7999877929688,2026-10-06T18:18:25.566299+05:30,WAITING FOR 0.786,2026-08-24,707.8499755859375,2026-09-18,540.3499755859375,,672.0049755859375,624.0999755859375,751.3999755859375,10.149476606702075,13.0,6.0,6.0,1.0,12.0,50.0,4.105866962777203,4.105866962777203,13.23076923076923,13.833333333333334,5.0,3.8333333333333335,50.0,66.66666666666666,83.33333333333334,0.3103271541633932,68.58,A,A,FAST
ATGL.NS,588.4500122070312,2026-10-06T18:18:25.566299+05:30,WAITING FOR 0.786,2026-05-29,859.8499755859375,2026-10-01,572.0499877929688,,798.2607781982422,715.9499816894531,934.6779724121094,26.28348676541214,8.0,4.0,4.0,0.0,8.0,50.0,2.502580523158426,2.502580523158426,6.5,3.25,3.5,8.75,50.0,100.0,100.0,0.3850123881782193,68.41,A,A,FAST
TERASOFT.NS,237.7700042724609,2026-10-06T18:18:25.566299+05:30,WAITING FOR 0.786,2025-11-17,598.0,2026-10-01,194.1100006103516,,511.56754013061527,396.0550003051758,703.0113998413086,53.52128788082359,15.0,8.0,7.0,0.0,15.0,53.333333333333336,3.7770673973544033,3.7770673973544033,4.2,6.125,5.5,1.1428571428571428,50.0,75.0,100.0,0.899301761274858,68.24,A,A,FAST
SATIN.NS,228.3500061035156,2026-10-06T18:18:25.566299+05:30,WAITING FOR 0.786,2026-07-27,274.1400146484375,2026-10-06,200.07000732421875,,258.2890330810547,237.10501098632807,293.3982165527344,11.591288495839382,14.0,6.0,7.0,1.0,13.0,46.15384615384615,4.6340759694164495,4.6340759694164495,12.857142857142858,13.666666666666666,5.0,4.142857142857143,50.0,66.66666666666666,66.66666666666666,0.3604281309546127,67.87,A,A,FAST
PIGL.NS,98.41999816894533,2026-10-06T18:18:25.566299+05:30,WAITING FOR 0.786,2025-10-10,184.8000030517578,2026-06-01,88.05000305175781,,164.09550305175782,136.4250030517578,209.9550030517578,40.02273289725533,14.0,7.0,6.0,1.0,13.0,53.84615384615385,0.5034900568264972,0.5034900568264972,9.928571428571429,3.2857142857142856,2.0,9.166666666666666,71.42857142857143,100.0,100.0,0.0507112287451148,67.83,A,A,FAST
GVT&D.NS,4245.10009765625,2026-10-06T18:18:25.566299+05:30,WAITING FOR 0.786,2026-06-23,5650.0,2026-07-28,3962.199951171875,,5288.810789550781,4806.0999755859375,6088.828012695312,19.73431709745815,18.0,9.0,8.0,1.0,17.0,52.94117647058824,2.842916894238714,2.842916894238714,12.38888888888889,12.88888888888889,4.0,5.125,55.55555555555556,55.55555555555556,88.88888888888889,0.2294731125394477,67.67,A,A,FAST
KEYFINSERV.NS,241.52999877929688,2026-10-06T18:18:25.566299+05:30,WAITING FOR 0.786,2026-04-22,349.8999938964844,2026-09-28,221.0,,322.31539520263675,285.4499969482422,383.4139923095703,25.064082456424657,10.0,5.0,5.0,0.0,10.0,50.0,2.521560430258492,2.521560430258492,4.2,5.4,3.0,2.2,60.0,80.0,100.0,0.6003715310139266,67.44,A,A,FAST
THOMASCOTT.NS,280.79998779296875,2026-10-06T18:18:25.566299+05:30,WAITING FOR 0.786,2025-11-13,459.7999877929688,2026-09-16,221.8000030517578,,408.8679910583496,340.7999954223633,521.6799838256836,31.32257991971405,11.0,5.0,5.0,1.0,10.0,50.0,4.362624055525152,4.362624055525152,10.727272727272728,8.6,7.0,2.6,40.0,80.0,80.0,0.4066852933116667,67.32,A,A,FAST
AVROIND.NS,6.849999904632568,2026-10-06T18:18:25.566299+05:30,WAITING FOR 0.786,2026-01-16,15.869999885559082,2026-10-05,6.28000020980835,,13.817739954948426,11.075000047683716,18.363399801254275,50.42604704556306,10.0,5.0,5.0,0.0,10.0,50.0,3.702084683282718,3.702084683282718,6.5,9.6,5.0,2.6,60.0,60.0,80.0,0.5695514897358028,67.28,A,A,FAST
BHARATWIRE.NS,165.27999877929688,2026-10-06T18:18:25.566299+05:30,WAITING FOR 0.786,2026-05-11,262.0,2026-10-01,154.44000244140625,,238.98216052246096,208.22000122070312,289.9655993652344,30.840026545093156,13.0,7.0,6.0,0.0,13.0,53.84615384615385,3.7885189662227594,3.7885189662227594,6.538461538461538,7.857142857142857,6.0,4.0,42.85714285714285,71.42857142857143,85.71428571428571,0.5794205477752454,67.1,A,A,FAST
GOKEX.NS,682.75,2026-10-06T18:18:25.566299+05:30,WAITING FOR 0.786,2026-08-18,823.4500122070312,2026-10-05,663.0499877929688,,789.1244069824219,743.25,865.1540185546875,13.480055367846631,9.0,4.0,4.0,1.0,8.0,50.0,3.180396305395209,3.180396305395209,16.88888888888889,13.5,3.5,9.0,75.0,75.0,75.0,0.1883129391352426,66.97,A,A,FAST
KIRLPNU.NS,710.8499755859375,2026-10-06T18:18:25.566299+05:30,WAITING FOR 0.786,2026-06-22,1098.550048828125,2026-10-01,667.8499755859375,,1006.3802331542968,883.2000122070312,1210.5320678710937,29.365665961271823,9.0,5.0,4.0,0.0,9.0,55.55555555555556,4.306686848630481,4.306686848630481,9.444444444444445,12.8,7.0,5.0,40.0,60.0,80.0,0.4560021369138156,66.45,A,A,FAST
SOLEX.NS,690.8499755859375,2026-10-06T18:18:25.566299+05:30,WAITING FOR 0.786,2025-11-21,1985.0,2026-09-10,651.2000122070312,,1699.5668026123046,1318.1000061035156,2331.787996826172,59.3514079867839,14.0,6.0,7.0,1.0,13.0,46.15384615384615,1.5933165629465482,1.5933165629465482,10.928571428571429,3.6666666666666665,3.5,9.857142857142858,83.33333333333334,100.0,100.0,0.1457936724264815,66.45,A,A,FAST
LUPIN.NS,2029.300048828125,2026-10-06T18:18:25.566299+05:30,WAITING FOR 0.786,2026-07-30,2474.800048828125,2026-10-05,1996.300048828125,,2372.401048828125,2235.550048828125,2599.210048828125,14.462183793481245,9.0,4.0,4.0,1.0,8.0,50.0,2.816287643520055,2.816287643520055,15.0,11.0,2.5,7.25,75.0,75.0,75.0,0.1877525095680036,66.4,A,A,FAST
BDL.NS,1101.800048828125,2026-10-06T18:18:25.566299+05:30,WAITING FOR 0.786,2026-01-29,1593.9000244140625,2026-10-01,1071.199951171875,,1482.0422087402344,1332.5499877929688,1729.8020434570312,25.65663499120736,18.0,8.0,10.0,0.0,18.0,44.44444444444444,2.777770086184568,2.777770086184568,6.333333333333333,10.375,2.5,2.3,62.5,75.0,87.5,0.4385952767659844,66.12,A,A,FAST
APOLLO.NS,408.0499877929688,2026-10-06T18:18:25.566299+05:30,WAITING FOR 0.786,2026-07-03,466.5,2026-09-16,361.3999938964844,,444.00859869384766,413.9499969482422,493.82600158691406,8.09862939741693,15.0,7.0,8.0,0.0,15.0,46.66666666666666,3.160361241916796,3.160361241916796,6.0,10.428571428571429,1.0,1.5,57.14285714285714,57.14285714285714,71.42857142857143,0.5267268736527994,65.82,A,A,FAST
SUVEN.NS,309.1499938964844,2026-10-06T18:18:25.566299+05:30,WAITING FOR 0.786,2026-09-01,403.3500061035156,2026-10-01,301.1000061035156,,381.4685061035156,352.2250061035156,429.93500610351566,18.957924717226017,11.0,5.0,5.0,1.0,10.0,50.0,3.391316308292792,3.391316308292792,13.818181818181818,14.0,7.0,3.0,40.0,80.0,80.0,0.2454242065211888,65.8,A,A,FAST
NATIONALUM.NS,337.25,2026-10-06T18:18:25.566299+05:30,WAITING FOR 0.786,2026-08-24,405.0,2026-10-01,329.5,,388.843,367.25,424.63,13.268337092348329,13.0,5.0,6.0,2.0,11.0,45.45454545454545,4.402685318281395,4.402685318281395,14.76923076923077,12.6,6.0,1.0,40.0,80.0,80.0,0.2980984850919694,65.56,A,A,FAST
INOXWIND.NS,68.69999694824219,2026-10-06T18:18:25.566299+05:30,WAITING FOR 0.786,2025-10-29,159.3000030517578,2026-10-01,67.0999984741211,,139.56920207214355,113.20000076293944,183.27200424194336,50.77710846786167,10.0,4.0,5.0,1.0,9.0,44.44444444444444,2.967820752131516,2.967820752131516,13.1,11.5,4.5,4.0,50.0,75.0,75.0,0.2265512024527874,65.41,A,A,FAST
NTPC.NS,321.45001220703125,2026-10-06T18:18:25.566299+05:30,WAITING FOR 0.786,2026-04-27,414.3999938964844,2026-10-01,313.04998779296875,,392.711092590332,363.72499084472656,440.75099548339847,18.145930106853093,9.0,7.0,2.0,0.0,9.0,77.77777777777779,4.378152215913257,4.378152215913257,13.0,14.0,9.0,9.5,28.57142857142857,57.14285714285714,85.71428571428571,0.3367809396856351,75.17,A+,A,MEDIUM
SOLARINDS.NS,20071.0,2026-10-06T18:18:25.566299+05:30,WAITING FOR 0.786,2026-09-15,22700.0,2026-10-01,18786.0,,21862.404,20743.0,23717.64,8.193993670595415,12.0,7.0,4.0,1.0,11.0,63.63636363636363,5.932673162219806,5.932673162219806,12.833333333333334,11.714285714285714,9.0,2.5,14.285714285714285,57.14285714285714,85.71428571428571,0.4622862204327121,72.94,A,A,MEDIUM
JINDALSAW.NS,282.3999938964844,2026-10-06T18:18:25.566299+05:30,WAITING FOR 0.786,2026-09-10,320.0,2026-10-01,260.6000061035156,,307.2884013061524,290.3000030517578,335.4439984130859,8.09936440942058,9.0,5.0,3.0,1.0,8.0,62.5,5.813347357603416,5.813347357603416,16.555555555555557,14.8,8.0,3.6666666666666665,20.0,60.0,60.0,0.3511417867008774,71.58,A,A,MEDIUM
AQYLON.NS,15.460000038146973,2026-10-06T18:18:25.566299+05:30,WAITING FOR 0.786,2025-12-15,1714.9000244140625,2026-10-05,14.6899995803833,,1351.0550790996551,864.7950119972229,2156.954630870819,98.85570912116702,8.0,4.0,4.0,0.0,8.0,50.0,9.748770107293144,9.748770107293144,20.75,13.0,9.5,28.5,25.0,50.0,75.0,0.4698202461346093,69.0,A,A,MEDIUM
POONAWALLA.NS,460.4500122070313,2026-10-06T18:18:25.566299+05:30,WAITING FOR 0.786,2025-10-06,570.4000244140625,2026-03-30,361.2000122070313,,525.6312218017579,465.8000183105469,624.7920275878906,12.40055896438164,10.0,5.0,3.0,2.0,8.0,62.5,3.212971447255325,3.212971447255325,24.2,16.0,9.0,13.666666666666666,0.0,60.0,60.0,0.1327674151758399,68.52,A,A,MEDIUM
PRAJIND.NS,315.04998779296875,2026-10-06T18:18:25.566299+05:30,WAITING FOR 0.786,2026-04-23,427.6499938964844,2026-10-01,297.04998779296875,,399.701592590332,362.34999084472656,461.6059954833984,21.178700902531965,12.0,6.0,5.0,1.0,11.0,54.54545454545454,4.175001552286265,4.175001552286265,13.416666666666666,11.666666666666666,9.0,5.6,33.33333333333333,66.66666666666666,83.33333333333334,0.3111802399219576,67.51,A,A,MEDIUM
ABINFRA.NS,12.25,2026-10-06T18:18:25.566299+05:30,WAITING FOR 0.786,2026-02-23,23.559999465942383,2026-06-11,8.819999694824219,,20.40563951492309,16.1899995803833,27.392399406433107,39.96757616422017,15.0,8.0,7.0,0.0,15.0,53.333333333333336,3.84507744304439,3.84507744304439,6.0,8.0,7.5,3.142857142857143,50.0,62.5,100.0,0.6408462405073984,67.09,A,A,MEDIUM
AVONMORE.NS,12.550000190734863,2026-10-06T18:18:25.566299+05:30,WAITING FOR 0.786,2026-01-09,19.0,2026-07-28,9.050000190734863,,16.870700040817262,14.025000095367432,21.586999950408934,25.610673176743248,10.0,6.0,4.0,0.0,10.0,60.0,2.648757329238449,2.648757329238449,8.7,8.333333333333334,9.0,8.25,33.33333333333333,50.0,100.0,0.3044548654297068,65.64,A,A,MEDIUM
SARDAEN.NS,500.7000122070313,2026-10-06T18:18:25.566299+05:30,WAITING FOR 0.786,2026-04-28,624.0,2026-09-28,485.1000061035156,,594.2754013061524,554.5500030517578,660.1139984130859,15.746131994266069,14.0,7.0,6.0,1.0,13.0,53.84615384615385,1.8229978084745304,1.8229978084745304,12.714285714285714,8.857142857142858,8.0,8.666666666666666,42.85714285714285,85.71428571428571,85.71428571428571,0.1433818501047383,65.46,A,A,MEDIUM
CEATLTD.NS,3328.699951171875,2026-10-06T18:18:25.566299+05:30,WAITING FOR 0.786,2025-10-23,4438.0,2026-06-11,3061.199951171875,,4143.364789550781,3749.5999755859375,4795.968012695313,19.661914404288577,12.0,7.0,5.0,0.0,12.0,58.333333333333336,5.72607237537576,5.72607237537576,11.083333333333334,13.142857142857142,12.0,7.6,28.57142857142857,42.85714285714285,85.71428571428571,0.5166381090564596,65.07,A,A,MEDIUM
NAVKARCORP.NS,85.95999908447266,2026-10-06T18:18:25.566299+05:30,WAITING FOR 0.786,2026-07-17,119.0,2026-10-01,83.0999984741211,,111.31739967346192,101.04999923706056,128.33400039672853,22.779368421623733,10.0,6.0,4.0,0.0,10.0,60.0,8.313134668024876,8.313134668024876,17.5,19.83333333333333,16.0,13.75,33.33333333333333,50.0,50.0,0.4750362667442786,66.0,A,A,SLOW
SWARAJ.NS,354.70001220703125,2026-10-06T18:18:25.566299+05:30,OPEN,2026-08-18,386.75,2026-09-21,260.1000061035156,2026-09-29,359.6469013061524,323.4250030517578,419.67899841308594,-1.3754849773917637,8.0,5.0,2.0,1.0,7.0,71.42857142857143,7.8716716715265775,7.8716716715265775,10.5,4.4,5.0,0.0,80.0,100.0,100.0,0.7496830163358645,85.37,A+,B,FAST
63MOONS.NS,792.9500122070312,2026-10-06T18:18:25.566299+05:30,OPEN,2025-11-28,937.6500244140624,2026-03-30,467.0,2026-07-30,836.9309191894531,702.3250122070312,1060.0190307617188,-5.255022364930224,7.0,4.0,2.0,1.0,6.0,66.66666666666666,3.222636867450223,3.222636867450223,21.0,9.25,1.0,23.5,75.0,75.0,75.0,0.1534588984500106,73.7,A,B,FAST
HINDCON.NS,30.059999465942383,2026-10-06T18:18:25.566299+05:30,OPEN,2025-10-23,37.75,2026-03-30,15.65999984741211,2026-09-29,33.0227399673462,26.70499992370605,43.49340003967285,-8.9718191292832,7.0,3.0,3.0,1.0,6.0,50.0,4.717361978040013,4.717361978040013,9.571428571428571,0.6666666666666666,1.0,0.0,100.0,100.0,100.0,0.4928587141235834,71.87,A,B,FAST
IIFLCAPS.NS,345.1499938964844,2026-10-06T18:18:25.566299+05:30,OPEN,2026-01-28,355.8999938964844,2026-03-30,240.3999938964844,2026-04-21,331.1829938964844,298.1499938964844,385.9299938964844,4.217305917696232,7.0,3.0,3.0,1.0,6.0,50.0,6.813044620772746,6.813044620772746,22.714285714285715,22.666666666666668,7.0,9.333333333333334,33.33333333333333,66.66666666666666,66.66666666666666,0.2999453606629511,68.81,A,B,FAST
MANKIND.NS,2500.0,2026-10-06T18:18:25.566299+05:30,OPEN,2025-10-20,2511.89990234375,2026-03-23,1909.699951171875,2026-05-07,2383.0291127929686,2210.7999267578125,2668.4718896484374,4.908495938177552,6.0,3.0,3.0,0.0,6.0,50.0,1.87309351869911,1.87309351869911,11.0,12.666666666666666,4.0,8.666666666666666,66.66666666666666,66.66666666666666,66.66666666666666,0.1702812289726463,64.09,B,B,FAST
AXISCADES.NS,2288.5,2026-10-06T18:18:25.566299+05:30,OPEN,2026-05-11,2211.0,2026-08-14,1416.0999755859375,2026-09-29,2040.8913947753904,1813.5499877929688,2417.6740063476564,12.13237538550452,18.0,8.0,10.0,0.0,18.0,44.44444444444444,2.636377246929837,2.636377246929837,8.11111111111111,11.625,6.5,4.8,37.5,62.5,87.5,0.3250328112653224,61.65,B,B,FAST
DEEPAKFERT.NS,1385.5999755859375,2026-10-06T18:18:25.566299+05:30,OPEN,2025-10-06,1593.5999755859375,2026-03-23,866.4000244140625,2026-05-22,1437.9791860351563,1230.0,1782.6719628906249,-3.64255692696363,10.0,3.0,5.0,2.0,8.0,37.5,2.7363972608707963,2.7363972608707963,19.5,19.0,7.0,2.8,0.0,66.66666666666666,66.66666666666666,0.1403280646600408,58.44,B,B,FAST
PCJEWELLER.NS,12.93000030517578,2026-10-06T18:18:25.566299+05:30,OPEN,2025-10-06,13.670000076293944,2026-03-30,7.46999979019165,2026-09-07,12.343200015068057,10.569999933242798,15.282000150680542,4.754036954690726,11.0,3.0,8.0,0.0,11.0,27.27272727272727,2.059181940947946,2.059181940947946,7.454545454545454,15.666666666666666,3.0,3.75,66.66666666666666,66.66666666666666,66.66666666666666,0.2762317237857001,56.29,B,B,FAST
STEL.NS,575.9500122070312,2026-10-06T18:18:25.566299+05:30,OPEN,2025-12-04,633.2999877929688,2026-01-21,385.1000061035156,2026-06-15,580.1851917114258,509.1999969482422,697.8319830322266,-0.7299702861945896,11.0,3.0,7.0,1.0,10.0,30.0,0.9482816814683998,0.9482816814683998,11.363636363636363,4.333333333333333,6.0,6.571428571428571,33.33333333333333,100.0,100.0,0.0834487879692191,55.98,B,B,FAST
HFCL.NS,262.7799987792969,2026-10-06T18:18:25.566299+05:30,OPEN,2026-08-31,256.70001220703125,2026-09-29,199.0,2026-10-05,244.35220959472656,227.8500061035156,271.7020153808594,7.541486616852762,7.0,6.0,1.0,0.0,7.0,85.71428571428571,14.76930524286144,14.76930524286144,15.428571428571429,16.666666666666668,10.0,8.0,33.33333333333333,50.0,66.66666666666666,0.9572697842595376,83.29,A+,B,MEDIUM
INDHOTEL.NS,736.0,2026-10-06T18:18:25.566299+05:30,OPEN,2025-12-02,754.0,2026-04-02,565.0,2026-06-19,713.554,659.5,803.14,3.1456624165795475,13.0,7.0,6.0,0.0,13.0,53.84615384615385,2.258680707004369,2.258680707004369,12.923076923076923,18.428571428571427,10.0,6.166666666666667,14.285714285714285,57.14285714285714,71.42857142857143,0.1747788642324809,63.28,B,B,MEDIUM
GIPCL.NS,174.05999755859375,2026-10-06T18:18:25.566299+05:30,OPEN,2025-10-23,198.0,2026-03-30,119.9000015258789,2026-08-12,181.2866003265381,158.95000076293945,218.3059996032715,-3.9862862202322726,9.0,4.0,5.0,0.0,9.0,44.44444444444444,2.683156011402,2.683156011402,13.444444444444445,20.0,10.0,7.6,25.0,50.0,75.0,0.1995735876249421,58.47,B,B,MEDIUM
SUDARSCHEM.NS,1238.5999755859375,2026-10-06T18:18:25.566299+05:30,OPEN,2025-10-06,1360.4000244140625,2026-03-30,726.4000244140625,2026-08-24,1224.7240244140626,1043.4000244140625,1525.2400244140626,1.1329859540000058,9.0,3.0,5.0,1.0,8.0,37.5,2.821176148916693,2.821176148916693,17.666666666666668,19.666666666666668,8.0,7.0,33.33333333333333,66.66666666666666,66.66666666666666,0.1596892159764166,57.57,B,B,MEDIUM
BEML.NS,2042.199951171875,2026-10-06T18:18:25.566299+05:30,OPEN,2025-10-24,2275.75,2026-03-30,1355.0,2026-09-03,2078.7095,1815.375,2515.145,-1.75635647155723,9.0,4.0,4.0,1.0,8.0,50.0,2.654883532921841,2.654883532921841,17.333333333333332,13.0,14.0,9.75,25.0,50.0,75.0,0.1531663576685677,56.65,B,B,MEDIUM
MCX.NS,3310.0,2026-10-06T18:18:25.566299+05:30,OPEN,2026-05-21,3480.0,2026-08-05,2565.5,2026-08-24,3284.297,3022.75,3717.77,0.7826027914040653,8.0,5.0,3.0,0.0,8.0,62.5,7.338609755258536,7.338609755258536,20.875,27.6,28.0,9.333333333333334,20.0,20.0,40.0,0.3515501679165766,57.97,B,B,SLOW
GPIL.NS,218.97999572753903,2026-10-06T18:18:25.566299+05:30,WAITING FOR 0.786,2026-05-20,320.0,2026-10-01,210.4199981689453,,296.5498796081543,265.20999908447266,348.49080047607424,26.15744912225629,6.0,5.0,1.0,0.0,6.0,83.33333333333334,11.11873645977498,11.11873645977498,13.666666666666666,16.2,2.0,0.0,60.0,60.0,60.0,0.8135660824225595,86.33,A+,B,FAST
BAGFILMS.NS,4.110000133514404,2026-10-06T18:18:25.566299+05:30,WAITING FOR 0.786,2025-12-02,7.590000152587891,2026-03-30,3.609999895095825,,6.738280097484589,5.600000023841858,8.624800219535828,39.00520497732538,6.0,4.0,2.0,0.0,6.0,66.66666666666666,8.521404548738868,8.521404548738868,7.833333333333333,8.5,5.0,6.5,50.0,75.0,75.0,1.087838878562409,81.17,A+,B,FAST
SONATSOFTW.NS,252.0500030517578,2026-10-06T18:18:25.566299+05:30,WAITING FOR 0.786,2026-08-24,310.45001220703125,2026-10-01,249.1999969482422,,297.3425089416504,279.8250045776367,326.3750161743164,15.232435500428451,7.0,5.0,2.0,0.0,7.0,71.42857142857143,5.392880961453792,5.392880961453792,5.285714285714286,6.2,1.0,1.5,60.0,80.0,80.0,1.020274776491258,79.5,A+,B,FAST
BALRAMCHIN.NS,691.2999877929688,2026-10-06T18:18:25.566299+05:30,WAITING FOR 0.786,2026-08-20,780.9500122070312,2026-10-01,638.0,,750.3587095947265,709.4750061035156,818.1170153808594,7.870731830867367,7.0,5.0,2.0,0.0,7.0,71.42857142857143,5.145559122199513,5.145559122199513,11.428571428571429,13.4,3.0,5.5,60.0,60.0,60.0,0.4502364231924574,77.11,A+,B,FAST
IRIS.NS,221.57000732421875,2026-10-06T18:18:25.566299+05:30,WAITING FOR 0.786,2025-11-10,388.1000061035156,2026-03-02,203.0,,348.4886047973633,295.5500030517578,436.2260076904297,36.419726707260416,7.0,4.0,2.0,1.0,6.0,66.66666666666666,3.6655586993436287,3.6655586993436287,14.571428571428571,5.0,5.0,11.0,50.0,100.0,100.0,0.2515579499549549,76.89,A+,B,FAST
GMRP&UI.NS,102.2300033569336,2026-10-06T18:18:25.566299+05:30,WAITING FOR 0.786,2025-11-20,136.3000030517578,2026-09-02,86.80000305175781,,125.70700305175782,111.5500030517578,149.17000305175782,18.675968024755115,7.0,5.0,2.0,0.0,7.0,71.42857142857143,3.4346134323693827,3.4346134323693827,10.428571428571429,6.4,5.0,20.0,60.0,80.0,100.0,0.3293464935148723,76.44,A+,B,FAST
NINSYS.NS,822.5499877929688,2026-10-06T18:18:25.566299+05:30,WAITING FOR 0.786,2026-07-08,935.0,2026-08-14,683.1500244140625,,881.1041052246094,809.0750122070312,1000.4809936523436,6.645539055423437,7.0,4.0,3.0,0.0,7.0,57.14285714285714,7.2703624938842575,7.2703624938842575,7.142857142857143,11.75,5.0,0.0,50.0,75.0,75.0,1.017850749143796,76.22,A+,B,FAST
BELRISE.NS,236.80999755859372,2026-10-06T18:18:25.566299+05:30,WAITING FOR 0.786,2026-08-12,268.20001220703125,2026-09-16,222.75,,258.4737095947266,245.4750061035156,280.0170153808594,8.381398661434627,7.0,5.0,2.0,0.0,7.0,71.42857142857143,3.2974043177482195,3.2974043177482195,7.714285714285714,10.2,5.0,0.0,60.0,60.0,80.0,0.4274413004488432,74.22,A,B,FAST
TREJHARA.NS,130.38999938964844,2026-10-06T18:18:25.566299+05:30,WAITING FOR 0.786,2025-12-02,284.8500061035156,2026-10-01,127.02999877929688,,251.0765245361328,205.94000244140625,325.8832080078125,48.067626142848006,8.0,4.0,3.0,1.0,7.0,57.14285714285714,4.5198131794218765,4.5198131794218765,14.875,12.0,4.0,2.333333333333333,75.0,75.0,75.0,0.3038529868518909,71.92,A,B,FAST
PARASPETRO.NS,2.0199999809265137,2026-10-06T18:18:25.566299+05:30,WAITING FOR 0.786,2026-02-02,3.2300000190734863,2026-06-17,1.830000042915344,,2.9304000241756443,2.5300000309944157,3.594000012874603,31.067432287004458,7.0,4.0,3.0,0.0,7.0,57.14285714285714,4.287872158669858,4.287872158669858,10.142857142857142,7.75,3.5,13.333333333333334,75.0,75.0,75.0,0.422747959305479,71.56,A,B,FAST
SENCO.NS,318.75,2026-10-06T18:18:25.566299+05:30,WAITING FOR 0.786,2026-07-27,430.0,2026-09-28,310.1499938964844,,404.35209869384767,370.0749969482422,461.1610015869141,21.17018780670672,7.0,4.0,3.0,0.0,7.0,57.14285714285714,3.991869383913497,3.991869383913497,6.571428571428571,9.0,4.5,2.0,50.0,75.0,75.0,0.6074583845085756,71.09,A,B,FAST
VPRPL.NS,28.770000457763672,2026-10-06T18:18:25.566299+05:30,WAITING FOR 0.786,2025-10-10,100.41999816894533,2026-06-12,23.940000534057617,,84.05327867507935,62.179999351501465,120.30479755401612,65.77170943089745,6.0,3.0,3.0,0.0,6.0,50.0,5.3951308515106,5.3951308515106,3.8333333333333335,6.666666666666667,7.0,0.0,33.33333333333333,100.0,100.0,1.4074254395245045,69.93,A,B,FAST
MBLINFRA.NS,25.049999237060547,2026-10-06T18:18:25.566299+05:30,WAITING FOR 0.786,2025-10-07,45.59999847412109,2026-03-30,18.3700008392334,,39.772778980255126,31.98499965667725,52.67979785919189,37.0172266577188,7.0,3.0,3.0,1.0,6.0,50.0,5.588738163606193,5.588738163606193,12.857142857142858,5.0,2.0,4.0,66.66666666666666,66.66666666666666,100.0,0.4346796349471483,69.9,A,B,FAST
DWARKESH.NS,46.86000061035156,2026-10-06T18:18:25.566299+05:30,WAITING FOR 0.786,2026-08-24,59.900001525878906,2026-09-18,39.86000061035156,,55.61144132995605,49.880001068115234,65.11040176391602,15.736762993931569,6.0,3.0,3.0,0.0,6.0,50.0,3.091389318216644,3.091389318216644,1.3333333333333333,0.6666666666666666,0.0,0.6666666666666666,100.0,100.0,100.0,2.3185419886624827,69.33,A,B,FAST
RVHL.NS,37.2599983215332,2026-10-06T18:18:25.566299+05:30,WAITING FOR 0.786,2025-12-22,59.75,2026-03-30,28.5,,53.0625,44.125,67.875,29.780921891103507,7.0,4.0,3.0,0.0,7.0,57.14285714285714,4.630983353002695,4.630983353002695,12.857142857142858,7.0,5.5,20.0,50.0,75.0,100.0,0.3601875941224318,69.09,A,B,FAST
ZODIAC.NS,212.6499938964844,2026-10-06T18:18:25.566299+05:30,WAITING FOR 0.786,2026-05-05,332.95001220703125,2026-09-29,201.3500061035156,,304.7876109008789,267.15000915527344,367.16601379394535,30.23010572249242,8.0,4.0,3.0,1.0,7.0,57.14285714285714,2.686343439117812,2.686343439117812,13.375,7.0,2.5,6.0,75.0,75.0,75.0,0.2008481075975934,69.05,A,B,FAST
GODREJCP.NS,872.5,2026-10-06T18:18:25.566299+05:30,WAITING FOR 0.786,2026-03-02,1203.5999755859375,2026-10-05,832.5999755859375,,1124.2059755859375,1018.0999755859376,1300.0599755859375,22.389667111914083,7.0,3.0,3.0,1.0,6.0,50.0,0.9091960933320582,0.9091960933320582,10.857142857142858,0.3333333333333333,0.0,4.0,100.0,100.0,100.0,0.083741745438479,65.92,A,B,FAST
EPIGRAL.NS,1036.199951171875,2026-10-06T18:18:25.566299+05:30,WAITING FOR 0.786,2025-10-03,1771.0,2026-03-30,807.0,,1564.7040000000002,1289.0,2021.64,33.77661518268791,7.0,4.0,3.0,0.0,7.0,57.14285714285714,4.128774663722576,4.128774663722576,11.428571428571429,13.25,6.5,8.333333333333334,50.0,50.0,75.0,0.3612677830757253,65.81,A,B,FAST
SUKHJITS.NS,147.83999633789062,2026-10-06T18:18:25.566299+05:30,WAITING FOR 0.786,2026-05-29,197.8000030517578,2026-10-06,146.0,,186.71480239868163,171.9000015258789,211.26800384521485,20.820419999579794,8.0,4.0,3.0,1.0,7.0,57.14285714285714,0.1963918707498599,0.1963918707498599,15.625,2.75,0.0,16.666666666666668,75.0,75.0,100.0,0.012569079727991,65.16,A,B,FAST
ORIENTCEM.NS,115.76000213623048,2026-10-06T18:18:25.566299+05:30,WAITING FOR 0.786,2025-10-06,226.8600006103516,2026-10-01,114.3000030517578,,202.7721611328125,170.5800018310547,256.12559997558594,42.91129438601311,9.0,3.0,4.0,2.0,7.0,42.85714285714285,2.217251701764247,2.217251701764247,17.11111111111111,4.333333333333333,4.0,4.75,66.66666666666666,100.0,100.0,0.1295796449083001,65.11,A,B,FAST
PREMEXPLN.NS,685.0999755859375,2026-10-06T18:18:25.566299+05:30,WAITING FOR 0.786,2026-06-30,829.7999877929688,2026-08-07,636.4000244140625,,788.4123956298828,733.1000061035156,880.0839782714844,13.103855370184323,11.0,5.0,5.0,1.0,10.0,50.0,2.767454618383035,2.767454618383035,11.454545454545457,10.8,6.0,1.8,20.0,80.0,80.0,0.2416031809699474,64.82,B,B,FAST
NETWEB.NS,4746.2001953125,2026-10-06T18:18:25.566299+05:30,WAITING FOR 0.786,2026-08-24,5813.0,2026-09-16,4388.0,,5508.05,5100.5,6183.5,13.831570241510155,12.0,6.0,6.0,0.0,12.0,50.0,3.573427687622552,3.573427687622552,9.333333333333334,7.5,5.5,10.5,50.0,66.66666666666666,100.0,0.3828672522452734,64.75,B,B,FAST
NUVAMA.NS,1838.800048828125,2026-10-06T18:18:25.566299+05:30,WAITING FOR 0.786,2026-07-24,2066.0,2026-08-10,1578.5999755859375,,1961.696394775391,1822.2999877929688,2192.724006347656,6.264799500808431,13.0,6.0,7.0,0.0,13.0,46.15384615384615,2.551901348184865,2.551901348184865,8.846153846153847,14.666666666666666,1.0,3.0,66.66666666666666,66.66666666666666,66.66666666666666,0.2884758045774195,64.62,B,B,FAST
AURIONPRO.NS,616.0499877929688,2026-10-06T18:18:25.566299+05:30,WAITING FOR 0.786,2025-11-04,1240.0,2026-10-01,593.3499755859375,,1101.6168947753906,916.6749877929688,1408.1290063476563,44.077656151181706,14.0,7.0,7.0,0.0,14.0,50.0,4.054835451477394,4.054835451477394,7.785714285714286,11.142857142857142,7.0,3.857142857142857,42.85714285714285,57.14285714285714,85.71428571428571,0.5208045534007661,64.55,B,B,FAST
SUMMITSEC.NS,1321.0,2026-10-06T18:18:25.566299+05:30,WAITING FOR 0.786,2025-10-23,2495.0,2026-10-01,1301.0,,2239.484,1898.0,2805.44,41.0131976830377,13.0,6.0,7.0,0.0,13.0,46.15384615384615,2.478233423419449,2.478233423419449,5.0,7.0,3.0,2.142857142857143,50.0,66.66666666666666,83.33333333333334,0.4956466846838898,64.5,B,B,FAST
SHREERAMA.NS,43.52999877929688,2026-10-06T18:18:25.566299+05:30,WAITING FOR 0.786,2026-01-02,71.98999786376953,2026-07-28,37.619998931884766,,64.6348180923462,54.80499839782715,80.92619758605957,32.65239995399394,11.0,4.0,6.0,1.0,10.0,40.0,1.897310713784755,1.897310713784755,9.818181818181818,2.25,1.0,5.666666666666667,75.0,100.0,100.0,0.1932446097373361,64.46,B,B,FAST
ADSL.NS,103.81999969482422,2026-10-06T18:18:25.566299+05:30,WAITING FOR 0.786,2025-10-06,204.6499938964844,2026-03-30,86.2699966430664,,179.31667448425293,145.4599952697754,235.42879318237303,42.10242857033277,10.0,4.0,5.0,1.0,9.0,44.44444444444444,2.3311978697947504,2.3311978697947504,11.8,5.75,3.5,6.2,75.0,75.0,100.0,0.1975591415080297,64.42,B,B,FAST
TRF.NS,196.3000030517578,2026-10-06T18:18:25.566299+05:30,WAITING FOR 0.786,2025-10-03,404.8999938964844,2026-10-01,191.19000244140625,,359.16605572509764,298.0449981689453,460.4645916748047,45.34561383996599,13.0,6.0,7.0,0.0,13.0,46.15384615384615,2.316251139299296,2.316251139299296,6.384615384615385,6.666666666666667,3.0,5.857142857142857,66.66666666666666,66.66666666666666,100.0,0.3627863230227812,64.25,B,B,FAST
UTLSOLAR.NS,418.8500061035156,2026-10-06T18:18:25.566299+05:30,WAITING FOR 0.786,2026-08-20,494.25,2026-10-01,384.1000061035156,,470.6779013061524,439.1750030517578,522.8889984130859,11.011329628778403,6.0,3.0,3.0,0.0,6.0,50.0,1.7190897749404537,1.7190897749404537,5.666666666666667,6.0,7.0,5.333333333333333,33.33333333333333,100.0,100.0,0.3033687838130212,64.19,B,B,FAST
SHREEPUSHK.NS,510.1000061035156,2026-10-06T18:18:25.566299+05:30,WAITING FOR 0.786,2026-09-08,545.2000122070312,2026-09-24,476.5499877929688,,530.5089069824219,510.875,563.0490185546876,3.847042077953743,10.0,5.0,5.0,0.0,10.0,50.0,1.7172396837352586,1.7172396837352586,12.3,15.8,5.0,8.2,60.0,60.0,60.0,0.1396129824175007,64.18,B,B,FAST
KAMATHOTEL.NS,258.82000732421875,2026-10-06T18:18:25.566299+05:30,WAITING FOR 0.786,2025-10-07,329.6000061035156,2026-03-30,140.1999969482422,,289.0684041442871,234.9000015258789,378.8440084838867,10.464096520548823,11.0,5.0,6.0,0.0,11.0,45.45454545454545,2.829948484798352,2.829948484798352,7.545454545454546,10.6,3.0,4.666666666666667,60.0,60.0,60.0,0.3750534136479743,64.1,B,B,FAST
HUDCO.NS,161.0399932861328,2026-10-06T18:18:25.566299+05:30,WAITING FOR 0.786,2026-06-18,218.0,2026-10-06,155.8000030517578,,204.68920065307617,186.9000015258789,234.17199920654295,21.32462642273129,7.0,3.0,3.0,1.0,6.0,50.0,3.742958405338548,3.742958405338548,14.285714285714286,8.0,7.0,4.666666666666667,33.33333333333333,66.66666666666666,100.0,0.2620070883736983,64.02,B,B,FAST
MANAKCOAT.NS,129.32000732421875,2026-10-06T18:18:25.566299+05:30,WAITING FOR 0.786,2025-10-27,182.82000732421875,2026-03-30,94.1999969482422,,163.85532510375975,138.51000213623047,205.86121002197265,21.07671371539,9.0,3.0,5.0,1.0,8.0,37.5,2.8710057438668093,2.8710057438668093,9.0,5.333333333333333,5.0,0.0,66.66666666666666,100.0,100.0,0.3190006382074232,63.99,B,B,FAST
HSCL.NS,668.5499877929688,2026-10-06T18:18:25.566299+05:30,WAITING FOR 0.786,2026-07-21,819.5,2026-09-15,632.5,,779.482,726.0,868.12,14.231504025369569,18.0,7.0,10.0,1.0,17.0,41.17647058823529,1.5201771717586092,1.5201771717586092,8.11111111111111,7.142857142857143,3.0,2.8,57.14285714285714,85.71428571428571,85.71428571428571,0.1874191033674997,63.92,B,B,FAST
APOLSINHOT.NS,1174.699951171875,2026-10-06T18:18:25.566299+05:30,WAITING FOR 0.786,2026-08-10,1325.0,2026-08-26,1140.4000244140625,,1285.495605224609,1232.7000122070312,1372.9959936523437,8.618905704728213,7.0,2.0,4.0,1.0,6.0,33.33333333333333,3.859788758085752,3.859788758085752,9.714285714285714,1.5,1.5,0.0,100.0,100.0,100.0,0.397331195685298,63.86,B,B,FAST
DECCANCE.NS,556.8499755859375,2026-10-06T18:18:25.566299+05:30,WAITING FOR 0.786,2025-10-01,1124.300048828125,2026-08-12,525.0,,996.0498383789064,824.6500244140625,1280.1180615234375,44.09416535901221,7.0,3.0,3.0,1.0,6.0,50.0,1.625674536643997,1.625674536643997,12.714285714285714,8.0,2.0,1.0,66.66666666666666,66.66666666666666,66.66666666666666,0.1278620422079548,63.71,B,B,FAST
SEMAC.NS,235.5500030517578,2026-10-06T18:18:25.566299+05:30,WAITING FOR 0.786,2025-10-07,519.25,2026-03-09,205.0,,452.0005,362.125,600.9549999999999,47.88722511330013,14.0,6.0,7.0,1.0,13.0,46.15384615384615,0.8490359414559426,0.8490359414559426,7.142857142857143,5.166666666666667,2.5,0.0,66.66666666666666,83.33333333333334,100.0,0.1188650318038319,63.62,B,B,FAST
RKDL.NS,17.270000457763672,2026-10-06T18:18:25.566299+05:30,WAITING FOR 0.786,2025-11-20,27.5,2026-03-05,16.299999237060547,,25.10319983673096,21.899999618530277,30.412000198364257,31.20398765860025,12.0,5.0,7.0,0.0,12.0,41.66666666666667,0.9022989178186568,0.9022989178186568,4.416666666666667,4.6,5.0,3.857142857142857,60.0,100.0,100.0,0.2042940946004506,63.58,B,B,FAST
KOKUYOCMLN.NS,74.56999969482422,2026-10-06T18:18:25.566299+05:30,WAITING FOR 0.786,2025-10-01,111.61000061035156,2026-03-30,71.05000305175781,,102.9301611328125,91.33000183105467,122.15559997558594,27.55281943199787,10.0,5.0,5.0,0.0,10.0,50.0,3.179514858643882,3.179514858643882,7.9,10.8,7.0,4.6,40.0,60.0,80.0,0.4024702352713774,63.47,B,B,FAST
LEMERITE.NS,19.799999237060547,2026-10-06T18:18:25.566299+05:30,WAITING FOR 0.786,2025-12-12,107.56999969482422,2026-09-21,17.729999542236328,,88.34423966217041,62.64999961853027,130.92839973449708,77.58767372635045,6.0,3.0,3.0,0.0,6.0,50.0,3.3804477162380064,3.3804477162380064,19.33333333333333,17.333333333333332,7.0,21.0,33.33333333333333,66.66666666666666,66.66666666666666,0.1748507439433451,63.45,B,B,FAST
HNDFDS.NS,584.75,2026-10-06T18:18:25.566299+05:30,WAITING FOR 0.786,2026-08-19,677.75,2026-10-05,556.5499877929688,,651.8131973876953,617.1499938964844,709.2620031738281,10.288714259924134,6.0,3.0,3.0,0.0,6.0,50.0,1.33851870941839,1.33851870941839,5.166666666666667,6.0,3.0,3.6666666666666665,66.66666666666666,66.66666666666666,100.0,0.2590681373067852,63.26,B,B,FAST
BAJAJHIND.NS,21.32999992370605,2026-10-06T18:18:25.566299+05:30,WAITING FOR 0.786,2026-08-24,26.0,2026-10-01,18.799999237060547,,24.45919983673096,22.399999618530277,27.87200019836426,12.793549805033722,14.0,6.0,8.0,0.0,14.0,42.85714285714285,0.3901583823657429,0.3901583823657429,8.785714285714286,3.333333333333333,3.0,12.375,83.33333333333334,100.0,100.0,0.0444082711635804,63.25,B,B,FAST
HBLENGINE.NS,764.2999877929688,2026-10-06T18:18:25.566299+05:30,WAITING FOR 0.786,2025-11-10,1122.0,2026-03-30,613.0,,1013.074,867.5,1254.34,24.55635148143485,23.0,9.0,14.0,0.0,23.0,39.130434782608695,0.6479104720581216,0.6479104720581216,5.565217391304348,3.7777777777777777,3.0,6.071428571428571,66.66666666666666,88.88888888888889,100.0,0.1164214129479437,63.05,B,B,FAST
TITAGARH.NS,804.8499755859375,2026-10-06T18:18:25.566299+05:30,WAITING FOR 0.786,2026-06-18,971.0,2026-09-16,789.4500122070312,,932.1483026123046,880.2250061035156,1018.202996826172,13.65644572538717,17.0,7.0,10.0,0.0,17.0,41.17647058823529,1.5484390474363412,1.5484390474363412,4.352941176470588,7.142857142857143,2.0,1.4,71.42857142857143,71.42857142857143,85.71428571428571,0.3557224838705108,62.53,B,B,FAST
MSPL.NS,32.34000015258789,2026-10-06T18:18:25.566299+05:30,WAITING FOR 0.786,2026-06-22,46.119998931884766,2026-10-06,31.100000381469727,,42.90571924209595,38.609999656677246,50.02519855499268,24.625432870361365,8.0,3.0,5.0,0.0,8.0,37.5,4.014453041023963,4.014453041023963,8.125,18.33333333333333,3.0,1.2,66.66666666666666,66.66666666666666,66.66666666666666,0.4940865281260262,62.44,B,B,FAST
CELEBRITY.NS,6.349999904632568,2026-10-06T18:18:25.566299+05:30,WAITING FOR 0.786,2025-10-28,11.68000030517578,2026-03-30,5.650000095367432,,10.389580260276794,8.665000200271606,13.247800359725952,38.88107367618146,9.0,4.0,5.0,0.0,9.0,44.44444444444444,0.0901358573428131,0.0901358573428131,3.6666666666666665,2.0,1.0,4.4,100.0,100.0,100.0,0.0245825065480399,62.42,B,B,FAST
JAIBALAJI.NS,64.16999816894531,2026-10-06T18:18:25.566299+05:30,WAITING FOR 0.786,2025-10-03,102.0,2026-03-30,53.650001525878906,,91.6531003265381,77.82500076293945,114.57099960327147,29.986003811848217,8.0,4.0,4.0,0.0,8.0,50.0,0.2603773617233971,0.2603773617233971,5.75,4.25,2.0,6.5,75.0,75.0,100.0,0.045283019430156,62.41,B,B,FAST
WSI.NS,51.790000915527344,2026-10-06T18:18:25.566299+05:30,WAITING FOR 0.786,2025-12-23,95.0,2026-10-05,50.09999847412109,,85.39139967346192,72.54999923706055,106.67400039672852,39.349862967965,6.0,3.0,3.0,0.0,6.0,50.0,0.5854295038854076,0.5854295038854076,11.666666666666666,6.0,7.0,17.0,33.33333333333333,100.0,100.0,0.0501796717616063,62.41,B,B,FAST
ESSARSHPNG.NS,16.719999313354492,2026-10-06T18:18:25.566299+05:30,WAITING FOR 0.786,2025-10-30,43.2599983215332,2026-09-22,15.43000030517578,,37.30437874603271,29.34499931335449,50.49579780578613,55.17952616987986,8.0,3.0,5.0,0.0,8.0,37.5,1.8162650320972256,1.8162650320972256,3.0,2.6666666666666665,3.0,2.6,100.0,100.0,100.0,0.6054216773657419,62.34,B,B,FAST
JAGRAN.NS,61.720001220703125,2026-10-06T18:18:25.566299+05:30,WAITING FOR 0.786,2026-06-05,68.33000183105469,2026-09-02,60.79999923706055,,66.71858127593994,64.56500053405762,70.28780250549316,7.492035891115993,7.0,3.0,3.0,1.0,6.0,50.0,2.638433006347612,2.638433006347612,13.142857142857142,9.666666666666666,7.0,0.0,33.33333333333333,66.66666666666666,100.0,0.2007503374394922,62.29,B,B,FAST
SARVESHWAR.NS,3.5799999237060547,2026-10-06T18:18:25.566299+05:30,WAITING FOR 0.786,2025-10-08,6.639999866485596,2026-03-30,2.5,,5.754039895057678,4.569999933242798,7.71639983177185,37.78284494028228,13.0,5.0,8.0,0.0,13.0,38.46153846153847,0.8502066669034648,0.8502066669034648,5.538461538461538,3.2,3.0,6.5,100.0,100.0,100.0,0.1535095370797922,62.21,B,B,FAST
TARMAT.NS,56.790000915527344,2026-10-06T18:18:25.566299+05:30,WAITING FOR 0.786,2026-08-14,69.6500015258789,2026-09-21,52.97999954223633,,66.0826211013794,61.31500053405762,73.98420204162598,14.06212409703901,7.0,3.0,4.0,0.0,7.0,42.85714285714285,2.470078172745281,2.470078172745281,8.428571428571429,6.666666666666667,1.0,9.0,66.66666666666666,66.66666666666666,100.0,0.2930601221901181,62.17,B,B,FAST
DCAL.NS,153.57000732421875,2026-10-06T18:18:25.566299+05:30,WAITING FOR 0.786,2025-10-08,306.0,2026-03-30,128.5,,268.015,217.25,352.15,42.700965496625656,7.0,3.0,4.0,0.0,7.0,42.85714285714285,2.365236390648774,2.365236390648774,16.0,11.333333333333334,1.0,19.25,66.66666666666666,66.66666666666666,66.66666666666666,0.1478272744155483,62.01,B,B,FAST
JWL.NS,224.63999938964844,2026-10-06T18:18:25.566299+05:30,WAITING FOR 0.786,2026-05-27,308.5,2026-09-29,218.4499969482422,,289.2292993469238,263.4749984741211,331.91300079345706,22.331520389918044,11.0,5.0,6.0,0.0,11.0,45.45454545454545,1.484146819678449,1.484146819678449,14.909090909090908,16.2,3.0,13.666666666666666,60.0,60.0,60.0,0.099546433027213,62.0,B,B,FAST
SHAKTIPUMP.NS,449.3500061035156,2026-10-06T18:18:25.566299+05:30,WAITING FOR 0.786,2025-12-16,796.2000122070312,2026-10-05,441.1499938964844,,720.2193082885742,618.6750030517578,888.5130169677734,37.60928082151998,8.0,3.0,4.0,1.0,7.0,42.85714285714285,2.2165850508270166,2.2165850508270166,12.0,7.666666666666667,2.0,3.0,66.66666666666666,66.66666666666666,100.0,0.1847154209022513,61.77,B,B,FAST
MAHSCOOTER.NS,12315.0,2026-10-06T18:18:25.566299+05:30,WAITING FOR 0.786,2025-10-20,17733.0,2026-04-02,10901.0,,16270.952,14317.0,19509.32,24.312971976071225,9.0,3.0,5.0,1.0,8.0,37.5,1.4402787058567508,1.4402787058567508,11.22222222222222,3.6666666666666665,4.0,4.8,66.66666666666666,100.0,100.0,0.1283416668585223,61.75,B,B,FAST
ETHOSLTD.NS,2621.199951171875,2026-10-06T18:18:25.566299+05:30,WAITING FOR 0.786,2026-08-03,3090.39990234375,2026-09-29,2410.39990234375,,2944.87990234375,2750.39990234375,3267.19990234375,10.991278486917818,13.0,6.0,7.0,0.0,13.0,46.15384615384615,0.7073150093446128,0.7073150093446128,7.769230769230769,12.666666666666666,2.5,2.571428571428572,66.66666666666666,66.66666666666666,66.66666666666666,0.0910405457572273,61.73,B,B,FAST
SHARDAMOTR.NS,928.5499877929688,2026-10-06T18:18:25.566299+05:30,WAITING FOR 0.786,2025-11-11,1189.9000244140625,2026-03-30,700.0,,1085.061419189453,944.9500122070312,1317.274030761719,14.424200199966492,11.0,5.0,5.0,1.0,10.0,50.0,1.9055067973408577,1.9055067973408577,18.818181818181817,17.4,7.0,11.4,40.0,60.0,80.0,0.1012588153176301,61.48,B,B,FAST
BALMLAWRIE.NS,158.77999877929688,2026-10-06T18:18:25.566299+05:30,WAITING FOR 0.786,2026-06-01,189.0,2026-10-06,149.85000610351562,,180.62190130615235,169.4250030517578,199.17899841308596,12.092610236581258,10.0,5.0,5.0,0.0,10.0,50.0,1.88870365684318,1.88870365684318,7.5,11.4,7.0,3.0,40.0,60.0,60.0,0.2518271542457573,61.45,B,B,FAST
OSWALAGRO.NS,32.849998474121094,2026-10-06T18:18:25.566299+05:30,WAITING FOR 0.786,2025-11-03,81.0,2026-10-06,32.0,,70.51400000000001,56.5,93.74,53.41350870164635,8.0,3.0,5.0,0.0,8.0,37.5,1.2065203047048236,1.2065203047048236,5.75,2.333333333333333,2.0,7.2,100.0,100.0,100.0,0.2098296182095345,61.39,B,B,FAST
KIRLOSENG.NS,2266.10009765625,2026-10-06T18:18:25.566299+05:30,WAITING FOR 0.786,2026-06-23,2720.0,2026-09-16,1934.0,,2551.7960000000003,2327.0,2924.36,11.195875467464884,16.0,5.0,10.0,1.0,15.0,33.33333333333333,1.938361156184316,1.938361156184316,8.0625,5.2,4.0,3.5,60.0,80.0,100.0,0.2404168875887524,60.86,B,B,FAST
BLS.NS,223.97000122070312,2026-10-06T18:18:25.566299+05:30,WAITING FOR 0.786,2025-10-08,359.0,2026-10-01,212.0,,327.54200000000003,285.5,397.22,31.62098258522477,10.0,4.0,6.0,0.0,10.0,40.0,1.122371242699981,1.122371242699981,5.4,7.75,3.0,3.1666666666666665,75.0,75.0,75.0,0.2078465264259223,60.75,B,B,FAST
GMDCLTD.NS,491.5499877929688,2026-10-06T18:18:25.566299+05:30,WAITING FOR 0.786,2026-04-17,771.9000244140625,2026-10-01,479.7999877929688,,709.3906165771484,625.8500061035156,847.8460339355469,30.70813508011617,12.0,4.0,7.0,1.0,11.0,36.36363636363637,2.040153103955079,2.040153103955079,13.75,14.25,4.0,6.428571428571429,75.0,75.0,75.0,0.148374771196733,60.73,B,B,FAST
WALCHANNAG.NS,204.1699981689453,2026-10-06T18:18:25.566299+05:30,WAITING FOR 0.786,2026-06-19,315.79998779296875,2026-10-01,191.52999877929688,,289.206210144043,253.6649932861328,348.1101849365234,29.40331465660584,17.0,7.0,10.0,0.0,17.0,41.17647058823529,0.3677292766608651,0.3677292766608651,6.529411764705882,8.0,2.0,5.0,71.42857142857143,71.42857142857143,85.71428571428571,0.0563188982273396,60.69,B,B,FAST
NORBTEAEXP.NS,64.20999908447266,2026-10-06T18:18:25.566299+05:30,WAITING FOR 0.786,2026-05-25,87.0,2026-08-13,60.0099983215332,,81.2241396408081,73.5049991607666,94.01740043640136,20.947147771064003,17.0,7.0,10.0,0.0,17.0,41.17647058823529,1.2623031575356458,1.2623031575356458,10.176470588235292,15.285714285714286,5.0,6.1,57.14285714285714,57.14285714285714,71.42857142857143,0.1240413507404969,60.66,B,B,FAST
UTTAMSUGAR.NS,302.79998779296875,2026-10-06T18:18:25.566299+05:30,WAITING FOR 0.786,2026-08-24,359.29998779296875,2026-09-16,244.1000061035156,,334.64719171142576,301.6999969482422,389.2519830322266,9.51665058224054,12.0,5.0,7.0,0.0,12.0,41.66666666666667,0.2064178225078089,0.2064178225078089,7.083333333333333,5.0,5.0,8.142857142857142,60.0,80.0,100.0,0.0291413396481612,60.49,B,B,FAST
ASHOKLEY.NS,153.6999969482422,2026-10-06T18:18:25.566299+05:30,WAITING FOR 0.786,2026-02-11,215.4199981689453,2026-06-11,138.02999877929688,,198.85853829956056,176.7249984741211,235.54139801025389,22.70887724382824,9.0,3.0,4.0,2.0,7.0,42.85714285714285,1.3874599741505496,1.3874599741505496,19.33333333333333,13.333333333333334,3.0,2.25,66.66666666666666,66.66666666666666,66.66666666666666,0.0717651710767525,60.48,B,B,FAST
RAIN.NS,212.6300048828125,2026-10-06T18:18:25.566299+05:30,WAITING FOR 0.786,2026-08-07,252.0,2026-09-16,191.0399932861328,,238.9545585632324,221.5199966430664,267.84960174560547,11.01655220084612,6.0,3.0,3.0,0.0,6.0,50.0,1.358268000039412,1.358268000039412,18.33333333333333,21.33333333333333,6.0,15.333333333333334,33.33333333333333,66.66666666666666,66.66666666666666,0.0740873454566952,60.29,B,B,FAST
SPANDANA.NS,218.1199951171875,2026-10-06T18:18:25.566299+05:30,WAITING FOR 0.786,2026-07-06,319.3999938964844,2026-10-05,211.0200042724609,,296.20667611694336,265.20999908447266,347.57879119873047,26.362228570745305,8.0,3.0,4.0,1.0,7.0,42.85714285714285,1.230081638867648,1.230081638867648,11.25,4.333333333333333,0.0,3.0,66.66666666666666,66.66666666666666,100.0,0.1093405901215687,60.23,B,B,FAST
YATHARTH.NS,1058.800048828125,2026-10-06T18:18:25.566299+05:30,WAITING FOR 0.786,2026-09-18,1184.0,2026-10-05,995.0,,1143.554,1089.5,1233.14,7.411451594929061,9.0,3.0,5.0,1.0,8.0,37.5,2.550251138705212,2.550251138705212,17.11111111111111,21.666666666666668,5.0,5.0,66.66666666666666,66.66666666666666,66.66666666666666,0.1490406509632916,60.15,B,B,FAST
BBOX.NS,839.9500122070312,2026-10-06T18:18:25.566299+05:30,WAITING FOR 0.786,2026-06-05,1103.0,2026-09-02,709.1500244140625,,1018.7161052246096,906.0750122070312,1205.4009936523437,17.548175797040464,13.0,6.0,5.0,2.0,11.0,54.54545454545454,0.508343385486964,0.508343385486964,15.461538461538462,8.833333333333334,7.0,4.8,50.0,50.0,83.33333333333334,0.0328779304046295,60.11,B,B,FAST
TIMKEN.NS,3156.89990234375,2026-10-06T18:18:25.566299+05:30,WAITING FOR 0.786,2026-06-22,3925.0,2026-07-23,3035.10009765625,,3734.5614208984375,3480.050048828125,4156.373974609375,15.467988163807393,13.0,5.0,8.0,0.0,13.0,38.46153846153847,0.7516479078096133,0.7516479078096133,4.307692307692308,6.0,3.0,2.5,80.0,80.0,100.0,0.1744896928843745,60.06,B,B,FAST
PARACABLES.NS,58.220001220703125,2026-10-06T18:18:25.566299+05:30,WAITING FOR 0.786,2026-07-02,75.69999694824219,2026-10-01,55.09999847412109,,71.29159727478027,65.39999771118164,81.05599655151367,18.335395128959025,7.0,3.0,4.0,0.0,7.0,42.85714285714285,0.99104440137111,0.99104440137111,10.857142857142858,6.0,4.0,14.5,66.66666666666666,66.66666666666666,100.0,0.0912804053894443,59.86,B,B,FAST
THERMAX.NS,3225.10009765625,2026-10-06T18:18:25.566299+05:30,WAITING FOR 0.786,2026-06-29,5277.7998046875,2026-10-06,3193.0,,4831.652646484376,4235.39990234375,5819.84775390625,33.25058041987126,12.0,6.0,6.0,0.0,12.0,50.0,0.4356322037008908,0.4356322037008908,11.333333333333334,14.166666666666666,6.0,7.666666666666667,50.0,66.66666666666666,66.66666666666666,0.0384381356206668,59.85,B,B,FAST
JAYNECOIND.NS,94.4499969482422,2026-10-06T18:18:25.566299+05:30,WAITING FOR 0.786,2026-05-08,117.0,2026-07-24,82.5199966430664,,109.6212792816162,99.7599983215332,125.96480087280273,13.839723849964493,12.0,5.0,7.0,0.0,12.0,41.66666666666667,1.6973853580321592,1.6973853580321592,7.416666666666667,11.2,7.0,4.0,40.0,80.0,80.0,0.2288609471504034,59.82,B,B,FAST
SILVERTUC.NS,137.67999267578125,2026-10-06T18:18:25.566299+05:30,WAITING FOR 0.786,2025-12-31,1117.449951171875,2026-03-17,100.5,,899.8226616210937,608.9749755859375,1381.8569384765626,84.69920812755026,17.0,5.0,12.0,0.0,17.0,29.411764705882355,2.243036898128153,2.243036898128153,3.647058823529412,5.8,5.0,2.0,60.0,80.0,100.0,0.6150262462609453,59.77,B,B,FAST
TFL.NS,11.989999771118164,2026-10-06T18:18:25.566299+05:30,WAITING FOR 0.786,2025-12-24,18.5,2026-07-24,10.210000038146973,,16.72594000816345,14.355000019073486,20.655399990081783,28.314942148147196,9.0,3.0,6.0,0.0,9.0,33.33333333333333,1.2076987234562002,1.2076987234562002,5.222222222222222,3.6666666666666665,3.0,5.666666666666667,66.66666666666666,100.0,100.0,0.2312614576831021,59.72,B,B,FAST
CREATIVEYE.NS,5.900000095367432,2026-10-06T18:18:25.566299+05:30,WAITING FOR 0.786,2026-04-17,8.399999618530273,2026-09-10,5.159999847412109,,7.706639667510986,6.779999732971191,9.242399559020996,23.44263712964077,7.0,3.0,4.0,0.0,7.0,42.85714285714285,0.7073099645761073,0.7073099645761073,9.714285714285714,11.666666666666666,5.0,7.75,66.66666666666666,66.66666666666666,66.66666666666666,0.0728113198828345,59.41,B,B,FAST
IONEXCHANG.NS,409.2000122070313,2026-10-06T18:18:25.566299+05:30,WAITING FOR 0.786,2026-09-18,446.7999877929688,2026-10-05,397.1000061035156,,436.16419171142576,421.9499969482422,459.72198303222655,6.182116738788705,14.0,5.0,9.0,0.0,14.0,35.714285714285715,1.0409880342902529,1.0409880342902529,5.357142857142857,7.6,4.0,3.4444444444444446,80.0,80.0,80.0,0.1943177664008472,59.41,B,B,FAST
EIHAHOTELS.NS,297.79998779296875,2026-10-06T18:18:25.566299+05:30,WAITING FOR 0.786,2025-10-15,403.4500122070313,2026-03-30,266.6499938964844,,374.17480828857424,335.0500030517578,439.0180169677734,20.411534609968463,10.0,3.0,5.0,2.0,8.0,37.5,1.180668581348937,1.180668581348937,15.8,5.0,6.0,3.6,33.33333333333333,100.0,100.0,0.0747258595790466,59.34,B,B,FAST
SWARAJENG.NS,3537.800048828125,2026-10-06T18:18:25.566299+05:30,WAITING FOR 0.786,2026-07-06,3939.89990234375,2026-09-02,3501.0,,3845.975323242188,3720.449951171875,4054.013876953125,8.012929062536688,17.0,6.0,11.0,0.0,17.0,35.294117647058826,0.2364794334353457,0.2364794334353457,5.411764705882353,6.833333333333333,5.0,4.181818181818182,50.0,83.33333333333334,83.33333333333334,0.043697286613053,59.32,B,B,FAST
ASHOKA.NS,106.41999816894533,2026-10-06T18:18:25.566299+05:30,WAITING FOR 0.786,2025-11-04,214.5,2026-03-30,101.0,,190.211,157.75,244.01,44.05160681088617,11.0,4.0,7.0,0.0,11.0,36.36363636363637,1.0654444817049915,1.0654444817049915,6.545454545454546,11.5,2.0,2.7142857142857144,75.0,75.0,75.0,0.1627762402604848,59.21,B,B,FAST
KPITTECH.NS,492.7000122070313,2026-10-06T18:18:25.566299+05:30,WAITING FOR 0.786,2025-12-04,1284.9000244140625,2026-10-01,484.5,,1113.6144191894532,884.7000122070312,1493.0040307617187,55.756678099979695,12.0,5.0,6.0,1.0,11.0,45.45454545454545,1.5095729715923971,1.5095729715923971,11.916666666666666,11.2,7.0,3.8333333333333335,40.0,60.0,80.0,0.1266774521615997,59.04,B,B,FAST
UNITDSPR.NS,1358.0,2026-10-06T18:18:25.566299+05:30,WAITING FOR 0.786,2026-08-21,1563.4000244140625,2026-10-01,1316.5,,1510.563419189453,1439.9500122070312,1627.5940307617188,10.099769215337972,11.0,3.0,6.0,2.0,9.0,33.33333333333333,0.0830427645070608,0.0830427645070608,21.181818181818183,2.6666666666666665,1.0,16.833333333333332,66.66666666666666,100.0,100.0,0.0039204738608483,58.96,B,B,FAST
PURVA.NS,210.75,2026-10-06T18:18:25.566299+05:30,WAITING FOR 0.786,2026-07-13,261.79998779296875,2026-10-01,197.41000366210935,,248.02053118896484,229.60499572753903,278.5413836669922,15.02719593829461,9.0,3.0,6.0,0.0,9.0,33.33333333333333,2.8002871624096857,2.8002871624096857,8.444444444444445,21.0,4.0,1.1666666666666667,66.66666666666666,66.66666666666666,66.66666666666666,0.3316129534432522,58.88,B,B,FAST
MAYURUNIQ.NS,761.1500244140625,2026-10-06T18:18:25.566299+05:30,WAITING FOR 0.786,2026-07-03,907.0,2026-10-05,694.2999877929688,,861.4821973876954,800.6499938964844,962.302003173828,11.64645923942176,8.0,3.0,4.0,1.0,7.0,42.85714285714285,2.2425311420810026,2.2425311420810026,11.5,7.666666666666667,7.0,1.25,33.33333333333333,66.66666666666666,100.0,0.1950027080070437,58.81,B,B,FAST
TEJASNET.NS,475.8500061035156,2026-10-06T18:18:25.566299+05:30,WAITING FOR 0.786,2026-09-10,592.0499877929688,2026-10-01,461.1000061035156,,564.0266917114258,526.5749969482422,626.0969830322266,15.63342425167073,12.0,4.0,8.0,0.0,12.0,33.33333333333333,1.4273698624534912,1.4273698624534912,4.916666666666667,12.25,5.0,0.375,75.0,75.0,75.0,0.2903125143973202,58.56,B,B,FAST
ZOTA.NS,1278.5999755859375,2026-10-06T18:18:25.566299+05:30,WAITING FOR 0.786,2025-12-17,1667.699951171875,2026-09-02,1022.0,,1529.5201616210938,1344.8499755859375,1835.5819384765623,16.405157142172833,17.0,5.0,11.0,1.0,16.0,31.25,1.0004527809593833,1.0004527809593833,7.823529411764706,11.4,3.0,0.7272727272727273,80.0,80.0,80.0,0.1278774231301467,58.56,B,B,FAST
KENNAMET.NS,4268.60009765625,2026-10-06T18:18:25.566299+05:30,WAITING FOR 0.786,2026-09-10,5136.0,2026-09-30,3958.10009765625,,4883.9294208984375,4547.050048828125,5442.253974609375,12.59906256239454,10.0,4.0,6.0,0.0,10.0,40.0,1.604493350514342,1.604493350514342,8.6,14.25,6.5,4.166666666666667,50.0,75.0,75.0,0.1865689942458537,58.51,B,B,FAST
VARDMNPOLY.NS,5.440000057220459,2026-10-06T18:18:25.566299+05:30,WAITING FOR 0.786,2026-02-26,9.09000015258789,2026-10-06,5.110000133514404,,8.238280148506165,7.100000143051148,10.124800157546996,33.96679939068489,19.0,7.0,12.0,0.0,19.0,36.84210526315789,0.0750440335934124,0.0750440335934124,8.105263157894736,8.571428571428571,2.0,7.5,71.42857142857143,71.42857142857143,85.71428571428571,0.0092586794693171,58.5,B,B,FAST
VSTTILLERS.NS,4426.2998046875,2026-10-06T18:18:25.566299+05:30,WAITING FOR 0.786,2026-02-20,6350.0,2026-09-16,3950.0,,5836.4,5150.0,6974.0,24.160444714421555,11.0,3.0,6.0,2.0,9.0,33.33333333333333,1.8798848586195704,1.8798848586195704,17.181818181818183,14.0,2.0,3.5,66.66666666666666,66.66666666666666,66.66666666666666,0.1094112880678056,58.44,B,B,FAST
RTNINDIA.NS,26.1299991607666,2026-10-06T18:18:25.566299+05:30,WAITING FOR 0.786,2025-10-06,54.5,2026-03-09,24.399999618530277,,48.05859991836548,39.44999980926514,62.32600009918213,45.62887973192685,11.0,4.0,7.0,0.0,11.0,36.36363636363637,0.557976379033379,0.557976379033379,7.272727272727272,6.5,2.0,7.285714285714286,75.0,75.0,75.0,0.0767217521170896,58.42,B,B,FAST
OMINFRAL.NS,73.33000183105469,2026-10-06T18:18:25.566299+05:30,WAITING FOR 0.786,2025-10-10,134.6999969482422,2026-01-27,71.5,,121.17519760131836,103.0999984741211,151.13199615478516,39.48431421393707,14.0,5.0,9.0,0.0,14.0,35.714285714285715,0.2833323155815569,0.2833323155815569,5.5,11.8,4.0,1.5555555555555556,80.0,80.0,80.0,0.0515149664693739,58.23,B,B,FAST
BTML.NS,6.860000133514404,2026-10-06T18:18:25.566299+05:30,WAITING FOR 0.786,2026-09-08,8.489999771118164,2026-10-01,6.309999942779541,,8.023479807853699,7.399999856948851,9.056799726486206,14.50093603027996,11.0,3.0,7.0,1.0,10.0,30.0,0.454920444250537,0.454920444250537,9.363636363636363,2.6666666666666665,3.0,4.571428571428571,100.0,100.0,100.0,0.0485837367646204,58.21,B,B,FAST
GENESYS.NS,301.04998779296875,2026-10-06T18:18:25.566299+05:30,WAITING FOR 0.786,2025-10-17,612.0,2026-08-18,168.5,,517.091,390.25,727.3100000000001,41.78007588742238,11.0,4.0,6.0,1.0,10.0,40.0,1.3864865218441509,1.3864865218441509,9.454545454545457,8.75,6.0,0.8333333333333334,50.0,75.0,75.0,0.146647612887362,58.17,B,B,FAST
BHAGCHEM.NS,239.91000366210935,2026-10-06T18:18:25.566299+05:30,WAITING FOR 0.786,2026-08-18,299.0,2026-10-01,228.0,,283.806,263.5,317.46,15.466902157773482,14.0,5.0,9.0,0.0,14.0,35.714285714285715,0.2248297651110913,0.2248297651110913,6.214285714285714,4.2,2.0,6.222222222222222,80.0,80.0,100.0,0.0361795024316698,58.14,B,B,FAST
REPCOHOME.NS,326.45001220703125,2026-10-06T18:18:25.566299+05:30,WAITING FOR 0.786,2026-07-03,439.8999938964844,2026-10-06,325.6499938964844,,415.4504938964844,382.7749938964844,469.6049938964844,21.422644333557805,9.0,3.0,5.0,1.0,8.0,37.5,3.150112812698592,3.150112812698592,13.666666666666666,10.333333333333334,6.0,5.6,33.33333333333333,66.66666666666666,66.66666666666666,0.2304960594657506,58.09,B,B,FAST
HAPPYFORGE.NS,1989.4000244140625,2026-10-06T18:18:25.566299+05:30,WAITING FOR 0.786,2026-09-01,2470.0,2026-10-06,1950.0,,2358.7200000000003,2210.0,2605.2,15.65764378925594,7.0,2.0,4.0,1.0,6.0,33.33333333333333,2.0834054587664053,2.0834054587664053,11.714285714285714,5.5,5.5,1.75,50.0,100.0,100.0,0.1778516855044492,58.09,B,B,FAST
SANDHAR.NS,558.0999755859375,2026-10-06T18:18:25.566299+05:30,WAITING FOR 0.786,2026-06-12,763.2000122070312,2026-10-01,550.0,,717.5752095947266,656.6000061035156,818.6320153808595,22.22418387319398,9.0,3.0,5.0,1.0,8.0,37.5,1.2241696173247698,1.2241696173247698,11.11111111111111,9.0,0.0,1.6,66.66666666666666,66.66666666666666,66.66666666666666,0.1101752655592292,58.08,B,B,FAST
HOMEFIRST.NS,1111.5,2026-10-06T18:18:25.566299+05:30,WAITING FOR 0.786,2026-09-21,1273.9000244140625,2026-10-06,1091.300048828125,,1234.823629638672,1182.6000366210938,1321.3760180664062,9.98714526338942,9.0,3.0,5.0,1.0,8.0,37.5,1.201914120651426,1.201914120651426,13.22222222222222,7.0,2.0,6.8,66.66666666666666,66.66666666666666,100.0,0.0909010679484271,58.04,B,B,FAST
FORCEMOT.NS,17110.0,2026-10-06T18:18:25.566299+05:30,WAITING FOR 0.786,2026-02-18,26450.0,2026-10-05,16520.0,,24324.98,21485.0,29031.8,29.66078492150867,11.0,4.0,7.0,0.0,11.0,36.36363636363637,0.2350668024904659,0.2350668024904659,9.727272727272728,11.25,1.5,8.0,75.0,75.0,75.0,0.0241657460504217,57.91,B,B,FAST
NAHARCAP.NS,234.66000366210935,2026-10-06T18:18:25.566299+05:30,WAITING FOR 0.786,2026-08-06,293.0,2026-09-29,230.0,,279.51800000000003,261.5,309.38,16.048339047177873,6.0,2.0,4.0,0.0,6.0,33.33333333333333,0.0138431664497797,0.0138431664497797,2.0,4.0,4.0,0.0,100.0,100.0,100.0,0.0069215832248898,57.85,B,B,FAST
JSLL.NS,441.25,2026-10-06T18:18:25.566299+05:30,WAITING FOR 0.786,2026-06-04,749.6500244140625,2026-10-06,440.0,,683.3849191894532,594.8250122070312,830.1590307617187,35.431703625629275,14.0,5.0,9.0,0.0,14.0,35.714285714285715,0.0270526575855379,0.0270526575855379,6.357142857142857,12.2,4.0,2.555555555555556,60.0,80.0,80.0,0.0042554742269385,57.83,B,B,FAST
GRAVITA.NS,1500.9000244140625,2026-10-06T18:18:25.566299+05:30,WAITING FOR 0.786,2026-09-03,1769.9000244140625,2026-10-01,1388.0,,1688.1734191894532,1578.9500122070312,1869.1940307617188,11.093255742961922,11.0,4.0,7.0,0.0,11.0,36.36363636363637,0.1547487771235894,0.1547487771235894,10.636363636363637,17.0,4.0,6.428571428571429,75.0,75.0,75.0,0.0145490303278588,57.79,B,B,FAST
ALPA.NS,58.72999954223633,2026-10-06T18:18:25.566299+05:30,WAITING FOR 0.786,2025-10-13,93.8499984741211,2026-03-30,46.09999847412109,,83.63149847412109,69.9749984741211,106.26499847412109,29.7752633711212,9.0,3.0,5.0,1.0,8.0,37.5,2.889178923281938,2.889178923281938,10.555555555555555,8.666666666666666,6.0,0.8,33.33333333333333,66.66666666666666,100.0,0.2737116874688152,57.68,B,B,FAST
TAJGVK.NS,318.29998779296875,2026-10-06T18:18:25.566299+05:30,WAITING FOR 0.786,2026-01-16,418.9500122070313,2026-03-23,281.3500061035156,,389.5036109008789,350.15000915527344,454.7260137939453,18.28060667864517,11.0,4.0,6.0,1.0,10.0,40.0,0.9886701634282034,0.9886701634282034,15.545454545454543,15.0,5.5,8.333333333333334,50.0,75.0,75.0,0.0635986654836856,57.54,B,B,FAST
POKARNA.NS,709.9000244140625,2026-10-06T18:18:25.566299+05:30,WAITING FOR 0.786,2026-08-10,1079.0,2026-10-01,684.5499877929688,,994.5876973876952,881.7749938964844,1181.5570031738282,28.623687355209672,10.0,3.0,6.0,1.0,9.0,33.33333333333333,1.2977267677892437,1.2977267677892437,9.2,5.333333333333333,0.0,1.6666666666666667,66.66666666666666,66.66666666666666,100.0,0.141057257368396,57.53,B,B,FAST
DSSL.NS,1013.0499877929688,2026-10-06T18:18:25.566299+05:30,WAITING FOR 0.786,2026-05-25,1924.800048828125,2026-10-01,941.0499877929688,,1714.2775357666014,1432.9250183105469,2180.5750646972656,40.90513544879729,18.0,5.0,12.0,1.0,17.0,29.411764705882355,0.7745507154574803,0.7745507154574803,6.5,5.8,5.0,1.3333333333333333,60.0,80.0,100.0,0.11916164853192,57.47,B,B,FAST
KUANTUM.NS,75.30999755859375,2026-10-06T18:18:25.566299+05:30,WAITING FOR 0.786,2025-10-03,113.0,2026-03-30,65.01000213623047,,102.73014045715333,89.00500106811523,125.47739944458009,26.691429386291897,9.0,3.0,6.0,0.0,9.0,33.33333333333333,1.8440142083461903,1.8440142083461903,6.444444444444445,17.333333333333332,5.0,0.1666666666666666,66.66666666666666,66.66666666666666,66.66666666666666,0.2861401357778571,57.38,B,B,FAST
ECLERX.NS,1917.199951171875,2026-10-06T18:18:25.566299+05:30,WAITING FOR 0.786,2026-02-03,2497.5,2026-06-30,1320.0,,2245.515,1908.75,2803.65,14.620924323735307,13.0,5.0,7.0,1.0,12.0,41.66666666666667,1.3030939334455027,1.3030939334455027,10.076923076923077,8.0,6.0,3.7142857142857135,40.0,60.0,100.0,0.1293146651510804,57.2,B,B,FAST
SALZERELEC.NS,524.9500122070312,2026-10-06T18:18:25.566299+05:30,WAITING FOR 0.786,2025-10-10,952.5,2026-03-30,488.7999877929688,,853.2681973876954,720.6499938964844,1073.062003173828,38.47772437620663,18.0,5.0,12.0,1.0,17.0,29.411764705882355,0.5836439868348446,0.5836439868348446,7.333333333333333,8.8,3.0,1.6666666666666667,60.0,80.0,80.0,0.0795878163865697,57.18,B,B,FAST
MWL.NS,41.65999984741211,2026-10-06T18:18:25.566299+05:30,WAITING FOR 0.786,2026-09-15,48.0,2026-10-05,40.959999084472656,,46.49343980407715,44.47999954223633,49.83040023803711,10.395961187283849,8.0,3.0,5.0,0.0,8.0,37.5,0.6001927343842539,0.6001927343842539,8.75,19.666666666666668,4.0,1.4,66.66666666666666,66.66666666666666,66.66666666666666,0.0685934553582004,57.1,B,B,FAST
SANGHVIMOV.NS,419.5,2026-10-06T18:18:25.566299+05:30,WAITING FOR 0.786,2026-08-10,528.0,2026-09-16,395.2999877929688,,499.6021973876953,461.6499938964844,562.5020031738281,16.03319557170309,13.0,4.0,8.0,1.0,12.0,33.33333333333333,0.42034954307697,0.42034954307697,7.769230769230769,7.0,2.0,0.75,75.0,75.0,75.0,0.0541043966336694,56.99,B,B,FAST
SIMPLEXINF.NS,259.1300048828125,2026-10-06T18:18:25.566299+05:30,WAITING FOR 0.786,2026-08-31,282.5899963378906,2026-09-16,233.0500030517578,,271.9884377746582,257.8199996948242,295.4703945922852,4.72756599399968,13.0,4.0,8.0,1.0,12.0,33.33333333333333,0.1063597929408034,0.1063597929408034,14.461538461538462,6.25,5.0,12.375,75.0,75.0,100.0,0.0073546665331406,56.5,B,B,FAST
SBCL.NS,1099.5999755859375,2026-10-06T18:18:25.566299+05:30,WAITING FOR 0.786,2026-09-04,1215.699951171875,2026-10-01,1034.0999755859375,,1176.8375563964844,1124.8999633789062,1262.9159448242187,6.56314717275432,14.0,4.0,9.0,1.0,13.0,30.76923076923077,0.7572692552627893,0.7572692552627893,7.857142857142857,6.5,0.0,1.4444444444444444,75.0,75.0,75.0,0.0963797233970822,56.49,B,B,FAST
GREENLAM.NS,212.0200042724609,2026-10-06T18:18:25.566299+05:30,WAITING FOR 0.786,2026-08-06,278.54998779296875,2026-10-01,207.3999938964844,,263.3238890991211,242.97499084472656,297.0489862060547,19.48318665738232,7.0,2.0,5.0,0.0,7.0,28.57142857142857,0.2990805106436901,0.2990805106436901,7.428571428571429,1.5,1.5,9.4,100.0,100.0,100.0,0.0402608379712659,56.4,B,B,FAST
RAJTV.NS,10.720000267028809,2026-10-06T18:18:25.566299+05:30,WAITING FOR 0.786,2025-12-17,46.900001525878906,2026-09-11,7.699999809265137,,38.51120115852356,27.30000066757202,57.09200197219849,72.16394206220133,9.0,3.0,6.0,0.0,9.0,33.33333333333333,1.212024432776686,1.212024432776686,6.111111111111111,10.333333333333334,4.0,3.5,66.66666666666666,66.66666666666666,66.66666666666666,0.1983312708180031,56.39,B,B,FAST
GKWLIMITED.NS,1545.4000244140625,2026-10-06T18:18:25.566299+05:30,WAITING FOR 0.786,2026-06-09,1930.0,2026-09-29,1501.800048828125,,1838.3652104492187,1715.9000244140625,2041.331987304688,15.936179839019468,8.0,3.0,5.0,0.0,8.0,37.5,1.833297207215565,1.833297207215565,9.625,22.666666666666668,6.0,1.2,33.33333333333333,66.66666666666666,66.66666666666666,0.1904724371133054,56.03,B,B,FAST
LATTEYS.NS,21.88999938964844,2026-10-06T18:18:25.566299+05:30,WAITING FOR 0.786,2025-10-24,37.0,2026-03-30,15.789999961853027,,32.46105999183655,26.394999980926517,42.51460000991821,32.565358632301496,7.0,3.0,4.0,0.0,7.0,42.85714285714285,0.4476109264595792,0.4476109264595792,13.857142857142858,9.666666666666666,6.0,16.75,33.33333333333333,66.66666666666666,100.0,0.0323018194352273,56.01,B,B,FAST
RITCO.NS,285.54998779296875,2026-10-06T18:18:25.566299+05:30,WAITING FOR 0.786,2026-09-07,331.1499938964844,2026-10-01,267.1000061035156,,317.44329650878905,299.125,347.80299072265626,10.04693092170471,9.0,3.0,6.0,0.0,9.0,33.33333333333333,0.9430935921108422,0.9430935921108422,5.0,7.666666666666667,4.0,3.0,66.66666666666666,66.66666666666666,100.0,0.1886187184221684,55.97,B,B,FAST
OMAXAUTO.NS,209.2899932861328,2026-10-06T18:18:25.566299+05:30,WAITING FOR 0.786,2026-07-15,250.0,2026-09-16,161.2100067138672,,230.9989414367676,205.6050033569336,273.08539825439453,9.39785611813172,16.0,5.0,10.0,1.0,15.0,33.33333333333333,1.6287354228550444,1.6287354228550444,10.4375,15.8,6.0,1.9,40.0,60.0,60.0,0.1560465075789264,55.38,B,B,FAST
LEXUS.NS,10.8100004196167,2026-10-06T18:18:25.566299+05:30,WAITING FOR 0.786,2026-03-05,39.25,2026-10-01,9.579999923706056,,32.900619983673096,24.414999961853027,46.964200019836426,67.1434750318348,9.0,3.0,6.0,0.0,9.0,33.33333333333333,0.3034223583464428,0.3034223583464428,2.888888888888889,4.666666666666667,6.0,1.5,33.33333333333333,100.0,100.0,0.1050308163506917,55.31,B,B,FAST
TARIL.NS,283.6499938964844,2026-10-06T18:18:25.566299+05:30,WAITING FOR 0.786,2025-10-06,501.2000122070313,2026-02-02,224.0500030517578,,441.88991024780273,362.6250076293945,573.2590145874024,35.80980526633448,20.0,7.0,13.0,0.0,20.0,35.0,0.6015652708089436,0.6015652708089436,4.95,10.285714285714286,6.0,1.3076923076923077,42.85714285714285,57.14285714285714,85.71428571428571,0.1215283375371603,55.15,B,B,FAST
TATAINVEST.NS,624.1500244140625,2026-10-06T18:18:25.566299+05:30,WAITING FOR 0.786,2025-10-03,1184.699951171875,2026-03-30,538.8499755859375,,1046.4880563964844,861.7749633789062,1352.620944824219,40.35765428959756,6.0,5.0,1.0,0.0,6.0,83.33333333333334,11.7670391819014,11.7670391819014,5.833333333333333,5.8,9.0,4.0,40.0,80.0,100.0,2.017206716897383,85.33,A+,B,MEDIUM
KAVDEFENCE.NS,85.55000305175781,2026-10-06T18:18:25.566299+05:30,WAITING FOR 0.786,2025-10-01,162.8699951171875,2026-04-01,51.5099983215332,,139.03895580291749,107.18999671936037,191.8235942840576,38.47047932881362,8.0,6.0,1.0,1.0,7.0,85.71428571428571,10.991861296532456,10.991861296532456,16.0,8.0,8.5,19.0,33.33333333333333,66.66666666666666,100.0,0.6869913310332786,84.95,A+,B,MEDIUM
VISACHROME.NS,35.220001220703125,2026-10-06T18:18:25.566299+05:30,WAITING FOR 0.786,2025-10-17,73.68000030517578,2026-04-01,27.049999237060547,,63.70118007659912,50.36499977111816,85.80380058288574,44.71059848757601,7.0,5.0,1.0,1.0,6.0,83.33333333333334,7.935063705315054,7.935063705315054,20.142857142857142,12.0,8.0,21.0,20.0,60.0,80.0,0.3939393328879814,83.23,A+,B,MEDIUM
KRITIKA.NS,4.949999809265137,2026-10-06T18:18:25.566299+05:30,WAITING FOR 0.786,2025-10-14,9.550000190734863,2026-03-30,4.5,,8.469300149917602,7.025000095367432,10.863000240325928,41.553614565032326,7.0,5.0,2.0,0.0,7.0,71.42857142857143,12.148303376425371,12.148303376425371,16.857142857142858,23.0,11.0,0.0,40.0,40.0,60.0,0.7206620647031999,72.57,A,B,MEDIUM
EMSLIMITED.NS,334.25,2026-10-06T18:18:25.566299+05:30,WAITING FOR 0.786,2025-10-06,576.9000244140625,2026-03-10,256.04998779296875,,508.2381165771485,416.4750061035156,660.3210339355469,34.233582823128884,6.0,4.0,2.0,0.0,6.0,66.66666666666666,5.806380366350552,5.806380366350552,6.0,8.5,9.0,0.0,25.0,50.0,100.0,0.9677300610584252,72.24,A,B,MEDIUM
JYOTISTRUC.NS,8.9399995803833,2026-10-06T18:18:25.566299+05:30,WAITING FOR 0.786,2026-08-06,12.279999732971191,2026-10-06,8.609999656677246,,11.494619716644287,10.44499969482422,13.234199752807616,22.22448588326832,6.0,4.0,2.0,0.0,6.0,66.66666666666666,11.922494662516252,11.922494662516252,9.0,12.25,11.0,2.5,50.0,50.0,75.0,1.3247216291684725,71.67,A,B,MEDIUM
VASCONEQ.NS,32.310001373291016,2026-10-06T18:18:25.566299+05:30,WAITING FOR 0.786,2025-10-10,74.58999633789062,2026-03-30,26.75,,64.35223712158204,50.66999816894531,87.02839538574219,49.79195313405026,7.0,4.0,3.0,0.0,7.0,57.14285714285714,9.109523062362417,9.109523062362417,12.857142857142858,21.0,12.0,1.3333333333333333,25.0,50.0,75.0,0.7085184604059658,67.86,A,B,MEDIUM
NFL.NS,64.91000366210938,2026-10-06T18:18:25.566299+05:30,WAITING FOR 0.786,2025-10-16,98.3000030517578,2026-10-01,62.810001373291016,,90.70514269256591,80.55500221252441,107.52740348815918,28.438452622125336,7.0,4.0,3.0,0.0,7.0,57.14285714285714,5.132565356332912,5.132565356332912,9.142857142857142,10.75,10.0,6.666666666666667,50.0,50.0,75.0,0.5613743358489123,67.38,A,B,MEDIUM
REDTAPE.NS,114.8000030517578,2026-10-06T18:18:25.566299+05:30,WAITING FOR 0.786,2026-05-27,158.99000549316406,2026-09-11,113.0999984741211,,149.16954399108886,136.04500198364258,170.92140731811523,23.04058859453524,6.0,4.0,2.0,0.0,6.0,66.66666666666666,5.14469847601488,5.14469847601488,6.666666666666667,9.5,11.0,0.0,25.0,50.0,100.0,0.7717047714022319,67.21,A,B,MEDIUM
RAILTEL.NS,257.6499938964844,2026-10-06T18:18:25.566299+05:30,WAITING FOR 0.786,2025-12-26,391.0,2026-03-30,245.0,,359.756,318.0,428.96,28.3820161730494,7.0,4.0,2.0,1.0,6.0,66.66666666666666,6.710868411112451,6.710868411112451,21.142857142857142,21.5,14.0,0.0,25.0,25.0,75.0,0.3174059383634267,67.15,A,B,MEDIUM
HARIOMPIPE.NS,336.5,2026-10-06T18:18:25.566299+05:30,WAITING FOR 0.786,2025-10-01,498.2000122070313,2026-04-13,268.04998779296875,,448.9479069824218,383.125,558.0390185546876,25.04698323202666,7.0,4.0,3.0,0.0,7.0,57.14285714285714,4.592746075644954,4.592746075644954,9.428571428571429,13.5,8.0,3.333333333333333,50.0,50.0,75.0,0.4871094322653739,66.53,A,B,MEDIUM
MANAPPURAM.NS,310.20001220703125,2026-10-06T18:18:25.566299+05:30,WAITING FOR 0.786,2026-08-27,369.8999938964844,2026-10-01,303.3500061035156,,355.6582965087891,336.625,387.2029907226562,12.781449145987928,8.0,4.0,2.0,2.0,6.0,66.66666666666666,4.182554566912211,4.182554566912211,23.375,11.0,11.5,10.5,0.0,50.0,100.0,0.178932815696779,65.7,A,B,MEDIUM
NAHARPOLY.NS,220.3600006103516,2026-10-06T18:18:25.566299+05:30,WAITING FOR 0.786,2025-10-10,338.79998779296875,2026-03-30,200.0,,309.09679040527345,269.3999938964844,374.88798461914064,28.708415146781142,6.0,3.0,3.0,0.0,6.0,50.0,4.341179349894641,4.341179349894641,5.166666666666667,9.333333333333334,9.0,0.0,0.0,66.66666666666666,100.0,0.8402282612699304,64.95,B,B,MEDIUM
VEEDOL.NS,1392.4000244140625,2026-10-06T18:18:25.566299+05:30,WAITING FOR 0.786,2025-10-08,1963.800048828125,2026-03-30,1238.199951171875,,1808.5216279296876,1601.0,2152.45607421875,23.00893708370974,6.0,4.0,2.0,0.0,6.0,66.66666666666666,1.0816161149033834,1.0816161149033834,8.5,9.5,8.5,5.5,50.0,50.0,75.0,0.1272489546945157,64.86,B,B,MEDIUM
IRCON.NS,107.86000061035156,2026-10-06T18:18:25.566299+05:30,WAITING FOR 0.786,2025-12-26,186.44000244140625,2026-09-29,101.5999984741211,,168.28424159240723,144.02000045776367,208.4984034729004,35.90606013390498,8.0,5.0,3.0,0.0,8.0,62.5,4.871034812027895,4.871034812027895,14.375,16.6,12.0,10.333333333333334,20.0,40.0,80.0,0.3388545956193318,64.11,B,B,MEDIUM
TRENT.NS,2906.0,2026-10-06T18:18:25.566299+05:30,WAITING FOR 0.786,2025-10-06,4908.0,2026-03-30,2183.666748046875,,4324.992684082032,3545.833374023437,5616.326645507812,32.809134898761315,10.0,5.0,5.0,0.0,10.0,50.0,3.208041749996153,3.208041749996153,7.7,14.0,8.0,0.6,20.0,60.0,80.0,0.416628798700799,63.51,B,B,MEDIUM
SENORES.NS,1388.5999755859375,2026-10-06T18:18:25.566299+05:30,WAITING FOR 0.786,2026-08-24,1599.0,2026-10-05,1300.0999755859375,,1535.0353947753906,1449.5499877929688,1676.7140063476563,9.539546754938495,8.0,4.0,4.0,0.0,8.0,50.0,2.6918682658263164,2.6918682658263164,8.125,14.5,7.5,1.0,25.0,75.0,75.0,0.3313068634863159,63.21,B,B,MEDIUM
PERSISTENT.NS,5521.0,2026-10-06T18:18:25.566299+05:30,WAITING FOR 0.786,2026-02-03,6552.5,2026-06-30,4244.5,,6058.588,5398.5,7152.58,8.87315658367923,8.0,3.0,3.0,2.0,6.0,50.0,3.0094448784707506,3.0094448784707506,27.125,24.0,9.0,8.0,0.0,66.66666666666666,66.66666666666666,0.1109472766256498,62.87,B,B,MEDIUM
JKIL.NS,448.2999877929688,2026-10-06T18:18:25.566299+05:30,WAITING FOR 0.786,2025-11-03,672.0,2026-03-30,425.0,,619.142,548.5,736.22,27.593348893635277,8.0,4.0,4.0,0.0,8.0,50.0,3.920304046651256,3.920304046651256,6.625,10.25,9.5,2.25,50.0,50.0,75.0,0.591744007041699,62.63,B,B,MEDIUM
ADANIPORTS.NS,1783.4000244140625,2026-10-06T18:18:25.566299+05:30,WAITING FOR 0.786,2026-07-03,1891.0999755859373,2026-08-31,1593.0999755859375,,1827.3279755859376,1742.0999755859375,1968.5799755859373,2.4039445440980267,13.0,6.0,5.0,2.0,11.0,54.54545454545454,0.6350026156630066,0.6350026156630066,20.923076923076923,9.333333333333334,9.5,18.4,16.666666666666664,66.66666666666666,100.0,0.0303493897191878,61.98,B,B,MEDIUM
HINDPETRO.NS,351.0,2026-10-06T18:18:25.566299+05:30,WAITING FOR 0.786,2026-01-05,508.4500122070313,2026-03-23,316.20001220703125,,467.3085122070312,412.3250122070313,558.4350122070313,24.88902067238681,11.0,5.0,5.0,1.0,10.0,50.0,2.100950859753562,2.100950859753562,14.0,13.6,9.0,4.4,40.0,60.0,60.0,0.1500679185538258,61.78,B,B,MEDIUM
KFINTECH.NS,863.7999877929688,2026-10-06T18:18:25.566299+05:30,WAITING FOR 0.786,2025-10-28,1215.0,2026-05-18,784.9500122070312,,1122.9693026123048,999.9750061035156,1326.812996826172,23.07893138453954,8.0,4.0,4.0,0.0,8.0,50.0,3.374085653635376,3.374085653635376,10.75,17.5,9.5,3.25,0.0,50.0,75.0,0.313868432896314,61.77,B,B,MEDIUM
ADANIENT.NS,2849.89990234375,2026-10-06T18:18:25.566299+05:30,WAITING FOR 0.786,2026-07-06,3245.0,2026-10-01,2772.0,,3143.778,3008.5,3367.98,9.34792780076234,8.0,4.0,2.0,2.0,6.0,66.66666666666666,2.926999180909689,2.926999180909689,24.125,12.25,13.0,11.0,0.0,25.0,100.0,0.1213263909185363,61.24,B,B,MEDIUM
GLAXO.NS,2755.0,2026-10-06T18:18:25.566299+05:30,WAITING FOR 0.786,2026-08-28,3120.699951171875,2026-10-06,2707.0,,3032.168161621093,2913.849975585937,3228.2619384765626,9.140923156218046,7.0,4.0,3.0,0.0,7.0,57.14285714285714,3.761290012574857,3.761290012574857,9.714285714285714,11.75,11.0,6.333333333333333,50.0,50.0,75.0,0.3871916189415293,61.23,B,B,MEDIUM
PATELENG.NS,25.93000030517578,2026-10-06T18:18:25.566299+05:30,WAITING FOR 0.786,2026-07-20,30.549999237060547,2026-09-16,25.3799991607666,,29.443619220733645,27.96499919891357,31.89419925689697,11.93337982405247,9.0,4.0,5.0,0.0,9.0,44.44444444444444,4.385347593430547,4.385347593430547,11.77777777777778,17.75,10.0,6.6,50.0,50.0,75.0,0.3723408334044804,61.13,B,B,MEDIUM
KALYANKJIL.NS,548.1500244140625,2026-10-06T18:18:25.566299+05:30,WAITING FOR 0.786,2026-08-27,635.9500122070312,2026-10-01,522.5,,611.6717095947265,579.2250061035156,665.4470153808594,10.38493103150894,16.0,7.0,9.0,0.0,16.0,43.75,2.5211141008165963,2.5211141008165963,5.8125,10.857142857142858,9.0,1.2222222222222223,14.285714285714285,57.14285714285714,100.0,0.4337400603555434,60.65,B,B,MEDIUM
PASHUPATI.NS,69.91000366210938,2026-10-06T18:18:25.566299+05:30,WAITING FOR 0.786,2026-04-17,118.3499984741211,2026-10-06,69.0,,107.7890988006592,93.67499923706056,131.1809980773926,35.141860874634354,11.0,6.0,5.0,0.0,11.0,54.54545454545454,3.3469183766954504,3.3469183766954504,15.0,21.33333333333333,15.0,6.8,16.666666666666664,50.0,50.0,0.2231278917796967,60.55,B,B,MEDIUM
BCLIND.NS,32.029998779296875,2026-10-06T18:18:25.566299+05:30,WAITING FOR 0.786,2026-08-24,39.09999847412109,2026-10-01,30.40999984741211,,37.24033876800537,34.7549991607666,41.35939811706543,13.99111866615162,8.0,4.0,3.0,1.0,7.0,57.14285714285714,3.313952937988384,3.313952937988384,22.625,15.25,10.5,19.33333333333333,50.0,50.0,75.0,0.1464730580326357,60.54,B,B,MEDIUM
DODLA.NS,1019.9000244140624,2026-10-06T18:18:25.566299+05:30,WAITING FOR 0.786,2025-10-06,1400.0,2026-03-16,964.0999755859376,,1306.7173947753906,1182.0499877929688,1513.3340063476562,21.94945682273011,11.0,5.0,6.0,0.0,11.0,45.45454545454545,2.450990116940003,2.450990116940003,8.818181818181818,12.6,10.0,4.833333333333333,40.0,60.0,80.0,0.2779473328488663,60.51,B,B,MEDIUM
DBCORP.NS,173.57000732421875,2026-10-06T18:18:25.566299+05:30,WAITING FOR 0.786,2026-01-21,261.8999938964844,2026-10-01,169.80999755859375,,242.1927346801758,215.85499572753903,285.843392944336,28.333933074654706,8.0,3.0,4.0,1.0,7.0,42.85714285714285,3.003745323831775,3.003745323831775,12.25,10.333333333333334,9.0,1.0,0.0,66.66666666666666,100.0,0.2452036999046347,60.0,B,B,MEDIUM
GICRE.NS,314.25,2026-10-06T18:18:25.566299+05:30,WAITING FOR 0.786,2026-04-16,417.9500122070313,2026-10-06,313.5,,395.59770959472655,365.7250061035156,445.10701538085937,20.563240792790207,8.0,3.0,4.0,1.0,7.0,42.85714285714285,2.892018504240497,2.892018504240497,11.75,8.666666666666666,10.0,0.75,33.33333333333333,66.66666666666666,100.0,0.2461292344034465,59.83,B,B,MEDIUM
KRISHIVAL.NS,404.4500122070313,2026-10-06T18:18:25.566299+05:30,WAITING FOR 0.786,2025-10-23,508.0,2026-03-09,282.29998779296875,,459.7001973876953,395.1499938964844,566.6820031738282,12.018742975232607,11.0,4.0,6.0,1.0,10.0,40.0,2.3836946975746205,2.3836946975746205,15.727272727272728,8.0,8.0,13.333333333333334,25.0,75.0,100.0,0.1515644027359585,59.72,B,B,MEDIUM
HEROMOTOCO.NS,5075.0,2026-10-06T18:18:25.566299+05:30,WAITING FOR 0.786,2025-12-05,6388.5,2026-06-30,4671.5,,6021.062,5530.0,6834.92,15.712543733979151,9.0,4.0,4.0,1.0,8.0,50.0,1.9358538207191185,1.9358538207191185,16.77777777777778,11.0,10.0,11.25,25.0,50.0,75.0,0.1153820158044507,59.52,B,B,MEDIUM
NBCC.NS,77.05000305175781,2026-10-06T18:18:25.566299+05:30,WAITING FOR 0.786,2025-12-29,125.8499984741211,2026-10-05,75.75,,115.12859880065918,100.79999923706056,138.87599807739258,33.07483643993011,13.0,6.0,6.0,1.0,12.0,50.0,0.9455978160428756,0.9455978160428756,15.153846153846152,15.333333333333334,9.0,7.0,16.666666666666664,50.0,66.66666666666666,0.0623998558810019,58.98,B,B,MEDIUM
BLUEDART.NS,4562.7998046875,2026-10-06T18:18:25.566299+05:30,WAITING FOR 0.786,2025-10-30,7036.0,2026-10-05,4458.10009765625,,6484.329420898437,5747.050048828125,7706.253974609375,29.633436111651147,6.0,3.0,3.0,0.0,6.0,50.0,0.4173595501316877,0.4173595501316877,14.333333333333334,21.0,8.0,7.0,33.33333333333333,66.66666666666666,66.66666666666666,0.0291181081487224,58.82,B,B,MEDIUM
SHYAMTEL.NS,10.729999542236328,2026-10-06T18:18:25.566299+05:30,WAITING FOR 0.786,2026-05-06,25.420000076293945,2026-10-01,10.239999771118164,,22.17148001098633,17.829999923706055,29.36680015563965,51.60449578954838,8.0,3.0,5.0,0.0,8.0,37.5,3.5217303922125875,3.5217303922125875,5.125,7.333333333333333,9.0,3.4,33.33333333333333,66.66666666666666,100.0,0.6871669057975781,58.67,B,B,MEDIUM
SUBROS.NS,682.9500122070312,2026-10-06T18:18:25.566299+05:30,WAITING FOR 0.786,2025-10-10,1172.699951171875,2026-03-30,622.0999755859375,,1054.8715563964845,897.3999633789062,1315.8559448242188,35.25751945193814,12.0,5.0,7.0,0.0,12.0,41.66666666666667,1.9022994862963472,1.9022994862963472,11.333333333333334,14.4,8.0,8.571428571428571,40.0,60.0,60.0,0.1678499546732071,58.14,B,B,MEDIUM
DEVIT.NS,21.36000061035156,2026-10-06T18:18:25.566299+05:30,WAITING FOR 0.786,2025-12-24,42.18999862670898,2026-10-06,20.399999618530277,,37.52693883895874,31.29499912261963,47.85539836883545,43.08088730068067,16.0,7.0,9.0,0.0,16.0,43.75,0.7462873006426649,0.7462873006426649,7.75,13.285714285714286,8.0,2.555555555555556,42.85714285714285,57.14285714285714,71.42857142857143,0.0962951355667954,57.88,B,B,MEDIUM
SKFINDIA.NS,1461.9000244140625,2026-10-06T18:18:25.566299+05:30,WAITING FOR 0.786,2025-10-14,5074.0,2026-03-30,1404.0,,4288.62,3239.0,6028.2,65.91211101906761,8.0,4.0,4.0,0.0,8.0,50.0,3.421463156706106,3.421463156706106,11.75,17.25,15.0,5.75,50.0,50.0,50.0,0.2911883537622218,57.85,B,B,MEDIUM
TALBROAUTO.NS,429.4500122070313,2026-10-06T18:18:25.566299+05:30,WAITING FOR 0.786,2026-09-21,485.7999877929688,2026-10-06,416.2999877929688,,470.9269877929688,451.0499877929688,503.8699877929688,8.807517229012966,9.0,3.0,5.0,1.0,8.0,37.5,2.9851676036124064,2.9851676036124064,11.333333333333334,6.666666666666667,8.0,3.6,33.33333333333333,66.66666666666666,100.0,0.2633971414952123,57.83,B,B,MEDIUM
THEJO.NS,2098.89990234375,2026-10-06T18:18:25.566299+05:30,WAITING FOR 0.786,2026-09-17,2250.0,2026-10-05,2065.89990234375,,2210.6025791015627,2157.949951171875,2297.866025390625,5.053041999218653,15.0,6.0,8.0,1.0,14.0,42.85714285714285,0.2894336701174069,0.2894336701174069,10.533333333333331,9.5,7.5,4.375,33.33333333333333,66.66666666666666,83.33333333333334,0.0274778800744373,57.76,B,B,MEDIUM
INOXGREEN.NS,146.58999633789062,2026-10-06T18:18:25.566299+05:30,WAITING FOR 0.786,2025-11-03,279.0,2026-03-23,132.5800018310547,,247.6661203918457,205.79000091552732,317.0691995239258,40.81144562447104,9.0,4.0,5.0,0.0,9.0,44.44444444444444,4.603018570796082,4.603018570796082,9.77777777777778,18.25,15.0,2.4,0.0,50.0,50.0,0.4707632629223265,57.47,B,B,MEDIUM
NEWGEN.NS,456.6000061035156,2026-10-06T18:18:25.566299+05:30,WAITING FOR 0.786,2025-10-29,1041.949951171875,2026-03-30,401.0499877929688,,904.797359008789,721.4999694824219,1208.583941650391,49.53566104528381,11.0,4.0,6.0,1.0,10.0,40.0,2.437191357662074,2.437191357662074,10.909090909090908,12.5,8.5,0.3333333333333333,50.0,50.0,75.0,0.2234092077856901,57.31,B,B,MEDIUM
RSYSTEMS.NS,246.3000030517578,2026-10-06T18:18:25.566299+05:30,WAITING FOR 0.786,2025-11-19,430.0,2026-07-06,213.5200042724609,,383.6732809143066,321.76000213623047,486.2847988891602,35.80475490375134,8.0,3.0,5.0,0.0,8.0,37.5,2.58037937226826,2.58037937226826,3.75,8.333333333333334,8.0,0.0,33.33333333333333,66.66666666666666,100.0,0.6881011659382027,57.2,B,B,MEDIUM
TSFINV.NS,417.9500122070313,2026-10-06T18:18:25.566299+05:30,WAITING FOR 0.786,2025-10-14,701.5,2026-03-30,331.70001220703125,,622.3628026123047,516.6000061035156,797.647996826172,32.844634921507435,16.0,5.0,11.0,0.0,16.0,31.25,1.9141592387697384,1.9141592387697384,5.9375,13.6,9.0,1.818181818181818,20.0,80.0,80.0,0.3223847138980612,56.99,B,B,MEDIUM
MARUTI.NS,11625.0,2026-10-06T18:18:25.566299+05:30,WAITING FOR 0.786,2026-01-05,17370.0,2026-10-01,11305.0,,16072.09,14337.5,18946.9,27.66964346267349,11.0,4.0,5.0,2.0,9.0,44.44444444444444,0.8271390945647048,0.8271390945647048,18.90909090909091,11.5,10.0,7.8,50.0,50.0,75.0,0.0437429328856334,56.57,B,B,MEDIUM
AVALON.NS,2400.39990234375,2026-10-06T18:18:25.566299+05:30,WAITING FOR 0.786,2026-09-18,2618.0,2026-10-05,2242.0,,2537.536,2430.0,2715.76,5.404301560894114,8.0,4.0,4.0,0.0,8.0,50.0,4.163854350729285,4.163854350729285,8.0,14.0,15.0,1.25,25.0,25.0,75.0,0.5204817938411607,56.51,B,B,MEDIUM
BHARTIHEXA.NS,1386.800048828125,2026-10-06T18:18:25.566299+05:30,WAITING FOR 0.786,2025-10-29,1955.5999755859373,2026-10-06,1359.199951171875,,1827.970370361328,1657.3999633789062,2110.6639819335937,24.1344350371499,6.0,3.0,3.0,0.0,6.0,50.0,3.3261233900443323,3.3261233900443323,5.0,9.0,11.0,0.0,33.33333333333333,33.33333333333333,100.0,0.6652246780088664,56.03,B,B,MEDIUM
LOTUSEYE.NS,115.37000274658205,2026-10-06T18:18:25.566299+05:30,WAITING FOR 0.786,2026-06-15,143.1999969482422,2026-09-02,105.0,,135.02519760131835,124.0999984741211,153.13199615478516,14.556686606577804,12.0,4.0,7.0,1.0,11.0,36.36363636363637,0.9184915073565588,0.9184915073565588,9.916666666666666,9.5,7.5,2.142857142857143,50.0,75.0,75.0,0.0926209923384765,55.98,B,B,MEDIUM
PRICOLLTD.NS,677.6500244140625,2026-10-06T18:18:25.566299+05:30,WAITING FOR 0.786,2026-08-20,823.0,2026-10-06,667.0,,789.616,745.0,863.56,14.179800762134697,21.0,7.0,14.0,0.0,21.0,33.33333333333333,0.5325499435720926,0.5325499435720926,9.952380952380953,14.285714285714286,8.0,7.214285714285714,28.57142857142857,71.42857142857143,85.71428571428571,0.0535098029426504,55.81,B,B,MEDIUM
NSIL.NS,5297.5,2026-10-06T18:18:25.566299+05:30,WAITING FOR 0.786,2025-10-17,8730.0,2026-03-30,4700.0,,7867.58,6715.0,9777.8,32.666715813503004,13.0,4.0,8.0,1.0,12.0,33.33333333333333,1.5203752983541747,1.5203752983541747,9.307692307692308,6.75,7.5,3.625,25.0,75.0,100.0,0.163346106434746,55.71,B,B,MEDIUM
PARAGMILK.NS,308.70001220703125,2026-10-06T18:18:25.566299+05:30,WAITING FOR 0.786,2025-11-13,376.9500122070313,2026-03-30,177.83999633789062,,334.3404688110352,277.39500427246094,428.71861633300784,7.6689659182405405,9.0,4.0,5.0,0.0,9.0,44.44444444444444,3.30674671227356,3.30674671227356,11.22222222222222,17.5,13.5,5.6,50.0,50.0,50.0,0.2946605981233865,55.44,B,B,MEDIUM
POCL.NS,447.25,2026-10-06T18:18:25.566299+05:30,WAITING FOR 0.786,2026-07-09,612.0399780273438,2026-09-16,427.6000061035156,,572.5698240356445,519.8199920654297,659.994370727539,21.887256151983813,14.0,5.0,9.0,0.0,14.0,35.714285714285715,1.68448975858844,1.68448975858844,8.571428571428571,15.6,10.0,4.222222222222222,20.0,60.0,60.0,0.1965238051686513,55.42,B,B,MEDIUM
IVC.NS,8.0,2026-10-06T18:18:25.566299+05:30,WAITING FOR 0.786,2026-09-03,10.989999771118164,2026-09-25,7.619999885559082,,10.26881979560852,9.304999828338625,11.866199741363523,22.0942604969929,7.0,3.0,4.0,0.0,7.0,42.85714285714285,0.0223157117767698,0.0223157117767698,11.0,15.333333333333334,10.0,7.0,33.33333333333333,66.66666666666666,66.66666666666666,0.0020287010706154,55.34,B,B,MEDIUM
KIMS.NS,693.4000244140625,2026-10-06T18:18:25.566299+05:30,WAITING FOR 0.786,2026-07-06,858.0,2026-10-06,691.0,,822.262,774.5,901.42,15.671644267391349,18.0,7.0,11.0,0.0,18.0,38.88888888888889,0.1905513370512966,0.1905513370512966,8.38888888888889,13.857142857142858,8.0,4.454545454545454,42.85714285714285,57.14285714285714,71.42857142857143,0.0227147289200221,55.07,B,B,MEDIUM
ABCOTS.NS,193.33999633789065,2026-10-06T18:18:25.566299+05:30,WAITING FOR 0.786,2025-10-07,474.8999938964844,2026-10-01,181.72999572753903,,412.1616142883301,328.3149948120117,551.1241934204102,53.09121722270854,7.0,4.0,2.0,1.0,6.0,66.66666666666666,7.912995476079908,7.912995476079908,18.285714285714285,14.75,16.0,4.5,25.0,25.0,50.0,0.43274194009812,65.03,A,B,SLOW
VADILALIND.NS,7309.5,2026-10-06T18:18:25.566299+05:30,WAITING FOR 0.786,2026-08-13,8447.0,2026-09-15,6745.0,,8082.772,7596.0,8889.52,9.566915904593126,12.0,6.0,5.0,1.0,11.0,54.54545454545454,7.3755832063255236,7.3755832063255236,17.166666666666668,22.83333333333333,17.0,1.0,16.666666666666664,33.33333333333333,50.0,0.4296456236694479,61.18,B,B,SLOW
SKMEGGPROD.NS,210.0500030517578,2026-10-06T18:18:25.566299+05:30,WAITING FOR 0.786,2026-07-13,372.0,2026-10-05,199.3000030517578,,335.0422006530762,285.6500015258789,416.901999206543,37.306404195554805,9.0,5.0,4.0,0.0,9.0,55.55555555555556,9.313176359327306,9.313176359327306,14.88888888888889,24.8,22.0,2.0,20.0,20.0,40.0,0.6255118450294459,56.22,B,B,SLOW
MMP.NS,480.5499877929688,2026-10-06T18:18:25.566299+05:30,NEAR 0.786,2026-09-15,498.0,2026-09-30,447.0,,487.086,472.5,511.26,1.3418600015256572,15.0,1.0,13.0,1.0,14.0,7.142857142857142,-3.500966186008187,-3.500966186008187,8.333333333333334,3.0,3.0,3.8461538461538463,100.0,100.0,100.0,-0.4201159423209824,43.89,D,C,FAST
RRKABEL.NS,2789.699951171875,2026-10-06T18:18:25.566299+05:30,NEAR 0.786,2026-08-24,2983.800048828125,2026-09-16,2340.199951171875,,2846.069627929688,2662.0,3151.13607421875,1.9806148171721831,6.0,1.0,5.0,0.0,6.0,16.666666666666664,-5.38672449297701,-5.38672449297701,15.0,1.0,1.0,17.6,100.0,100.0,100.0,-0.3591149661984673,42.75,D,C,FAST
GREENPLY.NS,315.29998779296875,2026-10-06T18:18:25.566299+05:30,NEAR 0.786,2026-07-22,334.3999938964844,2026-09-29,272.45001220703125,,321.1426978149414,303.4250030517578,350.5069891357422,1.8193501087605384,6.0,1.0,4.0,1.0,5.0,20.0,-0.4409062268526847,-0.4409062268526847,13.166666666666666,12.0,12.0,0.5,0.0,0.0,100.0,-0.0334865488748874,34.81,D,C,MEDIUM
AEROFLEX.NS,560.75,2026-10-06T18:18:25.566299+05:30,NEAR 0.786,2026-09-08,584.1500244140625,2026-09-29,508.1000061035156,,567.8753204956055,546.1250152587891,603.9230291748047,1.2547332554242632,6.0,1.0,4.0,1.0,5.0,20.0,1.157208444240723,1.157208444240723,16.0,32.0,32.0,0.25,0.0,0.0,0.0,0.0723255277650452,26.31,D,C,SLOW
VINDHYATEL.NS,2829.699951171875,2026-10-06T18:18:25.566299+05:30,NEAR 0.786,2026-09-07,2952.60009765625,2026-09-29,2508.10009765625,,2857.47709765625,2730.35009765625,3068.17009765625,0.972086408222072,11.0,2.0,8.0,1.0,10.0,20.0,-0.8276577705374273,-0.8276577705374273,15.818181818181818,37.5,37.5,4.25,0.0,0.0,0.0,-0.0523231923902971,24.21,D,C,SLOW
ELPROINTL.NS,174.38999938964844,2026-10-06T18:18:25.566299+05:30,NEAR 0.786,2026-08-07,180.88999938964844,2026-09-22,165.0500030517578,,177.50024017333985,172.97000122070312,185.0083984375,1.7522459578950818,0.0,0.0,0.0,0.0,0.0,,,,,,,,,,,,,INSUFFICIENT,C,UNKNOWN
CASTROLIND.NS,200.1999969482422,2026-10-06T18:18:25.566299+05:30,OPEN,2025-12-24,202.3999938964844,2026-03-24,170.10000610351562,2026-09-18,195.48779650878907,186.25,210.79799072265627,2.4104831726625218,6.0,2.0,3.0,1.0,5.0,40.0,1.5140071845357663,1.5140071845357663,12.166666666666666,4.5,4.5,0.0,50.0,100.0,100.0,0.1244389466741725,62.87,B,C,FAST
TEXMOPIPES.NS,53.79999923706055,2026-10-06T18:18:25.566299+05:30,OPEN,2025-10-16,59.93999862670898,2026-03-30,33.0,2026-09-07,54.17483892059326,46.46999931335449,66.94439826965332,-0.6919073337387008,6.0,3.0,3.0,0.0,6.0,50.0,-1.159480571142731,-1.159480571142731,5.5,0.6666666666666666,1.0,9.666666666666666,100.0,100.0,100.0,-0.2108146492986783,62.69,B,C,FAST
EIMCOELECO.NS,2371.800048828125,2026-10-06T18:18:25.566299+05:30,OPEN,2025-10-09,2380.0,2026-03-30,1405.5,2026-08-17,2171.457,1892.75,2633.37,9.226203826653032,19.0,7.0,11.0,1.0,18.0,38.88888888888889,-0.1934583164842182,-0.1934583164842182,5.578947368421052,4.714285714285714,2.0,0.5454545454545454,85.71428571428571,85.71428571428571,100.0,-0.0346764906905674,60.32,B,C,FAST
SPLPETRO.NS,819.5999755859375,2026-10-06T18:18:25.566299+05:30,OPEN,2025-10-03,857.2000122070312,2026-01-21,462.2999877929688,2026-03-27,772.6914069824219,659.75,959.8740185546876,6.070802416026188,6.0,2.0,3.0,1.0,5.0,40.0,-1.0669571542319725,-1.0669571542319725,16.666666666666668,6.5,6.5,8.666666666666666,0.0,100.0,100.0,-0.0640174292539183,55.83,B,C,FAST
LODHA.NS,1135.5999755859375,2026-10-06T18:18:25.566299+05:30,OPEN,2025-11-04,1244.0,2026-04-02,650.7999877929688,2026-07-08,1117.0551973876954,947.3999938964844,1398.2320031738282,1.660148777035387,11.0,3.0,7.0,1.0,10.0,30.0,-1.8237376338923816,-1.8237376338923816,9.909090909090908,1.6666666666666667,1.0,5.571428571428571,100.0,100.0,100.0,-0.1840469171818,54.65,C,C,FAST
AGI.NS,786.4000244140625,2026-10-06T18:18:25.566299+05:30,OPEN,2025-10-14,896.1500244140625,2026-03-23,465.0,2026-08-31,803.8839191894531,680.5750122070312,1008.2490307617188,-2.174927792189125,14.0,4.0,9.0,1.0,13.0,30.76923076923077,-0.4631695741535935,-0.4631695741535935,9.285714285714286,3.75,1.5,5.222222222222222,75.0,75.0,100.0,-0.0498798002934639,54.58,C,C,FAST
KIRLOSBROS.NS,1745.300048828125,2026-10-06T18:18:25.566299+05:30,OPEN,2025-10-06,2032.0,2026-03-30,1335.0,2026-06-18,1882.842,1683.5,2213.2200000000003,-7.30501822095933,15.0,4.0,10.0,1.0,14.0,28.57142857142857,-2.228368033445656,-2.228368033445656,9.0,3.25,1.5,5.7,75.0,100.0,100.0,-0.2475964481606284,54.45,C,C,FAST
WORTHPERI.NS,141.08999633789062,2026-10-06T18:18:25.566299+05:30,OPEN,2025-10-14,166.49000549316406,2026-03-27,109.0,2026-08-04,154.18714431762697,137.74500274658203,181.43740692138672,-8.49431905474303,12.0,3.0,9.0,0.0,12.0,25.0,-1.6848610909351265,-1.6848610909351265,5.333333333333333,5.0,4.0,4.777777777777778,66.66666666666666,100.0,100.0,-0.3159114545503362,52.87,C,C,FAST
PRECWIRE.NS,515.1500244140625,2026-10-06T18:18:25.566299+05:30,OPEN,2026-08-31,524.9000244140625,2026-09-16,420.2999877929688,2026-09-23,502.5156165771484,472.6000061035156,552.0960339355469,2.514231880587613,19.0,6.0,12.0,1.0,18.0,33.33333333333333,-1.8686805799328627,-1.8686805799328627,9.157894736842104,9.0,6.5,4.25,50.0,83.33333333333334,83.33333333333334,-0.2040513276938183,52.25,C,C,FAST
GAIL.NS,172.0800018310547,2026-10-06T18:18:25.566299+05:30,OPEN,2025-11-27,186.8699951171875,2026-03-23,134.36000061035156,2026-06-15,175.63285629272465,160.61499786376953,200.52259368896483,-2.022887138923738,10.0,2.0,7.0,1.0,9.0,22.22222222222222,-2.054807526793648,-2.054807526793648,8.3,2.5,2.5,2.2857142857142856,100.0,100.0,100.0,-0.2475671719028491,51.18,C,C,FAST
JKPAPER.NS,393.4500122070313,2026-10-06T18:18:25.566299+05:30,OPEN,2025-10-03,444.7999877929688,2026-03-30,304.8500061035156,2026-07-23,414.8506917114258,374.8249969482422,481.1869830322265,-5.1586462146436665,9.0,2.0,7.0,0.0,9.0,22.22222222222222,-2.3128104538686056,-2.3128104538686056,10.0,3.0,3.0,11.714285714285714,100.0,100.0,100.0,-0.2312810453868605,49.78,C,C,FAST
RANEHOLDIN.NS,1547.4000244140625,2026-10-06T18:18:25.566299+05:30,OPEN,2025-10-06,1798.0,2026-03-30,981.0,2026-06-17,1623.162,1389.5,2010.42,-4.667554784176659,13.0,4.0,9.0,0.0,13.0,30.76923076923077,-0.0391559812792162,-0.0391559812792162,9.153846153846152,10.75,7.0,7.888888888888889,50.0,50.0,75.0,-0.0042775441733597,49.75,C,C,FAST
UMIYA-MRO.NS,92.5500030517578,2026-10-06T18:18:25.566299+05:30,OPEN,2025-10-16,110.9000015258789,2026-01-21,70.0,2026-09-02,102.14740119934082,90.45000076293944,121.53400192260742,-9.39563614433388,12.0,3.0,9.0,0.0,12.0,25.0,-3.918782781412812,-3.918782781412812,5.75,0.3333333333333333,0.0,6.888888888888889,100.0,100.0,100.0,-0.6815274402457064,49.38,C,C,FAST
GANESHHOU.NS,713.6500244140625,2026-10-06T18:18:25.566299+05:30,OPEN,2025-11-28,860.0,2026-03-30,500.0,2026-06-05,782.96,680.0,953.6,-8.852300958661685,21.0,4.0,17.0,0.0,21.0,19.047619047619047,-2.123612059013921,-2.123612059013921,5.666666666666667,16.0,3.5,2.588235294117647,50.0,75.0,75.0,-0.3747550692377507,49.3,C,C,FAST
WINDMACHIN.NS,294.8500061035156,2026-10-06T18:18:25.566299+05:30,OPEN,2025-11-10,319.45001220703125,2026-03-30,200.6499938964844,2026-04-17,294.0268082885742,260.0500030517578,350.33801696777346,0.2799737274750392,19.0,5.0,14.0,0.0,19.0,26.31578947368421,-2.392376885448853,-2.392376885448853,7.473684210526316,9.0,4.0,6.357142857142857,60.0,60.0,80.0,-0.3201067663628746,49.29,C,C,FAST
RML.NS,1394.4000244140625,2026-10-06T18:18:25.566299+05:30,OPEN,2026-09-10,1440.0,2026-09-29,1298.5,2026-10-06,1409.719,1369.25,1476.79,-1.0866687322748398,12.0,3.0,9.0,0.0,12.0,25.0,-2.0122353734268184,-2.0122353734268184,6.166666666666667,4.666666666666667,1.0,5.888888888888889,66.66666666666666,66.66666666666666,100.0,-0.3263084389340786,49.02,C,C,FAST
BLUEJET.NS,538.1500244140625,2026-10-06T18:18:25.566299+05:30,OPEN,2025-10-10,692.9000244140625,2026-03-30,325.0,2026-07-10,614.1694191894532,508.9500122070313,788.5540307617188,-12.37759360857088,9.0,2.0,7.0,0.0,9.0,22.22222222222222,-2.814854895229785,-2.814854895229785,7.555555555555555,1.5,1.5,8.714285714285714,100.0,100.0,100.0,-0.372554324368648,48.99,C,C,FAST
GILLANDERS.NS,111.7699966430664,2026-10-06T18:18:25.566299+05:30,OPEN,2025-11-17,127.0500030517578,2026-03-23,76.0,2026-09-30,116.12530239868164,101.5250015258789,140.32300384521483,-3.750522638608586,12.0,3.0,8.0,1.0,11.0,27.27272727272727,-3.1108312301484475,-3.1108312301484475,8.416666666666666,5.0,3.0,2.5,66.66666666666666,66.66666666666666,100.0,-0.3696037105126868,48.22,C,C,FAST
CARBORUNIV.NS,1269.5999755859375,2026-10-06T18:18:25.566299+05:30,OPEN,2026-06-19,1306.9000244140625,2026-09-16,1018.0999755859376,2026-09-23,1245.0968139648437,1162.5,1381.988037109375,1.9679723975091357,11.0,2.0,9.0,0.0,11.0,18.181818181818183,-3.0466749055273605,-3.0466749055273605,2.5454545454545454,2.5,2.5,1.7777777777777777,100.0,100.0,100.0,-1.1969079986000346,48.01,C,C,FAST
TOTAL.NS,71.54000091552734,2026-10-06T18:18:25.566299+05:30,OPEN,2025-12-04,87.88999938964844,2026-07-21,45.0,2026-09-09,78.71153952026367,66.44499969482422,99.04139923095704,-9.111165463724758,6.0,1.0,5.0,0.0,6.0,16.666666666666664,-3.1390017572508837,-3.1390017572508837,4.166666666666667,1.0,1.0,4.4,100.0,100.0,100.0,-0.7533604217402119,46.26,C,C,FAST
AIIL.NS,550.1500244140625,2026-10-06T18:18:25.566299+05:30,OPEN,2026-01-21,595.0,2026-03-09,400.0,2026-06-15,553.27,497.5,645.7,-0.563915554058142,7.0,1.0,5.0,1.0,6.0,16.666666666666664,-3.385599066188122,-3.385599066188122,16.0,0.0,0.0,10.2,100.0,100.0,100.0,-0.2115999416367576,45.88,C,C,FAST
PDSL.NS,347.3999938964844,2026-10-06T18:18:25.566299+05:30,OPEN,2026-02-03,384.8999938964844,2026-03-23,246.0500030517578,2026-06-23,355.1860958557129,315.4749984741211,421.0009915161133,-2.192119018755583,17.0,3.0,14.0,0.0,17.0,17.647058823529413,-3.755936820448674,-3.755936820448674,2.294117647058824,4.0,1.0,1.0714285714285714,66.66666666666666,66.66666666666666,100.0,-1.6372032294263452,44.36,D,C,FAST
VRLLOG.NS,284.95001220703125,2026-10-06T18:18:25.566299+05:30,OPEN,2026-02-10,307.6000061035156,2026-04-02,225.0,2026-08-05,289.9236047973633,266.3000030517578,329.0760076904297,-1.7154838405821535,10.0,1.0,9.0,0.0,10.0,10.0,-3.2913478159988303,-3.2913478159988303,9.2,1.0,1.0,9.77777777777778,100.0,100.0,100.0,-0.3577551973911772,44.36,D,C,FAST
AVADHSUGAR.NS,873.2999877929688,2026-10-06T18:18:25.566299+05:30,OPEN,2026-08-24,884.7999877929688,2026-09-18,708.0,2026-10-06,846.9647904052734,796.3999938964844,930.7679846191406,3.1093615326197783,10.0,1.0,9.0,0.0,10.0,10.0,-3.923087213095248,-3.923087213095248,10.9,5.0,5.0,10.88888888888889,100.0,100.0,100.0,-0.3599162580821328,43.37,D,C,FAST
SURYALAXMI.NS,57.0,2026-10-06T18:18:25.566299+05:30,OPEN,2026-02-24,63.79999923706055,2026-03-30,43.0,2026-04-17,59.34879940032959,53.39999961853027,69.20799903869629,-3.957619065696796,8.0,1.0,7.0,0.0,8.0,12.5,-5.318757083490578,-5.318757083490578,8.875,2.0,2.0,9.428571428571429,100.0,100.0,100.0,-0.5992965727876707,41.19,D,C,FAST
NIITLTD.NS,86.77999877929688,2026-10-06T18:18:25.566299+05:30,OPEN,2025-10-03,110.9000015258789,2026-03-30,49.0,2026-06-09,97.65340119934082,79.95000076293945,126.99400192260742,-11.134688896137847,2.0,2.0,0.0,0.0,2.0,100.0,12.72521472944528,12.72521472944528,6.0,6.0,6.0,,50.0,100.0,100.0,2.1208691215742133,,INSUFFICIENT,C,FAST
MUKKA.NS,26.96999931335449,2026-10-06T18:18:25.566299+05:30,OPEN,2025-12-04,30.26000022888184,2026-03-30,18.270000457763672,2026-08-13,27.69414027786255,24.265000343322757,33.37740016937256,-2.6147804454031207,1.0,1.0,0.0,0.0,1.0,100.0,16.141459024081097,16.141459024081097,1.0,1.0,1.0,,100.0,100.0,100.0,16.141459024081097,,INSUFFICIENT,C,FAST
MANOMAY.NS,240.13999938964844,2026-10-06T18:18:25.566299+05:30,OPEN,2026-05-04,244.0,2026-07-07,165.0,2026-08-27,227.094,204.5,264.54,5.744757408671494,4.0,3.0,1.0,0.0,4.0,75.0,10.109224858541491,10.109224858541491,9.0,11.333333333333334,2.0,0.0,66.66666666666666,66.66666666666666,66.66666666666666,1.1232472065046104,,INSUFFICIENT,C,FAST
SUNDROP.NS,746.7999877929688,2026-10-06T18:18:25.566299+05:30,OPEN,2025-10-29,809.9500122070312,2026-03-30,556.0,2026-09-22,755.6047095947265,682.9750061035156,875.9770153808594,-1.165255018921232,4.0,2.0,2.0,0.0,4.0,50.0,-2.7882520814751466,-2.7882520814751466,6.0,6.0,6.0,5.5,50.0,100.0,100.0,-0.4647086802458577,,INSUFFICIENT,C,FAST
MVGJL.NS,203.16000366210935,2026-10-06T18:18:25.566299+05:30,OPEN,2025-11-12,214.7899932861328,2026-03-30,129.10000610351562,2026-09-07,196.45233602905276,171.94499969482422,237.06938995361327,3.4143995274582366,2.0,1.0,1.0,0.0,2.0,50.0,1.925285929438902,1.925285929438902,1.0,0.0,0.0,1.0,100.0,100.0,100.0,1.925285929438902,,INSUFFICIENT,C,FAST
CARTRADE.NS,2911.699951171875,2026-10-06T18:18:25.566299+05:30,OPEN,2025-11-17,3290.5,2026-04-30,1600.0,2026-07-14,2928.733,2445.25,3730.03,-0.5815842150214845,5.0,1.0,3.0,1.0,4.0,25.0,1.733497601011209,1.733497601011209,16.6,6.0,6.0,4.333333333333333,0.0,100.0,100.0,0.1044275663259764,,INSUFFICIENT,C,FAST
TBOTEK.NS,1693.199951171875,2026-10-06T18:18:25.566299+05:30,OPEN,2025-12-16,1734.4000244140625,2026-03-23,1004.2000122070312,2026-08-03,1578.1372218017575,1369.3000183105469,1924.2520275878903,7.291047177681436,5.0,1.0,3.0,1.0,4.0,25.0,-2.4826877159446825,-2.4826877159446825,16.4,1.0,1.0,6.333333333333333,100.0,100.0,100.0,-0.1513833973137001,,INSUFFICIENT,C,FAST
JYOTICNC.NS,1073.0999755859375,2026-10-06T18:18:25.566299+05:30,OPEN,2025-12-29,1025.0,2026-06-02,580.0999755859375,2026-08-18,929.7913947753908,802.5499877929688,1140.6740063476564,15.412982053374002,5.0,1.0,4.0,0.0,5.0,20.0,-5.559407525722968,-5.559407525722968,24.4,4.0,4.0,29.5,100.0,100.0,100.0,-0.2278445707263511,,INSUFFICIENT,C,FAST
COFORGE.NS,1849.699951171875,2026-10-06T18:18:25.566299+05:30,OPEN,2025-12-08,1989.699951171875,2026-03-17,1008.0999755859376,2026-08-05,1779.6375563964843,1498.8999633789062,2244.915944824219,3.9368912239218616,9.0,3.0,4.0,2.0,7.0,42.85714285714285,-0.3733482813665547,-0.3733482813665547,26.88888888888889,15.333333333333334,8.0,17.75,33.33333333333333,66.66666666666666,66.66666666666666,-0.013884853439252,54.73,C,C,MEDIUM
LLOYDSENGG.NS,101.1500015258789,2026-10-06T18:18:25.566299+05:30,OPEN,2026-08-10,99.75,2026-09-16,77.68000030517578,2026-09-25,95.02702006530762,88.71500015258789,105.4881999206543,6.443410996538924,12.0,6.0,6.0,0.0,12.0,50.0,0.401669489608197,0.401669489608197,11.583333333333334,15.166666666666666,13.5,7.333333333333333,50.0,50.0,50.0,0.0346765026999882,54.13,C,C,MEDIUM
KRISHNADEF.NS,1312.300048828125,2026-10-06T18:18:25.566299+05:30,OPEN,2026-06-22,1400.0,2026-08-31,965.2999877929688,2026-10-06,1306.9741973876953,1182.6499938964844,1513.022003173828,0.4074947654723936,21.0,7.0,14.0,0.0,21.0,33.33333333333333,0.0288545527704648,0.0288545527704648,8.523809523809524,13.571428571428571,8.0,5.214285714285714,42.85714285714285,57.14285714285714,71.42857142857143,0.0033851709954176,53.59,C,C,MEDIUM
CRISIL.NS,4523.2998046875,2026-10-06T18:18:25.566299+05:30,OPEN,2026-02-10,4770.0,2026-04-02,3686.0,2026-07-22,4538.024,4228.0,5051.84,-0.3244627025441104,8.0,3.0,5.0,0.0,8.0,37.5,0.1356970401243153,0.1356970401243153,7.375,9.0,9.0,5.8,33.33333333333333,66.66666666666666,100.0,0.0183995986609241,53.38,C,C,MEDIUM
IIFL.NS,601.7000122070312,2026-10-06T18:18:25.566299+05:30,OPEN,2026-01-06,675.0,2026-04-27,409.1000061035156,2026-07-30,618.0974013061524,542.0500030517578,744.1339984130859,-2.6528810935736784,12.0,4.0,8.0,0.0,12.0,33.33333333333333,-2.534934458755416,-2.534934458755416,9.75,14.25,7.5,6.875,50.0,75.0,75.0,-0.2599932778210683,49.37,C,C,MEDIUM
NPST.NS,1835.5,2026-10-06T18:18:25.566299+05:30,OPEN,2025-10-21,2058.0,2026-03-16,846.5999755859375,2026-09-16,1798.7603947753903,1452.2999877929688,2372.9640063476563,2.0424957838365745,17.0,4.0,13.0,0.0,17.0,23.52941176470588,-2.563662192565141,-2.563662192565141,4.470588235294118,9.75,8.5,2.3846153846153846,50.0,50.0,75.0,-0.5734507536000975,43.91,D,C,MEDIUM
SARLAPOLY.NS,96.44000244140624,2026-10-06T18:18:25.566299+05:30,OPEN,2025-10-06,104.27999877929688,2026-03-30,68.4000015258789,2026-04-22,96.60167936706544,86.34000015258789,113.60879806518554,-0.1673645082761369,12.0,2.0,9.0,1.0,11.0,18.181818181818183,-2.126240931252468,-2.126240931252468,10.166666666666666,10.5,10.5,3.7777777777777777,0.0,50.0,100.0,-0.2091384522543411,37.45,D,C,MEDIUM
ELGIRUBCO.NS,55.970001220703125,2026-10-06T18:18:25.566299+05:30,OPEN,2025-11-06,68.2699966430664,2026-03-30,32.720001220703125,2026-07-06,60.66229762268067,50.494998931884766,77.51299545288086,-7.73511156989736,15.0,3.0,12.0,0.0,15.0,20.0,-3.1563919871967925,-3.1563919871967925,5.533333333333333,14.666666666666666,14.0,2.6666666666666665,33.33333333333333,33.33333333333333,66.66666666666666,-0.5704322868427938,35.9,D,C,MEDIUM
LAMBODHARA.NS,135.9499969482422,2026-10-06T18:18:25.566299+05:30,OPEN,2025-11-20,143.8000030517578,2026-03-30,81.80000305175781,2026-08-24,130.5320030517578,112.8000030517578,159.92000305175782,4.150701567290025,9.0,1.0,8.0,0.0,9.0,11.11111111111111,-6.197278752941462,-6.197278752941462,7.444444444444445,13.0,13.0,6.25,0.0,0.0,100.0,-0.832470280245868,22.26,D,C,MEDIUM
DHAMPURSUG.NS,188.80999755859372,2026-10-06T18:18:25.566299+05:30,OPEN,2026-08-24,199.9199981689453,2026-09-18,148.61000061035156,2026-10-06,188.93965869140624,174.26499938964844,213.26059753417968,-0.0686256838349969,4.0,2.0,2.0,0.0,4.0,50.0,3.911908624017265,3.911908624017265,5.0,8.5,8.5,1.0,0.0,100.0,100.0,0.782381724803453,,INSUFFICIENT,C,MEDIUM
GRAPHITE.NS,851.2000122070312,2026-10-06T18:18:25.566299+05:30,OPEN,2026-09-09,874.3499755859375,2026-10-01,756.9000244140625,2026-10-06,849.2156860351563,815.625,904.886962890625,0.2336657464653574,5.0,2.0,2.0,1.0,4.0,50.0,2.083749139293714,2.083749139293714,20.0,13.5,13.5,6.5,50.0,50.0,50.0,0.1041874569646857,,INSUFFICIENT,C,MEDIUM
GODREJAGRO.NS,648.0999755859375,2026-10-06T18:18:25.566299+05:30,OPEN,2025-10-03,701.1500244140625,2026-01-27,506.1000061035156,2026-09-01,659.4093204956055,603.6250152587891,751.8630291748048,-1.7150720437448443,3.0,1.0,2.0,0.0,3.0,33.33333333333333,3.892175479841848,3.892175479841848,10.0,14.0,14.0,7.5,0.0,0.0,100.0,0.3892175479841847,,INSUFFICIENT,C,MEDIUM
DELTACORP.NS,84.33999633789062,2026-10-06T18:18:25.566299+05:30,OPEN,2026-05-27,86.4000015258789,2026-09-16,51.65999984741211,2026-09-28,78.96564116668702,69.03000068664551,95.43240196228028,6.805941282562353,3.0,1.0,2.0,0.0,3.0,33.33333333333333,-0.6144707796175458,-0.6144707796175458,11.666666666666666,10.0,10.0,12.5,0.0,100.0,100.0,-0.0526689239672182,,INSUFFICIENT,C,MEDIUM
ETERNAL.NS,329.0,2026-10-06T18:18:25.566299+05:30,OPEN,2025-10-16,368.4500122070313,2026-03-16,212.6000061035156,2026-09-21,335.0981109008789,290.52500915527344,408.9710137939453,-1.819798650754767,6.0,4.0,1.0,1.0,5.0,80.0,11.539725387538477,11.539725387538477,30.5,20.5,16.0,40.0,25.0,50.0,50.0,0.3783516520504418,73.0,A,C,SLOW
IDFCFIRSTB.NS,81.55999755859375,2026-10-06T18:18:25.566299+05:30,OPEN,2026-02-19,86.19000244140625,2026-04-02,58.08000183105469,2026-06-22,80.17446231079101,72.13500213623047,93.49860260009766,1.7281503459690188,7.0,3.0,4.0,0.0,7.0,42.85714285714285,3.132652117579155,3.132652117579155,12.0,23.33333333333333,18.0,3.25,0.0,33.33333333333333,66.66666666666666,0.2610543431315962,48.87,C,C,SLOW
CHOICEIN.NS,727.1500244140625,2026-10-06T18:18:25.566299+05:30,OPEN,2026-02-19,814.4000244140625,2026-03-23,568.7000122070312,2026-07-01,761.8202218017578,691.5500183105469,878.2820275878906,-4.55096837751273,9.0,4.0,5.0,0.0,9.0,44.44444444444444,1.7322282694269693,1.7322282694269693,11.88888888888889,18.0,16.0,6.2,0.0,25.0,75.0,0.1457014432228291,46.48,C,C,SLOW
STARPAPER.NS,154.13999938964844,2026-10-06T18:18:25.566299+05:30,OPEN,2025-10-03,177.8000030517578,2026-03-30,119.0500030517578,2026-09-07,165.22750305175782,148.4250030517578,193.07500305175785,-6.7104467823593525,8.0,3.0,5.0,0.0,8.0,37.5,2.257084247711028,2.257084247711028,15.125,21.0,16.0,11.2,0.0,0.0,66.66666666666666,0.1492287105924646,42.03,D,C,SLOW
KARURVYSYA.NS,325.20001220703125,2026-10-06T18:18:25.566299+05:30,OPEN,2026-02-25,343.45001220703125,2026-03-23,255.5500030517578,2026-07-21,324.63941024780274,299.50000762939453,366.3040145874023,0.1726845051870287,17.0,6.0,11.0,0.0,17.0,35.294117647058826,0.5815266157967555,0.5815266157967555,12.411764705882351,26.5,26.0,4.2727272727272725,16.666666666666664,16.666666666666664,33.33333333333333,0.0468528553011603,38.19,D,C,SLOW
ABDL.NS,714.6500244140625,2026-10-06T18:18:25.566299+05:30,OPEN,2025-11-04,696.7999877929688,2026-03-23,382.1000061035156,2026-06-12,629.4541917114258,539.4499969482422,778.6219830322266,13.5348741535897,6.0,2.0,3.0,1.0,5.0,40.0,2.742493666991068,2.742493666991068,22.666666666666668,36.5,36.5,0.0,0.0,0.0,50.0,0.1209923676613706,36.79,D,C,SLOW
ORIENTHOT.NS,143.61000061035156,2026-10-06T18:18:25.566299+05:30,OPEN,2025-10-03,140.39999389648438,2026-03-16,80.0,2026-06-23,127.47439520263671,110.1999969482422,156.10399230957032,12.6579187781713,15.0,4.0,11.0,0.0,15.0,26.666666666666668,-1.2446515900555777,-1.2446515900555777,9.4,15.75,17.5,6.545454545454546,25.0,25.0,75.0,-0.1324097436229337,36.72,D,C,SLOW
RPTECH.NS,958.25,2026-10-06T18:18:25.566299+05:30,OPEN,2026-08-05,967.7000122070312,2026-08-25,703.7000122070312,2026-09-29,911.2040122070312,835.7000122070312,1036.3400122070311,5.163057576866725,6.0,2.0,4.0,0.0,6.0,33.33333333333333,1.924678959201066,1.924678959201066,9.5,23.0,23.0,2.5,0.0,0.0,0.0,0.2025977851790595,35.84,D,C,SLOW
EMUDHRA.NS,607.9000244140625,2026-10-06T18:18:25.566299+05:30,OPEN,2025-10-21,688.3499755859375,2026-03-30,364.5499877929688,2026-09-16,619.0567781982422,526.4499816894531,772.5379724121094,-1.802218177248836,9.0,2.0,7.0,0.0,9.0,22.22222222222222,0.6666783558827437,0.6666783558827437,8.333333333333334,25.0,25.0,2.857142857142857,50.0,50.0,50.0,0.0800014027059292,34.43,D,C,SLOW
ARIES.NS,499.0,2026-10-06T18:18:25.566299+05:30,OPEN,2026-09-07,524.75,2026-09-22,450.0,2026-10-06,508.7535,487.375,544.185,-1.9171366880031355,11.0,3.0,8.0,0.0,11.0,27.27272727272727,-0.6377246763785248,-0.6377246763785248,15.090909090909092,24.666666666666668,29.0,10.875,33.33333333333333,33.33333333333333,33.33333333333333,-0.0422588640973721,33.75,D,C,SLOW
TTKHLTCARE.NS,1033.699951171875,2026-10-06T18:18:25.566299+05:30,OPEN,2025-10-28,1216.0,2026-03-30,735.0,2026-07-27,1113.066,975.5,1341.06,-7.130399170231148,10.0,2.0,7.0,1.0,9.0,22.22222222222222,-0.6743978288579002,-0.6743978288579002,13.0,23.0,23.0,2.7142857142857144,0.0,50.0,50.0,-0.0518767560659923,33.34,D,C,SLOW
APLAPOLLO.NS,2152.0,2026-10-06T18:18:25.566299+05:30,OPEN,2026-02-12,2301.39990234375,2026-06-02,1736.0,2026-08-27,2180.4043232421877,2018.699951171875,2448.403876953125,-1.3027089948139072,13.0,4.0,9.0,0.0,13.0,30.76923076923077,-1.0603834538871617,-1.0603834538871617,19.615384615384617,31.0,30.5,14.555555555555555,0.0,0.0,0.0,-0.054058764315816,28.15,D,C,SLOW
KIRLOSIND.NS,3542.5,2026-10-06T18:18:25.566299+05:30,OPEN,2025-10-03,4199.89990234375,2026-03-30,2463.0,2026-06-18,3828.2033232421873,3331.449951171875,4651.493876953125,-7.463117789684666,13.0,3.0,10.0,0.0,13.0,23.07692307692308,-0.8934751187016409,-0.8934751187016409,11.461538461538462,37.0,34.0,3.1,0.0,0.0,0.0,-0.0779542049873914,25.33,D,C,SLOW
ALBERTDAVD.NS,839.0999755859375,2026-10-06T18:18:25.566299+05:30,OPEN,2025-11-03,903.0,2026-03-30,579.9000244140625,2026-08-07,833.8566052246094,741.4500122070312,987.0059936523436,0.6288095972946925,6.0,1.0,5.0,0.0,6.0,16.666666666666664,-1.9542287633865336,-1.9542287633865336,4.833333333333333,24.0,24.0,0.2,0.0,0.0,0.0,-0.4043231924248001,23.11,D,C,SLOW
GUJTHEM.NS,390.0,2026-10-06T18:18:25.566299+05:30,OPEN,2026-01-07,436.2000122070313,2026-03-30,225.0500030517578,2026-05-07,391.0139102478028,330.62500762939453,491.0990145874024,-0.2593028588574242,8.0,1.0,6.0,1.0,7.0,14.285714285714285,-1.919951236002209,-1.919951236002209,13.0,28.0,28.0,2.0,0.0,0.0,0.0,-0.1476885566155545,22.21,D,C,SLOW
MOTILALOFS.NS,1081.1500244140625,2026-10-06T18:18:25.566299+05:30,OPEN,2025-10-28,1097.0999755859375,2026-03-23,614.9000244140625,2026-08-21,993.9091860351564,856.0,1222.471962890625,8.7775462391008,8.0,1.0,5.0,2.0,6.0,16.666666666666664,-2.7935288844681407,-2.7935288844681407,22.875,56.0,56.0,0.0,0.0,0.0,0.0,-0.1221214812882247,18.8,D,C,SLOW
NAUKRI.NS,1241.0,2026-10-06T18:18:25.566299+05:30,OPEN,2026-01-22,1388.0,2026-05-25,908.2999877929688,2026-08-10,1285.3441973876952,1148.1499938964844,1512.7220031738282,-3.449986196523807,3.0,1.0,1.0,1.0,2.0,50.0,5.440627153023229,5.440627153023229,26.0,17.0,17.0,0.0,0.0,0.0,100.0,0.2092548905008934,,INSUFFICIENT,C,SLOW
CYIENT.NS,1119.4000244140625,2026-10-06T18:18:25.566299+05:30,OPEN,2026-01-19,1208.0,2026-03-30,750.2999877929688,2026-08-28,1110.0521973876953,979.1499938964844,1327.002003173828,0.842106979146171,4.0,2.0,2.0,0.0,4.0,50.0,7.004180652081137,7.004180652081137,14.0,26.0,26.0,1.5,0.0,50.0,50.0,0.5002986180057956,,INSUFFICIENT,C,SLOW
SUNTV.NS,632.0999755859375,2026-10-06T18:18:25.566299+05:30,OPEN,2026-04-20,660.7000122070312,2026-09-21,447.2000122070313,2026-09-30,615.0110122070313,553.9500122070312,716.2100122070312,2.7786434778754097,4.0,1.0,3.0,0.0,4.0,25.0,-1.4651952702381814,-1.4651952702381814,10.5,36.0,36.0,1.3333333333333333,0.0,0.0,0.0,-0.1395424066893506,,INSUFFICIENT,C,SLOW
SHAREINDIA.NS,211.3999938964844,2026-10-06T18:18:25.566299+05:30,OPEN,2025-10-20,211.0,2026-03-30,115.36000061035156,2026-07-08,190.53304013061523,163.18000030517578,235.86639984130855,10.951882020863318,5.0,1.0,3.0,1.0,4.0,25.0,-1.478571987353043,-1.478571987353043,20.0,22.0,22.0,5.666666666666667,0.0,0.0,0.0,-0.0739285993676521,,INSUFFICIENT,C,SLOW
KRBL.NS,389.1499938964844,2026-10-06T18:18:25.566299+05:30,OPEN,2025-11-17,443.8999938964844,2026-03-20,274.6499938964844,2026-08-19,407.6804938964844,359.2749938964844,487.9049938964844,-4.5453486927694815,5.0,1.0,4.0,0.0,5.0,20.0,-1.321282007429753,-1.321282007429753,16.2,21.0,21.0,14.5,0.0,0.0,0.0,-0.0815606177425773,,INSUFFICIENT,C,SLOW
VMART.NS,793.0,2026-10-06T18:18:25.566299+05:30,OPEN,2025-11-19,843.4500122070312,2026-03-30,457.8999938964844,2026-06-17,760.9423082885742,650.6750030517578,943.6930169677736,4.212893850458439,10.0,0.0,8.0,2.0,8.0,0.0,-4.356718453317112,-4.356718453317112,18.5,,,7.25,,,,-0.2354982947738979,8.69,D,C,UNKNOWN
JAYAGROGN.NS,219.16000366210935,2026-10-06T18:18:25.566299+05:30,OPEN,2025-10-01,248.77999877929688,2026-03-30,147.25999450683594,2026-05-14,227.05471786499024,198.0199966430664,275.1751998901367,-3.477009540746546,10.0,0.0,10.0,0.0,10.0,0.0,-6.9923464951552265,-6.9923464951552265,10.3,,,9.8,,,,-0.6788685917626434,4.57,D,C,UNKNOWN
SANGAMIND.NS,642.4000244140625,2026-10-06T18:18:25.566299+05:30,OPEN,2026-07-20,672.5,2026-08-24,550.5,2026-09-29,646.392,611.5,704.22,-0.6175781237913761,9.0,0.0,8.0,1.0,8.0,0.0,-6.99269420746487,-6.99269420746487,8.666666666666666,,,1.5,,,,-0.806849331630562,3.57,D,C,UNKNOWN
SMARTWORKS.NS,503.8999938964844,2026-10-06T18:18:25.566299+05:30,OPEN,2025-11-04,619.0,2026-03-30,361.5,2026-08-25,563.895,490.25,685.95,-10.639393167791097,2.0,0.0,2.0,0.0,2.0,0.0,-3.364589010099472,-3.364589010099472,1.0,,,0.0,,,,-3.364589010099472,,INSUFFICIENT,C,UNKNOWN
AFIL.NS,7.900000095367432,2026-10-06T18:18:25.566299+05:30,OPEN,2025-10-01,9.670000076293944,2026-02-02,3.920000076293945,2026-03-11,8.439500076293946,6.795000076293945,11.165000076293946,-6.39255851708489,3.0,0.0,2.0,1.0,2.0,0.0,-9.510852379690908,-9.510852379690908,21.33333333333333,,,1.5,,,,-0.4458212052980113,,INSUFFICIENT,C,UNKNOWN
INDIQUBE.NS,197.32000732421875,2026-10-06T18:18:25.566299+05:30,OPEN,2025-12-01,226.6499938964844,2026-03-27,131.14999389648438,2026-09-08,206.2129938964844,178.89999389648438,251.4799938964844,-4.312524833779268,1.0,0.0,1.0,0.0,1.0,0.0,-3.185239876451761,-3.185239876451761,1.0,,,0.0,,,,-3.185239876451761,,INSUFFICIENT,C,UNKNOWN
STYLEBAAZA.NS,375.4500122070313,2026-10-06T18:18:25.566299+05:30,OPEN,2026-05-13,427.0,2026-06-30,252.6999969482422,2026-08-18,389.69979934692384,339.8499984741211,472.318000793457,-3.656606229660116,4.0,0.0,3.0,1.0,3.0,0.0,-8.767948178037772,-8.767948178037772,15.75,,,0.3333333333333333,,,,-0.5566951224150967,,INSUFFICIENT,C,UNKNOWN
GALAPREC.NS,1161.0,2026-10-06T18:18:25.566299+05:30,OPEN,2026-07-06,1260.0,2026-08-10,961.0999755859376,2026-09-30,1196.0353947753906,1110.5499877929688,1337.7140063476563,-2.929294143671232,1.0,0.0,1.0,0.0,1.0,0.0,-8.077135893152928,-8.077135893152928,1.0,,,0.0,,,,-8.077135893152928,,INSUFFICIENT,C,UNKNOWN
CEIGALL.NS,376.2000122070313,2026-10-06T18:18:25.566299+05:30,OPEN,2026-06-30,405.7000122070313,2026-08-18,302.29998779296875,2026-09-10,383.57240698242185,354.0,432.58401855468753,-1.9220347035360288,1.0,0.0,1.0,0.0,1.0,0.0,-15.15637949130081,-15.15637949130081,11.0,,,11.0,,,,-1.3778526810273464,,INSUFFICIENT,C,UNKNOWN
RETAIL.NS,31.540000915527344,2026-10-06T18:18:25.566299+05:30,OPEN,2025-12-02,35.79999923706055,2026-03-30,15.8100004196167,2026-09-30,31.522139490127564,25.804999828338623,40.997398929595946,0.0566631126208084,1.0,0.0,1.0,0.0,1.0,0.0,-10.676195730440009,-10.676195730440009,7.0,,,7.0,,,,-1.5251708186342867,,INSUFFICIENT,C,UNKNOWN
ANUHPHR.NS,87.56999969482422,2026-10-06T18:18:25.566299+05:30,OPEN,2025-10-28,93.0,2026-03-30,67.0,2026-09-07,87.436,80.0,99.76,0.1532546031659862,1.0,0.0,1.0,0.0,1.0,0.0,-12.360737354197788,-12.360737354197788,46.0,,,46.0,,,,-0.2687116816129954,,INSUFFICIENT,C,UNKNOWN
MANBA.NS,141.35000610351562,2026-10-06T18:18:25.566299+05:30,OPEN,2025-11-03,151.0,2026-03-30,98.0,2026-07-01,139.65800000000002,124.5,164.78,1.2115353961216753,2.0,0.0,2.0,0.0,2.0,0.0,-4.391718204742294,-4.391718204742294,2.0,,,1.5,,,,-2.195859102371147,,INSUFFICIENT,C,UNKNOWN
TATVA.NS,1877.4000244140625,2026-10-06T18:18:25.566299+05:30,OPEN,2026-08-03,1838.0999755859373,2026-09-16,1520.0,2026-09-18,1770.0265808105469,1679.0499877929688,1920.8059692382808,6.066205150113971,3.0,0.0,3.0,0.0,3.0,0.0,-5.563054730551992,-5.563054730551992,22.0,,,22.0,,,,-0.2528661241159997,,INSUFFICIENT,C,UNKNOWN
STOVEKRAFT.NS,813.4500122070312,2026-10-06T18:18:25.566299+05:30,OPEN,2025-11-03,813.9500122070312,2026-03-30,447.0499877929688,2026-06-22,735.433406982422,630.5,909.3440185546876,10.60824875289817,3.0,0.0,3.0,0.0,3.0,0.0,-10.04229491946274,-10.04229491946274,18.666666666666668,,,18.0,,,,-0.5379800849712182,,INSUFFICIENT,C,UNKNOWN
INDIGOPNTS.NS,1062.4000244140625,2026-10-06T18:18:25.566299+05:30,OPEN,2025-11-18,1345.9000244140625,2026-03-30,708.0499877929688,2026-08-14,1209.4001165771483,1026.9750061035156,1511.741033935547,-12.154793946864052,0.0,0.0,0.0,0.0,0.0,,,,,,,,,,,,,INSUFFICIENT,C,UNKNOWN
KOHINOOR.NS,28.88999938964844,2026-10-06T18:18:25.566299+05:30,OPEN,2025-10-09,35.45000076293945,2026-03-30,19.200000762939453,2026-08-19,31.97250076293945,27.325000762939453,39.675000762939455,-9.641101883603866,0.0,0.0,0.0,0.0,0.0,,,,,,,,,,,,,INSUFFICIENT,C,UNKNOWN
21STCENMGM.NS,38.36000061035156,2026-10-06T18:18:25.566299+05:30,OPEN,2026-01-16,44.900001525878906,2026-04-06,28.25,2026-08-04,41.33690119934082,36.57500076293945,49.229001922607424,-7.201557210671444,1.0,0.0,0.0,1.0,0.0,,14.275100692418818,14.275100692418818,62.0,,,,,,,0.2302435595551422,,INSUFFICIENT,C,UNKNOWN
STYL.NS,369.7000122070313,2026-10-06T18:18:25.566299+05:30,OPEN,2025-10-13,434.7000122070313,2026-03-30,209.1100006103516,2026-07-14,386.4237497253418,321.9050064086914,493.353415222168,-4.327823414113978,0.0,0.0,0.0,0.0,0.0,,,,,,,,,,,,,INSUFFICIENT,C,UNKNOWN
MATRIMONY.NS,509.6000061035156,2026-10-06T18:18:25.566299+05:30,OPEN,2026-01-23,573.0,2026-03-16,364.0499877929688,2026-08-11,528.2846973876954,468.5249938964844,627.3270031738282,-3.5368602150645847,0.0,0.0,0.0,0.0,0.0,,,,,,,,,,,,,INSUFFICIENT,C,UNKNOWN
PLAZACABLE.NS,58.06999969482422,2026-10-06T18:18:25.566299+05:30,OPEN,2026-05-08,65.0,2026-07-24,40.54999923706055,2026-09-02,59.76769983673096,52.77499961853027,71.35700019836426,-2.840497704519983,0.0,0.0,0.0,0.0,0.0,,,,,,,,,,,,,INSUFFICIENT,C,UNKNOWN
NYKAA.NS,338.20001220703125,2026-10-06T18:18:25.566299+05:30,OPEN,2026-08-31,349.54998779296875,2026-10-01,316.0,2026-10-05,342.3702904052734,332.7749938964844,358.27298461914063,-1.2180607707829094,0.0,0.0,0.0,0.0,0.0,,,,,,,,,,,,,INSUFFICIENT,C,UNKNOWN
IKIO.NS,195.8699951171875,2026-10-06T18:18:25.566299+05:30,OPEN,2025-10-06,222.0,2026-03-30,103.52999877929688,2026-07-03,196.64741973876957,162.76499938964844,252.8022003173828,-0.3953393452173384,0.0,0.0,0.0,0.0,0.0,,,,,,,,,,,,,INSUFFICIENT,C,UNKNOWN
ALGOQUANT.NS,70.55999755859375,2026-10-06T18:18:25.566299+05:30,OPEN,2026-01-06,71.01000213623047,2026-03-23,47.79999923706055,2026-07-17,66.0430615158081,59.40500068664551,77.04460289001464,6.839380154574555,0.0,0.0,0.0,0.0,0.0,,,,,,,,,,,,,INSUFFICIENT,C,UNKNOWN
URBANCO.NS,173.5399932861328,2026-10-06T18:18:25.566299+05:30,OPEN,2025-10-06,175.4499969482422,2026-03-04,100.6999969482422,2026-08-21,159.4534969482422,138.0749969482422,194.8849969482422,8.834234812964327,0.0,0.0,0.0,0.0,0.0,,,,,,,,,,,,,INSUFFICIENT,C,UNKNOWN
AEROPLANE.NS,209.2400054931641,2026-10-06T18:18:25.566299+05:30,OPEN,2026-04-02,200.0,2026-06-11,117.1999969482422,2026-07-13,182.28079934692383,158.5999984741211,221.528000793457,14.78993193075176,0.0,0.0,0.0,0.0,0.0,,,,,,,,,,,,,INSUFFICIENT,C,UNKNOWN
MINDTECK.NS,143.72000122070312,2026-10-06T18:18:25.566299+05:30,WAITING FOR 0.786,2025-10-20,307.67999267578125,2026-10-06,138.52999877929688,,271.4818939819336,223.10499572753903,351.6589910888672,47.06092582724234,6.0,5.0,0.0,1.0,5.0,100.0,8.81350183439847,8.81350183439847,12.833333333333334,3.0,1.0,,80.0,80.0,100.0,0.6867663767063743,95.0,A+,C,FAST
MUTHOOTFIN.NS,2686.0,2026-10-06T18:18:25.566299+05:30,WAITING FOR 0.786,2026-01-29,4149.5,2026-08-03,2671.0,,3833.101,3410.25,4533.91,29.926187700245837,6.0,4.0,1.0,1.0,5.0,80.0,4.108529346867669,4.108529346867669,15.0,6.75,2.5,2.0,75.0,75.0,75.0,0.2739019564578446,80.42,A+,C,FAST
MKPL.NS,3.990000009536743,2026-10-06T18:18:25.566299+05:30,WAITING FOR 0.786,2025-10-31,7.079999923706055,2026-03-30,3.559999942779541,,6.3267199277877815,5.319999933242798,7.995199918746948,36.93414510081059,6.0,3.0,2.0,1.0,5.0,60.0,4.565384492213629,4.565384492213629,22.83333333333333,2.6666666666666665,1.0,33.5,66.66666666666666,100.0,100.0,0.1999438463743195,75.63,A+,C,FAST
VIYASH.NS,233.22999572753903,2026-10-06T18:18:25.566299+05:30,WAITING FOR 0.786,2026-07-06,298.0,2026-10-01,226.2400054931641,,282.6433611755371,262.12000274658203,316.6575985717773,17.482584852686358,6.0,3.0,1.0,2.0,4.0,75.0,2.661791687927558,2.661791687927558,28.0,14.333333333333334,5.0,5.0,66.66666666666666,66.66666666666666,66.66666666666666,0.0950639888545556,75.33,A+,C,FAST
BECTORFOOD.NS,212.16000366210935,2026-10-06T18:18:25.566299+05:30,WAITING FOR 0.786,2026-09-10,247.7100067138672,2026-10-01,205.02999877929688,,238.57648501586917,226.37000274658203,258.80680877685546,11.072541936395218,6.0,3.0,2.0,1.0,5.0,60.0,5.7813429262599385,5.7813429262599385,18.166666666666668,15.333333333333334,5.0,0.0,66.66666666666666,66.66666666666666,66.66666666666666,0.3182390601610975,74.2,A,C,FAST
ZEEMEDIA.NS,7.21999979019165,2026-10-06T18:18:25.566299+05:30,WAITING FOR 0.786,2025-10-23,11.4399995803833,2026-03-30,6.650000095367432,,10.414939690589904,9.044999837875366,12.685399446487429,30.676508893133036,6.0,3.0,2.0,1.0,5.0,60.0,4.43693013764729,4.43693013764729,14.666666666666666,7.333333333333333,6.0,2.5,33.33333333333333,66.66666666666666,100.0,0.302517963930497,69.1,A,C,FAST
HERITGFOOD.NS,406.1000061035156,2026-10-06T18:18:25.566299+05:30,WAITING FOR 0.786,2025-10-28,503.7999877929688,2026-03-30,292.54998779296875,,458.5924877929688,398.1749877929688,558.7249877929687,11.44643296319124,6.0,3.0,2.0,1.0,5.0,60.0,1.1036977946597013,1.1036977946597013,14.5,5.666666666666667,2.0,4.0,66.66666666666666,66.66666666666666,100.0,0.0761170892868759,66.89,A,C,FAST
ELGIEQUIP.NS,599.25,2026-10-06T18:18:25.566299+05:30,WAITING FOR 0.786,2026-09-07,653.4000244140625,2026-10-01,574.7999877929688,,636.5796165771485,614.1000061035156,673.8360339355469,5.864092346825,10.0,5.0,5.0,0.0,10.0,50.0,-0.1554536046903889,-0.1554536046903889,10.6,3.8,0.0,16.4,60.0,100.0,100.0,-0.0146654344047536,65.26,A,C,FAST
INDOTHAI.NS,38.77999877929688,2026-10-06T18:18:25.566299+05:30,WAITING FOR 0.786,2025-12-03,439.8999938964844,2026-09-29,29.0,,351.96739520263674,234.4499969482422,546.7339923095703,88.98193431895297,10.0,5.0,4.0,1.0,9.0,55.55555555555556,-0.3955077306146434,-0.3955077306146434,13.0,4.6,6.0,11.75,40.0,100.0,100.0,-0.0304236715857417,64.1,B,C,FAST
DCMFINSERV.NS,5.210000038146973,2026-10-06T18:18:25.566299+05:30,WAITING FOR 0.786,2026-03-17,8.550000190734863,2026-04-06,4.449999809265137,,7.672600109100342,6.5,9.616000289916991,32.09603049730848,12.0,6.0,6.0,0.0,12.0,50.0,-1.794717161291052,-1.794717161291052,10.25,3.8333333333333335,4.5,16.666666666666668,83.33333333333334,100.0,100.0,-0.175094357199127,62.7,B,C,FAST
NIRAJ.NS,27.479999542236328,2026-10-06T18:18:25.566299+05:30,WAITING FOR 0.786,2025-12-23,45.5,2026-03-30,20.149999618530277,,40.07509991836548,32.82499980926514,52.091000099182125,31.42874353847116,9.0,4.0,5.0,0.0,9.0,44.44444444444444,-0.0395829823800806,-0.0395829823800806,3.4444444444444446,0.75,1.0,5.2,100.0,100.0,100.0,-0.0114918335942169,62.22,B,C,FAST
NILASPACES.NS,11.170000076293944,2026-10-06T18:18:25.566299+05:30,WAITING FOR 0.786,2025-10-13,19.96999931335449,2026-10-05,10.8100004196167,,18.009759550094603,15.389999866485596,22.35159902572632,37.97807213791885,9.0,4.0,4.0,1.0,8.0,50.0,-1.6071887694664788,-1.6071887694664788,10.88888888888889,2.75,2.0,6.5,75.0,100.0,100.0,-0.1475989686244725,61.99,B,C,FAST
GRPLTD.NS,1853.0,2026-10-06T18:18:25.566299+05:30,WAITING FOR 0.786,2026-08-03,2143.39990234375,2026-10-01,1808.800048828125,,2071.7955336914065,1976.0999755859373,2230.3958642578127,10.560672138411707,20.0,7.0,13.0,0.0,20.0,35.0,-0.0787736863248063,-0.0787736863248063,2.4,1.8571428571428568,1.0,1.6153846153846154,100.0,100.0,100.0,-0.0328223693020026,61.38,B,C,FAST
DIXON.NS,13015.0,2026-10-06T18:18:25.566299+05:30,WAITING FOR 0.786,2025-10-10,17505.0,2026-03-30,9600.0,,15813.33,13552.5,19560.3,17.696019750425748,6.0,2.0,3.0,1.0,5.0,40.0,0.5250112181064251,0.5250112181064251,20.0,0.0,0.0,18.666666666666668,100.0,100.0,100.0,0.0262505609053212,61.32,B,C,FAST
RECLTD.NS,300.0,2026-10-06T18:18:25.566299+05:30,WAITING FOR 0.786,2026-07-29,378.7000122070313,2026-10-01,286.20001220703125,,358.90501220703123,332.45001220703125,402.75001220703126,16.412423957192438,8.0,3.0,4.0,1.0,7.0,42.85714285714285,-0.2387544518414585,-0.2387544518414585,10.125,2.6666666666666665,3.0,2.75,100.0,100.0,100.0,-0.0235806866016255,61.27,B,C,FAST
DRCSYSTEMS.NS,12.920000076293944,2026-10-06T18:18:25.566299+05:30,WAITING FOR 0.786,2025-10-03,21.489999771118164,2026-03-16,11.5,,19.35213982009888,16.494999885559082,24.08739971160889,33.23735671403426,13.0,5.0,7.0,1.0,12.0,41.66666666666667,-0.623010032283116,-0.623010032283116,11.846153846153848,2.4,2.0,11.285714285714286,100.0,100.0,100.0,-0.0525917559719513,61.19,B,C,FAST
NMDC.NS,74.37999725341797,2026-10-06T18:18:25.566299+05:30,WAITING FOR 0.786,2026-06-03,97.48999786376952,2026-10-05,73.05999755859375,,92.26197779846191,85.27499771118164,103.84179794311524,19.38174421548337,17.0,7.0,8.0,2.0,15.0,46.66666666666666,-0.0175616720236505,-0.0175616720236505,13.0,8.571428571428571,7.0,4.75,28.57142857142857,85.71428571428571,85.71428571428571,-0.0013508978479731,60.71,B,C,FAST
INNOVANA.NS,294.8500061035156,2026-10-06T18:18:25.566299+05:30,WAITING FOR 0.786,2025-11-19,524.9500122070312,2026-10-01,279.20001220703125,,472.3595122070312,402.0750122070313,588.8450122070312,37.57932284969307,14.0,6.0,8.0,0.0,14.0,42.85714285714285,-0.2270741320152065,-0.2270741320152065,7.357142857142857,4.333333333333333,1.5,9.25,83.33333333333334,83.33333333333334,100.0,-0.0308644451282805,60.62,B,C,FAST
A2ZINFRA.NS,14.0,2026-10-06T18:18:25.566299+05:30,WAITING FOR 0.786,2026-08-28,17.1200008392334,2026-10-06,13.449999809265137,,16.33462061882019,15.285000324249268,18.074201107025143,14.292469187379348,12.0,5.0,6.0,1.0,11.0,45.45454545454545,-0.0903108460596385,-0.0903108460596385,14.5,5.8,6.0,13.833333333333334,20.0,100.0,100.0,-0.0062283342110095,60.54,B,C,FAST
JUBLPHARMA.NS,989.2000122070312,2026-10-06T18:18:25.566299+05:30,WAITING FOR 0.786,2025-10-21,1184.800048828125,2026-03-09,786.0499877929688,,1099.4675357666017,985.4250183105468,1288.4750646972657,10.029175029955423,7.0,2.0,3.0,2.0,5.0,40.0,0.0115993995159214,0.0115993995159214,18.571428571428573,2.0,2.0,0.3333333333333333,100.0,100.0,100.0,0.0006245830508573,60.52,B,C,FAST
BASF.NS,3472.10009765625,2026-10-06T18:18:25.566299+05:30,WAITING FOR 0.786,2025-10-03,4829.89990234375,2026-03-23,3122.199951171875,,4464.452112792969,3976.049926757813,5273.901889648438,22.227856634257908,10.0,4.0,6.0,0.0,10.0,40.0,-0.6392506298593076,-0.6392506298593076,5.2,3.25,3.0,5.833333333333333,75.0,100.0,100.0,-0.1229328134344822,60.5,B,C,FAST
MEDANTA.NS,1300.800048828125,2026-10-06T18:18:25.566299+05:30,WAITING FOR 0.786,2026-09-21,1527.0,2026-10-06,1282.0,,1474.57,1404.5,1590.7,11.784449105290012,10.0,4.0,6.0,0.0,10.0,40.0,-0.7945490899077525,-0.7945490899077525,9.1,2.75,2.5,12.833333333333334,75.0,100.0,100.0,-0.0873130868030497,60.26,B,C,FAST
ICEMAKE.NS,631.2000122070312,2026-10-06T18:18:25.566299+05:30,WAITING FOR 0.786,2026-07-29,860.1500244140625,2026-10-01,602.0,,804.9059191894531,731.0750122070312,927.2690307617188,21.58089570981726,20.0,7.0,13.0,0.0,20.0,35.0,-0.922834077606558,-0.922834077606558,3.0,3.857142857142857,4.0,1.8461538461538465,57.14285714285714,100.0,100.0,-0.3076113592021859,60.06,B,C,FAST
TEMBO.NS,58.25,2026-10-06T18:18:25.566299+05:30,WAITING FOR 0.786,2025-11-11,83.69999694824219,2026-03-30,43.334999084472656,,75.06188740539551,63.51749801635742,94.19489639282229,22.397368340337064,6.0,2.0,3.0,1.0,5.0,40.0,-0.3083200862449328,-0.3083200862449328,26.0,2.5,2.5,30.33333333333333,100.0,100.0,100.0,-0.0118584648555743,60.02,B,C,FAST
RAMKY.NS,286.6499938964844,2026-10-06T18:18:25.566299+05:30,WAITING FOR 0.786,2025-10-07,705.0,2026-10-01,264.5,,610.733,484.75,819.53,53.06459714859285,12.0,5.0,7.0,0.0,12.0,41.66666666666667,-0.3828244248780743,-0.3828244248780743,4.666666666666667,3.8,2.0,4.714285714285714,80.0,80.0,100.0,-0.0820338053310159,59.57,B,C,FAST
AGRITECH.NS,87.68000030517578,2026-10-06T18:18:25.566299+05:30,WAITING FOR 0.786,2025-12-17,187.19000244140625,2026-10-06,85.55000305175781,,165.4390425720215,136.37000274658203,213.6164022827149,47.00162734137828,12.0,5.0,7.0,0.0,12.0,41.66666666666667,-1.682027968275598,-1.682027968275598,2.5,2.4,1.0,1.7142857142857142,80.0,100.0,100.0,-0.6728111873102393,59.54,B,C,FAST
ANGELONE.NS,295.0,2026-10-06T18:18:25.566299+05:30,WAITING FOR 0.786,2026-07-16,355.29998779296875,2026-10-01,267.79998779296875,,336.5749877929687,311.54998779296875,378.0499877929688,12.352369992074989,10.0,4.0,5.0,1.0,9.0,44.44444444444444,-0.8009596409981491,-0.8009596409981491,15.4,10.0,2.5,10.0,75.0,75.0,75.0,-0.0520103662985811,59.53,B,C,FAST
CINEVISTA.NS,13.829999923706056,2026-10-06T18:18:25.566299+05:30,WAITING FOR 0.786,2025-10-17,20.899999618530277,2026-03-30,12.15999984741211,,19.029639667510985,16.52999973297119,23.172399559020995,27.323900161295207,7.0,3.0,4.0,0.0,7.0,42.85714285714285,-1.5442438843866273,-1.5442438843866273,5.0,3.333333333333333,3.0,6.0,100.0,100.0,100.0,-0.3088487768773255,59.23,B,C,FAST
INDUSTOWER.NS,389.1000061035156,2026-10-06T18:18:25.566299+05:30,WAITING FOR 0.786,2026-02-19,481.5,2026-09-28,355.54998779296875,,454.5466973876953,418.5249938964844,514.2470031738281,14.398232714109549,6.0,1.0,3.0,2.0,4.0,25.0,2.9731267626247253,2.9731267626247253,25.166666666666668,5.0,5.0,7.666666666666667,100.0,100.0,100.0,0.1181374872566115,59.15,B,C,FAST
GEOJITFSL.NS,78.68000030517578,2026-10-06T18:18:25.566299+05:30,WAITING FOR 0.786,2026-09-03,86.5,2026-10-01,75.05999755859375,,84.05183947753906,80.77999877929688,89.47440063476563,6.391102450290552,6.0,2.0,3.0,1.0,5.0,40.0,-1.104865880573323,-1.104865880573323,15.0,5.0,5.0,6.333333333333333,50.0,100.0,100.0,-0.0736577253715548,58.77,B,C,FAST
PITTIENG.NS,1122.0,2026-10-06T18:18:25.566299+05:30,WAITING FOR 0.786,2026-09-07,1228.0,2026-10-01,1092.199951171875,,1198.9387895507812,1160.0999755859375,1263.3080126953123,6.417240831753272,15.0,5.0,9.0,1.0,14.0,35.714285714285715,-0.0526076807971975,-0.0526076807971975,8.866666666666667,4.6,4.0,4.666666666666667,80.0,80.0,100.0,-0.0059331970823907,58.7,B,C,FAST
ARCHIES.NS,12.239999771118164,2026-10-06T18:18:25.566299+05:30,WAITING FOR 0.786,2025-12-18,21.0,2026-03-30,10.859999656677246,,18.830039926528933,15.929999828338625,23.636400089263915,34.99748370754281,9.0,3.0,5.0,1.0,8.0,37.5,-0.5769994052702507,-0.5769994052702507,8.333333333333334,1.3333333333333333,1.0,1.4,100.0,100.0,100.0,-0.06923992863243,58.6,B,C,FAST
GODFRYPHLP.NS,1900.0,2026-10-06T18:18:25.566299+05:30,WAITING FOR 0.786,2025-10-06,3486.0,2026-10-01,1830.0,,3131.616,2658.0,3916.56,39.32844895415019,18.0,7.0,11.0,0.0,18.0,38.88888888888889,-0.4022002874715251,-0.4022002874715251,5.388888888888889,7.285714285714286,2.0,3.636363636363636,71.42857142857143,71.42857142857143,85.71428571428571,-0.0746351048916232,58.57,B,C,FAST
ANDHRAPAP.NS,70.4800033569336,2026-10-06T18:18:25.566299+05:30,WAITING FOR 0.786,2025-10-06,86.88999938964844,2026-03-30,58.0,,80.70753952026368,72.44499969482422,94.40139923095704,12.672342911361092,12.0,4.0,8.0,0.0,12.0,33.33333333333333,-0.4933823350787381,-0.4933823350787381,5.25,2.25,1.0,6.125,75.0,100.0,100.0,-0.0939775876340453,58.06,B,C,FAST
NEULANDLAB.NS,21905.0,2026-10-06T18:18:25.566299+05:30,WAITING FOR 0.786,2026-09-09,24225.0,2026-10-01,20715.0,,23473.86,22470.0,25137.6,6.683434254102225,16.0,5.0,10.0,1.0,15.0,33.33333333333333,-0.034448960020359,-0.034448960020359,8.125,8.0,4.0,2.5,60.0,80.0,100.0,-0.0042398720025057,57.78,B,C,FAST
SANDUMA.NS,183.3800048828125,2026-10-06T18:18:25.566299+05:30,WAITING FOR 0.786,2026-05-27,245.69000244140625,2026-10-01,175.0,,230.5623419189453,210.34500122070312,264.06940307617185,20.46402575695552,10.0,4.0,6.0,0.0,10.0,40.0,-2.404486441556159,-2.404486441556159,7.4,0.5,0.5,11.5,100.0,100.0,100.0,-0.3249306002102917,57.74,B,C,FAST
ASALCBR.NS,598.7000122070312,2026-10-06T18:18:25.566299+05:30,WAITING FOR 0.786,2025-11-03,1277.0,2026-10-06,589.8499755859375,,1129.9498947753907,933.4249877929688,1455.6590063476565,47.01534864729204,8.0,3.0,5.0,0.0,8.0,37.5,-1.2143571975087966,-1.2143571975087966,6.0,2.333333333333333,3.0,7.6,100.0,100.0,100.0,-0.2023928662514661,57.6,B,C,FAST
AUSOMENT.NS,137.47999572753906,2026-10-06T18:18:25.566299+05:30,WAITING FOR 0.786,2026-09-04,166.58999633789062,2026-10-05,134.0500030517578,,159.6264377746582,150.31999969482422,175.05039459228516,13.873918603873674,9.0,4.0,5.0,0.0,9.0,44.44444444444444,-1.298089479804637,-1.298089479804637,7.888888888888889,6.25,6.0,9.0,50.0,100.0,100.0,-0.1645465537780525,57.25,B,C,FAST
ASIANHOTNR.NS,328.6499938964844,2026-10-06T18:18:25.566299+05:30,WAITING FOR 0.786,2026-09-08,423.7999877929688,2026-10-06,325.04998779296875,,402.6674877929688,374.4249877929688,449.4749877929688,18.381790469892724,12.0,4.0,8.0,0.0,12.0,33.33333333333333,-1.0120589819613854,-1.0120589819613854,4.75,2.75,2.0,5.25,75.0,100.0,100.0,-0.2130650488339759,57.25,B,C,FAST
MAZDOCK.NS,2101.0,2026-10-06T18:18:25.566299+05:30,WAITING FOR 0.786,2026-08-26,2656.800048828125,2026-10-01,2031.199951171875,,2522.9216279296875,2344.0,2819.45607421875,16.723532877868934,9.0,3.0,6.0,0.0,9.0,33.33333333333333,-0.3994779505865546,-0.3994779505865546,11.11111111111111,3.0,1.0,14.666666666666666,66.66666666666666,100.0,100.0,-0.0359530155527899,57.21,B,C,FAST
DBREALTY.NS,90.08000183105467,2026-10-06T18:18:25.566299+05:30,WAITING FOR 0.786,2026-07-15,125.98999786376952,2026-10-05,89.25,,118.12763832092286,107.61999893188477,135.54239730834962,23.743500579999612,10.0,3.0,6.0,1.0,9.0,33.33333333333333,-1.0981057708620916,-1.0981057708620916,9.8,5.666666666666667,5.0,2.6666666666666665,66.66666666666666,100.0,100.0,-0.112051609271642,57.12,B,C,FAST
GOACARBON.NS,414.6499938964844,2026-10-06T18:18:25.566299+05:30,WAITING FOR 0.786,2026-09-10,484.0,2026-10-01,392.0499877929688,,464.3226973876953,438.0249938964844,507.9070031738281,10.697883986863504,11.0,3.0,7.0,1.0,10.0,30.0,-0.2628586081999499,-0.2628586081999499,14.090909090909092,1.0,1.0,12.428571428571429,100.0,100.0,100.0,-0.0186544818722545,57.09,B,C,FAST
POWERINDIA.NS,31640.0,2026-10-06T18:18:25.566299+05:30,WAITING FOR 0.786,2026-06-01,38785.0,2026-09-16,29645.0,,36829.04,34215.0,41161.4,14.089533694063167,24.0,8.0,16.0,0.0,24.0,33.33333333333333,-0.8446914996268533,-0.8446914996268533,5.25,4.75,3.0,4.875,75.0,75.0,100.0,-0.1608936189765434,57.01,B,C,FAST
TRIVENI.NS,241.97000122070312,2026-10-06T18:18:25.566299+05:30,WAITING FOR 0.786,2026-07-14,490.1000061035156,2026-07-31,220.0500030517578,,432.30930545043947,355.0750045776367,560.3130068969726,44.02850038849259,16.0,4.0,10.0,2.0,14.0,28.57142857142857,-0.6387715526161192,-0.6387715526161192,12.25,4.5,4.0,5.2,50.0,100.0,100.0,-0.0521446165400913,56.93,B,C,FAST
UNIINFO.NS,11.0,2026-10-06T18:18:25.566299+05:30,WAITING FOR 0.786,2025-10-14,18.979999542236328,2026-03-27,9.359999656677246,,16.921319566726684,14.169999599456789,21.481199512481687,34.993249453016055,9.0,4.0,5.0,0.0,9.0,44.44444444444444,-1.879313212890728,-1.879313212890728,3.6666666666666665,4.5,2.0,2.6,75.0,75.0,100.0,-0.5125399671520167,56.84,B,C,FAST
STAR.NS,1088.699951171875,2026-10-06T18:18:25.566299+05:30,WAITING FOR 0.786,2026-09-21,1260.9000244140625,2026-10-06,1074.0,,1220.9034191894532,1167.4500122070312,1309.4940307617187,10.828331376559408,6.0,1.0,4.0,1.0,5.0,20.0,2.6315264044251223,2.6315264044251223,11.833333333333334,2.0,2.0,1.5,100.0,100.0,100.0,0.2223825130500103,56.61,B,C,FAST
PKTEA.NS,983.2000122070312,2026-10-06T18:18:25.566299+05:30,WAITING FOR 0.786,2026-09-10,1169.0,2026-09-25,963.0,,1124.916,1066.0,1222.56,12.59791733720284,20.0,7.0,13.0,0.0,20.0,35.0,-1.355473671141587,-1.355473671141587,11.25,13.571428571428571,3.0,9.384615384615383,57.14285714285714,71.42857142857143,71.42857142857143,-0.1204865485459188,56.52,B,C,FAST
PAVNAIND.NS,15.649999618530272,2026-10-06T18:18:25.566299+05:30,WAITING FOR 0.786,2025-10-13,42.29999923706055,2026-03-30,14.109999656677246,,36.26733932685852,28.204999446868896,49.629399127960205,56.84822788491587,12.0,3.0,8.0,1.0,11.0,27.27272727272727,-0.1734070487125114,-0.1734070487125114,6.5,3.333333333333333,2.0,0.125,66.66666666666666,100.0,100.0,-0.0266780074942325,56.14,B,C,FAST
STYLAMIND.NS,3303.5,2026-10-06T18:18:25.566299+05:30,WAITING FOR 0.786,2026-07-22,4150.0,2026-09-17,3152.199951171875,,3936.470789550781,3651.0999755859375,4409.428012695313,16.07965163188761,14.0,5.0,7.0,2.0,12.0,41.66666666666667,-0.6979761411054168,-0.6979761411054168,15.214285714285714,7.4,7.0,7.571428571428571,20.0,80.0,100.0,-0.0458763660820461,56.08,B,C,FAST
BANARISUG.NS,3349.300048828125,2026-10-06T18:18:25.566299+05:30,WAITING FOR 0.786,2026-08-20,4338.0,2026-09-16,3196.5,,4093.719,3767.25,4634.79,18.184417425130427,9.0,3.0,5.0,1.0,8.0,37.5,-0.1149805356092839,-0.1149805356092839,13.11111111111111,10.333333333333334,4.0,4.4,66.66666666666666,66.66666666666666,66.66666666666666,-0.0087697018685047,55.99,B,C,FAST
NITIRAJ.NS,203.2899932861328,2026-10-06T18:18:25.566299+05:30,WAITING FOR 0.786,2026-09-04,241.0,2026-10-01,200.0,,232.226,220.5,251.66,12.460278656940734,14.0,5.0,9.0,0.0,14.0,35.714285714285715,-1.1601035341103072,-1.1601035341103072,2.7142857142857144,4.8,3.0,0.5555555555555556,60.0,80.0,100.0,-0.4274065651985342,55.97,B,C,FAST
FORTIS.NS,764.0,2026-10-06T18:18:25.566299+05:30,WAITING FOR 0.786,2025-10-17,1104.300048828125,2026-10-01,745.3499755859375,,1027.484733154297,924.8250122070312,1197.6270678710937,25.643664051865727,14.0,5.0,9.0,0.0,14.0,35.714285714285715,-1.1998455745818024,-1.1998455745818024,9.571428571428571,6.8,2.0,10.555555555555555,80.0,80.0,80.0,-0.125357000329442,55.91,B,C,FAST
HIRECT.NS,1146.800048828125,2026-10-06T18:18:25.566299+05:30,WAITING FOR 0.786,2026-07-16,1399.0,2026-10-06,1088.4000244140625,,1332.5316052246094,1243.7000122070312,1479.7559936523437,13.938247743488065,16.0,5.0,11.0,0.0,16.0,31.25,-0.723817814260425,-0.723817814260425,6.6875,7.8,5.0,5.727272727272728,80.0,80.0,80.0,-0.1082344395155775,55.87,B,C,FAST
HLVLTD.NS,6.130000114440918,2026-10-06T18:18:25.566299+05:30,WAITING FOR 0.786,2025-11-14,11.18000030517578,2026-03-30,5.599999904632568,,9.985880219459537,8.390000104904175,12.630800409317017,38.6133222137458,9.0,3.0,5.0,1.0,8.0,37.5,-2.3916285084682265,-2.3916285084682265,8.333333333333334,0.3333333333333333,0.0,1.6,100.0,100.0,100.0,-0.2869954210161871,55.76,B,C,FAST
SDBL.NS,74.0199966430664,2026-10-06T18:18:25.566299+05:30,WAITING FOR 0.786,2025-10-17,136.0,2026-03-30,61.79999923706055,,120.12119983673097,98.89999961853027,155.29200019836426,38.37890668451983,14.0,5.0,9.0,0.0,14.0,35.714285714285715,-1.311800986541032,-1.311800986541032,5.928571428571429,7.0,3.0,4.777777777777778,80.0,80.0,80.0,-0.2212676362840294,55.74,B,C,FAST
RALLIS.NS,200.3000030517578,2026-10-06T18:18:25.566299+05:30,WAITING FOR 0.786,2026-07-15,247.88999938964844,2026-09-29,196.75999450683597,,236.94817834472656,222.3249969482422,261.18380065917967,15.46674701151353,8.0,2.0,5.0,1.0,7.0,28.57142857142857,-0.1393543941673074,-0.1393543941673074,10.5,2.0,2.0,3.4,100.0,100.0,100.0,-0.013271847063553,55.71,B,C,FAST
XCHANGING.NS,61.86000061035156,2026-10-06T18:18:25.566299+05:30,WAITING FOR 0.786,2025-10-30,103.0,2026-03-30,47.5,,91.123,75.25,117.43,32.113735708491205,7.0,3.0,4.0,0.0,7.0,42.85714285714285,-3.90598303530412,-3.90598303530412,1.8571428571428568,0.0,0.0,2.0,100.0,100.0,100.0,-2.1032216343945263,55.54,B,C,FAST
GLFL.NS,5.389999866485596,2026-10-06T18:18:25.566299+05:30,WAITING FOR 0.786,2025-11-03,9.34000015258789,2026-04-06,3.660000085830689,,8.124480138301848,6.5000001192092896,10.816800169944765,33.65729530096192,8.0,3.0,5.0,0.0,8.0,37.5,-0.4058993056821194,-0.4058993056821194,13.375,21.0,4.0,8.2,66.66666666666666,66.66666666666666,66.66666666666666,-0.0303476116397846,55.53,B,C,FAST
LTTS.NS,3246.0,2026-10-06T18:18:25.566299+05:30,WAITING FOR 0.786,2025-12-04,4726.0,2026-03-13,3010.0,,4358.776,3868.0,5172.16,25.52955233304029,8.0,2.0,5.0,1.0,7.0,28.57142857142857,-0.2729279125675703,-0.2729279125675703,19.25,2.0,2.0,17.8,100.0,100.0,100.0,-0.0141780733801335,55.5,B,C,FAST
AHLUCONT.NS,576.0499877929688,2026-10-06T18:18:25.566299+05:30,WAITING FOR 0.786,2025-11-18,1077.949951171875,2026-10-01,540.5499877929688,,962.9463590087892,809.2499694824219,1217.6739416503906,40.17839286645966,12.0,4.0,8.0,0.0,12.0,33.33333333333333,-0.5694297129290108,-0.5694297129290108,9.25,3.25,0.5,11.625,75.0,75.0,100.0,-0.0615599689652984,55.44,B,C,FAST
DHUNINV.NS,966.9000244140624,2026-10-06T18:18:25.566299+05:30,WAITING FOR 0.786,2025-10-17,1573.0999755859375,2026-03-30,667.0999755859375,,1379.2159755859377,1120.0999755859375,1808.6599755859372,29.894951803810805,11.0,4.0,7.0,0.0,11.0,36.36363636363637,-1.3992831740532046,-1.3992831740532046,4.454545454545454,10.0,0.5,0.0,75.0,75.0,75.0,-0.3141247941752092,55.36,B,C,FAST
BAJAJ-AUTO.NS,10017.0,2026-10-06T18:18:25.566299+05:30,WAITING FOR 0.786,2026-09-01,12470.0,2026-10-01,9900.0,,11920.02,11185.0,13138.2,15.964906099150843,6.0,2.0,4.0,0.0,6.0,33.33333333333333,-1.6194779300229154,-1.6194779300229154,7.166666666666667,3.0,3.0,9.0,50.0,100.0,100.0,-0.2259736646543602,55.3,B,C,FAST
MODIRUBBER.NS,118.58000183105467,2026-10-06T18:18:25.566299+05:30,WAITING FOR 0.786,2025-12-26,167.5,2026-03-30,105.01000213623048,,154.12714045715333,136.25500106811523,183.74739944458008,23.063516601075584,6.0,2.0,4.0,0.0,6.0,33.33333333333333,-1.7648932464582252,-1.7648932464582252,8.5,1.5,1.5,11.5,100.0,100.0,100.0,-0.2076344995833206,55.08,B,C,FAST
NHPC.NS,73.11000061035156,2026-10-06T18:18:25.566299+05:30,WAITING FOR 0.786,2026-07-21,83.0,2026-10-01,70.25,,80.2715,76.625,86.315,8.921596568705507,9.0,3.0,5.0,1.0,8.0,37.5,-0.8310195974140563,-0.8310195974140563,13.0,8.333333333333334,4.0,5.6,66.66666666666666,66.66666666666666,100.0,-0.0639245844164658,54.87,C,C,FAST
SYMPHONY.NS,556.9500122070312,2026-10-06T18:18:25.566299+05:30,WAITING FOR 0.786,2026-02-03,970.4500122070312,2026-10-06,555.0,,881.5437095947266,762.7250061035156,1078.4670153808593,36.8210553662644,6.0,2.0,4.0,0.0,6.0,33.33333333333333,-1.8983245604686525,-1.8983245604686525,12.833333333333334,5.0,5.0,16.5,50.0,100.0,100.0,-0.1479213943222326,54.87,C,C,FAST
ARIHANTCAP.NS,94.12999725341795,2026-10-06T18:18:25.566299+05:30,WAITING FOR 0.786,2025-10-24,120.0,2026-03-30,56.970001220703125,,106.51158026123048,88.48500061035156,136.3877996826172,11.624635534883078,14.0,4.0,8.0,2.0,12.0,33.33333333333333,-0.9709645320010386,-0.9709645320010386,14.071428571428571,13.5,3.0,2.25,75.0,75.0,75.0,-0.0690025555736778,54.82,C,C,FAST
BBL.NS,2068.800048828125,2026-10-06T18:18:25.566299+05:30,WAITING FOR 0.786,2026-06-23,3006.0,2026-10-06,2041.699951171875,,2799.639789550781,2523.849975585937,3256.7180126953126,26.104777602118727,15.0,4.0,10.0,1.0,14.0,28.57142857142857,-0.4399475472263947,-0.4399475472263947,6.8,5.0,2.0,1.5,75.0,75.0,100.0,-0.0646981687097639,54.74,C,C,FAST
JINDWORLD.NS,45.38999938964844,2026-10-06T18:18:25.566299+05:30,WAITING FOR 0.786,2026-09-07,61.9900016784668,2026-10-01,44.31999969482422,,58.20862125396729,53.15500068664551,66.58420219421387,22.021861346604528,9.0,3.0,6.0,0.0,9.0,33.33333333333333,0.1387463806306345,0.1387463806306345,7.111111111111111,15.666666666666666,3.0,1.8333333333333333,66.66666666666666,66.66666666666666,66.66666666666666,0.0195112097761829,54.72,C,C,FAST
KHANDSE.NS,16.969999313354492,2026-10-06T18:18:25.566299+05:30,WAITING FOR 0.786,2025-11-13,25.5,2026-03-30,12.199999809265137,,22.65379995918274,18.84999990463257,28.958000049591064,25.0898332997962,9.0,3.0,6.0,0.0,9.0,33.33333333333333,-0.1881051767323289,-0.1881051767323289,6.444444444444445,5.0,7.0,6.5,33.33333333333333,100.0,100.0,-0.0291887343205337,54.54,C,C,FAST
KICL.NS,4808.2998046875,2026-10-06T18:18:25.566299+05:30,WAITING FOR 0.786,2025-10-28,6554.89990234375,2026-03-30,4011.0,,6010.505323242188,5282.949951171875,7216.313876953125,20.001737855648283,11.0,3.0,8.0,0.0,11.0,27.27272727272727,-1.2030501357617005,-1.2030501357617005,8.727272727272727,5.0,5.0,9.5,66.66666666666666,100.0,100.0,-0.1378494947226948,54.53,C,C,FAST
WEL.NS,74.62000274658203,2026-10-06T18:18:25.566299+05:30,WAITING FOR 0.786,2026-08-27,179.1999969482422,2026-09-18,68.01000213623047,,155.40533805847167,123.60499954223631,208.10939559936523,51.98362959803475,17.0,5.0,12.0,0.0,17.0,29.411764705882355,-1.149943677580966,-1.149943677580966,7.764705882352941,7.4,2.0,7.416666666666667,60.0,80.0,80.0,-0.148098806961185,54.47,C,C,FAST
ASHIANA.NS,382.9500122070313,2026-10-06T18:18:25.566299+05:30,WAITING FOR 0.786,2026-09-21,414.3500061035156,2026-10-06,376.9500122070313,,406.346407409668,395.65000915527344,424.0740045166016,5.757746291343254,8.0,2.0,5.0,1.0,7.0,28.57142857142857,-0.9307675434956124,-0.9307675434956124,12.0,4.0,4.0,4.8,100.0,100.0,100.0,-0.0775639619579677,54.47,C,C,FAST
MEGASTAR.NS,289.9700012207031,2026-10-06T18:18:25.566299+05:30,WAITING FOR 0.786,2026-07-13,392.0,2026-09-28,235.0,,358.402,313.5,432.82,19.09364311005432,18.0,6.0,12.0,0.0,18.0,33.33333333333333,-1.3134938996515169,-1.3134938996515169,6.166666666666667,9.166666666666666,4.0,4.166666666666667,66.66666666666666,66.66666666666666,83.33333333333334,-0.2129990107543,54.45,C,C,FAST
ELECTCAST.NS,78.97000122070312,2026-10-06T18:18:25.566299+05:30,WAITING FOR 0.786,2026-09-03,87.77999877929688,2026-09-28,70.0999984741211,,83.99647871398926,78.93999862670898,92.37679885864256,5.984152633828206,9.0,2.0,6.0,1.0,8.0,25.0,-0.032510396457255,-0.032510396457255,13.77777777777778,4.0,4.0,8.5,50.0,100.0,100.0,-0.0023596255493168,54.45,C,C,FAST
COHANCE.NS,457.0,2026-10-06T18:18:25.566299+05:30,WAITING FOR 0.786,2025-10-21,917.8499755859376,2026-03-09,266.70001220703125,,778.5038834228516,592.2749938964844,1087.1489660644531,41.297659558137845,16.0,4.0,11.0,1.0,15.0,26.666666666666668,-1.7948041017422969,-1.7948041017422969,6.125,2.75,2.5,2.0,100.0,100.0,100.0,-0.2930292411007831,54.36,C,C,FAST
SIEMENS.NS,3854.0,2026-10-06T18:18:25.566299+05:30,WAITING FOR 0.786,2026-08-25,4149.39990234375,2026-09-16,3682.39990234375,,4049.46190234375,3915.89990234375,4270.81990234375,4.8268611251934574,13.0,4.0,9.0,0.0,13.0,30.76923076923077,-0.6275194940304034,-0.6275194940304034,5.384615384615385,4.75,2.0,5.222222222222222,75.0,75.0,100.0,-0.1165393346056463,54.33,C,C,FAST
TIINDIA.NS,2472.699951171875,2026-10-06T18:18:25.566299+05:30,WAITING FOR 0.786,2026-08-18,2989.0,2026-10-05,2293.800048828125,,2840.2272104492185,2641.4000244140625,3169.751987304688,12.940065425935217,16.0,5.0,11.0,0.0,16.0,31.25,-0.5122086648838471,-0.5122086648838471,6.25,8.2,4.0,4.727272727272728,60.0,60.0,80.0,-0.0819533863814155,54.2,C,C,FAST
AFSL.NS,201.0,2026-10-06T18:18:25.566299+05:30,WAITING FOR 0.786,2026-08-12,223.0,2026-09-08,201.0,,218.292,212.0,228.72,7.921499642680447,10.0,3.0,7.0,0.0,10.0,30.0,-0.0834282259873202,-0.0834282259873202,10.1,12.0,5.0,8.714285714285714,66.66666666666666,66.66666666666666,66.66666666666666,-0.0082602203947841,54.04,C,C,FAST
MOHITIND.NS,22.780000686645508,2026-10-06T18:18:25.566299+05:30,WAITING FOR 0.786,2025-11-10,34.79999923706055,2026-03-30,18.600000381469727,,31.33319948196411,26.699999809265137,39.01199893951416,27.297559574922957,8.0,3.0,5.0,0.0,8.0,37.5,-1.613241718285447,-1.613241718285447,8.5,5.333333333333333,7.0,9.8,33.33333333333333,100.0,100.0,-0.1897931433276996,53.98,C,C,FAST
DNAMEDIA.NS,2.4200000762939453,2026-10-06T18:18:25.566299+05:30,WAITING FOR 0.786,2026-02-05,4.119999885559082,2026-09-17,2.1700000762939453,,3.702699926376343,3.1449999809265137,4.626999835968018,34.64228470001119,12.0,4.0,8.0,0.0,12.0,33.33333333333333,-1.267813996931288,-1.267813996931288,10.0,4.75,5.5,12.5,50.0,100.0,100.0,-0.1267813996931288,53.85,C,C,FAST
INFOBEAN.NS,149.4600067138672,2026-10-06T18:18:25.566299+05:30,WAITING FOR 0.786,2026-01-07,257.5,2026-03-13,120.33000183105467,,228.1456203918457,188.91500091552732,293.1641995239258,34.48920629851848,6.0,1.0,4.0,1.0,5.0,20.0,0.7712130831093796,0.7712130831093796,11.666666666666666,4.0,4.0,1.0,100.0,100.0,100.0,0.0661039785522325,53.71,C,C,FAST
NELCO.NS,924.1500244140624,2026-10-06T18:18:25.566299+05:30,WAITING FOR 0.786,2026-08-17,1120.0,2026-10-05,880.0499877929688,,1068.6506973876951,1000.0249938964844,1182.387003173828,13.52178717768707,6.0,2.0,4.0,0.0,6.0,33.33333333333333,-0.7665838929915818,-0.7665838929915818,6.5,5.5,5.5,6.75,50.0,100.0,100.0,-0.1179359835371664,53.64,C,C,FAST
SAKUMA.NS,1.5099999904632568,2026-10-06T18:18:25.566299+05:30,WAITING FOR 0.786,2025-10-29,3.0999999046325684,2026-03-30,1.100000023841858,,2.671999930143357,2.099999964237213,3.619999873638153,43.48802283156335,15.0,4.0,11.0,0.0,15.0,26.666666666666668,-2.267139570666236,-2.267139570666236,7.866666666666666,4.0,4.0,8.545454545454545,75.0,100.0,100.0,-0.2881957081355384,53.62,C,C,FAST
DHANUKA.NS,909.5499877929688,2026-10-06T18:18:25.566299+05:30,WAITING FOR 0.786,2025-10-03,1568.800048828125,2026-03-30,889.5999755859375,,1423.451233154297,1229.2000122070312,1745.3920678710938,36.10248341438074,8.0,2.0,5.0,1.0,7.0,28.57142857142857,-1.4906145548621934,-1.4906145548621934,9.875,5.0,5.0,1.0,50.0,100.0,100.0,-0.1509483093531335,53.6,C,C,FAST
PETRONET.NS,297.5,2026-10-06T18:18:25.566299+05:30,WAITING FOR 0.786,2026-02-27,326.3999938964844,2026-03-23,235.3500061035156,,306.9152965087891,280.875,350.07299072265624,3.0677182323232493,6.0,2.0,3.0,1.0,5.0,40.0,0.6956997839340407,0.6956997839340407,12.5,5.5,5.5,0.0,50.0,50.0,100.0,0.0556559827147232,53.59,C,C,FAST
KRITINUT.NS,72.61000061035156,2026-10-06T18:18:25.566299+05:30,WAITING FOR 0.786,2026-08-06,95.6999969482422,2026-10-01,66.31999969482422,,89.41267753601075,81.0099983215332,103.33879623413084,18.79227575853765,10.0,3.0,7.0,0.0,10.0,30.0,-0.3976429882840888,-0.3976429882840888,4.5,11.666666666666666,1.0,0.4285714285714285,66.66666666666666,66.66666666666666,66.66666666666666,-0.0883651085075752,53.55,C,C,FAST
BAJAJHLDNG.NS,10600.0,2026-10-06T18:18:25.566299+05:30,WAITING FOR 0.786,2025-11-06,13250.0,2026-04-02,8588.0,,12252.332,10919.0,14462.12,13.485857222935197,16.0,5.0,11.0,0.0,16.0,31.25,-0.3419451220752932,-0.3419451220752932,6.1875,6.4,6.0,5.363636363636363,40.0,80.0,100.0,-0.0552638581131787,53.47,C,C,FAST
GOKULAGRO.NS,210.9499969482422,2026-10-06T18:18:25.566299+05:30,WAITING FOR 0.786,2026-08-26,259.79998779296875,2026-10-05,204.1000061035156,,247.88019171142577,231.9499969482422,274.2819830322265,14.898404954509854,15.0,4.0,10.0,1.0,14.0,28.57142857142857,0.5078384938917673,0.5078384938917673,10.666666666666666,12.5,7.0,4.6,25.0,75.0,75.0,0.0476098588023531,53.22,C,C,FAST
MRF.NS,124080.0,2026-10-06T18:18:25.566299+05:30,WAITING FOR 0.786,2025-10-24,163600.0,2026-05-29,122000.0,,154697.6,142800.0,174416.0,19.79190368822788,6.0,1.0,3.0,2.0,4.0,25.0,-0.8250539384553791,-0.8250539384553791,22.0,2.0,2.0,2.6666666666666665,100.0,100.0,100.0,-0.0375024517479717,53.21,C,C,FAST
M&MFIN.NS,327.75,2026-10-06T18:18:25.566299+05:30,WAITING FOR 0.786,2026-09-15,358.75,2026-10-01,315.45001220703125,,349.48380261230466,337.1000061035156,370.0079968261719,6.218829728259187,12.0,4.0,8.0,0.0,12.0,33.33333333333333,-2.0185101468527296,-2.0185101468527296,9.166666666666666,7.5,3.5,9.625,75.0,75.0,75.0,-0.2202011069293886,53.18,C,C,FAST
AUBANK.NS,1028.0,2026-10-06T18:18:25.566299+05:30,WAITING FOR 0.786,2026-08-25,1144.0999755859375,2026-10-01,974.2000122070312,,1107.7413834228516,1059.1499938964844,1188.2739660644531,7.198555964069497,9.0,3.0,5.0,1.0,8.0,37.5,-0.0888504196781648,-0.0888504196781648,32.0,17.0,7.0,35.0,33.33333333333333,66.66666666666666,66.66666666666666,-0.0027765756149426,53.03,C,C,FAST
SONAMLTD.NS,71.55000305175781,2026-10-06T18:18:25.566299+05:30,WAITING FOR 0.786,2026-09-01,80.31999969482422,2026-09-25,65.83999633789062,,77.22127897644043,73.07999801635742,84.08480056762696,7.344188026739207,14.0,4.0,10.0,0.0,14.0,28.57142857142857,-0.9131766472855214,-0.9131766472855214,4.214285714285714,6.75,2.0,2.4,75.0,75.0,75.0,-0.2166859841016491,53.0,C,C,FAST
PGHL.NS,5306.0,2026-10-06T18:18:25.566299+05:30,WAITING FOR 0.786,2026-07-15,6975.0,2026-10-06,5239.0,,6603.496,6107.0,7426.360000000001,19.648622487240093,9.0,2.0,6.0,1.0,8.0,25.0,-0.9818995205089962,-0.9818995205089962,11.555555555555555,1.0,1.0,6.5,100.0,100.0,100.0,-0.0849720738902016,52.97,C,C,FAST
OSWALSEEDS.NS,12.130000114440918,2026-10-06T18:18:25.566299+05:30,WAITING FOR 0.786,2025-12-26,20.280000686645508,2026-08-12,9.65999984741211,,18.007320507049563,14.970000267028809,23.041200904846196,32.63850604706999,8.0,2.0,6.0,0.0,8.0,25.0,-0.978104694704918,-0.978104694704918,6.125,4.0,4.0,6.5,100.0,100.0,100.0,-0.1596905624008029,52.97,C,C,FAST
BETA.NS,2001.4000244140625,2026-10-06T18:18:25.566299+05:30,WAITING FOR 0.786,2026-08-12,2807.89990234375,2026-10-05,1986.699951171875,,2632.1631127929686,2397.2999267578125,3021.4118896484374,23.9636778326252,13.0,3.0,9.0,1.0,12.0,25.0,0.508860350839764,0.508860350839764,9.538461538461538,12.0,4.0,2.333333333333333,66.66666666666666,66.66666666666666,66.66666666666666,0.0533482625880397,52.96,C,C,FAST
NLCINDIA.NS,254.8999938964844,2026-10-06T18:18:25.566299+05:30,WAITING FOR 0.786,2026-05-14,387.7999877929688,2026-10-05,251.1499938964844,,358.5568890991211,319.47499084472656,423.32898620605465,28.909469697563488,12.0,5.0,7.0,0.0,12.0,41.66666666666667,-1.427748054834117,-1.427748054834117,15.75,8.0,7.0,21.0,40.0,60.0,80.0,-0.0906506701481979,52.94,C,C,FAST
RAJSREESUG.NS,29.57999992370605,2026-10-06T18:18:25.566299+05:30,WAITING FOR 0.786,2026-08-24,42.0,2026-10-01,27.049999237060547,,38.80069983673096,34.52499961853027,45.88700019836426,23.76426186080299,9.0,3.0,6.0,0.0,9.0,33.33333333333333,-3.1342523629484083,-3.1342523629484083,4.777777777777778,0.6666666666666666,1.0,6.333333333333333,100.0,100.0,100.0,-0.6560063085240855,52.94,C,C,FAST
PILANIINVS.NS,4067.10009765625,2026-10-06T18:18:25.566299+05:30,WAITING FOR 0.786,2025-10-23,5980.0,2026-10-01,3865.0,,5527.39,4922.5,6529.9,26.419158089871537,10.0,3.0,7.0,0.0,10.0,30.0,-0.7834315347335084,-0.7834315347335084,12.3,16.0,3.0,10.142857142857142,66.66666666666666,66.66666666666666,66.66666666666666,-0.0636936207100413,52.94,C,C,FAST
KARMAENG.NS,36.27999877929688,2026-10-06T18:18:25.566299+05:30,WAITING FOR 0.786,2025-10-10,66.25,2026-10-05,34.0,,59.3485,50.125,74.63499999999999,38.86956068089864,14.0,4.0,10.0,0.0,14.0,28.57142857142857,-2.571312257623312,-2.571312257623312,7.5,2.25,2.0,9.4,100.0,100.0,100.0,-0.3428416343497749,52.91,C,C,FAST
VLSFINANCE.NS,233.8999938964844,2026-10-06T18:18:25.566299+05:30,WAITING FOR 0.786,2025-12-05,339.0,2026-03-30,205.0,,310.324,272.0,373.84,24.627165834262136,8.0,2.0,5.0,1.0,7.0,28.57142857142857,-1.941848214744465,-1.941848214744465,8.5,1.5,1.5,0.2,100.0,100.0,100.0,-0.2284527311464076,52.89,C,C,FAST
BSHSL.NS,80.0999984741211,2026-10-06T18:18:25.566299+05:30,WAITING FOR 0.786,2026-04-15,107.9800033569336,2026-10-06,79.9000015258789,,101.9708829650879,93.94000244140624,115.2808038330078,21.44816623629199,7.0,2.0,5.0,0.0,7.0,28.57142857142857,-1.9670336947305225,-1.9670336947305225,2.2857142857142856,2.5,2.5,1.4,100.0,100.0,100.0,-0.8605772414446037,52.86,C,C,FAST
SIL.NS,16.0,2026-10-06T18:18:25.566299+05:30,WAITING FOR 0.786,2026-08-21,22.299999237060547,2026-09-30,15.5,,20.844799400329592,18.899999618530277,24.06799903869629,23.24224525880056,6.0,2.0,4.0,0.0,6.0,33.33333333333333,-3.192438319105941,-3.192438319105941,4.833333333333333,2.5,2.5,5.75,100.0,100.0,100.0,-0.6605044798150222,52.85,C,C,FAST
EMKAY.NS,285.6000061035156,2026-10-06T18:18:25.566299+05:30,WAITING FOR 0.786,2025-10-20,370.8999938964844,2026-03-30,186.0,,331.3313952026367,278.4499969482422,418.9739923095704,13.802310846864524,11.0,3.0,6.0,2.0,9.0,33.33333333333333,-1.7097129084520766,-1.7097129084520766,15.454545454545457,4.333333333333333,1.0,4.833333333333333,66.66666666666666,66.66666666666666,100.0,-0.1106284823116049,52.83,C,C,FAST
JINDALPHOT.NS,1024.800048828125,2026-10-06T18:18:25.566299+05:30,WAITING FOR 0.786,2026-02-12,1532.0,2026-06-03,971.0999755859376,,1411.9673947753906,1251.5499877929688,1677.8340063476562,27.420416886386707,18.0,5.0,12.0,1.0,17.0,29.411764705882355,-2.274751662858446,-2.274751662858446,6.944444444444445,3.4,0.0,2.75,80.0,80.0,100.0,-0.3275642394516162,52.71,C,C,FAST
AXISBANK.NS,1248.0,2026-10-06T18:18:25.566299+05:30,WAITING FOR 0.786,2026-06-25,1400.0999755859375,2026-09-24,1175.0,,1351.928580810547,1287.5499877929688,1458.6259692382812,7.687431295241696,8.0,2.0,4.0,2.0,6.0,33.33333333333333,-1.3879687549301043,-1.3879687549301043,21.125,6.0,6.0,9.25,50.0,100.0,100.0,-0.0657026629552712,52.66,C,C,FAST
ZENTEC.NS,1614.300048828125,2026-10-06T18:18:25.566299+05:30,WAITING FOR 0.786,2026-09-03,1866.4000244140625,2026-10-01,1550.0,,1798.6904191894532,1708.2000122070312,1948.6640307617188,10.251367794821544,19.0,5.0,14.0,0.0,19.0,26.31578947368421,-2.8325953384334204,-2.8325953384334204,6.947368421052632,4.2,4.0,7.5,80.0,100.0,100.0,-0.4077220562896589,52.6,C,C,FAST
NACLIND.NS,136.6300048828125,2026-10-06T18:18:25.566299+05:30,WAITING FOR 0.786,2026-08-25,185.41000366210935,2026-10-01,126.51000213623048,,172.8054033355713,155.96000289916992,200.7240040588379,20.934182470272468,11.0,3.0,8.0,0.0,11.0,27.27272727272727,-2.449367268048241,-2.449367268048241,1.9090909090909087,1.0,1.0,1.5,100.0,100.0,100.0,-1.283001902310983,52.58,C,C,FAST
APCOTEXIND.NS,610.7000122070312,2026-10-06T18:18:25.566299+05:30,WAITING FOR 0.786,2026-07-30,712.0,2026-09-16,560.8499755859375,,679.6538947753907,636.4249877929688,751.2990063476562,10.145440657137264,8.0,2.0,5.0,1.0,7.0,28.57142857142857,-0.2870420609715838,-0.2870420609715838,16.375,5.5,5.5,11.6,50.0,100.0,100.0,-0.0175292861662035,52.48,C,C,FAST
OBEROIRLTY.NS,1751.800048828125,2026-10-06T18:18:25.566299+05:30,WAITING FOR 0.786,2026-08-18,1960.699951171875,2026-09-16,1660.0,,1896.3501616210935,1810.3499755859373,2038.8819384765625,7.622543331839104,11.0,3.0,7.0,1.0,10.0,30.0,-1.097218675571189,-1.097218675571189,13.818181818181818,10.666666666666666,5.0,8.0,66.66666666666666,66.66666666666666,66.66666666666666,-0.0794039831005465,52.45,C,C,FAST
SHRIRAMPPS.NS,68.12999725341797,2026-10-06T18:18:25.566299+05:30,WAITING FOR 0.786,2026-08-31,80.5,2026-10-01,65.58999633789062,,77.30925921630859,73.04499816894531,84.37660095214844,11.873431534516932,6.0,1.0,4.0,1.0,5.0,20.0,-0.105262756525562,-0.105262756525562,20.666666666666668,0.0,0.0,15.25,100.0,100.0,100.0,-0.0050933591867207,52.34,C,C,FAST
JINDRILL.NS,590.7000122070312,2026-10-06T18:18:25.566299+05:30,WAITING FOR 0.786,2026-09-10,704.4000244140625,2026-10-01,575.6500244140625,,676.8475244140625,640.0250244140625,737.8750244140625,12.7277575967509,11.0,3.0,7.0,1.0,10.0,30.0,-1.2256856046262803,-1.2256856046262803,12.454545454545457,16.666666666666668,3.0,2.857142857142857,66.66666666666666,66.66666666666666,66.66666666666666,-0.0984127127802123,52.25,C,C,FAST
STARCEMENT.NS,176.41000366210938,2026-10-06T18:18:25.566299+05:30,WAITING FOR 0.786,2025-10-15,273.0,2026-09-29,175.1999969482422,,252.07079934692385,224.0999984741211,298.42800079345704,30.015692369302503,13.0,3.0,10.0,0.0,13.0,23.07692307692308,-1.587377956395592,-1.587377956395592,4.461538461538462,2.6666666666666665,2.0,4.3,66.66666666666666,100.0,100.0,-0.3557916109162534,52.25,C,C,FAST
XPROINDIA.NS,1136.0999755859375,2026-10-06T18:18:25.566299+05:30,WAITING FOR 0.786,2026-07-03,1574.800048828125,2026-08-10,995.4000244140624,,1450.8084436035156,1285.1000366210938,1725.4440551757812,21.691937995336293,12.0,3.0,8.0,1.0,11.0,27.27272727272727,-0.7838357259493351,-0.7838357259493351,13.5,5.333333333333333,7.0,10.125,33.33333333333333,100.0,100.0,-0.0580619056258766,52.18,C,C,FAST
VOLTAMP.NS,10539.0,2026-10-06T18:18:25.566299+05:30,WAITING FOR 0.786,2026-05-04,12863.0,2026-05-19,8950.0,,12025.618,10906.5,13880.38,12.36209232656484,13.0,3.0,10.0,0.0,13.0,23.07692307692308,-1.6632363915271542,-1.6632363915271542,3.8461538461538463,5.0,5.0,2.8,66.66666666666666,100.0,100.0,-0.43244146179706,52.13,C,C,FAST
DYCL.NS,446.0499877929688,2026-10-06T18:18:25.566299+05:30,WAITING FOR 0.786,2026-09-01,560.0,2026-09-16,416.6499938964844,,529.3230986938477,488.3249969482422,597.271001586914,15.732000191633958,16.0,3.0,11.0,2.0,14.0,21.428571428571427,-1.896341079117895,-1.896341079117895,10.3125,3.0,3.0,2.1818181818181817,100.0,100.0,100.0,-0.1838876197932504,52.11,C,C,FAST
AARON.NS,122.30999755859376,2026-10-06T18:18:25.566299+05:30,WAITING FOR 0.786,2025-10-28,228.0,2026-03-30,106.8000030517578,,202.0632006530762,167.4000015258789,259.511999206543,39.46943472968703,16.0,4.0,12.0,0.0,16.0,25.0,-2.8221272237590416,-2.8221272237590416,5.5625,0.75,1.0,6.666666666666667,100.0,100.0,100.0,-0.5073487143836479,52.09,C,C,FAST
DELTAMAGNT.NS,56.2400016784668,2026-10-06T18:18:25.566299+05:30,WAITING FOR 0.786,2025-12-01,84.5999984741211,2026-03-30,45.5099983215332,,76.23473844146729,65.05499839782715,94.76339851379394,26.22785513765796,8.0,3.0,5.0,0.0,8.0,37.5,-4.787023466546543,-4.787023466546543,5.625,2.0,2.0,7.6,100.0,100.0,100.0,-0.8510263940527187,52.02,C,C,FAST
BFUTILITIE.NS,498.8999938964844,2026-10-06T18:18:25.566299+05:30,WAITING FOR 0.786,2025-10-08,834.0,2026-03-30,368.7000122070313,,734.4258026123048,601.3500061035156,954.977996826172,32.06938098825919,8.0,2.0,5.0,1.0,7.0,28.57142857142857,-2.5008667549819297,-2.5008667549819297,12.5,4.5,4.5,5.6,50.0,100.0,100.0,-0.2000693403985543,52.02,C,C,FAST
HGINFRA.NS,417.2000122070313,2026-10-06T18:18:25.566299+05:30,WAITING FOR 0.786,2025-10-03,976.4500122070312,2026-10-06,398.5499877929688,,852.779406982422,687.5,1126.7040185546875,51.0776164631716,7.0,1.0,5.0,1.0,6.0,16.666666666666664,0.4604336145469243,0.4604336145469243,12.571428571428571,0.0,0.0,4.2,100.0,100.0,100.0,0.0366254011571417,51.89,C,C,FAST
THANGAMAYL.NS,4758.5,2026-10-06T18:18:25.566299+05:30,WAITING FOR 0.786,2026-07-28,7430.0,2026-10-05,4721.0,,6850.273999999999,6075.5,8134.34,30.535625290316847,17.0,5.0,12.0,0.0,17.0,29.411764705882355,0.3864784663735354,0.3864784663735354,6.882352941176471,11.0,6.0,4.416666666666667,40.0,60.0,80.0,0.0561549908405991,51.87,C,C,FAST
DJML.NS,73.87000274658203,2026-10-06T18:18:25.566299+05:30,WAITING FOR 0.786,2026-07-03,124.8000030517578,2026-08-28,67.56999969482422,,112.55278233337404,96.18500137329102,139.67980392456053,34.36856804855887,8.0,2.0,6.0,0.0,8.0,25.0,-1.6981004545086749,-1.6981004545086749,8.5,4.5,4.5,9.5,50.0,100.0,100.0,-0.1997765240598441,51.85,C,C,FAST
WIPL.NS,161.64999389648438,2026-10-06T18:18:25.566299+05:30,WAITING FOR 0.786,2025-10-30,193.1999969482422,2026-01-20,133.10000610351562,,180.3385989074707,163.1500015258789,208.82599456787108,10.36306432688611,11.0,2.0,8.0,1.0,10.0,20.0,-1.1123424528907175,-1.1123424528907175,10.545454545454543,5.0,5.0,5.125,50.0,100.0,100.0,-0.1054807498430853,51.76,C,C,FAST
ARCHIDPLY.NS,101.66999816894533,2026-10-06T18:18:25.566299+05:30,WAITING FOR 0.786,2026-08-25,124.77999877929688,2026-09-16,97.0500030517578,,118.84577969360352,110.91500091552734,131.98979766845702,14.452159402663783,11.0,3.0,8.0,0.0,11.0,27.27272727272727,-2.98633388610072,-2.98633388610072,4.636363636363637,2.0,1.0,5.0,100.0,100.0,100.0,-0.6441112303354493,51.74,C,C,FAST
ADANIPOWER.NS,202.3999938964844,2026-10-06T18:18:25.566299+05:30,WAITING FOR 0.786,2026-05-29,254.1999969482422,2026-09-29,192.4499969482422,,240.9854969482422,223.3249969482422,270.2549969482422,16.011545732167047,13.0,3.0,8.0,2.0,11.0,27.27272727272727,-0.8575427571582778,-0.8575427571582778,12.923076923076923,8.666666666666666,5.0,1.875,66.66666666666666,66.66666666666666,100.0,-0.0663574752562953,51.74,C,C,FAST
VIKASLIFE.NS,1.2000000476837158,2026-10-06T18:18:25.566299+05:30,WAITING FOR 0.786,2025-10-06,2.2300000190734863,2026-03-30,1.0499999523162842,,1.977480004787445,1.6399999856948853,2.5368000364303587,39.31670384638346,6.0,2.0,4.0,0.0,6.0,33.33333333333333,-3.9828312431260513,-3.9828312431260513,1.6666666666666667,3.0,3.0,0.5,100.0,100.0,100.0,-2.3896987458756307,51.61,C,C,FAST
CARYSIL.NS,1033.0999755859375,2026-10-06T18:18:25.566299+05:30,WAITING FOR 0.786,2026-08-10,1273.0,2026-10-01,995.7000122070312,,1213.6578026123047,1134.3500061035156,1345.0979968261718,14.877161143588452,8.0,2.0,5.0,1.0,7.0,28.57142857142857,-0.8518915316053585,-0.8518915316053585,17.375,6.5,6.5,12.8,50.0,100.0,100.0,-0.0490297284377184,51.6,C,C,FAST
TCPLPACK.NS,4007.89990234375,2026-10-06T18:18:25.566299+05:30,WAITING FOR 0.786,2026-08-12,4410.89990234375,2026-09-16,3655.0,,4249.137323242187,4032.949951171875,4607.433876953125,5.677327008917844,19.0,4.0,15.0,0.0,19.0,21.052631578947366,-2.1320900787257555,-2.1320900787257555,1.7894736842105263,4.25,4.0,0.2666666666666666,75.0,100.0,100.0,-1.191462102817334,51.59,C,C,FAST
GOLDIAM.NS,317.5,2026-10-06T18:18:25.566299+05:30,WAITING FOR 0.786,2026-08-11,398.2000122070313,2026-10-01,302.3999938964844,,377.69880828857424,350.3000030517578,423.10801696777344,15.938310359343358,8.0,2.0,5.0,1.0,7.0,28.57142857142857,-2.791807312049071,-2.791807312049071,15.375,0.0,0.0,12.0,100.0,100.0,100.0,-0.1815809633853054,51.57,C,C,FAST
KOLTEPATIL.NS,433.5499877929688,2026-10-06T18:18:25.566299+05:30,WAITING FOR 0.786,2026-08-11,554.5999755859375,2026-09-16,413.2000122070313,,524.3403834228516,483.8999938964844,591.3639660644532,17.315163679976443,12.0,3.0,8.0,1.0,11.0,27.27272727272727,-0.9628271248338732,-0.9628271248338732,11.916666666666666,12.333333333333334,5.0,5.125,66.66666666666666,66.66666666666666,66.66666666666666,-0.0807966818042411,51.57,C,C,FAST
BEDMUTHA.NS,106.2300033569336,2026-10-06T18:18:25.566299+05:30,WAITING FOR 0.786,2026-02-16,144.0,2026-04-01,94.5500030517578,,133.41770065307617,119.2750015258789,156.85699920654298,20.377878769503223,9.0,3.0,6.0,0.0,9.0,33.33333333333333,-1.9165317394730537,-1.9165317394730537,9.333333333333334,12.666666666666666,2.0,7.0,66.66666666666666,66.66666666666666,66.66666666666666,-0.2053426863721129,51.51,C,C,FAST
INDRAMEDCO.NS,335.1499938964844,2026-10-06T18:18:25.566299+05:30,WAITING FOR 0.786,2025-11-06,640.8499755859375,2026-10-06,327.3500061035156,,573.7609821166992,484.09999084472656,722.3599676513672,41.58717578527899,19.0,5.0,14.0,0.0,19.0,26.31578947368421,-0.4553855811540138,-0.4553855811540138,5.842105263157895,6.4,7.0,5.142857142857143,40.0,80.0,100.0,-0.0779488832605969,51.31,C,C,FAST
MAGNUM.NS,18.190000534057617,2026-10-06T18:18:25.566299+05:30,WAITING FOR 0.786,2025-12-05,28.0,2026-03-24,16.25,,25.4855,22.125,31.055,28.62607940178684,10.0,3.0,7.0,0.0,10.0,30.0,-0.0012478618190923,-0.0012478618190923,6.0,8.0,6.0,4.571428571428571,33.33333333333333,66.66666666666666,100.0,-0.0002079769698487,51.16,C,C,FAST
ACUTAAS.NS,3156.699951171875,2026-10-06T18:18:25.566299+05:30,WAITING FOR 0.786,2026-07-06,3740.0,2026-08-03,3025.0,,3586.99,3382.5,3925.9,11.995853036337564,13.0,3.0,8.0,2.0,11.0,27.27272727272727,-1.464607990857046,-1.464607990857046,12.923076923076923,6.0,6.0,3.0,33.33333333333333,100.0,100.0,-0.1133327611972714,51.12,C,C,FAST
VAISHALI.NS,8.170000076293945,2026-10-06T18:18:25.566299+05:30,WAITING FOR 0.786,2025-10-06,11.880000114440918,2026-03-30,4.75,,10.354180089950562,8.315000057220459,13.733800144195556,21.09466896153866,12.0,3.0,9.0,0.0,12.0,25.0,-2.8174315722142147,-2.8174315722142147,8.333333333333334,1.6666666666666667,1.0,9.88888888888889,100.0,100.0,100.0,-0.3380917886657057,51.1,C,C,FAST
RAINBOW.NS,1239.699951171875,2026-10-06T18:18:25.566299+05:30,WAITING FOR 0.786,2026-08-05,1610.0,2026-10-06,1235.5999755859375,,1529.8783947753907,1422.7999877929688,1707.3440063476562,18.967418887310863,13.0,3.0,9.0,1.0,12.0,25.0,-0.696991089936252,-0.696991089936252,9.384615384615383,5.333333333333333,4.0,4.444444444444445,66.66666666666666,66.66666666666666,100.0,-0.0742695423702563,51.08,C,C,FAST
GANGESSECU.NS,115.81999969482422,2026-10-06T18:18:25.566299+05:30,WAITING FOR 0.786,2025-10-17,178.14999389648438,2026-03-30,103.30999755859376,,162.13423468017578,140.72999572753906,197.60839294433595,28.565364419618422,18.0,4.0,14.0,0.0,18.0,22.22222222222222,-2.832596585094302,-2.832596585094302,1.9444444444444444,3.75,3.5,0.5714285714285714,75.0,100.0,100.0,-1.456763958048498,50.96,C,C,FAST
INCREDIBLE.NS,31.420000076293945,2026-10-06T18:18:25.566299+05:30,WAITING FOR 0.786,2025-12-09,45.59999847412109,2026-03-30,28.100000381469727,,41.8549988822937,36.84999942779541,50.14999797821045,24.931308289711048,7.0,2.0,5.0,0.0,7.0,28.57142857142857,1.9289170254138028,1.9289170254138028,4.142857142857143,7.0,7.0,2.6,50.0,50.0,100.0,0.4656006613067799,50.94,C,C,FAST
DATAMATICS.NS,771.2000122070312,2026-10-06T18:18:25.566299+05:30,WAITING FOR 0.786,2025-10-31,1010.0,2026-03-30,632.0,,929.108,821.0,1108.28,16.99565473475298,17.0,4.0,13.0,0.0,17.0,23.52941176470588,-3.189553669108725,-3.189553669108725,5.882352941176471,1.75,0.5,6.538461538461538,75.0,100.0,100.0,-0.5422241237484832,50.93,C,C,FAST
ABBOTINDIA.NS,26115.0,2026-10-06T18:18:25.566299+05:30,WAITING FOR 0.786,2025-11-25,30655.0,2026-09-11,25135.0,,29473.72,27895.0,32090.2,11.395643305290276,9.0,3.0,5.0,1.0,8.0,37.5,-1.4349575945051227,-1.4349575945051227,12.444444444444445,9.0,6.0,4.6,33.33333333333333,66.66666666666666,100.0,-0.1153090924155902,50.92,C,C,FAST
DCI.NS,343.04998779296875,2026-10-06T18:18:25.566299+05:30,WAITING FOR 0.786,2026-08-31,424.3999938964844,2026-09-15,251.1499938964844,,387.32449389648434,337.7749938964844,469.44499389648433,11.430856246170768,14.0,4.0,10.0,0.0,14.0,28.57142857142857,-3.878800719504251,-3.878800719504251,5.214285714285714,1.75,1.0,6.2,100.0,100.0,100.0,-0.7438795900419111,50.87,C,C,FAST
AMDIND.NS,52.72999954223633,2026-10-06T18:18:25.566299+05:30,WAITING FOR 0.786,2026-09-15,74.38999938964844,2026-10-06,50.5,,69.27753952026367,62.44499969482422,80.60139923095703,23.88586559600199,7.0,2.0,5.0,0.0,7.0,28.57142857142857,-3.2844543426738,-3.2844543426738,13.0,3.0,3.0,16.4,100.0,100.0,100.0,-0.2526503340518308,50.8,C,C,FAST
ALLDIGI.NS,768.0999755859375,2026-10-06T18:18:25.566299+05:30,WAITING FOR 0.786,2026-02-03,1000.0,2026-03-30,700.0,,935.8,850.0,1078.0,17.920498441340293,15.0,3.0,11.0,1.0,14.0,21.428571428571427,-2.7862523556249594,-2.7862523556249594,8.2,0.0,0.0,5.0,100.0,100.0,100.0,-0.3397868726371902,50.72,C,C,FAST
BOROLTD.NS,286.8500061035156,2026-10-06T18:18:25.566299+05:30,WAITING FOR 0.786,2025-11-04,363.3999938964844,2026-03-23,213.72999572753903,,331.3706142883301,288.5649948120117,402.31419342041016,13.435291563323863,8.0,1.0,4.0,3.0,5.0,20.0,-1.1437688912167596,-1.1437688912167596,23.25,0.0,0.0,0.0,100.0,100.0,100.0,-0.0491943609125488,50.71,C,C,FAST
MCLEODRUSS.NS,42.59999847412109,2026-10-06T18:18:25.566299+05:30,WAITING FOR 0.786,2026-08-26,51.93999862670898,2026-09-16,40.36000061035156,,49.4618790512085,46.14999961853027,54.95079811096191,13.87306893452878,11.0,3.0,7.0,1.0,10.0,30.0,-2.243113054954744,-2.243113054954744,12.363636363636363,5.0,1.0,8.0,66.66666666666666,66.66666666666666,100.0,-0.1814282617978101,50.66,C,C,FAST
SWANCORP.NS,268.8500061035156,2026-10-06T18:18:25.566299+05:30,WAITING FOR 0.786,2025-12-29,493.6000061035156,2026-10-05,261.70001220703125,,443.973407409668,377.65000915527344,553.8940045166016,39.44456996375023,11.0,3.0,8.0,0.0,11.0,27.27272727272727,-1.5429750815148446,-1.5429750815148446,8.727272727272727,8.0,0.0,8.0,66.66666666666666,66.66666666666666,66.66666666666666,-0.1767992280902426,50.66,C,C,FAST
WEWIN.NS,51.91999816894531,2026-10-06T18:18:25.566299+05:30,WAITING FOR 0.786,2026-06-03,59.58000183105469,2026-09-17,40.0,,55.389881439208985,49.790000915527344,64.67080230712891,6.264471380159764,13.0,4.0,9.0,0.0,13.0,30.76923076923077,-3.047534896989987,-3.047534896989987,8.461538461538462,9.0,2.5,7.666666666666667,75.0,75.0,75.0,-0.3601632150988166,50.55,C,C,FAST
ADFFOODS.NS,293.1000061035156,2026-10-06T18:18:25.566299+05:30,WAITING FOR 0.786,2026-07-02,346.95001220703125,2026-09-16,248.8000030517578,,325.9459102478028,297.87500762939453,372.4690145874024,10.077102706800588,15.0,3.0,11.0,1.0,14.0,21.428571428571427,-2.942461835064776,-2.942461835064776,7.0,2.0,1.0,3.0,100.0,100.0,100.0,-0.4203516907235394,50.47,C,C,FAST
WILLAMAGOR.NS,21.8799991607666,2026-10-06T18:18:25.566299+05:30,WAITING FOR 0.786,2025-10-03,37.0,2026-10-01,20.530000686645508,,33.47542014694214,28.765000343322757,41.28219982147217,34.63861225722283,17.0,4.0,13.0,0.0,17.0,23.52941176470588,-3.5082116053430354,-3.5082116053430354,5.588235294117647,0.5,0.5,6.307692307692308,100.0,100.0,100.0,-0.6277852346403326,50.43,C,C,FAST
DONEAR.NS,80.38999938964844,2026-10-06T18:18:25.566299+05:30,WAITING FOR 0.786,2025-11-27,116.51000213623048,2026-01-27,77.5999984741211,,108.18326135253906,97.05500030517578,126.62660308837891,25.69090783122182,13.0,3.0,10.0,0.0,13.0,23.07692307692308,-0.643214918287216,-0.643214918287216,5.6923076923076925,5.0,3.0,5.4,66.66666666666666,66.66666666666666,100.0,-0.1129972153747811,50.39,C,C,FAST
GILLETTE.NS,7057.0,2026-10-06T18:18:25.566299+05:30,WAITING FOR 0.786,2025-10-01,9933.0,2026-10-01,6860.0,,9275.378,8396.5,10731.98,23.916847378079904,8.0,1.0,5.0,2.0,6.0,16.666666666666664,-0.5207780253279991,-0.5207780253279991,17.375,2.0,2.0,2.8,100.0,100.0,100.0,-0.0299728359901006,50.35,C,C,FAST
TARACHAND.NS,46.41999816894531,2026-10-06T18:18:25.566299+05:30,WAITING FOR 0.786,2025-10-14,103.66999816894533,2026-09-23,45.15999984741211,,91.1488585281372,74.41499900817871,118.88259773254394,49.07232090611899,15.0,4.0,11.0,0.0,15.0,26.666666666666668,-2.782548674214613,-2.782548674214613,10.066666666666666,9.5,3.5,9.636363636363637,75.0,75.0,75.0,-0.276412119955094,50.32,C,C,FAST
AUTOAXLES.NS,1638.0999755859375,2026-10-06T18:18:25.566299+05:30,WAITING FOR 0.786,2026-02-04,2115.0,2026-03-30,1540.199951171875,,1991.9927895507813,1827.5999755859373,2264.4480126953126,17.765767819101942,10.0,2.0,8.0,0.0,10.0,20.0,-2.063732411159489,-2.063732411159489,1.5,0.5,0.5,1.0,100.0,100.0,100.0,-1.3758216074396596,50.28,C,C,FAST
GRSE.NS,2137.300048828125,2026-10-06T18:18:25.566299+05:30,WAITING FOR 0.786,2026-04-29,3339.0,2026-10-01,2077.0,,3068.932,2708.0,3667.12,30.356878261619187,19.0,4.0,15.0,0.0,19.0,21.052631578947366,-1.3815884702598924,-1.3815884702598924,6.526315789473684,7.75,4.5,5.6,75.0,75.0,100.0,-0.2116950075398222,50.26,C,C,FAST
VIMTALABS.NS,577.4000244140625,2026-10-06T18:18:25.566299+05:30,WAITING FOR 0.786,2025-10-07,774.7000122070312,2026-03-30,376.0499877929688,,689.3889069824219,575.375,878.3490185546875,16.24465978986443,17.0,4.0,13.0,0.0,17.0,23.52941176470588,-2.0478147683031787,-2.0478147683031787,8.117647058823529,10.75,3.5,6.6923076923076925,50.0,75.0,75.0,-0.2522670366750292,50.21,C,C,FAST
MMFL.NS,579.1500244140625,2026-10-06T18:18:25.566299+05:30,WAITING FOR 0.786,2026-08-18,687.9500122070312,2026-10-05,548.0,,658.0007095947266,617.9750061035156,724.3370153808594,11.98337388256458,9.0,2.0,7.0,0.0,9.0,22.22222222222222,-2.0389415870290666,-2.0389415870290666,6.888888888888889,3.5,3.5,7.285714285714286,50.0,100.0,100.0,-0.2959753916655096,50.2,C,C,FAST
UNICHEMLAB.NS,548.0999755859375,2026-10-06T18:18:25.566299+05:30,WAITING FOR 0.786,2026-07-09,687.2000122070312,2026-08-07,482.2999877929688,,643.3514069824218,584.75,740.4740185546875,14.80550603646801,9.0,2.0,6.0,1.0,8.0,25.0,-2.766113043040311,-2.766113043040311,13.444444444444445,3.5,3.5,8.166666666666666,50.0,100.0,100.0,-0.2057439453501058,50.18,C,C,FAST
DEEPINDS.NS,748.9500122070312,2026-10-06T18:18:25.566299+05:30,WAITING FOR 0.786,2026-09-09,825.0,2026-10-01,720.7000122070312,,802.6798026123047,772.8500061035156,852.1179968261719,6.693801218170801,25.0,5.0,20.0,0.0,25.0,20.0,-2.177174790895632,-2.177174790895632,5.04,7.4,4.0,3.7,60.0,80.0,80.0,-0.4319791251777047,50.1,C,C,FAST
KITEX.NS,118.95999908447266,2026-10-06T18:18:25.566299+05:30,WAITING FOR 0.786,2026-07-01,162.89999389648438,2026-09-29,114.36000061035156,,152.51243533325197,138.62999725341797,175.5203921508789,21.99980360648267,10.0,2.0,7.0,1.0,9.0,22.22222222222222,-2.7921874993687794,-2.7921874993687794,11.2,1.5,1.5,6.285714285714286,100.0,100.0,100.0,-0.2493024553007839,50.03,C,C,FAST
WENDT.NS,8097.5,2026-10-06T18:18:25.566299+05:30,WAITING FOR 0.786,2026-09-15,9100.0,2026-10-01,7950.0,,8853.9,8525.0,9399.0,8.543127887145774,13.0,3.0,10.0,0.0,13.0,23.07692307692308,-0.9775694582393304,-0.9775694582393304,5.307692307692308,10.333333333333334,0.0,2.8,66.66666666666666,66.66666666666666,66.66666666666666,-0.184179753001613,49.87,C,C,FAST
NAGREEKEXP.NS,21.96999931335449,2026-10-06T18:18:25.566299+05:30,WAITING FOR 0.786,2025-10-10,35.900001525878906,2026-03-30,17.5,,31.96240119934082,26.700000762939453,40.68400192260742,31.26298873375136,8.0,2.0,6.0,0.0,8.0,25.0,-2.9920038879210287,-2.9920038879210287,8.625,4.5,4.5,9.666666666666666,50.0,100.0,100.0,-0.3468990014980903,49.82,C,C,FAST
CDSL.NS,1263.4000244140625,2026-10-06T18:18:25.566299+05:30,WAITING FOR 0.786,2025-12-01,1638.9000244140625,2026-03-30,1116.300048828125,,1527.063629638672,1377.6000366210938,1774.7760180664063,17.266052318134022,13.0,4.0,9.0,0.0,13.0,30.76923076923077,0.0026161291660983,0.0026161291660983,11.076923076923077,13.5,6.5,9.444444444444445,50.0,50.0,75.0,0.0002361783274949,49.81,C,C,FAST
CREDITACC.NS,1265.800048828125,2026-10-06T18:18:25.566299+05:30,WAITING FOR 0.786,2026-09-04,1468.0,2026-09-29,1209.0999755859375,,1412.5953947753906,1338.5499877929688,1535.3140063476562,10.391889035614952,13.0,3.0,10.0,0.0,13.0,23.07692307692308,-3.2231026072464126,-3.2231026072464126,4.769230769230769,0.6666666666666666,0.0,5.2,100.0,100.0,100.0,-0.6758118370032801,49.69,C,C,FAST
FOSECOIND.NS,6440.0,2026-10-06T18:18:25.566299+05:30,WAITING FOR 0.786,2026-09-17,7389.5,2026-10-05,6250.5,,7145.754,6820.0,7685.64,9.87655046619293,16.0,3.0,12.0,1.0,15.0,20.0,-0.969099328487574,-0.969099328487574,8.1875,16.0,3.0,1.0833333333333333,66.66666666666666,66.66666666666666,66.66666666666666,-0.1183632767618411,49.65,C,C,FAST
ALANKIT.NS,7.579999923706055,2026-10-06T18:18:25.566299+05:30,WAITING FOR 0.786,2025-10-29,12.989999771118164,2026-03-30,6.800000190734863,,11.665339860916138,9.894999980926514,14.599399662017822,35.02118228803358,6.0,1.0,4.0,1.0,5.0,20.0,0.0625002294202512,0.0625002294202512,11.666666666666666,6.0,6.0,0.0,0.0,100.0,100.0,0.0053571625217358,49.6,C,C,FAST
HPL.NS,272.70001220703125,2026-10-06T18:18:25.566299+05:30,WAITING FOR 0.786,2025-11-17,479.8999938964844,2026-03-30,255.5500030517578,,431.88909585571287,367.7249984741211,538.2309915161134,36.85878740079701,14.0,3.0,10.0,1.0,13.0,23.07692307692308,-1.1656084539777165,-1.1656084539777165,11.428571428571429,6.666666666666667,5.0,7.5,66.66666666666666,66.66666666666666,100.0,-0.1019907397230501,49.58,C,C,FAST
KOTHARIPRO.NS,64.63999938964844,2026-10-06T18:18:25.566299+05:30,WAITING FOR 0.786,2025-10-14,100.41999816894533,2026-03-30,58.0,,91.34211856079102,79.20999908447266,111.4491976928711,29.23308501255255,11.0,3.0,8.0,0.0,11.0,27.27272727272727,-4.374754742855461,-4.374754742855461,7.818181818181818,0.6666666666666666,1.0,9.875,100.0,100.0,100.0,-0.5595616531559311,49.57,C,C,FAST
SIYSIL.NS,553.4500122070312,2026-10-06T18:18:25.566299+05:30,WAITING FOR 0.786,2025-11-04,848.7999877929688,2026-03-30,433.3500061035156,,759.8936917114258,641.0749969482422,956.8169830322264,27.16744220358561,8.0,2.0,6.0,0.0,8.0,25.0,-3.214340812831109,-3.214340812831109,9.375,1.0,1.0,12.166666666666666,100.0,100.0,100.0,-0.3428630200353183,49.48,C,C,FAST
EIDPARRY.NS,699.2000122070312,2026-10-06T18:18:25.566299+05:30,WAITING FOR 0.786,2025-10-28,1118.0,2026-10-01,672.2999877929688,,1022.6201973876952,895.1499938964844,1233.8820031738285,31.626618172303623,12.0,3.0,9.0,0.0,12.0,25.0,-1.7380891238575644,-1.7380891238575644,11.833333333333334,15.666666666666666,0.0,9.77777777777778,66.66666666666666,66.66666666666666,66.66666666666666,-0.1468807710302167,49.45,C,C,FAST
MIRZAINT.NS,27.71999931335449,2026-10-06T18:18:25.566299+05:30,WAITING FOR 0.786,2026-08-05,34.5,2026-10-06,27.36000061035156,,32.972040130615234,30.93000030517578,36.356399841308594,15.928771154151638,9.0,2.0,7.0,0.0,9.0,22.22222222222222,-2.530471314082484,-2.530471314082484,1.5555555555555556,0.0,0.0,1.0,100.0,100.0,100.0,-1.6267315590530254,49.44,C,C,FAST
ZYDUSWELL.NS,502.3999938964844,2026-10-06T18:18:25.566299+05:30,WAITING FOR 0.786,2026-07-20,611.8499755859375,2026-10-05,482.0,,584.0620808105468,546.9249877929688,645.6109692382813,13.981747762281335,7.0,1.0,4.0,2.0,5.0,20.0,-1.9556351798892704,-1.9556351798892704,20.857142857142858,0.0,0.0,5.0,100.0,100.0,100.0,-0.0937633305426362,49.44,C,C,FAST
CSLFINANCE.NS,207.47999572753903,2026-10-06T18:18:25.566299+05:30,WAITING FOR 0.786,2025-12-23,324.70001220703125,2026-10-01,205.0,,299.0842095947266,264.8500061035156,355.8220153808594,30.628234767497624,10.0,2.0,8.0,0.0,10.0,20.0,-2.6169891477042118,-2.6169891477042118,3.0,4.0,4.0,1.875,50.0,100.0,100.0,-0.8723297159014037,49.41,C,C,FAST
BLUESTARCO.NS,1571.5,2026-10-06T18:18:25.566299+05:30,WAITING FOR 0.786,2026-07-15,1763.199951171875,2026-09-09,1432.300048828125,,1692.3873720703125,1597.75,1849.23392578125,7.143008395437854,18.0,4.0,13.0,1.0,17.0,23.52941176470588,-2.5999536384173005,-2.5999536384173005,14.333333333333334,5.0,4.0,13.461538461538462,75.0,75.0,100.0,-0.1813921143081837,49.35,C,C,FAST
SOMICONVEY.NS,84.05000305175781,2026-10-06T18:18:25.566299+05:30,WAITING FOR 0.786,2025-10-06,169.39999389648438,2026-08-18,80.16000366210938,,150.30263598632814,124.77999877929688,192.60239135742188,44.079488360135485,13.0,3.0,10.0,0.0,13.0,23.07692307692308,-3.5009919323937586,-3.5009919323937586,6.538461538461538,1.0,1.0,7.8,100.0,100.0,100.0,-0.5354458249543396,49.26,C,C,FAST
SINTERCOM.NS,76.93000030517578,2026-10-06T18:18:25.566299+05:30,WAITING FOR 0.786,2025-12-01,126.9800033569336,2026-03-30,62.9900016784668,,113.2861429977417,94.9850025177002,143.61740379333497,32.092312202111664,14.0,3.0,11.0,0.0,14.0,21.428571428571427,-0.9529513146344504,-0.9529513146344504,2.4285714285714284,6.666666666666667,1.0,0.2727272727272727,66.66666666666666,66.66666666666666,100.0,-0.392391717790656,49.25,C,C,FAST
GAYAHWS.NS,1.7799999713897705,2026-10-06T18:18:25.566299+05:30,WAITING FOR 0.786,2025-11-13,4.199999809265137,2026-10-06,1.690000057220459,,3.662859862327576,2.944999933242798,4.852599744796753,51.40409302313127,12.0,4.0,8.0,0.0,12.0,33.33333333333333,-4.220119259804532,-4.220119259804532,21.416666666666668,5.5,6.0,29.25,25.0,100.0,100.0,-0.1970483701076046,49.24,C,C,FAST
UMESLTD.NS,4.449999809265137,2026-10-06T18:18:25.566299+05:30,WAITING FOR 0.786,2026-08-12,6.510000228881836,2026-09-18,3.759999990463257,,5.92150017786026,5.135000109672546,7.225000290870666,24.85012791347836,7.0,2.0,5.0,0.0,7.0,28.57142857142857,-2.374240784563012,-2.374240784563012,14.857142857142858,6.0,6.0,18.2,0.0,100.0,100.0,-0.1598046681917411,49.22,C,C,FAST
PATANJALI.NS,363.0,2026-10-06T18:18:25.566299+05:30,WAITING FOR 0.786,2025-10-31,614.0499877929688,2026-07-15,328.20001220703125,,552.8780930175781,471.125,688.3709814453125,34.34357327873744,13.0,3.0,9.0,1.0,12.0,25.0,-1.9613152721668037,-1.9613152721668037,15.384615384615383,14.0,1.0,10.666666666666666,66.66666666666666,66.66666666666666,66.66666666666666,-0.1274854926908422,49.1,C,C,FAST
MAGADSUGAR.NS,552.4500122070312,2026-10-06T18:18:25.566299+05:30,WAITING FOR 0.786,2026-08-24,634.9500122070312,2026-09-21,487.2000122070313,,603.3315122070312,561.0750122070312,673.3650122070312,8.433423245848983,8.0,1.0,5.0,2.0,6.0,16.666666666666664,-1.3597121443057985,-1.3597121443057985,18.125,0.0,0.0,3.6,100.0,100.0,100.0,-0.0750186010651475,49.04,C,C,FAST
HDFCAMC.NS,2352.39990234375,2026-10-06T18:18:25.566299+05:30,WAITING FOR 0.786,2026-07-06,2838.39990234375,2026-09-29,2223.300048828125,,2706.7685336914064,2530.849975585937,2998.325864257813,13.091944395569708,8.0,1.0,6.0,1.0,7.0,14.285714285714285,-0.756163064542628,-0.756163064542628,18.0,5.0,5.0,12.833333333333334,100.0,100.0,100.0,-0.0420090591412571,49.03,C,C,FAST
PANSARI.NS,265.70001220703125,2026-10-06T18:18:25.566299+05:30,WAITING FOR 0.786,2026-08-19,377.0,2026-10-05,250.6000061035156,,349.95040130615234,313.8000030517578,409.86399841308594,24.074951417305297,7.0,1.0,4.0,2.0,5.0,20.0,-2.2419336670097594,-2.2419336670097594,18.571428571428573,4.0,4.0,0.0,100.0,100.0,100.0,-0.1207195051466793,49.0,C,C,FAST
VENTIVE.NS,582.3499755859375,2026-10-06T18:18:25.566299+05:30,WAITING FOR 0.786,2026-02-03,793.9500122070312,2026-03-30,542.5999755859375,,740.1611043701172,668.2749938964844,859.3010217285157,21.321186408258804,9.0,2.0,7.0,0.0,9.0,22.22222222222222,-2.8192749011174136,-2.8192749011174136,8.333333333333334,0.5,0.5,10.142857142857142,100.0,100.0,100.0,-0.3383129881340896,48.98,C,C,FAST
HINDZINC.NS,557.6500244140625,2026-10-06T18:18:25.566299+05:30,WAITING FOR 0.786,2026-01-27,733.0,2026-03-23,484.0,,679.7139999999999,608.5,797.74,17.958137626404262,7.0,2.0,5.0,0.0,7.0,28.57142857142857,-4.468560690443856,-4.468560690443856,9.857142857142858,2.5,2.5,12.2,100.0,100.0,100.0,-0.4533322439580723,48.95,C,C,FAST
LINDEINDIA.NS,6152.5,2026-10-06T18:18:25.566299+05:30,WAITING FOR 0.786,2026-05-07,8049.0,2026-10-05,5991.0,,7608.588,7020.0,8584.08,19.13742733868623,6.0,1.0,4.0,1.0,5.0,20.0,-2.336424637535544,-2.336424637535544,10.833333333333334,1.0,1.0,0.25,100.0,100.0,100.0,-0.2156699665417425,48.85,C,C,FAST
BSL.NS,119.76000213623048,2026-10-06T18:18:25.566299+05:30,WAITING FOR 0.786,2025-11-11,205.0,2026-03-30,98.0,,182.102,151.5,232.82,34.234658523118654,12.0,3.0,8.0,1.0,11.0,27.27272727272727,-2.9482558678108064,-2.9482558678108064,8.416666666666666,4.333333333333333,6.0,2.5,33.33333333333333,100.0,100.0,-0.3502878258785116,48.8,C,C,FAST
SBGLP.NS,22.780000686645508,2026-10-06T18:18:25.566299+05:30,WAITING FOR 0.786,2026-01-29,40.0,2026-03-30,18.350000381469727,,35.366900081634526,29.175000190734863,45.628999900817874,35.589490076698006,8.0,2.0,6.0,0.0,8.0,25.0,-1.829314993971848,-1.829314993971848,6.5,5.5,5.5,6.5,50.0,100.0,100.0,-0.2814330759956688,48.64,C,C,FAST
RKFORGE.NS,732.6500244140625,2026-10-06T18:18:25.566299+05:30,WAITING FOR 0.786,2026-08-19,772.7999877929688,2026-09-16,659.0999755859375,,748.468185180664,715.9499816894531,802.3619909667968,2.1134045614488426,11.0,2.0,8.0,1.0,10.0,20.0,-1.188736374139491,-1.188736374139491,13.727272727272728,5.5,5.5,9.5,50.0,100.0,100.0,-0.0865966895068503,48.64,C,C,FAST
ARMANFIN.NS,1743.699951171875,2026-10-06T18:18:25.566299+05:30,WAITING FOR 0.786,2026-08-13,2158.60009765625,2026-09-28,1666.199951171875,,2053.226466308594,1912.4000244140625,2286.624135742188,15.075127864156316,14.0,3.0,11.0,0.0,14.0,21.428571428571427,-1.3531948131337532,-1.3531948131337532,4.785714285714286,7.0,5.0,3.636363636363636,66.66666666666666,66.66666666666666,100.0,-0.282757125132426,48.62,C,C,FAST
SREEL.NS,286.8500061035156,2026-10-06T18:18:25.566299+05:30,WAITING FOR 0.786,2026-09-10,400.0,2026-09-30,282.0,,374.748,341.0,430.68,23.455226951573955,8.0,1.0,6.0,1.0,7.0,14.285714285714285,-1.027977600434396,-1.027977600434396,9.0,2.0,2.0,0.8333333333333334,100.0,100.0,100.0,-0.1142197333815995,48.61,C,C,FAST
BALAXI.NS,22.670000076293945,2026-10-06T18:18:25.566299+05:30,WAITING FOR 0.786,2025-10-03,45.34000015258789,2026-03-27,15.199999809265137,,38.89004007911682,30.269999980926517,53.17640024185181,41.70743966790797,6.0,1.0,4.0,1.0,5.0,20.0,-2.5148171472260805,-2.5148171472260805,15.833333333333334,3.0,3.0,7.0,100.0,100.0,100.0,-0.1588305566669103,48.57,C,C,FAST
SAREGAMA.NS,503.7000122070313,2026-10-06T18:18:25.566299+05:30,WAITING FOR 0.786,2026-08-05,574.5,2026-09-29,473.0,,552.779,523.75,600.89,8.878591225963495,9.0,2.0,6.0,1.0,8.0,25.0,-3.828713738353131,-3.828713738353131,13.0,4.5,4.5,7.0,50.0,100.0,100.0,-0.2945164414117793,48.52,C,C,FAST
NESCO.NS,1037.0999755859375,2026-10-06T18:18:25.566299+05:30,WAITING FOR 0.786,2025-10-08,1422.800048828125,2026-03-30,996.0,,1331.4648383789065,1209.4000244140625,1533.7680615234376,22.10834671018168,13.0,3.0,9.0,1.0,12.0,25.0,-0.4139550901536843,-0.4139550901536843,10.23076923076923,8.0,6.0,4.777777777777778,33.33333333333333,66.66666666666666,100.0,-0.0404617757293074,48.52,C,C,FAST
WINDLAS.NS,1036.199951171875,2026-10-06T18:18:25.566299+05:30,WAITING FOR 0.786,2026-09-07,1181.9000244140625,2026-10-06,1000.0,,1142.9734191894531,1090.9500122070312,1229.1940307617188,9.341728007401713,11.0,2.0,8.0,1.0,10.0,20.0,-3.1865982089660743,-3.1865982089660743,8.0,3.5,3.5,1.875,100.0,100.0,100.0,-0.3983247761207593,48.52,C,C,FAST
TGBHOTELS.NS,9.369999885559082,2026-10-06T18:18:25.566299+05:30,WAITING FOR 0.786,2025-10-03,12.800000190734863,2026-03-30,7.5,,11.665800149917605,10.150000095367432,14.178000240325929,19.67974965158936,8.0,2.0,6.0,0.0,8.0,25.0,-3.842635096498937,-3.842635096498937,6.25,2.5,2.5,7.166666666666667,100.0,100.0,100.0,-0.6148216154398299,48.5,C,C,FAST
GICL.NS,21.049999237060547,2026-10-06T18:18:25.566299+05:30,WAITING FOR 0.786,2025-10-01,166.5,2026-07-09,15.609999656677246,,134.20953992652892,91.05499982833862,205.73140008926396,84.31557156921626,16.0,4.0,11.0,1.0,15.0,26.666666666666668,-2.0490477548210304,-2.0490477548210304,10.125,7.75,7.0,6.363636363636363,0.0,75.0,100.0,-0.2023750868959042,48.47,C,C,FAST
VSTIND.NS,202.63999938964844,2026-10-06T18:18:25.566299+05:30,WAITING FOR 0.786,2026-07-13,245.4499969482422,2026-10-01,200.1000061035156,,235.74509890747072,222.7750015258789,257.2409945678711,14.04275196864896,6.0,1.0,4.0,1.0,5.0,20.0,-2.589373274890713,-2.589373274890713,21.166666666666668,0.0,0.0,16.25,100.0,100.0,100.0,-0.1223325956641281,48.45,C,C,FAST
MOTHERSON.NS,160.0,2026-10-06T18:18:25.566299+05:30,WAITING FOR 0.786,2026-08-19,173.27000427246094,2026-10-01,153.80999755859375,,169.10556283569335,163.54000091552734,178.3296060180664,5.3845436442209245,6.0,1.0,4.0,1.0,5.0,20.0,-2.6797515327807915,-2.6797515327807915,19.33333333333333,4.0,4.0,12.25,100.0,100.0,100.0,-0.1386078379024547,48.31,C,C,FAST
SUPRAJIT.NS,471.2000122070313,2026-10-06T18:18:25.566299+05:30,WAITING FOR 0.786,2026-08-10,559.25,2026-10-06,457.7999877929688,,537.5396973876954,508.5249938964844,585.6270031738281,12.34135553207659,7.0,1.0,5.0,1.0,6.0,16.666666666666664,-1.832322161651594,-1.832322161651594,13.571428571428571,0.0,0.0,6.2,100.0,100.0,100.0,-0.1350132119111701,48.3,C,C,FAST
PNCINFRA.NS,138.74000549316406,2026-10-06T18:18:25.566299+05:30,WAITING FOR 0.786,2025-10-03,295.8999938964844,2026-09-16,116.4000015258789,,257.4869955291748,206.14999771118164,342.56999191284183,46.11766500749589,6.0,1.0,4.0,1.0,5.0,20.0,-2.7338885361781333,-2.7338885361781333,10.833333333333334,1.0,1.0,0.0,100.0,100.0,100.0,-0.2523589418010584,48.23,C,C,FAST
WAAREEINDO.NS,208.0500030517578,2026-10-06T18:18:25.566299+05:30,WAITING FOR 0.786,2025-10-13,725.0,2026-10-01,199.4600067138672,,612.5344414367676,462.2300033569336,861.6403982543945,66.03456247068273,7.0,2.0,4.0,1.0,6.0,33.33333333333333,-4.235211222510523,-4.235211222510523,12.428571428571429,5.5,5.5,3.25,50.0,100.0,100.0,-0.3407641213514214,48.22,C,C,FAST
GUFICBIO.NS,427.7999877929688,2026-10-06T18:18:25.566299+05:30,WAITING FOR 0.786,2026-09-07,467.7999877929688,2026-10-01,400.0,,453.2907904052735,433.8999938964844,485.4279846191406,5.623498900013868,16.0,2.0,13.0,1.0,15.0,13.333333333333334,-2.346205405024468,-2.346205405024468,9.75,4.0,4.0,5.923076923076923,50.0,100.0,100.0,-0.2406364517973813,48.17,C,C,FAST
INFOMEDIA.NS,5.210000038146973,2026-10-06T18:18:25.566299+05:30,WAITING FOR 0.786,2025-11-10,7.900000095367432,2026-02-16,4.5,,7.1724000749588015,6.200000047683716,8.784000120162965,27.36043745890877,17.0,4.0,13.0,0.0,17.0,23.52941176470588,-3.466186242941516,-3.466186242941516,15.647058823529411,5.25,4.0,18.53846153846154,75.0,75.0,100.0,-0.2215231809398713,48.0,C,C,FAST
TOUCHWOOD.NS,58.95000076293945,2026-10-06T18:18:25.566299+05:30,WAITING FOR 0.786,2026-01-06,113.0,2026-09-30,57.0,,101.016,85.0,127.56,41.64290729890369,13.0,3.0,10.0,0.0,13.0,23.07692307692308,-4.310414498715206,-4.310414498715206,5.538461538461538,1.6666666666666667,2.0,6.5,100.0,100.0,100.0,-0.7782692844902455,48.0,C,C,FAST
DLF.NS,666.0999755859375,2026-10-06T18:18:25.566299+05:30,WAITING FOR 0.786,2025-10-29,786.5,2026-04-02,489.3999938964844,,722.9205986938476,637.9499969482422,863.7460015869141,7.859870532195655,14.0,3.0,10.0,1.0,13.0,23.07692307692308,-2.2838542508290085,-2.2838542508290085,18.285714285714285,17.666666666666668,4.0,14.0,66.66666666666666,66.66666666666666,66.66666666666666,-0.1248982793422114,47.83,C,C,FAST
PNBGILTS.NS,71.41999816894531,2026-10-06T18:18:25.566299+05:30,WAITING FOR 0.786,2026-09-04,85.5,2026-10-06,70.5,,82.29,78.0,89.4,13.20938368095114,16.0,2.0,14.0,0.0,16.0,12.5,-2.3589749608889368,-2.3589749608889368,1.625,3.0,3.0,0.5,100.0,100.0,100.0,-1.4516768990085764,47.81,C,C,FAST
DOMS.NS,2073.199951171875,2026-10-06T18:18:25.566299+05:30,WAITING FOR 0.786,2026-02-05,2755.0,2026-09-29,2020.0,,2597.71,2387.5,2946.1,20.19124724577128,6.0,2.0,4.0,0.0,6.0,33.33333333333333,-1.300205999350268,-1.300205999350268,6.666666666666667,7.0,7.0,5.75,50.0,50.0,100.0,-0.1950308999025402,47.8,C,C,FAST
CENTEXT.NS,17.8799991607666,2026-10-06T18:18:25.566299+05:30,WAITING FOR 0.786,2025-10-10,34.75,2026-03-30,15.670000076293944,,30.666880016326907,25.210000038146973,39.71079998016357,41.69606053420703,13.0,4.0,9.0,0.0,13.0,30.76923076923077,-1.2829314852320306,-1.2829314852320306,5.153846153846154,8.0,7.0,3.2222222222222223,50.0,50.0,100.0,-0.2489270045972596,47.8,C,C,FAST
YASHO.NS,4282.7998046875,2026-10-06T18:18:25.566299+05:30,WAITING FOR 0.786,2026-08-18,4994.0,2026-09-11,3773.0,,4732.706,4383.5,5311.46,9.5063203865294,6.0,1.0,4.0,1.0,5.0,20.0,-1.110431187844678,-1.110431187844678,12.666666666666666,6.0,6.0,1.5,0.0,100.0,100.0,-0.0876656200930009,47.76,C,C,FAST
KIRLFER.NS,472.75,2026-10-06T18:18:25.566299+05:30,WAITING FOR 0.786,2026-06-22,513.0,2026-08-14,428.0,,494.81,470.5,535.1,4.458276914371173,13.0,2.0,11.0,0.0,13.0,15.384615384615383,-2.501743127410425,-2.501743127410425,3.692307692307693,4.0,4.0,2.8181818181818183,50.0,100.0,100.0,-0.6775554303403234,47.74,C,C,FAST
INDIACEM.NS,295.25,2026-10-06T18:18:25.566299+05:30,WAITING FOR 0.786,2026-07-22,416.3999938964844,2026-10-05,290.0,,389.3503952026367,353.1999969482422,449.2639923095703,24.1685629094231,13.0,3.0,10.0,0.0,13.0,23.07692307692308,-0.4280962958068354,-0.4280962958068354,10.846153846153848,8.666666666666666,6.0,11.1,33.33333333333333,66.66666666666666,100.0,-0.0394698712446018,47.73,C,C,FAST
PDMJEPAPER.NS,96.16000366210938,2026-10-06T18:18:25.566299+05:30,WAITING FOR 0.786,2025-10-03,127.18000030517578,2026-03-30,65.0,,113.87348023986816,96.09000015258788,143.3468003845215,15.555401082364693,13.0,2.0,10.0,1.0,12.0,16.666666666666664,-2.883528139248926,-2.883528139248926,10.846153846153848,1.0,1.0,7.3,100.0,100.0,100.0,-0.2658572043279151,47.66,C,C,FAST
BHAGYANGR.NS,432.9500122070313,2026-10-06T18:18:25.566299+05:30,WAITING FOR 0.786,2026-09-18,467.8999938964844,2026-10-05,396.0,,452.51339520263673,431.9499969482422,486.5939923095703,4.323271576710993,17.0,3.0,13.0,1.0,16.0,18.75,-4.112398366549533,-4.112398366549533,7.0,3.0,0.0,3.0,66.66666666666666,100.0,100.0,-0.5874854809356476,47.57,C,C,FAST
RELTD.NS,147.25,2026-10-06T18:18:25.566299+05:30,WAITING FOR 0.786,2026-07-09,196.4499969482422,2026-10-05,138.5,,184.0486976013184,167.4749984741211,211.51699615478515,19.994000544915984,11.0,2.0,9.0,0.0,11.0,18.181818181818183,-3.3367396236929747,-3.3367396236929747,5.454545454545454,1.5,1.5,6.111111111111111,100.0,100.0,100.0,-0.6117355976770454,47.56,C,C,FAST
SKIPPER.NS,551.5,2026-10-06T18:18:25.566299+05:30,WAITING FOR 0.786,2026-09-07,616.7999877929688,2026-10-01,526.5999755859375,,597.497185180664,571.6999816894531,640.2519909667969,7.698309937101368,15.0,3.0,12.0,0.0,15.0,20.0,-2.3563336061781546,-2.3563336061781546,6.066666666666666,20.0,5.0,2.083333333333333,66.66666666666666,66.66666666666666,66.66666666666666,-0.3884066383810145,47.48,C,C,FAST
KEEPLEARN.NS,1.7899999618530271,2026-10-06T18:18:25.566299+05:30,WAITING FOR 0.786,2026-01-06,2.9800000190734863,2026-07-22,1.5099999904632568,,2.6654200129508974,2.245000004768372,3.362200026512146,32.84360614253394,6.0,2.0,4.0,0.0,6.0,33.33333333333333,-4.761959109516241,-4.761959109516241,10.0,6.5,6.5,11.5,50.0,100.0,100.0,-0.476195910951624,47.39,C,C,FAST
MANYAVAR.NS,505.3999938964844,2026-10-06T18:18:25.566299+05:30,WAITING FOR 0.786,2025-10-10,705.0,2026-03-16,329.20001220703125,,624.5788026123047,517.1000061035156,802.7079968261719,19.08146869816174,7.0,1.0,5.0,1.0,6.0,16.666666666666664,-2.4206087030085395,-2.4206087030085395,13.714285714285714,4.0,4.0,5.6,100.0,100.0,100.0,-0.176502717927706,47.38,C,C,FAST
SAMHI.NS,149.72999572753906,2026-10-06T18:18:25.566299+05:30,WAITING FOR 0.786,2025-10-29,217.3000030517578,2026-03-30,127.0,,197.97580239868165,172.1500015258789,240.77800384521484,24.369547230820498,8.0,1.0,6.0,1.0,7.0,14.285714285714285,-1.8453410333753424,-1.8453410333753424,12.75,2.0,2.0,6.0,100.0,100.0,100.0,-0.1447326300686543,47.33,C,C,FAST
JPOLYINVST.NS,923.9000244140624,2026-10-06T18:18:25.566299+05:30,WAITING FOR 0.786,2026-03-10,1487.699951171875,2026-10-05,885.0,,1358.7221616210938,1186.3499755859375,1644.4019384765625,32.002284903356866,18.0,4.0,14.0,0.0,18.0,22.22222222222222,-3.566957275319387,-3.566957275319387,4.5,5.75,3.5,3.571428571428572,50.0,75.0,100.0,-0.7926571722931972,47.32,C,C,FAST
MADRASFERT.NS,58.97999954223633,2026-10-06T18:18:25.566299+05:30,WAITING FOR 0.786,2026-01-08,85.4800033569336,2026-03-30,52.560001373291016,,78.43512293243408,69.0200023651123,94.03920387268067,24.80409625539425,13.0,3.0,9.0,1.0,12.0,25.0,-3.1177106717198244,-3.1177106717198244,9.23076923076923,4.666666666666667,3.0,4.222222222222222,66.66666666666666,66.66666666666666,100.0,-0.3377519894363143,47.3,C,C,FAST
NUCLEUS.NS,638.0499877929688,2026-10-06T18:18:25.566299+05:30,WAITING FOR 0.786,2025-11-06,1064.800048828125,2026-10-06,632.0,,972.1808383789064,848.4000244140625,1177.3280615234376,34.36920759959583,10.0,2.0,8.0,0.0,10.0,20.0,-3.9750267301291258,-3.9750267301291258,5.7,1.5,1.5,6.0,100.0,100.0,100.0,-0.6973731105489694,47.29,C,C,FAST
BRIGADE.NS,569.0999755859375,2026-10-06T18:18:25.566299+05:30,WAITING FOR 0.786,2026-09-15,648.9500122070312,2026-10-01,552.0999755859375,,628.2241043701172,600.5249938964844,674.1310217285156,9.411311723458926,16.0,3.0,13.0,0.0,16.0,18.75,-2.2142367839683827,-2.2142367839683827,10.125,10.666666666666666,3.0,9.384615384615383,66.66666666666666,66.66666666666666,66.66666666666666,-0.218690052737618,47.21,C,C,FAST
KELLTONTEC.NS,12.40999984741211,2026-10-06T18:18:25.566299+05:30,WAITING FOR 0.786,2025-10-03,26.13999938964844,2026-10-06,12.100000381469728,,23.13543960189819,19.11999988555908,29.7903991317749,46.35935144973901,6.0,2.0,3.0,1.0,5.0,40.0,-3.404795053270265,-3.404795053270265,13.833333333333334,6.5,6.5,2.333333333333333,50.0,50.0,100.0,-0.2461297628870071,47.18,C,C,FAST
TIRUMALCHM.NS,148.52999877929688,2026-10-06T18:18:25.566299+05:30,WAITING FOR 0.786,2025-10-24,293.75,2026-10-05,141.39999389648438,,261.1470986938477,217.5749969482422,333.3610015869141,43.12400960141471,11.0,2.0,9.0,0.0,11.0,18.181818181818183,-3.5855700254503504,-3.5855700254503504,7.909090909090909,2.5,2.5,8.777777777777779,100.0,100.0,100.0,-0.4533479342523431,47.17,C,C,FAST
BRITANNIA.NS,4883.7998046875,2026-10-06T18:18:25.566299+05:30,WAITING FOR 0.786,2026-02-25,6208.5,2026-10-05,4734.10009765625,,5892.978420898437,5471.300048828125,6591.843974609375,17.125102861942587,6.0,1.0,3.0,2.0,4.0,25.0,-2.78952800547419,-2.78952800547419,27.83333333333333,7.0,7.0,12.666666666666666,0.0,100.0,100.0,-0.100222563070929,47.14,C,C,FAST
INDTERRAIN.NS,29.21999931335449,2026-10-06T18:18:25.566299+05:30,WAITING FOR 0.786,2026-08-04,38.29999923706055,2026-09-15,28.0,,36.09579940032959,33.14999961853027,40.97799903869629,19.048754152020013,9.0,1.0,6.0,2.0,7.0,14.285714285714285,-1.9917289607868,-1.9917289607868,19.0,3.0,3.0,7.333333333333333,100.0,100.0,100.0,-0.1048278400414105,47.1,C,C,FAST
MPSLTD.NS,2681.199951171875,2026-10-06T18:18:25.566299+05:30,WAITING FOR 0.786,2026-08-10,2979.0,2026-09-16,2473.0,,2870.716,2726.0,3110.56,6.601699674510641,13.0,2.0,10.0,1.0,12.0,16.666666666666664,-3.253934820650921,-3.253934820650921,7.0,5.0,5.0,1.5,50.0,100.0,100.0,-0.4648478315215602,47.08,C,C,FAST
TMPV.NS,285.79998779296875,2026-10-06T18:18:25.566299+05:30,WAITING FOR 0.786,2025-10-03,739.7000122070312,2026-09-29,272.20001220703125,,639.6550122070313,505.9500122070313,861.2500122070312,55.31966726769484,10.0,2.0,8.0,0.0,10.0,20.0,-2.23336651386717,-2.23336651386717,10.2,6.5,6.5,11.125,50.0,100.0,100.0,-0.2189575013595264,47.01,C,C,FAST
OLECTRA.NS,1102.9000244140625,2026-10-06T18:18:25.566299+05:30,WAITING FOR 0.786,2026-07-02,1556.0,2026-10-05,1069.9000244140625,,1451.9746052246094,1312.9500122070312,1682.3859936523436,24.04136956352261,6.0,2.0,4.0,0.0,6.0,33.33333333333333,-1.817524413656956,-1.817524413656956,5.333333333333333,6.5,6.5,4.5,50.0,50.0,100.0,-0.3407858275606792,46.99,C,C,FAST
MAHAPEXLTD.NS,50.84000015258789,2026-10-06T18:18:25.566299+05:30,WAITING FOR 0.786,2026-03-18,75.4837875366211,2026-07-24,42.0,,68.31825700378418,58.74189376831055,84.18957229614259,25.58358134082396,9.0,2.0,6.0,1.0,8.0,25.0,-4.80498167130933,-4.80498167130933,10.22222222222222,2.0,2.0,4.333333333333333,100.0,100.0,100.0,-0.4700525548019997,46.99,C,C,FAST
APLLTD.NS,834.2000122070312,2026-10-06T18:18:25.566299+05:30,WAITING FOR 0.786,2025-11-04,998.0,2026-03-23,635.7999877929688,,920.4891973876952,816.8999938964844,1092.1720031738282,9.374274616752556,7.0,1.0,5.0,1.0,6.0,16.666666666666664,-0.788228575493328,-0.788228575493328,14.857142857142858,6.0,6.0,7.2,0.0,100.0,100.0,-0.0530538464274355,46.94,C,C,FAST
DCBBANK.NS,200.77999877929688,2026-10-06T18:18:25.566299+05:30,WAITING FOR 0.786,2026-09-08,234.8000030517578,2026-10-06,191.94000244140625,,225.62796292114257,213.37000274658203,245.94360321044925,11.01280347530776,12.0,3.0,9.0,0.0,12.0,25.0,-1.4319107597329594,-1.4319107597329594,12.333333333333334,9.666666666666666,7.0,12.88888888888889,33.33333333333333,66.66666666666666,66.66666666666666,-0.1161008724107804,46.93,C,C,FAST
DENORA.NS,729.0999755859375,2026-10-06T18:18:25.566299+05:30,WAITING FOR 0.786,2026-07-31,959.0,2026-10-01,711.0,,905.928,835.0,1023.48,19.518993166572013,8.0,2.0,5.0,1.0,7.0,28.57142857142857,-0.7469667772991202,-0.7469667772991202,14.0,7.0,7.0,6.4,50.0,50.0,100.0,-0.05335476980708,46.76,C,C,FAST
ERIS.NS,1184.699951171875,2026-10-06T18:18:25.566299+05:30,WAITING FOR 0.786,2025-12-09,1740.0,2026-10-01,1162.9000244140625,,1616.5006052246094,1451.4500122070312,1890.045993652344,26.712062628194104,10.0,1.0,8.0,1.0,9.0,11.11111111111111,-2.081817180677354,-2.081817180677354,9.3,1.0,1.0,3.25,100.0,100.0,100.0,-0.2238513097502531,46.69,C,C,FAST
SAMBHAAV.NS,5.25,2026-10-06T18:18:25.566299+05:30,WAITING FOR 0.786,2025-11-24,11.529999732971191,2026-10-06,5.059999942779541,,10.145419777870178,8.294999837875366,13.21219967842102,48.25251083792878,7.0,2.0,5.0,0.0,7.0,28.57142857142857,-5.931730526387873,-5.931730526387873,9.285714285714286,2.0,2.0,11.8,100.0,100.0,100.0,-0.638801748995617,46.66,C,C,FAST
UGROCAP.NS,82.97000122070312,2026-10-06T18:18:25.566299+05:30,WAITING FOR 0.786,2025-11-18,189.9199981689453,2026-09-29,79.19999694824219,,166.22591790771486,134.55999755859375,218.7071984863281,50.08600207173088,11.0,2.0,9.0,0.0,11.0,18.181818181818183,-3.9223064358707633,-3.9223064358707633,3.1818181818181817,0.5,0.5,3.111111111111111,100.0,100.0,100.0,-1.2327248798450972,46.64,C,C,FAST
MSUMI.NS,33.310001373291016,2026-10-06T18:18:25.566299+05:30,WAITING FOR 0.786,2026-01-06,53.59000015258789,2026-10-05,32.70000076293945,,49.11954028320312,43.14500045776367,59.02139999389648,32.18584461247151,10.0,2.0,6.0,2.0,8.0,25.0,-0.6676987091764052,-0.6676987091764052,16.7,6.5,6.5,4.333333333333333,50.0,50.0,100.0,-0.0399819586333176,46.46,C,C,FAST
NDLVENTURE.NS,122.91000366210938,2026-10-06T18:18:25.566299+05:30,WAITING FOR 0.786,2026-06-19,139.97999572753906,2026-08-18,113.9499969482422,,134.40957598876952,126.96499633789062,146.74779541015624,8.555619822519922,13.0,2.0,10.0,1.0,12.0,16.666666666666664,-3.738657888480753,-3.738657888480753,10.307692307692308,0.0,0.0,6.6,100.0,100.0,100.0,-0.3627056160466402,46.33,C,C,FAST
SAKSOFT.NS,142.74000549316406,2026-10-06T18:18:25.566299+05:30,WAITING FOR 0.786,2026-07-15,189.9900054931641,2026-10-01,135.08999633789062,,178.24140353393554,162.54000091552734,204.26400787353515,19.917593408095183,14.0,4.0,9.0,1.0,13.0,30.76923076923077,-2.2357013175448706,-2.2357013175448706,12.5,14.25,7.0,5.888888888888889,50.0,50.0,75.0,-0.1788561054035896,46.31,C,C,FAST
HINDCOMPOS.NS,401.4500122070313,2026-10-06T18:18:25.566299+05:30,WAITING FOR 0.786,2026-04-16,550.0,2026-09-17,365.1000061035156,,510.43140130615234,457.5500030517578,598.073998413086,21.35083947034736,13.0,3.0,10.0,0.0,13.0,23.07692307692308,-3.350565530811099,-3.350565530811099,8.692307692307692,15.0,0.0,6.3,66.66666666666666,66.66666666666666,66.66666666666666,-0.3854632911552592,46.16,C,C,FAST
VTL.NS,549.4000244140625,2026-10-06T18:18:25.566299+05:30,WAITING FOR 0.786,2026-07-06,688.0,2026-10-01,516.5499877929688,,651.3096973876953,602.2749938964844,732.5770031738282,15.646884021898815,11.0,1.0,8.0,2.0,9.0,11.11111111111111,-2.4212997547020247,-2.4212997547020247,15.727272727272728,3.0,3.0,5.375,100.0,100.0,100.0,-0.1539554757324986,46.16,C,C,FAST
ZENSARTECH.NS,445.4500122070313,2026-10-06T18:18:25.566299+05:30,WAITING FOR 0.786,2025-10-23,822.0,2026-09-25,416.1499938964844,,735.1480986938477,619.0749969482422,927.521001586914,39.4067653853052,9.0,1.0,6.0,2.0,7.0,14.285714285714285,-2.665938088312293,-2.665938088312293,19.0,0.0,0.0,7.5,100.0,100.0,100.0,-0.1403125309638049,46.05,C,C,FAST
BBTC.NS,1298.199951171875,2026-10-06T18:18:25.566299+05:30,WAITING FOR 0.786,2025-10-23,2135.0,2026-10-06,1284.0,,1952.886,1709.5,2356.26,33.524027968254416,7.0,1.0,6.0,0.0,7.0,14.285714285714285,-2.712162337674149,-2.712162337674149,6.428571428571429,3.0,3.0,6.333333333333333,100.0,100.0,100.0,-0.4218919191937564,45.98,C,C,FAST
STEELCITY.NS,82.72000122070312,2026-10-06T18:18:25.566299+05:30,WAITING FOR 0.786,2025-12-11,100.16000366210938,2026-03-30,71.26000213623047,,93.97540333557129,85.71000289916992,107.67400405883788,11.97696600958115,13.0,2.0,11.0,0.0,13.0,15.384615384615383,-3.6678706804197647,-3.6678706804197647,2.1538461538461537,0.5,0.5,1.6363636363636365,100.0,100.0,100.0,-1.7029399587663194,45.92,C,C,FAST
AGARIND.NS,396.5,2026-10-06T18:18:25.566299+05:30,WAITING FOR 0.786,2025-10-01,951.0,2026-04-30,360.0,,824.5260000000001,655.5,1104.66,51.91176506259354,14.0,3.0,11.0,0.0,14.0,21.428571428571427,-3.324928195500146,-3.324928195500146,13.5,5.666666666666667,6.0,15.363636363636363,33.33333333333333,100.0,100.0,-0.2462909774444552,45.88,C,C,FAST
REMSONSIND.NS,108.66999816894533,2026-10-06T18:18:25.566299+05:30,WAITING FOR 0.786,2025-11-04,152.4499969482422,2026-07-15,75.2300033569336,,135.92491831970216,113.84000015258788,172.52719528198242,20.051452292692883,13.0,3.0,10.0,0.0,13.0,23.07692307692308,-3.5767794624449443,-3.5767794624449443,5.230769230769231,5.666666666666667,2.0,4.4,66.66666666666666,66.66666666666666,100.0,-0.6837960737027099,45.81,C,C,FAST
ADL.NS,76.19999694824219,2026-10-06T18:18:25.566299+05:30,WAITING FOR 0.786,2025-10-10,109.9000015258789,2026-03-30,50.2599983215332,,97.13704084014891,80.07999992370605,125.4064023590088,21.554129826088943,12.0,1.0,9.0,2.0,10.0,10.0,-2.364873635331236,-2.364873635331236,11.416666666666666,4.0,4.0,0.2222222222222222,100.0,100.0,100.0,-0.2071422162333929,45.8,C,C,FAST
VBL.NS,439.2999877929688,2026-10-06T18:18:25.566299+05:30,WAITING FOR 0.786,2026-06-17,555.7999877929688,2026-09-09,396.2000122070313,,521.6455930175781,476.0,597.2959814453125,15.785737735895053,16.0,2.0,13.0,1.0,15.0,13.333333333333334,-1.948577814816888,-1.948577814816888,7.75,6.5,6.5,3.4615384615384617,50.0,100.0,100.0,-0.2514293954602436,45.79,C,C,FAST
CCHHL.NS,12.8100004196167,2026-10-06T18:18:25.566299+05:30,WAITING FOR 0.786,2026-05-04,15.6899995803833,2026-06-12,11.029999732971191,,14.69275961303711,13.359999656677246,16.90159954071045,12.814197216905455,14.0,3.0,11.0,0.0,14.0,21.428571428571427,-3.171271706617326,-3.171271706617326,5.5,9.0,1.0,4.0,66.66666666666666,66.66666666666666,66.66666666666666,-0.5765948557486047,45.78,C,C,FAST
KAYNES.NS,3405.0,2026-10-06T18:18:25.566299+05:30,WAITING FOR 0.786,2025-10-07,7705.0,2026-05-20,2995.0,,6697.06,5350.0,8929.6,49.15679417535456,13.0,3.0,9.0,1.0,12.0,25.0,-2.250455627589218,-2.250455627589218,10.0,13.333333333333334,7.0,2.6666666666666665,0.0,66.66666666666666,66.66666666666666,-0.2250455627589218,45.65,C,C,FAST
CHEMBOND.NS,191.8300018310547,2026-10-06T18:18:25.566299+05:30,WAITING FOR 0.786,2026-09-09,236.8000030517578,2026-10-01,176.0,,223.78880239868164,206.4000015258789,252.60800384521485,14.280786270392598,9.0,2.0,6.0,1.0,8.0,25.0,-0.6482840882376525,-0.6482840882376525,10.88888888888889,7.0,7.0,3.333333333333333,50.0,50.0,100.0,-0.0595362938177435,45.49,C,C,FAST
RHL.NS,165.25,2026-10-06T18:18:25.566299+05:30,WAITING FOR 0.786,2025-10-15,273.8999938964844,2026-10-01,160.3000030517578,,249.5895958557129,217.0999984741211,303.4359915161133,33.791310718123604,8.0,1.0,6.0,1.0,7.0,14.285714285714285,-3.027349202955397,-3.027349202955397,9.125,0.0,0.0,1.1666666666666667,100.0,100.0,100.0,-0.33176429621429,45.48,C,C,FAST
BFINVEST.NS,441.3500061035156,2026-10-06T18:18:25.566299+05:30,WAITING FOR 0.786,2026-07-13,584.7000122070312,2026-10-01,424.9500122070313,,550.5135122070312,504.8250122070313,626.2350122070312,19.829396315064933,12.0,2.0,10.0,0.0,12.0,16.666666666666664,-2.3640561185526106,-2.3640561185526106,6.416666666666667,5.5,5.5,6.0,50.0,100.0,100.0,-0.3684243301640432,45.47,C,C,FAST
KCP.NS,154.41000366210938,2026-10-06T18:18:25.566299+05:30,WAITING FOR 0.786,2025-11-10,207.8000030517578,2026-03-30,125.0,,190.08080239868164,166.4000015258789,229.3280038452148,18.766123820203145,7.0,1.0,6.0,0.0,7.0,14.285714285714285,-3.0717127487762004,-3.0717127487762004,2.142857142857143,4.0,4.0,1.3333333333333333,100.0,100.0,100.0,-1.4334659494288935,45.41,C,C,FAST
WEALTH.NS,855.1500244140625,2026-10-06T18:18:25.566299+05:30,WAITING FOR 0.786,2025-11-10,1219.0,2026-02-05,774.9500122070312,,1123.973302612305,996.9750061035156,1334.4529968261718,23.91722984642529,17.0,3.0,14.0,0.0,17.0,17.647058823529413,-3.120277308396976,-3.120277308396976,3.4705882352941178,11.0,3.0,1.2142857142857142,66.66666666666666,66.66666666666666,66.66666666666666,-0.8990629532669253,45.35,C,C,FAST
PTC.NS,157.13999938964844,2026-10-06T18:18:25.566299+05:30,WAITING FOR 0.786,2026-05-07,229.50999450683597,2026-08-31,150.25,,212.54835568237303,189.879997253418,250.11759307861328,26.068588540635652,9.0,1.0,7.0,1.0,8.0,12.5,-2.666126652148264,-2.666126652148264,11.333333333333334,3.0,3.0,5.142857142857143,100.0,100.0,100.0,-0.2352464693071997,45.33,C,C,FAST
CSBBANK.NS,305.8500061035156,2026-10-06T18:18:25.566299+05:30,WAITING FOR 0.786,2026-01-05,574.4000244140625,2026-09-15,295.0,,514.6084191894531,434.7000122070313,647.0440307617188,40.5664589426554,8.0,1.0,6.0,1.0,7.0,14.285714285714285,-1.23693371587853,-1.23693371587853,11.375,6.0,6.0,3.5,0.0,100.0,100.0,-0.1087414255717389,45.28,C,C,FAST
JISLJALEQS.NS,26.649999618530277,2026-10-06T18:18:25.566299+05:30,WAITING FOR 0.786,2025-10-30,55.790000915527344,2026-08-17,26.11000061035156,,49.438480850219726,40.95000076293945,63.506800994873046,46.09462273068241,11.0,2.0,8.0,1.0,10.0,20.0,-5.361270897680743,-5.361270897680743,12.727272727272728,0.5,0.5,9.5,100.0,100.0,100.0,-0.4212427133892013,45.12,C,C,FAST
SANDESH.NS,1017.4000244140624,2026-10-06T18:18:25.566299+05:30,WAITING FOR 0.786,2026-08-07,1270.0,2026-08-31,980.0,,1207.94,1125.0,1345.4,15.7739602617628,11.0,1.0,9.0,1.0,10.0,10.0,-2.8030258949043927,-2.8030258949043927,10.636363636363637,0.0,0.0,5.333333333333333,100.0,100.0,100.0,-0.2635323490935753,45.12,C,C,FAST
KNRCON.NS,115.6500015258789,2026-10-06T18:18:25.566299+05:30,WAITING FOR 0.786,2025-10-01,204.6000061035156,2026-03-27,108.6500015258789,,184.0667051239014,156.6250038146973,229.5470072937012,37.16951610122479,6.0,1.0,5.0,0.0,6.0,16.666666666666664,-3.889871157650038,-3.889871157650038,7.5,2.0,2.0,8.0,100.0,100.0,100.0,-0.5186494876866717,45.09,C,C,FAST
ELDEHSG.NS,785.2000122070312,2026-10-06T18:18:25.566299+05:30,WAITING FOR 0.786,2026-02-11,1008.7999877929688,2026-08-06,701.5499877929688,,943.0484877929688,855.1749877929688,1088.6849877929687,16.738108127966232,14.0,3.0,11.0,0.0,14.0,21.428571428571427,-3.623915472240905,-3.623915472240905,5.428571428571429,8.666666666666666,0.0,3.636363636363636,66.66666666666666,66.66666666666666,66.66666666666666,-0.6675633764654298,45.08,C,C,FAST
PIXTRANS.NS,1796.699951171875,2026-10-06T18:18:25.566299+05:30,WAITING FOR 0.786,2026-08-11,2089.0,2026-09-11,1709.9000244140625,,2007.8726052246093,1899.4500122070312,2187.565993652344,10.51723368819565,13.0,3.0,10.0,0.0,13.0,23.07692307692308,-2.139714224428477,-2.139714224428477,5.307692307692308,7.666666666666667,6.0,4.0,33.33333333333333,66.66666666666666,100.0,-0.4031345640227565,45.05,C,C,FAST
PNC.NS,17.40999984741211,2026-10-06T18:18:25.566299+05:30,WAITING FOR 0.786,2025-10-03,32.88999938964844,2026-09-29,15.699999809265137,,29.21133947944641,24.294999599456787,37.3593992805481,40.39985787141984,9.0,1.0,7.0,1.0,8.0,12.5,-3.0356304508559973,-3.0356304508559973,8.555555555555555,0.0,0.0,1.5714285714285714,100.0,100.0,100.0,-0.3548139488013503,44.76,D,C,FAST
RAMCOSYS.NS,563.5,2026-10-06T18:18:25.566299+05:30,WAITING FOR 0.786,2026-07-07,967.5,2026-10-01,526.9000244140625,,873.2116052246095,747.2000122070312,1082.0559936523437,35.468104566125724,10.0,2.0,8.0,0.0,10.0,20.0,-3.7025598414628007,-3.7025598414628007,5.2,5.5,5.5,4.75,50.0,100.0,100.0,-0.7120307387428463,44.71,D,C,FAST
NH.NS,1723.800048828125,2026-10-06T18:18:25.566299+05:30,WAITING FOR 0.786,2026-07-29,2092.89990234375,2026-10-05,1709.5999755859375,,2010.873718017578,1901.249938964844,2192.557883300781,14.276066498719024,14.0,1.0,12.0,1.0,13.0,7.6923076923076925,-2.496022798891971,-2.496022798891971,9.5,0.0,0.0,5.5,100.0,100.0,100.0,-0.2627392419886285,44.68,D,C,FAST
ALLCARGO.NS,10.5,2026-10-06T18:18:25.566299+05:30,WAITING FOR 0.786,2025-11-10,36.13999938964844,2026-03-30,7.110000133514404,,29.927579548835755,21.62499976158142,43.68779919624328,64.9153050186831,7.0,1.0,6.0,0.0,7.0,14.285714285714285,-3.5849162154869267,-3.5849162154869267,11.714285714285714,1.0,1.0,13.333333333333334,100.0,100.0,100.0,-0.3060294330293718,44.61,D,C,FAST
BLACKBUCK.NS,596.0,2026-10-06T18:18:25.566299+05:30,WAITING FOR 0.786,2025-10-21,748.0,2026-05-22,496.0,,694.072,622.0,813.52,14.129946172731358,7.0,1.0,6.0,0.0,7.0,14.285714285714285,-3.608475833377246,-3.608475833377246,2.142857142857143,2.0,2.0,1.3333333333333333,100.0,100.0,100.0,-1.6839553889093817,44.58,D,C,FAST
KSOLVES.NS,248.9600067138672,2026-10-06T18:18:25.566299+05:30,WAITING FOR 0.786,2026-07-15,345.0,2026-10-01,237.5,,321.995,291.25,372.95,22.68202713897198,16.0,2.0,14.0,0.0,16.0,12.5,-4.463856463732726,-4.463856463732726,5.9375,4.5,4.5,5.5,50.0,100.0,100.0,-0.7518074044181433,44.53,D,C,FAST
20MICRONS.NS,207.8699951171875,2026-10-06T18:18:25.566299+05:30,WAITING FOR 0.786,2026-09-21,227.8800048828125,2026-10-06,204.1300048828125,,222.7975048828125,216.0050048828125,234.0550048828125,6.700034532916602,11.0,1.0,8.0,2.0,9.0,11.11111111111111,-1.5553201326297843,-1.5553201326297843,13.363636363636363,6.0,6.0,1.625,0.0,100.0,100.0,-0.1163844997205961,44.51,D,C,FAST
OMAXE.NS,107.70999908447266,2026-10-06T18:18:25.566299+05:30,WAITING FOR 0.786,2026-09-04,138.88999938964844,2026-10-01,105.3499984741211,,131.71243919372557,122.11999893188477,147.61039962768555,18.22336618787357,8.0,1.0,5.0,2.0,6.0,16.666666666666664,-4.297410244192012,-4.297410244192012,16.75,2.0,2.0,1.2,100.0,100.0,100.0,-0.2565618056234037,44.45,D,C,FAST
HECPROJECT.NS,112.79000091552734,2026-10-06T18:18:25.566299+05:30,WAITING FOR 0.786,2026-07-22,149.89999389648438,2026-10-05,110.1999969482422,,141.40419454956054,130.04999542236328,160.22199310302733,20.235745994086656,11.0,2.0,8.0,1.0,10.0,20.0,-5.807928785646514,-5.807928785646514,11.090909090909092,3.0,3.0,6.75,100.0,100.0,100.0,-0.523665710181243,44.43,D,C,FAST
NIBL.NS,31.21999931335449,2026-10-06T18:18:25.566299+05:30,WAITING FOR 0.786,2026-09-11,36.68999862670898,2026-10-01,30.649999618530277,,35.39743883895874,33.66999912261963,38.26039836883545,11.801530457075108,14.0,4.0,10.0,0.0,14.0,28.57142857142857,-4.489353275182819,-4.489353275182819,6.0,6.0,6.0,5.6,50.0,75.0,100.0,-0.7482255458638032,44.41,D,C,FAST
GVPIL.NS,734.8499755859375,2026-10-06T18:18:25.566299+05:30,WAITING FOR 0.786,2026-06-22,1084.0,2026-09-16,597.75,,979.9425,840.875,1210.425,25.01090874352959,6.0,1.0,4.0,1.0,5.0,20.0,-5.37542627888454,-5.37542627888454,17.166666666666668,5.0,5.0,9.0,100.0,100.0,100.0,-0.3131316278961867,44.1,D,C,FAST
FSL.NS,260.25,2026-10-06T18:18:25.566299+05:30,WAITING FOR 0.786,2026-08-06,339.0,2026-09-11,246.6499938964844,,319.23709869384766,292.8249969482422,363.01100158691406,18.47751997972423,12.0,1.0,10.0,1.0,11.0,9.090909090909092,-3.223037300058099,-3.223037300058099,13.166666666666666,3.0,3.0,9.1,100.0,100.0,100.0,-0.2447876430423873,44.1,D,C,FAST
DGCONTENT.NS,24.729999542236328,2026-10-06T18:18:25.566299+05:30,WAITING FOR 0.786,2025-12-02,38.79999923706055,2026-03-30,21.61000061035156,,35.12133953094482,30.20499992370605,43.269398880004886,29.586969425106524,14.0,3.0,11.0,0.0,14.0,21.428571428571427,-2.3720329783849468,-2.3720329783849468,4.642857142857143,14.333333333333334,7.0,1.3636363636363635,33.33333333333333,66.66666666666666,66.66666666666666,-0.5108994107290654,44.03,D,C,FAST
SUMICHEM.NS,418.0499877929688,2026-10-06T18:18:25.566299+05:30,WAITING FOR 0.786,2026-08-17,572.0499877929688,2026-10-01,408.2000122070313,,536.9860930175781,490.125,614.6509814453125,22.14882410757629,10.0,1.0,8.0,1.0,9.0,11.11111111111111,-3.819502142280672,-3.819502142280672,10.2,0.0,0.0,4.625,100.0,100.0,100.0,-0.3744609943412423,43.98,D,C,FAST
BALPHARMA.NS,101.45999908447266,2026-10-06T18:18:25.566299+05:30,WAITING FOR 0.786,2026-09-10,124.5999984741211,2026-10-06,101.45999908447266,,119.64803860473631,113.02999877929688,130.61639831542968,15.20128514630217,6.0,1.0,5.0,0.0,6.0,16.666666666666664,-4.668551639407739,-4.668551639407739,6.5,0.0,0.0,6.8,100.0,100.0,100.0,-0.7182387137550368,43.87,D,C,FAST
CAPACITE.NS,184.50999450683597,2026-10-06T18:18:25.566299+05:30,WAITING FOR 0.786,2026-07-06,253.1999969482422,2026-10-05,175.99000549316406,,236.67705877685543,214.59500122070312,273.2745947265625,22.041453675154813,14.0,3.0,11.0,0.0,14.0,21.428571428571427,-2.6234974009114973,-2.6234974009114973,7.928571428571429,12.333333333333334,7.0,6.363636363636363,33.33333333333333,66.66666666666666,66.66666666666666,-0.3308915640789275,43.64,D,C,FAST
FLUOROCHEM.NS,4577.2001953125,2026-10-06T18:18:25.566299+05:30,WAITING FOR 0.786,2026-09-15,4830.0,2026-10-01,4225.39990234375,,4700.615579101563,4527.699951171875,4987.196025390625,2.625515354579394,12.0,1.0,10.0,1.0,11.0,9.090909090909092,-3.5840691081473914,-3.5840691081473914,12.583333333333334,5.0,5.0,8.1,100.0,100.0,100.0,-0.2848266840911834,43.54,D,C,FAST
NETWORK18.NS,26.21999931335449,2026-10-06T18:18:25.566299+05:30,WAITING FOR 0.786,2025-10-10,53.2400016784668,2026-10-01,25.020000457763672,,47.20092141723633,39.130001068115234,60.57720199584961,44.450238414668426,6.0,1.0,4.0,1.0,5.0,20.0,-5.83301023800394,-5.83301023800394,12.833333333333334,4.0,4.0,1.75,100.0,100.0,100.0,-0.4545202782860212,43.39,D,C,FAST
CONTROLPR.NS,622.6500244140625,2026-10-06T18:18:25.566299+05:30,WAITING FOR 0.786,2025-10-03,829.7000122070312,2026-03-30,517.0,,762.7822095947265,673.3500061035156,911.0020153808592,18.371192119847365,15.0,3.0,12.0,0.0,15.0,20.0,-3.081683304400216,-3.081683304400216,6.2,19.0,6.0,2.4166666666666665,33.33333333333333,66.66666666666666,66.66666666666666,-0.4970456942580993,43.35,D,C,FAST
SALASAR.NS,4.21999979019165,2026-10-06T18:18:25.566299+05:30,WAITING FOR 0.786,2025-11-27,10.789999961853027,2026-09-30,3.799999952316284,,9.294139959812163,7.294999957084656,12.60739996433258,54.59504797174436,9.0,1.0,7.0,1.0,8.0,12.5,-3.935142939932256,-3.935142939932256,13.333333333333334,0.0,0.0,7.714285714285714,100.0,100.0,100.0,-0.2951357204949192,43.35,D,C,FAST
UCAL.NS,142.3699951171875,2026-10-06T18:18:25.566299+05:30,WAITING FOR 0.786,2026-08-28,163.8000030517578,2026-09-16,130.6699981689453,,156.71018200683594,147.23500061035156,172.41380432128906,9.150769085969726,10.0,1.0,9.0,0.0,10.0,10.0,-4.173087981717121,-4.173087981717121,3.2,1.0,1.0,2.888888888888889,100.0,100.0,100.0,-1.3040899942866002,42.98,D,C,FAST
HEG.NS,233.7700042724609,2026-10-06T18:18:25.566299+05:30,WAITING FOR 0.786,2026-09-01,753.9000244140625,2026-09-16,214.1000061035156,,638.3828204956055,484.00001525878906,894.2480291748047,63.38090613231498,8.0,1.0,6.0,1.0,7.0,14.285714285714285,-4.640813927703034,-4.640813927703034,18.875,2.0,2.0,14.0,100.0,100.0,100.0,-0.2458709365670481,42.96,D,C,FAST
MALLCOM.NS,903.2999877929688,2026-10-06T18:18:25.566299+05:30,WAITING FOR 0.786,2025-10-21,1520.0,2026-10-06,892.2000122070312,,1385.6508026123047,1206.1000061035156,1683.227996826172,34.81041644186124,7.0,1.0,6.0,0.0,7.0,14.285714285714285,-2.7322619149894662,-2.7322619149894662,3.2857142857142856,7.0,7.0,1.8333333333333333,0.0,100.0,100.0,-0.8315579741272289,42.95,D,C,FAST
RELIGARE.NS,227.75,2026-10-06T18:18:25.566299+05:30,WAITING FOR 0.786,2026-06-25,280.0,2026-10-05,222.3600006103516,,267.66504013061524,251.18000030517575,294.9863998413086,14.912309844848432,13.0,1.0,10.0,2.0,11.0,9.090909090909092,-3.9716861860592,-3.9716861860592,13.0,4.0,4.0,3.7,100.0,100.0,100.0,-0.3055143220045538,42.93,D,C,FAST
ANANTRAJ.NS,608.9000244140625,2026-10-06T18:18:25.566299+05:30,WAITING FOR 0.786,2025-10-07,743.6500244140625,2026-03-30,403.0,,670.7509191894532,573.3250122070312,832.2190307617187,9.22114200754765,12.0,2.0,10.0,0.0,12.0,16.666666666666664,-4.007783547074578,-4.007783547074578,7.916666666666667,6.5,6.5,7.7,0.0,100.0,100.0,-0.5062463427883678,42.9,D,C,FAST
BOMDYEING.NS,102.91000366210938,2026-10-06T18:18:25.566299+05:30,WAITING FOR 0.786,2025-10-06,180.75,2026-03-30,92.0,,161.7575,136.375,203.825,36.38007284848654,10.0,1.0,8.0,1.0,9.0,11.11111111111111,-2.679437208246779,-2.679437208246779,8.5,6.0,6.0,1.625,0.0,100.0,100.0,-0.3152279068525622,42.76,D,C,FAST
ASIANENE.NS,463.75,2026-10-06T18:18:25.566299+05:30,WAITING FOR 0.786,2026-09-08,565.7000122070312,2026-10-01,451.25,,541.2077095947266,508.4750061035156,595.4570153808594,14.312011492358332,11.0,1.0,8.0,2.0,9.0,11.11111111111111,-4.692903779467286,-4.692903779467286,13.454545454545457,4.0,4.0,2.75,100.0,100.0,100.0,-0.3487969025279739,42.61,D,C,FAST
EPL.NS,237.22999572753903,2026-10-06T18:18:25.566299+05:30,WAITING FOR 0.786,2026-08-21,274.0299987792969,2026-10-01,226.69000244140625,,263.89923956298827,250.3600006103516,286.33839782714847,10.105843381592509,7.0,1.0,6.0,0.0,7.0,14.285714285714285,-2.95824252164483,-2.95824252164483,5.0,6.0,6.0,4.666666666666667,0.0,100.0,100.0,-0.591648504328966,42.59,D,C,FAST
FAZE3Q.NS,445.75,2026-10-06T18:18:25.566299+05:30,WAITING FOR 0.786,2026-06-25,650.0499877929688,2026-09-22,416.2000122070313,,600.0060930175781,533.125,710.8509814453125,25.709087759723623,9.0,1.0,7.0,1.0,8.0,12.5,-4.4233263123484186,-4.4233263123484186,8.444444444444445,3.0,3.0,1.1428571428571428,100.0,100.0,100.0,-0.5238149580412601,42.59,D,C,FAST
ROTO.NS,62.2400016784668,2026-10-06T18:18:25.566299+05:30,WAITING FOR 0.786,2026-06-24,78.87000274658203,2026-09-16,60.150001525878906,,74.86392248535157,69.51000213623047,83.73720306396484,16.862489150705215,12.0,1.0,11.0,0.0,12.0,8.333333333333332,-4.017681564525901,-4.017681564525901,7.0,0.0,0.0,6.909090909090909,100.0,100.0,100.0,-0.5739545092179859,42.56,D,C,FAST
CANBK.NS,117.81999969482422,2026-10-06T18:18:25.566299+05:30,WAITING FOR 0.786,2026-03-02,156.25,2026-10-01,116.51000213623048,,147.7456404571533,136.38000106811523,166.58239944458006,20.254838430246355,10.0,1.0,8.0,1.0,9.0,11.11111111111111,-4.749271348679573,-4.749271348679573,8.8,0.0,0.0,2.875,100.0,100.0,100.0,-0.539689925986315,42.52,D,C,FAST
MCL.NS,54.81999969482422,2026-10-06T18:18:25.566299+05:30,WAITING FOR 0.786,2026-01-21,93.1999969482422,2026-07-20,51.150001525878906,,84.20129792785644,72.17499923706055,104.13299575805664,34.894115596895055,7.0,1.0,6.0,0.0,7.0,14.285714285714285,-4.969228605929439,-4.969228605929439,12.857142857142858,2.0,2.0,14.333333333333334,100.0,100.0,100.0,-0.3864955582389563,42.45,D,C,FAST
IDBI.NS,87.01000213623047,2026-10-06T18:18:25.566299+05:30,WAITING FOR 0.786,2026-02-27,117.5500030517578,2026-03-30,61.0099983215332,,105.45044203948976,89.28000068664551,132.25040428161623,17.48730450684464,9.0,1.0,6.0,2.0,7.0,14.285714285714285,-4.989746546955508,-4.989746546955508,16.88888888888889,2.0,2.0,4.666666666666667,100.0,100.0,100.0,-0.2954455192276287,42.42,D,C,FAST
AAATECH.NS,103.52999877929688,2026-10-06T18:18:25.566299+05:30,WAITING FOR 0.786,2026-02-13,116.9000015258789,2026-09-17,83.80000305175781,,109.816601852417,100.35000228881836,125.5060011291504,5.724638139476135,9.0,1.0,7.0,1.0,8.0,12.5,-4.621086064188391,-4.621086064188391,14.11111111111111,0.0,0.0,8.857142857142858,100.0,100.0,100.0,-0.3274785399818544,42.28,D,C,FAST
KOTARISUG.NS,26.149999618530277,2026-10-06T18:18:25.566299+05:30,WAITING FOR 0.786,2026-08-24,39.93999862670898,2026-10-01,25.1200008392334,,36.76851910018921,32.52999973297119,43.79319805145264,28.879377634777494,8.0,1.0,6.0,1.0,7.0,14.285714285714285,-3.168771662879482,-3.168771662879482,11.0,6.0,6.0,3.5,0.0,100.0,100.0,-0.288070151170862,42.26,D,C,FAST
ZENITHEXPO.NS,187.55999755859372,2026-10-06T18:18:25.566299+05:30,WAITING FOR 0.786,2026-08-11,257.79998779296875,2026-10-06,186.0500030517578,,242.4454910583496,221.92499542236328,276.4549838256836,22.63828180931049,8.0,1.0,6.0,1.0,7.0,14.285714285714285,-5.094366153628255,-5.094366153628255,14.5,0.0,0.0,8.666666666666666,100.0,100.0,100.0,-0.3513355968019486,42.25,D,C,FAST
SAFARI.NS,1318.0,2026-10-06T18:18:25.566299+05:30,WAITING FOR 0.786,2025-11-26,2507.10009765625,2026-10-06,1299.199951171875,,2248.6094663085937,1903.1500244140625,2821.1541357421875,41.38599789123538,18.0,2.0,16.0,0.0,18.0,11.11111111111111,-3.725564706762592,-3.725564706762592,8.666666666666666,6.5,6.5,8.375,50.0,100.0,100.0,-0.4298728507802991,42.12,D,C,FAST
NGLFINE.NS,3122.10009765625,2026-10-06T18:18:25.566299+05:30,WAITING FOR 0.786,2026-08-12,3602.0,2026-09-16,2505.10009765625,,3367.2634208984373,3053.550048828125,3887.193974609375,7.28078836127332,10.0,1.0,8.0,1.0,9.0,11.11111111111111,-5.049741220994926,-5.049741220994926,7.8,0.0,0.0,1.375,100.0,100.0,100.0,-0.6474027206403752,42.05,D,C,FAST
BANSWRAS.NS,105.08999633789062,2026-10-06T18:18:25.566299+05:30,WAITING FOR 0.786,2026-06-19,144.0,2026-10-05,102.0999984741211,,135.03339967346193,123.04999923706056,154.89400039672853,22.174812607829256,16.0,2.0,14.0,0.0,16.0,12.5,-4.135474803374097,-4.135474803374097,10.1875,5.5,5.5,10.428571428571429,50.0,100.0,100.0,-0.4059361770183163,42.04,D,C,FAST
GMBREW.NS,981.3499755859376,2026-10-06T18:18:25.566299+05:30,WAITING FOR 0.786,2026-01-08,1222.0,2026-08-31,852.5499877929688,,1142.9376973876954,1037.2749938964844,1318.0570031738282,14.137929142689371,9.0,2.0,7.0,0.0,9.0,22.22222222222222,-2.1928759735039067,-2.1928759735039067,4.333333333333333,6.5,6.5,3.2857142857142856,50.0,50.0,100.0,-0.5060483015778247,41.96,D,C,FAST
SATIA.NS,69.26000213623047,2026-10-06T18:18:25.566299+05:30,WAITING FOR 0.786,2025-10-06,83.80000305175781,2026-03-30,50.79999923706055,,76.7380022354126,67.30000114440918,92.3800040435791,9.744845945091884,8.0,1.0,7.0,0.0,8.0,12.5,-4.827690725412368,-4.827690725412368,12.125,3.0,3.0,12.857142857142858,100.0,100.0,100.0,-0.3981600598278241,41.96,D,C,FAST
CLSEL.NS,291.95001220703125,2026-10-06T18:18:25.566299+05:30,WAITING FOR 0.786,2026-08-25,324.79998779296875,2026-09-16,274.1000061035156,,313.95019171142576,299.4499969482422,337.9819830322266,7.007538165358554,13.0,1.0,11.0,1.0,12.0,8.333333333333332,-4.43175332194367,-4.43175332194367,12.846153846153848,0.0,0.0,9.0,100.0,100.0,100.0,-0.3449867855405252,41.91,D,C,FAST
HARRMALAYA.NS,175.0800018310547,2026-10-06T18:18:25.566299+05:30,WAITING FOR 0.786,2026-08-06,228.0,2026-09-29,165.5500030517578,,214.63570065307616,196.7750015258789,244.23699920654295,18.4292262198994,14.0,1.0,11.0,2.0,12.0,8.333333333333332,-4.43720974704226,-4.43720974704226,10.857142857142858,3.0,3.0,2.090909090909091,100.0,100.0,100.0,-0.4086903714381029,41.9,D,C,FAST
DALMIASUG.NS,453.0,2026-10-06T18:18:25.566299+05:30,WAITING FOR 0.786,2026-08-24,520.0,2026-09-21,377.6000061035156,,489.5264013061524,448.8000030517578,557.0239984130859,7.461579438553828,11.0,1.0,9.0,1.0,10.0,10.0,-4.941013454893345,-4.941013454893345,17.545454545454547,5.0,5.0,13.444444444444445,100.0,100.0,100.0,-0.2816121658229367,41.78,D,C,FAST
TRITURBINE.NS,536.0999755859375,2026-10-06T18:18:25.566299+05:30,WAITING FOR 0.786,2026-05-29,787.5999755859375,2026-10-06,518.8499755859375,,730.0874755859375,653.2249755859375,857.4749755859375,26.570446211847937,20.0,3.0,16.0,1.0,19.0,15.789473684210526,-3.702866401976479,-3.702866401976479,7.6,13.666666666666666,6.0,2.4375,33.33333333333333,66.66666666666666,66.66666666666666,-0.4872192634179578,41.7,D,C,FAST
HITECH.NS,74.68000030517578,2026-10-06T18:18:25.566299+05:30,WAITING FOR 0.786,2025-10-09,123.8000030517578,2026-10-05,69.8499984741211,,112.25470207214356,96.82500076293944,137.82700424194337,33.47271969313086,10.0,1.0,8.0,1.0,9.0,11.11111111111111,-3.551116088708264,-3.551116088708264,11.0,7.0,7.0,4.875,0.0,100.0,100.0,-0.3228287353371148,41.4,D,C,FAST
MALUPAPER.NS,32.400001525878906,2026-10-06T18:18:25.566299+05:30,WAITING FOR 0.786,2026-09-10,35.95000076293945,2026-10-01,30.46999931335449,,34.77728045272827,33.21000003814697,37.37480113983155,6.835724058644346,10.0,1.0,9.0,0.0,10.0,10.0,-5.186347757626463,-5.186347757626463,3.2,5.0,5.0,2.333333333333333,100.0,100.0,100.0,-1.6207336742582696,41.4,D,C,FAST
AARVI.NS,138.82000732421875,2026-10-06T18:18:25.566299+05:30,WAITING FOR 0.786,2026-07-31,164.89999389648438,2026-10-01,130.0,,157.4313952026367,147.4499969482422,173.97399230957032,11.8219036644263,9.0,1.0,8.0,0.0,9.0,11.11111111111111,-4.85226540151373,-4.85226540151373,3.888888888888889,3.0,3.0,3.625,100.0,100.0,100.0,-1.2477253889606734,41.36,D,C,FAST
ZUARIIND.NS,288.45001220703125,2026-10-06T18:18:25.566299+05:30,WAITING FOR 0.786,2025-10-01,383.75,2026-03-30,210.0,,346.5675,296.875,428.925,16.76945697244224,15.0,1.0,13.0,1.0,14.0,7.142857142857142,-5.154363016972902,-5.154363016972902,6.0,0.0,0.0,1.3076923076923077,100.0,100.0,100.0,-0.8590605028288171,41.3,D,C,FAST
WONDERLA.NS,509.7000122070313,2026-10-06T18:18:25.566299+05:30,WAITING FOR 0.786,2026-09-11,530.4500122070312,2026-10-01,488.0,,521.3657095947266,509.2250061035156,541.4870153808594,2.237526782642348,10.0,1.0,9.0,0.0,10.0,10.0,-3.3785081278212274,-3.3785081278212274,6.5,6.0,6.0,5.888888888888889,0.0,100.0,100.0,-0.5197704812032657,41.22,D,C,FAST
SILGO.NS,69.51000213623047,2026-10-06T18:18:25.566299+05:30,WAITING FOR 0.786,2026-05-29,86.19999694824219,2026-08-11,66.55000305175781,,81.99489825439453,76.375,91.30899536132812,15.22643040476598,17.0,1.0,15.0,1.0,16.0,6.25,-4.978699438051027,-4.978699438051027,8.470588235294118,3.0,3.0,4.866666666666666,100.0,100.0,100.0,-0.5877631281032463,41.22,D,C,FAST
ORIENTALTL.NS,4.869999885559082,2026-10-06T18:18:25.566299+05:30,WAITING FOR 0.786,2025-10-30,10.84000015258789,2026-03-30,4.400000095367432,,9.461840140342712,7.620000123977661,12.51440016746521,48.53009759914747,8.0,1.0,7.0,0.0,8.0,12.5,-5.434948065574649,-5.434948065574649,10.375,3.0,3.0,11.142857142857142,100.0,100.0,100.0,-0.5238504159590023,41.01,D,C,FAST
SAKHTISUG.NS,18.8799991607666,2026-10-06T18:18:25.566299+05:30,WAITING FOR 0.786,2026-08-24,23.290000915527344,2026-10-01,17.360000610351562,,22.02098085021973,20.325000762939453,24.83180099487305,14.26358667135294,9.0,1.0,7.0,1.0,8.0,12.5,-5.487487647866938,-5.487487647866938,10.444444444444445,1.0,1.0,4.285714285714286,100.0,100.0,100.0,-0.5253977535191748,40.93,D,C,FAST
GUJALKALI.NS,613.0999755859375,2026-10-06T18:18:25.566299+05:30,WAITING FOR 0.786,2026-05-05,815.0,2026-07-17,578.0499877929688,,764.2926973876953,696.5249938964844,876.6070031738282,19.78204453850273,12.0,2.0,10.0,0.0,12.0,16.666666666666664,-5.274865153833022,-5.274865153833022,12.666666666666666,6.0,6.0,13.5,50.0,100.0,100.0,-0.416436722671028,40.92,D,C,FAST
ZFCVINDIA.NS,2187.39990234375,2026-10-06T18:18:25.566299+05:30,WAITING FOR 0.786,2026-06-24,3044.0,2026-10-06,2165.0,,2855.894,2604.5,3272.54,23.40752484707941,12.0,1.0,10.0,1.0,11.0,9.090909090909092,-3.335977985031659,-3.335977985031659,15.083333333333334,6.0,6.0,11.0,0.0,100.0,100.0,-0.2211698111623199,40.92,D,C,FAST
AHLEAST.NS,135.74000549316406,2026-10-06T18:18:25.566299+05:30,WAITING FOR 0.786,2026-05-21,172.89999389648438,2026-09-18,132.00999450683594,,164.1495340270996,152.45499420166016,183.53139373779297,17.307102759880745,10.0,1.0,9.0,0.0,10.0,10.0,-5.645728890741673,-5.645728890741673,7.6,3.0,3.0,7.777777777777778,100.0,100.0,100.0,-0.7428590645712728,40.68,D,C,FAST
KRN.NS,1462.300048828125,2026-10-06T18:18:25.566299+05:30,WAITING FOR 0.786,2026-09-09,1687.0,2026-09-29,1362.0999755859375,,1617.4713947753908,1524.5499877929688,1771.4740063476563,9.59345225198332,8.0,1.0,7.0,0.0,8.0,12.5,-5.65518704902051,-5.65518704902051,3.5,2.0,2.0,3.2857142857142856,100.0,100.0,100.0,-1.6157677282915743,40.66,D,C,FAST
PRAENG.NS,19.700000762939453,2026-10-06T18:18:25.566299+05:30,WAITING FOR 0.786,2025-10-31,33.880001068115234,2026-03-30,17.0,,30.26768083953857,25.440000534057617,38.2688013458252,34.91407264607665,12.0,1.0,10.0,1.0,11.0,9.090909090909092,-5.51042254260286,-5.51042254260286,13.916666666666666,0.0,0.0,10.1,100.0,100.0,100.0,-0.3959585060552953,40.53,D,C,FAST
SCHAEFFLER.NS,3818.10009765625,2026-10-06T18:18:25.566299+05:30,WAITING FOR 0.786,2026-09-18,4260.0,2026-10-06,3806.89990234375,,4163.036579101563,4033.449951171875,4377.806025390625,8.285694225625917,10.0,2.0,8.0,0.0,10.0,20.0,-3.198771853368132,-3.198771853368132,4.4,5.5,5.5,3.5,50.0,50.0,100.0,-0.7269936030382117,40.5,D,C,FAST
LFIC.NS,130.4199981689453,2026-10-06T18:18:25.566299+05:30,WAITING FOR 0.786,2025-10-29,224.8500061035156,2026-03-30,111.0,,200.48610479736328,167.9250030517578,254.4510076904297,34.94811109190618,10.0,1.0,9.0,0.0,10.0,10.0,-5.7652711666451095,-5.7652711666451095,1.3,0.0,0.0,0.4444444444444444,100.0,100.0,100.0,-4.434823974342391,40.49,D,C,FAST
AMJLAND.NS,37.65999984741211,2026-10-06T18:18:25.566299+05:30,WAITING FOR 0.786,2025-10-29,57.38999938964844,2026-03-30,30.299999237060547,,51.59273935699463,43.84499931335449,64.4333994293213,27.005233068116983,9.0,1.0,7.0,1.0,8.0,12.5,-5.831131759108156,-5.831131759108156,9.11111111111111,0.0,0.0,2.2857142857142856,100.0,100.0,100.0,-0.6400022662435781,40.39,D,C,FAST
TOKYOPLAST.NS,71.0999984741211,2026-10-06T18:18:25.566299+05:30,WAITING FOR 0.786,2025-10-14,135.0,2026-03-30,53.86000061035156,,117.63604013061524,94.43000030517578,156.0963998413086,39.55934049193055,17.0,1.0,16.0,0.0,17.0,5.88235294117647,-5.467587872188922,-5.467587872188922,3.3529411764705883,3.0,3.0,2.6875,100.0,100.0,100.0,-1.6306841022317835,40.31,D,C,FAST
SHAH.NS,3.0899999141693115,2026-10-06T18:18:25.566299+05:30,WAITING FOR 0.786,2026-07-27,4.800000190734863,2026-08-26,2.559999942779541,,4.320640137672425,3.680000066757202,5.382400255203248,28.4828216257342,9.0,1.0,7.0,1.0,8.0,12.5,-6.007357355619886,-6.007357355619886,12.666666666666666,1.0,1.0,7.285714285714286,100.0,100.0,100.0,-0.4742650543910436,40.11,D,C,FAST
PEARLPOLY.NS,17.200000762939453,2026-10-06T18:18:25.566299+05:30,WAITING FOR 0.786,2025-10-01,31.5,2026-03-30,12.75,,27.4875,22.125,36.375,37.42609999840126,10.0,1.0,8.0,1.0,9.0,11.11111111111111,-6.37014309718119,-6.37014309718119,8.8,0.0,0.0,2.625,100.0,100.0,100.0,-0.7238798974069534,39.99,D,C,FAST
BVCL.NS,41.43999862670898,2026-10-06T18:18:25.566299+05:30,WAITING FOR 0.786,2026-02-05,54.900001525878906,2026-03-30,31.200000762939453,,49.82820136260986,43.05000114440918,61.06200172424316,16.834247487398223,11.0,2.0,9.0,0.0,11.0,18.181818181818183,-6.299754989491334,-6.299754989491334,6.181818181818182,6.5,6.5,5.777777777777778,50.0,100.0,100.0,-1.0190780130059511,39.93,D,C,FAST
SPLIL.NS,29.489999771118164,2026-10-06T18:18:25.566299+05:30,WAITING FOR 0.786,2025-11-03,45.20000076293945,2026-03-30,20.200000762939453,,39.85000076293946,32.70000076293945,51.70000076293945,25.99749258086867,14.0,1.0,13.0,0.0,14.0,7.142857142857142,-5.486742432830496,-5.486742432830496,3.928571428571429,1.0,1.0,3.4615384615384617,100.0,100.0,100.0,-1.3966253465386715,39.78,D,C,FAST
ASPINWALL.NS,238.3500061035156,2026-10-06T18:18:25.566299+05:30,WAITING FOR 0.786,2026-09-15,268.0,2026-10-06,228.1000061035156,,259.4614013061524,248.0500030517578,278.3739984130859,8.13662267156504,13.0,1.0,12.0,0.0,13.0,7.6923076923076925,-5.66116773274937,-5.66116773274937,1.0,0.0,0.0,0.0833333333333333,100.0,100.0,100.0,-5.66116773274937,39.73,D,C,FAST
SPCENET.NS,3.309999942779541,2026-10-06T18:18:25.566299+05:30,WAITING FOR 0.786,2025-10-28,11.239999771118164,2026-03-30,3.0,,9.476639820098878,7.119999885559082,13.382399711608889,65.072008585159,7.0,1.0,6.0,0.0,7.0,14.285714285714285,-6.7342266812536025,-6.7342266812536025,7.571428571428571,1.0,1.0,8.166666666666666,100.0,100.0,100.0,-0.889426165448589,39.69,D,C,FAST
APEX.NS,339.79998779296875,2026-10-06T18:18:25.566299+05:30,WAITING FOR 0.786,2026-08-18,427.7999877929688,2026-10-06,320.0,,404.7307904052734,373.8999938964844,455.82798461914064,16.04296093887169,12.0,1.0,11.0,0.0,12.0,8.333333333333332,-5.902146677783594,-5.902146677783594,16.583333333333332,1.0,1.0,17.818181818181817,100.0,100.0,100.0,-0.3559083423789102,39.61,D,C,FAST
ANIKINDS.NS,45.400001525878906,2026-10-06T18:18:25.566299+05:30,WAITING FOR 0.786,2025-10-17,83.4000015258789,2026-03-30,32.5,,72.50740119934082,57.95000076293945,96.63400192260742,37.38570025277413,17.0,2.0,15.0,0.0,17.0,11.76470588235294,-5.684909375862151,-5.684909375862151,2.5294117647058822,5.5,5.5,1.6,50.0,100.0,100.0,-2.247522311387362,39.32,D,C,FAST
VASWANI.NS,43.40999984741211,2026-10-06T18:18:25.566299+05:30,WAITING FOR 0.786,2026-06-09,63.400001525878906,2026-10-06,43.11000061035156,,59.05794132995605,53.255001068115234,68.67540176391601,26.495914232971767,14.0,2.0,12.0,0.0,14.0,14.285714285714285,-5.749245936486546,-5.749245936486546,3.7142857142857135,7.0,7.0,2.6666666666666665,50.0,100.0,100.0,-1.547873905977147,39.23,D,C,FAST
CYBERMEDIA.NS,17.850000381469727,2026-10-06T18:18:25.566299+05:30,WAITING FOR 0.786,2026-09-07,28.989999771118164,2026-10-06,17.020000457763672,,26.428419918060303,23.00500011444092,32.10219959259033,32.45907081538526,6.0,1.0,5.0,0.0,6.0,16.666666666666664,-7.694156886095146,-7.694156886095146,5.5,1.0,1.0,5.6,100.0,100.0,100.0,-1.398937615653663,39.14,D,C,FAST
AURUS.NS,4.289999961853027,2026-10-06T18:18:25.566299+05:30,WAITING FOR 0.786,2026-04-30,6.320000171661377,2026-10-05,4.059999942779541,,5.836360122680664,5.190000057220459,6.907600231170655,26.49528350415408,10.0,1.0,8.0,1.0,9.0,11.11111111111111,-6.982487506033145,-6.982487506033145,8.7,1.0,1.0,2.5,100.0,100.0,100.0,-0.8025847708084075,39.03,D,C,FAST
INTLCONV.NS,80.0199966430664,2026-10-06T18:18:25.566299+05:30,WAITING FOR 0.786,2025-10-07,114.54000091552734,2026-03-30,60.0,,102.8684407196045,87.27000045776367,128.72040115356447,22.21132537511446,6.0,1.0,5.0,0.0,6.0,16.666666666666664,-7.783320910862933,-7.783320910862933,13.833333333333334,0.0,0.0,15.8,100.0,100.0,100.0,-0.56264970439973,39.01,D,C,FAST
ONWARDTEC.NS,294.6000061035156,2026-10-06T18:18:25.566299+05:30,WAITING FOR 0.786,2026-02-03,345.3999938964844,2026-03-30,208.25,,316.0498952026367,276.8249969482422,381.0589923095703,6.786867967593664,14.0,1.0,13.0,0.0,14.0,7.142857142857142,-4.18724808500069,-4.18724808500069,3.7142857142857135,6.0,6.0,2.8461538461538463,0.0,100.0,100.0,-1.1273360228848013,38.81,D,C,FAST
GENUSPAPER.NS,10.56999969482422,2026-10-06T18:18:25.566299+05:30,WAITING FOR 0.786,2025-10-03,17.889999389648438,2026-03-30,8.670000076293945,,15.916919536590576,13.279999732971191,20.287199211120605,33.59267997475644,7.0,1.0,6.0,0.0,7.0,14.285714285714285,-7.35574080056516,-7.35574080056516,7.571428571428571,1.0,1.0,8.333333333333334,100.0,100.0,100.0,-0.9715129359237004,38.72,D,C,FAST
BHANDARI.NS,2.8299999237060547,2026-10-06T18:18:25.566299+05:30,WAITING FOR 0.786,2025-10-24,5.130000114440918,2026-03-30,2.0,,4.460180089950562,3.565000057220459,5.943800144195556,36.549648968604245,8.0,1.0,7.0,0.0,8.0,12.5,-6.974221413354389,-6.974221413354389,8.375,1.0,1.0,8.857142857142858,100.0,100.0,100.0,-0.8327428553258972,38.6,D,C,FAST
UNITEDTEA.NS,415.9500122070313,2026-10-06T18:18:25.566299+05:30,WAITING FOR 0.786,2026-04-13,590.0,2026-09-30,405.2000122070313,,550.4528026123047,497.6000061035156,638.0479968261718,24.43493606844374,16.0,1.0,15.0,0.0,16.0,6.25,-5.239906263876055,-5.239906263876055,2.5,7.0,7.0,1.4,0.0,100.0,100.0,-2.095962505550422,37.81,D,C,FAST
KIOCL.NS,344.6000061035156,2026-10-06T18:18:25.566299+05:30,WAITING FOR 0.786,2025-10-06,634.5499877929688,2026-03-16,290.6499938964844,,560.955389099121,462.59999084472656,723.9639862060546,38.56908895073924,13.0,1.0,12.0,0.0,13.0,7.6923076923076925,-6.9728249666649535,-6.9728249666649535,5.230769230769231,0.0,0.0,4.916666666666667,100.0,100.0,100.0,-1.3330400671565352,37.68,D,C,FAST
LAXMICOT.NS,12.630000114440918,2026-10-06T18:18:25.566299+05:30,WAITING FOR 0.786,2026-02-24,19.0,2026-09-02,11.359999656677246,,17.36503992652893,15.179999828338625,20.98640008926392,27.267658652798104,17.0,1.0,16.0,0.0,17.0,5.88235294117647,-7.389227307003004,-7.389227307003004,2.235294117647059,0.0,0.0,1.5625,100.0,100.0,100.0,-3.305706953132923,37.31,D,C,FAST
TAINWALCHM.NS,201.1199951171875,2026-10-06T18:18:25.566299+05:30,WAITING FOR 0.786,2026-07-14,257.0,2026-07-29,194.9900054931641,,243.7298611755371,225.99500274658203,273.12259857177736,17.482415102046723,12.0,1.0,11.0,0.0,12.0,8.333333333333332,-5.482153375997593,-5.482153375997593,10.916666666666666,7.0,7.0,10.909090909090908,0.0,100.0,100.0,-0.5021819886410009,37.27,D,C,FAST
PALASHSECU.NS,86.80000305175781,2026-10-06T18:18:25.566299+05:30,WAITING FOR 0.786,2025-10-03,131.83999633789062,2026-03-30,79.01000213623047,,120.53437757873536,105.42499923706056,145.57579483032225,27.98734701636602,13.0,1.0,12.0,0.0,13.0,7.6923076923076925,-7.234656586533787,-7.234656586533787,3.769230769230769,1.0,1.0,3.25,100.0,100.0,100.0,-1.9193986862232495,37.27,D,C,FAST
BANG.NS,33.4900016784668,2026-10-06T18:18:25.566299+05:30,WAITING FOR 0.786,2025-11-19,61.0,2026-06-29,25.84000015258789,,53.47576003265381,43.420000076293945,70.14159996032714,37.37349098354683,12.0,1.0,11.0,0.0,12.0,8.333333333333332,-5.834560141801245,-5.834560141801245,4.333333333333333,6.0,6.0,3.636363636363636,0.0,100.0,100.0,-1.346436955800287,36.72,D,C,FAST
STEELXIND.NS,11.460000038146973,2026-10-06T18:18:25.566299+05:30,WAITING FOR 0.786,2026-06-22,13.949999809265137,2026-08-11,10.0600004196167,,13.117539939880372,12.005000114440918,14.96139965057373,12.636057594107964,12.0,1.0,11.0,0.0,12.0,8.333333333333332,-7.821141698995412,-7.821141698995412,12.083333333333334,1.0,1.0,12.818181818181818,100.0,100.0,100.0,-0.6472668992272065,36.61,D,C,FAST
ARTNIRMAN.NS,40.130001068115234,2026-10-06T18:18:25.566299+05:30,WAITING FOR 0.786,2025-10-27,66.97000122070312,2026-03-30,29.38999938964844,,58.92788082885743,48.18000030517578,76.74080169677734,31.89980616363304,9.0,1.0,8.0,0.0,9.0,11.11111111111111,-10.010041603738802,-10.010041603738802,12.333333333333334,3.0,3.0,13.125,100.0,100.0,100.0,-0.8116249948977406,36.44,D,C,FAST
HBSL.NS,57.90999984741211,2026-10-06T18:18:25.566299+05:30,WAITING FOR 0.786,2025-11-10,108.8000030517578,2026-03-30,42.630001068115234,,94.6396226272583,75.71500205993652,126.00420356750487,38.809984402101,14.0,1.0,13.0,0.0,14.0,7.142857142857142,-5.740658837697241,-5.740658837697241,7.785714285714286,7.0,7.0,7.230769230769231,0.0,100.0,100.0,-0.7373323277776274,36.39,D,C,FAST
POWERICA.NS,601.7000122070312,2026-10-06T18:18:25.566299+05:30,WAITING FOR 0.786,2026-06-24,676.9500122070312,2026-09-02,490.6499938964844,,637.0818082885742,583.8000030517578,725.3880169677734,5.553728833756981,1.0,1.0,0.0,0.0,1.0,100.0,13.110133881506536,13.110133881506536,5.0,5.0,5.0,,100.0,100.0,100.0,2.622026776301307,,INSUFFICIENT,C,FAST
MSTCLTD.NS,714.2999877929688,2026-10-06T18:18:25.566299+05:30,WAITING FOR 0.786,2026-09-08,805.0,2026-10-05,687.5,,779.855,746.25,835.55,8.406051407893937,2.0,1.0,0.0,1.0,1.0,100.0,4.583534590669467,4.583534590669467,30.5,0.0,0.0,,100.0,100.0,100.0,0.1502798226449005,,INSUFFICIENT,C,FAST
RHIM.NS,373.3999938964844,2026-10-06T18:18:25.566299+05:30,WAITING FOR 0.786,2026-08-10,433.0,2026-09-16,360.5,,417.485,396.75,451.85,10.559662288109903,4.0,4.0,0.0,0.0,4.0,100.0,11.219721274522572,11.219721274522572,13.0,13.0,1.5,,75.0,75.0,75.0,0.8630554826555825,,INSUFFICIENT,C,FAST
TTKPRESTIG.NS,522.8499755859375,2026-10-06T18:18:25.566299+05:30,WAITING FOR 0.786,2026-08-26,614.7000122070312,2026-10-01,497.0,,589.5122095947265,555.8500061035156,645.3020153808594,11.308032797932633,2.0,2.0,0.0,0.0,2.0,100.0,6.904599498577257,6.904599498577257,2.5,2.0,2.0,,100.0,100.0,100.0,2.761839799430903,,INSUFFICIENT,C,FAST
PARAS.NS,1323.300048828125,2026-10-06T18:18:25.566299+05:30,WAITING FOR 0.786,2026-09-08,1563.9000244140625,2026-10-05,1252.5,,1497.2604191894532,1408.2000122070312,1644.8640307617188,11.618578046396376,2.0,1.0,0.0,1.0,1.0,100.0,19.63155202157906,19.63155202157906,32.5,5.0,5.0,,100.0,100.0,100.0,0.6040477545101249,,INSUFFICIENT,C,FAST
HALDER.NS,263.8399963378906,2026-10-06T18:18:25.566299+05:30,WAITING FOR 0.786,2026-08-17,319.0,2026-10-01,227.6000061035156,,299.44040130615235,273.3000030517578,342.7639984130859,11.888978512242687,1.0,1.0,0.0,0.0,1.0,100.0,14.424832623250165,14.424832623250165,5.0,5.0,5.0,,100.0,100.0,100.0,2.884966524650033,,INSUFFICIENT,C,FAST
RACLGEAR.NS,1593.4000244140625,2026-10-06T18:18:25.566299+05:30,WAITING FOR 0.786,2026-09-17,1927.699951171875,2026-10-05,1522.5999755859375,,1841.0085563964844,1725.1499633789062,2033.0259448242184,13.449613317771908,3.0,3.0,0.0,0.0,3.0,100.0,14.906664004657983,14.906664004657983,4.333333333333333,4.333333333333333,5.0,,66.66666666666666,100.0,100.0,3.439999385690304,,INSUFFICIENT,C,FAST
ADANIGREEN.NS,1313.0,2026-10-06T18:18:25.566299+05:30,WAITING FOR 0.786,2026-07-14,1631.5,2026-08-31,1214.9000244140625,,1542.3476052246094,1423.2000122070312,1739.815993652344,14.8700334767408,4.0,4.0,0.0,0.0,4.0,100.0,6.25580148227695,6.25580148227695,2.75,2.75,1.5,,75.0,100.0,100.0,2.274836902646164,,INSUFFICIENT,C,FAST
CALSOFT.NS,33.439998626708984,2026-10-06T18:18:25.566299+05:30,WAITING FOR 0.786,2026-09-03,43.130001068115234,2026-09-30,32.06999969482422,,40.76316077423096,37.60000038146973,46.005601425170894,17.96514796308783,2.0,2.0,0.0,0.0,2.0,100.0,10.359656251193956,10.359656251193956,3.0,3.0,3.0,,100.0,100.0,100.0,3.4532187503979856,,INSUFFICIENT,C,FAST
SURANASOL.NS,23.670000076293945,2026-10-06T18:18:25.566299+05:30,WAITING FOR 0.786,2026-07-27,30.5,2026-10-06,23.559999465942383,,29.01483988571167,27.02999973297119,32.30440013885498,18.42105567520221,5.0,4.0,0.0,1.0,4.0,100.0,8.532815193414823,8.532815193414823,16.2,5.0,2.5,,75.0,75.0,100.0,0.5267169872478286,,INSUFFICIENT,C,FAST
JITFINFRA.NS,275.1000061035156,2026-10-06T18:18:25.566299+05:30,WAITING FOR 0.786,2026-07-27,373.9500122070313,2026-10-05,260.6000061035156,,349.6931109008789,317.27500915527344,403.42101379394535,21.331019248619626,4.0,4.0,0.0,0.0,4.0,100.0,21.94779430273972,21.94779430273972,7.0,7.0,7.0,,50.0,50.0,100.0,3.1353991861056736,,INSUFFICIENT,C,FAST
BONLON.NS,39.38999938964844,2026-10-06T18:18:25.566299+05:30,WAITING FOR 0.786,2026-05-11,57.0,2026-09-17,35.0,,52.292,46.0,62.72,24.672991299532555,1.0,1.0,0.0,0.0,1.0,100.0,14.948276928987683,14.948276928987683,7.0,7.0,7.0,,0.0,100.0,100.0,2.1354681327125262,,INSUFFICIENT,C,FAST
SHAHALLOYS.NS,81.02999877929688,2026-10-06T18:18:25.566299+05:30,WAITING FOR 0.786,2026-08-31,116.8499984741211,2026-10-06,79.4000015258789,,108.83569912719727,98.125,126.58699768066408,25.548327038726164,2.0,2.0,0.0,0.0,2.0,100.0,16.648691917290442,16.648691917290442,4.0,4.0,4.0,,100.0,100.0,100.0,4.1621729793226105,,INSUFFICIENT,C,FAST
TCIEXP.NS,501.3999938964844,2026-10-06T18:18:25.566299+05:30,WAITING FOR 0.786,2025-10-01,744.9000244140625,2026-03-27,447.5499877929688,,681.2671165771485,596.2250061035156,822.2110339355469,26.40185006790879,2.0,2.0,0.0,0.0,2.0,100.0,8.59922794627111,8.59922794627111,1.0,0.0,0.0,,100.0,100.0,100.0,8.59922794627111,,INSUFFICIENT,C,FAST
FRACTAL.NS,742.1500244140625,2026-10-06T18:18:25.566299+05:30,WAITING FOR 0.786,2026-05-12,1118.0,2026-10-01,708.2999877929688,,1030.3241973876952,913.1499938964844,1224.522003173828,27.969271585028803,1.0,1.0,0.0,0.0,1.0,100.0,10.055649285534416,10.055649285534416,7.0,7.0,7.0,,0.0,100.0,100.0,1.4365213265049164,,INSUFFICIENT,C,FAST
LUXIND.NS,1177.0,2026-10-06T18:18:25.566299+05:30,WAITING FOR 0.786,2026-04-24,1823.3499755859373,2026-09-16,1030.0,,1653.5730808105468,1426.6749877929688,2029.6209692382813,28.82080546309696,1.0,1.0,0.0,0.0,1.0,100.0,10.364998611750345,10.364998611750345,7.0,7.0,7.0,,0.0,100.0,100.0,1.480714087392906,,INSUFFICIENT,C,FAST
TATACHEM.NS,616.5499877929688,2026-10-06T18:18:25.566299+05:30,WAITING FOR 0.786,2025-10-14,944.5,2026-03-30,580.2999877929688,,866.5611973876953,762.3999938964844,1039.1920031738282,28.85095828758563,2.0,1.0,0.0,1.0,1.0,100.0,12.77540393680286,12.77540393680286,31.0,1.0,1.0,,100.0,100.0,100.0,0.4121098044129955,,INSUFFICIENT,C,FAST
ASIANTILES.NS,48.09999847412109,2026-10-06T18:18:25.566299+05:30,WAITING FOR 0.786,2026-04-21,79.05999755859375,2026-07-22,42.5,,71.2361580810547,60.77999877929688,88.56559692382812,32.47811256273614,1.0,1.0,0.0,0.0,1.0,100.0,5.291789277446761,5.291789277446761,1.0,1.0,1.0,,100.0,100.0,100.0,5.291789277446761,,INSUFFICIENT,C,FAST
TEAMLEASE.NS,1130.300048828125,2026-10-06T18:18:25.566299+05:30,WAITING FOR 0.786,2025-10-08,1846.9000244140625,2026-03-16,1065.199951171875,,1679.6162087402345,1456.0499877929688,2050.1420434570314,32.70486180435911,1.0,1.0,0.0,0.0,1.0,100.0,4.487031154679517,4.487031154679517,3.0,3.0,3.0,,100.0,100.0,100.0,1.495677051559839,,INSUFFICIENT,C,FAST
VINNY.NS,0.8999999761581421,2026-10-06T18:18:25.566299+05:30,WAITING FOR 0.786,2025-12-11,1.5299999713897705,2026-09-30,0.8799999952316284,,1.390899976491928,1.2049999833106997,1.6989999651908874,35.29369535053946,2.0,2.0,0.0,0.0,2.0,100.0,17.413229226916286,17.413229226916286,7.0,7.0,7.0,,50.0,50.0,100.0,2.487604175273755,,INSUFFICIENT,C,FAST
TPHQ.NS,0.4799999892711639,2026-10-06T18:18:25.566299+05:30,WAITING FOR 0.786,2025-12-24,0.8600000143051147,2026-07-22,0.4000000059604645,,0.7615600125193596,0.6300000101327896,0.9796000164747238,36.971482039445725,2.0,1.0,0.0,1.0,1.0,100.0,10.736619277895386,10.736619277895386,32.5,5.0,5.0,,100.0,100.0,100.0,0.3303575162429349,,INSUFFICIENT,C,FAST
SAMPANN.NS,23.989999771118164,2026-10-06T18:18:25.566299+05:30,WAITING FOR 0.786,2025-11-06,43.43999862670898,2026-09-25,23.06999969482422,,39.08081885528564,33.2549991607666,48.73619834899903,38.614388147925055,1.0,1.0,0.0,0.0,1.0,100.0,9.119303810044082,9.119303810044082,2.0,2.0,2.0,,100.0,100.0,100.0,4.559651905022041,,INSUFFICIENT,C,FAST
PRAKASHSTL.NS,3.5299999713897705,2026-10-06T18:18:25.566299+05:30,WAITING FOR 0.786,2025-12-30,6.570000171661377,2026-09-29,3.4600000381469727,,5.904460143089295,5.015000104904175,7.378600206375122,40.21468710358969,3.0,3.0,0.0,0.0,3.0,100.0,21.50632706540955,21.50632706540955,7.666666666666667,7.666666666666667,5.0,,66.66666666666666,66.66666666666666,100.0,2.805173095488202,,INSUFFICIENT,C,FAST
ZENITHSTL.NS,5.25,2026-10-06T18:18:25.566299+05:30,WAITING FOR 0.786,2025-10-23,10.329999923706056,2026-01-29,4.409999847412109,,9.06311990737915,7.369999885559082,11.86919994354248,42.07292793593656,3.0,3.0,0.0,0.0,3.0,100.0,23.915918928365283,23.915918928365283,5.666666666666667,5.666666666666667,6.0,,33.33333333333333,100.0,100.0,4.220456281476226,,INSUFFICIENT,C,FAST
INA.NS,83.80999755859375,2026-10-06T18:18:25.566299+05:30,WAITING FOR 0.786,2026-04-28,161.80999755859375,2026-10-05,83.05000305175781,,144.95535873413087,122.43000030517578,182.2875961303711,42.18220127183196,1.0,1.0,0.0,0.0,1.0,100.0,11.9788506184308,11.9788506184308,2.0,2.0,2.0,,100.0,100.0,100.0,5.9894253092154,,INSUFFICIENT,C,FAST
IFBAGRO.NS,874.1500244140625,2026-10-06T18:18:25.566299+05:30,WAITING FOR 0.786,2026-01-08,1790.0,2026-03-16,679.1500244140625,,1552.2781052246094,1234.5750122070312,2078.8209936523435,43.68599148104482,4.0,3.0,0.0,1.0,3.0,100.0,13.303323847721412,13.303323847721412,18.75,5.0,6.0,,33.33333333333333,100.0,100.0,0.7095106052118086,,INSUFFICIENT,C,FAST
SOMATEX.NS,79.08999633789062,2026-10-06T18:18:25.566299+05:30,WAITING FOR 0.786,2025-11-06,161.25,2026-10-05,74.5,,142.6855,117.875,183.805,44.57040390376694,5.0,5.0,0.0,0.0,5.0,100.0,26.75074814348318,26.75074814348318,17.0,17.0,7.0,,20.0,80.0,80.0,1.5735734202048928,,INSUFFICIENT,C,FAST
CURAA.NS,72.30000305175781,2026-10-06T18:18:25.566299+05:30,WAITING FOR 0.786,2025-11-14,176.5,2026-09-04,60.0,,151.56900000000002,118.25,206.79,52.29895093867625,1.0,1.0,0.0,0.0,1.0,100.0,11.810985798012007,11.810985798012007,2.0,2.0,2.0,,100.0,100.0,100.0,5.905492899006004,,INSUFFICIENT,C,FAST
DIGITIDE.NS,74.01000213623047,2026-10-06T18:18:25.566299+05:30,WAITING FOR 0.786,2025-10-06,185.9199981689453,2026-03-23,69.9000015258789,,161.0917188873291,127.90999984741212,216.08519729614255,54.05722736871744,1.0,1.0,0.0,0.0,1.0,100.0,13.836814976926105,13.836814976926105,5.0,5.0,5.0,,100.0,100.0,100.0,2.767362995385221,,INSUFFICIENT,C,FAST
TRU.NS,4.119999885559082,2026-10-06T18:18:25.566299+05:30,WAITING FOR 0.786,2025-11-06,10.989999771118164,2026-09-01,3.900000095367432,,9.472739840507508,7.444999933242798,12.833399686813356,56.50677676229362,1.0,1.0,0.0,0.0,1.0,100.0,19.27531727950415,19.27531727950415,1.0,1.0,1.0,,100.0,100.0,100.0,19.27531727950415,,INSUFFICIENT,C,FAST
DHRUV.NS,19.5,2026-10-06T18:18:25.566299+05:30,WAITING FOR 0.786,2025-12-18,56.9900016784668,2026-10-05,18.76000022888184,,48.808781368255616,37.87500095367432,66.92980205535889,60.048172780887214,5.0,4.0,1.0,0.0,5.0,80.0,10.796314319325834,10.796314319325834,16.4,15.0,2.5,22.0,75.0,75.0,75.0,0.6583118487393802,,INSUFFICIENT,C,FAST
COSMOFIRST.NS,829.1500244140625,2026-10-06T18:18:25.566299+05:30,WAITING FOR 0.786,2026-09-01,996.0,2026-10-05,811.7999877929688,,956.5811973876952,903.8999938964844,1043.892003173828,13.321521823932096,5.0,3.0,1.0,1.0,4.0,75.0,1.2767975313129618,1.2767975313129618,16.4,7.0,4.0,0.0,66.66666666666666,66.66666666666666,100.0,0.0778535080068879,,INSUFFICIENT,C,FAST
COLPAL.NS,1809.4000244140625,2026-10-06T18:18:25.566299+05:30,WAITING FOR 0.786,2026-07-29,2213.39990234375,2026-10-01,1716.0999755859375,,2106.977718017578,1964.749938964844,2342.697883300781,14.12343809138625,4.0,3.0,1.0,0.0,4.0,75.0,2.6016030011439844,2.6016030011439844,20.0,20.666666666666668,7.0,17.0,33.33333333333333,66.66666666666666,66.66666666666666,0.1300801500571992,,INSUFFICIENT,C,FAST
UFO.NS,57.380001068115234,2026-10-06T18:18:25.566299+05:30,WAITING FOR 0.786,2026-07-13,71.58999633789062,2026-10-01,55.34999847412109,,68.11463679504395,63.46999740600586,75.8123957824707,15.759660818906063,5.0,3.0,1.0,1.0,4.0,75.0,7.529092924592163,7.529092924592163,21.8,6.0,6.0,30.0,0.0,100.0,100.0,0.345371235073035,,INSUFFICIENT,C,FAST
KANANIIND.NS,1.350000023841858,2026-10-06T18:18:25.566299+05:30,WAITING FOR 0.786,2026-07-13,1.7999999523162842,2026-09-28,1.2200000286102295,,1.6758799686431884,1.5099999904632568,1.9507999324798584,19.44530341663829,4.0,3.0,1.0,0.0,4.0,75.0,8.168002651960949,8.168002651960949,4.25,5.333333333333333,5.0,0.0,66.66666666666666,100.0,100.0,1.921882976931988,,INSUFFICIENT,C,FAST
ARIHANT.NS,914.9000244140624,2026-10-06T18:18:25.566299+05:30,WAITING FOR 0.786,2026-07-29,1225.0,2026-09-16,841.0,,1142.824,1033.0,1324.84,19.94392623763043,4.0,3.0,1.0,0.0,4.0,75.0,12.425010405122087,12.425010405122087,4.0,4.666666666666667,6.0,0.0,33.33333333333333,100.0,100.0,3.106252601280522,,INSUFFICIENT,C,FAST
SFL.NS,623.4000244140625,2026-10-06T18:18:25.566299+05:30,WAITING FOR 0.786,2026-08-05,830.0,2026-10-01,613.9000244140625,,783.7546052246093,721.9500122070312,886.1859936523438,20.45979439758344,4.0,3.0,1.0,0.0,4.0,75.0,2.8655443491728287,2.8655443491728287,2.25,2.0,0.0,0.0,66.66666666666666,100.0,100.0,1.273575266299035,,INSUFFICIENT,C,FAST
REGENCERAM.NS,33.279998779296875,2026-10-06T18:18:25.566299+05:30,WAITING FOR 0.786,2026-05-04,53.29999923706055,2026-07-31,30.0,,48.31379940032959,41.64999961853027,59.35799903869629,31.11699102043743,5.0,3.0,1.0,1.0,4.0,75.0,6.949984786035431,6.949984786035431,14.0,3.0,1.0,0.0,66.66666666666666,100.0,100.0,0.4964274847168165,,INSUFFICIENT,C,FAST
AIRAN.NS,15.399999618530272,2026-10-06T18:18:25.566299+05:30,WAITING FOR 0.786,2025-10-01,26.59000015258789,2026-03-30,12.630000114440918,,23.60256014442444,19.610000133514404,30.219600162506104,34.7528423853284,4.0,3.0,1.0,0.0,4.0,75.0,5.638649868424841,5.638649868424841,9.5,2.6666666666666665,3.0,30.0,100.0,100.0,100.0,0.5935420914131412,,INSUFFICIENT,C,FAST
TATAELXSI.NS,3093.0,2026-10-06T18:18:25.566299+05:30,WAITING FOR 0.786,2026-01-08,5950.0,2026-10-01,3046.199951171875,,5328.586789550782,4498.0999755859375,6704.988012695312,41.95459092333278,4.0,3.0,1.0,0.0,4.0,75.0,4.2874681917116,4.2874681917116,9.0,6.666666666666667,6.0,16.0,0.0,100.0,100.0,0.4763853546346222,,INSUFFICIENT,C,FAST
DUCON.NS,1.4199999570846558,2026-10-06T18:18:25.566299+05:30,WAITING FOR 0.786,2025-10-29,5.5,2026-09-18,1.149999976158142,,4.569099994897842,3.324999988079071,6.631000006198883,68.9216703799365,4.0,3.0,1.0,0.0,4.0,75.0,7.674641439943938,7.674641439943938,5.0,5.0,5.0,5.0,66.66666666666666,100.0,100.0,1.5349282879887878,,INSUFFICIENT,C,FAST
HEXATRADEX.NS,155.85000610351562,2026-10-06T18:18:25.566299+05:30,WAITING FOR 0.786,2026-09-18,172.0,2026-10-05,149.0,,167.078,160.5,177.98,6.720210857494331,3.0,2.0,1.0,0.0,3.0,66.66666666666666,1.891092374312942,1.891092374312942,10.333333333333334,1.5,1.5,28.0,100.0,100.0,100.0,0.1830089394496395,,INSUFFICIENT,C,FAST
JUSTDIAL.NS,658.9500122070312,2026-10-06T18:18:25.566299+05:30,WAITING FOR 0.786,2026-08-31,734.0,2026-09-29,642.4000244140625,,714.3976052246094,688.2000122070312,757.8159936523438,7.761447212598814,4.0,2.0,1.0,1.0,3.0,66.66666666666666,0.9840037838469152,0.9840037838469152,16.0,1.5,1.5,0.0,100.0,100.0,100.0,0.0615002364904322,,INSUFFICIENT,C,FAST
BANSALWIRE.NS,325.70001220703125,2026-10-06T18:18:25.566299+05:30,WAITING FOR 0.786,2026-07-03,370.0,2026-09-16,292.54998779296875,,353.4256973876953,331.2749938964844,390.1370031738281,7.844841330326354,3.0,2.0,1.0,0.0,3.0,66.66666666666666,5.091887644777351,5.091887644777351,4.0,5.5,5.5,1.0,50.0,100.0,100.0,1.2729719111943376,,INSUFFICIENT,C,FAST
JLHL.NS,253.8500061035156,2026-10-06T18:18:25.566299+05:30,WAITING FOR 0.786,2026-09-09,287.0,2026-10-01,248.6000061035156,,278.78240130615234,267.8000030517578,296.98399841308594,8.943317471197378,4.0,2.0,1.0,1.0,3.0,66.66666666666666,2.7451902992861177,2.7451902992861177,18.0,2.0,2.0,7.0,100.0,100.0,100.0,0.1525105721825621,,INSUFFICIENT,C,FAST
TRIDENT.NS,22.559999465942383,2026-10-06T18:18:25.566299+05:30,WAITING FOR 0.786,2026-07-03,27.34000015258789,2026-10-05,21.799999237060547,,26.15443995666504,24.56999969482422,28.780400390625,13.7431369078376,3.0,2.0,1.0,0.0,3.0,66.66666666666666,2.4772303245943466,2.4772303245943466,1.0,1.0,1.0,0.0,100.0,100.0,100.0,2.4772303245943466,,INSUFFICIENT,C,FAST
SHIVATEX.NS,169.99000549316406,2026-10-06T18:18:25.566299+05:30,WAITING FOR 0.786,2025-11-06,217.9199981689453,2026-03-30,126.05999755859376,,198.26195803833008,171.98999786376953,241.80359832763676,14.259897776102962,4.0,2.0,1.0,1.0,3.0,66.66666666666666,1.56024437804726,1.56024437804726,17.75,4.5,4.5,0.0,50.0,100.0,100.0,0.0879010917209724,,INSUFFICIENT,C,FAST
GODREJPROP.NS,1610.0,2026-10-06T18:18:25.566299+05:30,WAITING FOR 0.786,2026-09-07,1984.0,2026-10-01,1566.5999755859375,,1894.6763947753907,1775.2999877929688,2092.5240063476563,15.025066843097417,4.0,2.0,1.0,1.0,3.0,66.66666666666666,3.2808642127061,3.2808642127061,19.5,3.5,3.5,8.0,50.0,100.0,100.0,0.168249446805441,,INSUFFICIENT,C,FAST
THYROCARE.NS,529.7999877929688,2026-10-06T18:18:25.566299+05:30,WAITING FOR 0.786,2026-08-12,662.0,2026-10-01,519.2999877929688,,631.4621973876954,590.6499938964844,699.1020031738282,16.0994925769578,5.0,2.0,1.0,2.0,3.0,66.66666666666666,5.228563723688987,5.228563723688987,26.0,4.0,4.0,0.0,50.0,100.0,100.0,0.2010986047572687,,INSUFFICIENT,C,FAST
RUCHINFRA.NS,4.980000019073486,2026-10-06T18:18:25.566299+05:30,WAITING FOR 0.786,2026-09-03,6.630000114440918,2026-09-21,4.420000076293945,,6.157060106277466,5.525000095367432,7.20460012435913,19.11724210721772,3.0,2.0,1.0,0.0,3.0,66.66666666666666,7.198059309664686,7.198059309664686,7.333333333333333,6.0,6.0,10.0,50.0,100.0,100.0,0.9815535422270026,,INSUFFICIENT,C,FAST
BOHRAIND.NS,14.380000114440918,2026-10-06T18:18:25.566299+05:30,WAITING FOR 0.786,2026-05-29,19.57999992370605,2026-09-03,11.600000381469728,,17.872280021667482,15.59000015258789,21.6547998046875,19.540203616957065,3.0,2.0,1.0,0.0,3.0,66.66666666666666,13.323580945554172,13.323580945554172,4.0,5.0,5.0,2.0,50.0,100.0,100.0,3.330895236388543,,INSUFFICIENT,C,FAST
SURYAROSNI.NS,221.3500061035156,2026-10-06T18:18:25.566299+05:30,WAITING FOR 0.786,2025-11-11,314.5,2026-03-30,187.3500061035156,,287.2899013061524,250.9250030517578,347.558998413086,22.952388824961663,4.0,2.0,1.0,1.0,3.0,66.66666666666666,5.015462079671172,5.015462079671172,20.25,6.5,6.5,8.0,0.0,100.0,100.0,0.247677139736848,,INSUFFICIENT,C,FAST
LANDSMILL.NS,0.9300000071525574,2026-10-06T18:18:25.566299+05:30,WAITING FOR 0.786,2026-01-02,1.4800000190734863,2026-09-24,0.5199999809265137,,1.2745600109100343,1.0,1.7296000289916993,27.03364304607843,5.0,2.0,1.0,2.0,3.0,66.66666666666666,4.499720049679951,4.499720049679951,25.8,1.5,1.5,5.0,100.0,100.0,100.0,0.1744077538635639,,INSUFFICIENT,C,FAST
GANGAFORGE.NS,1.5199999809265137,2026-10-06T18:18:25.566299+05:30,WAITING FOR 0.786,2025-12-29,4.099999904632568,2026-09-29,1.350000023841858,,3.5114999301433563,2.724999964237213,4.814999873638153,56.7136548151815,3.0,2.0,1.0,0.0,3.0,66.66666666666666,4.634034099329707,4.634034099329707,3.6666666666666665,5.0,5.0,0.0,50.0,100.0,100.0,1.2638274816353747,,INSUFFICIENT,C,FAST
OFSS.NS,10482.0,2026-10-06T18:18:25.566299+05:30,WAITING FOR 0.786,2026-08-31,12540.0,2026-10-01,10263.0,,12052.722,11401.5,13132.02,13.032093497219964,5.0,3.0,2.0,0.0,5.0,60.0,7.49550943499722,7.49550943499722,7.8,11.666666666666666,6.0,1.5,33.33333333333333,66.66666666666666,66.66666666666666,0.9609627480765668,,INSUFFICIENT,C,FAST
UNITECH.NS,4.0,2026-10-06T18:18:25.566299+05:30,WAITING FOR 0.786,2025-10-06,7.929999828338623,2026-03-30,3.0999999046325684,,6.896379844665527,5.514999866485596,9.185799808502196,41.99855445761053,5.0,3.0,2.0,0.0,5.0,60.0,0.4325961846859734,0.4325961846859734,4.2,3.333333333333333,3.0,5.5,100.0,100.0,100.0,0.1029990915918984,,INSUFFICIENT,C,FAST
SUMEETINDS.NS,11.43000030517578,2026-10-06T18:18:25.566299+05:30,WAITING FOR 0.786,2025-10-23,40.5,2026-09-17,9.260000228881836,,33.81464004898071,24.88000011444092,48.62239994049072,66.19807193387433,5.0,3.0,2.0,0.0,5.0,60.0,8.952942697806462,8.952942697806462,2.4,1.3333333333333333,1.0,3.0,100.0,100.0,100.0,3.730392790752693,,INSUFFICIENT,C,FAST
BATLIBOI.NS,96.16000366210938,2026-10-06T18:18:25.566299+05:30,WAITING FOR 0.786,2026-08-06,106.5,2026-09-17,78.11000061035156,,100.42454013061524,92.30500030517578,113.8813998413086,4.24650833646764,2.0,1.0,1.0,0.0,2.0,50.0,2.466184824830129,2.466184824830129,1.0,0.0,0.0,0.0,100.0,100.0,100.0,2.466184824830129,,INSUFFICIENT,C,FAST
CYIENTDLM.NS,939.0,2026-10-06T18:18:25.566299+05:30,WAITING FOR 0.786,2026-09-08,1009.0,2026-10-01,880.2999877929688,,981.4581973876952,944.6499938964844,1042.4620031738282,4.326032173423635,4.0,2.0,2.0,0.0,4.0,50.0,0.4408383123694077,0.4408383123694077,11.75,4.5,4.5,19.0,50.0,100.0,100.0,0.0375181542442049,,INSUFFICIENT,C,FAST
EXCELINDUS.NS,924.0999755859376,2026-10-06T18:18:25.566299+05:30,WAITING FOR 0.786,2026-09-15,1002.9000244140624,2026-10-05,900.0,,980.8794191894532,951.4500122070312,1029.6540307617188,5.788626256470455,3.0,1.0,1.0,1.0,2.0,50.0,5.253160506243743,5.253160506243743,22.33333333333333,1.0,1.0,6.0,100.0,100.0,100.0,0.2352161420706154,,INSUFFICIENT,C,FAST
BBTCL.NS,233.1199951171875,2026-10-06T18:18:25.566299+05:30,WAITING FOR 0.786,2026-08-17,262.0,2026-09-02,217.77999877929688,,252.53691973876957,239.88999938964844,273.4972003173828,7.688746913388897,4.0,2.0,2.0,0.0,4.0,50.0,-1.200551357201351,-1.200551357201351,12.5,5.0,5.0,20.0,50.0,100.0,100.0,-0.096044108576108,,INSUFFICIENT,C,FAST
DCMNVL.NS,172.0,2026-10-06T18:18:25.566299+05:30,WAITING FOR 0.786,2026-08-27,198.5800018310547,2026-10-01,164.0,,191.179881439209,181.29000091552732,207.5708023071289,10.032374376855014,4.0,2.0,2.0,0.0,4.0,50.0,3.428833156459908,3.428833156459908,2.25,3.5,3.5,0.0,50.0,100.0,100.0,1.5239258473155146,,INSUFFICIENT,C,FAST
BCG.NS,9.06999969482422,2026-10-06T18:18:25.566299+05:30,WAITING FOR 0.786,2026-09-21,10.460000038146973,2026-10-06,8.890000343322754,,10.12402010345459,9.675000190734863,10.86819995880127,10.411085693821482,2.0,1.0,1.0,0.0,2.0,50.0,-3.902600729388805,-3.902600729388805,7.0,2.0,2.0,12.0,100.0,100.0,100.0,-0.5575143899126864,,INSUFFICIENT,C,FAST
CENTENKA.NS,566.5999755859375,2026-10-06T18:18:25.566299+05:30,WAITING FOR 0.786,2026-07-29,671.6500244140625,2026-10-01,530.5499877929688,,641.4546165771485,601.1000061035156,708.3360339355469,11.66951473365975,4.0,2.0,2.0,0.0,4.0,50.0,3.2479657517758698,3.2479657517758698,16.5,5.5,5.5,26.5,50.0,50.0,100.0,0.1968464091985375,,INSUFFICIENT,C,FAST
RANASUG.NS,13.8100004196167,2026-10-06T18:18:25.566299+05:30,WAITING FOR 0.786,2026-08-24,16.450000762939453,2026-10-01,13.050000190734863,,15.72240064048767,14.750000476837158,17.334000911712646,12.163538282736784,4.0,2.0,2.0,0.0,4.0,50.0,1.443510897412755,1.443510897412755,6.75,2.0,2.0,11.5,100.0,100.0,100.0,0.2138534662833711,,INSUFFICIENT,C,FAST
RUBICON.NS,1596.800048828125,2026-10-06T18:18:25.566299+05:30,WAITING FOR 0.786,2026-08-28,1899.0,2026-10-05,1560.300048828125,,1826.5182104492187,1729.6500244140625,1987.061987304688,12.576833907645312,2.0,1.0,1.0,0.0,2.0,50.0,3.164493033338645,3.164493033338645,1.5,2.0,2.0,0.0,100.0,100.0,100.0,2.109662022225763,,INSUFFICIENT,C,FAST
EXICOM.NS,156.1699981689453,2026-10-06T18:18:25.566299+05:30,WAITING FOR 0.786,2026-09-08,189.1699981689453,2026-10-01,147.1999969482422,,180.18841790771484,168.18499755859375,200.0821984863281,13.329613533246505,2.0,1.0,1.0,0.0,2.0,50.0,4.392190779015673,4.392190779015673,1.5,2.0,2.0,0.0,100.0,100.0,100.0,2.9281271860104483,,INSUFFICIENT,C,FAST
GULPOLY.NS,167.9199981689453,2026-10-06T18:18:25.566299+05:30,WAITING FOR 0.786,2026-08-11,203.57000732421875,2026-10-01,158.86000061035156,,194.0020658874512,181.2150039672852,215.19460906982425,13.44422163712276,2.0,1.0,1.0,0.0,2.0,50.0,3.14614100872234,3.14614100872234,6.5,7.0,7.0,6.0,0.0,100.0,100.0,0.4840216936495907,,INSUFFICIENT,C,FAST
RUBFILA.NS,63.59000015258789,2026-10-06T18:18:25.566299+05:30,WAITING FOR 0.786,2026-08-11,79.0999984741211,2026-09-29,61.61000061035156,,75.35713893127442,70.35499954223633,83.64739791870117,15.615161278108156,2.0,1.0,1.0,0.0,2.0,50.0,-2.304866248111177,-2.304866248111177,8.0,1.0,1.0,15.0,100.0,100.0,100.0,-0.2881082810138971,,INSUFFICIENT,C,FAST
VGUARD.NS,306.29998779296875,2026-10-06T18:18:25.566299+05:30,WAITING FOR 0.786,2025-10-29,384.0,2026-07-24,288.79998779296875,,363.6271973876953,336.3999938964844,408.75200317382814,15.765380039382736,5.0,2.0,2.0,1.0,4.0,50.0,1.7531872118820353,1.7531872118820353,15.8,3.5,3.5,5.0,50.0,100.0,100.0,0.1109612159419009,,INSUFFICIENT,C,FAST
LPDC.NS,6.230000019073486,2026-10-06T18:18:25.566299+05:30,WAITING FOR 0.786,2026-08-18,7.860000133514404,2026-09-15,6.019999980926514,,7.466240100860595,6.940000057220459,8.338400173187257,16.557732742141713,4.0,2.0,2.0,0.0,4.0,50.0,1.1166375037339158,1.1166375037339158,5.5,3.5,3.5,7.0,100.0,100.0,100.0,0.2030250006788937,,INSUFFICIENT,C,FAST
IVALUE.NS,229.4499969482422,2026-10-06T18:18:25.566299+05:30,WAITING FOR 0.786,2026-08-24,297.6000061035156,2026-09-21,200.8800048828125,,276.90192584228515,249.2400054931641,322.74720642089846,17.13672765174993,2.0,1.0,1.0,0.0,2.0,50.0,-1.6698181345726235,-1.6698181345726235,11.0,5.0,5.0,17.0,100.0,100.0,100.0,-0.1518016485975112,,INSUFFICIENT,C,FAST
CLEAN.NS,823.1500244140625,2026-10-06T18:18:25.566299+05:30,WAITING FOR 0.786,2025-10-03,1108.0,2026-03-30,652.0,,1010.416,880.0,1226.56,18.53355208012714,2.0,1.0,1.0,0.0,2.0,50.0,2.365857027421069,2.365857027421069,7.5,1.0,1.0,14.0,100.0,100.0,100.0,0.3154476036561426,,INSUFFICIENT,C,FAST
BORORENEW.NS,449.8500061035156,2026-10-06T18:18:25.566299+05:30,WAITING FOR 0.786,2026-08-13,585.2000122070312,2026-10-01,437.4500122070313,,553.5815122070312,511.3250122070313,623.6150122070312,18.73825332243421,4.0,2.0,2.0,0.0,4.0,50.0,-1.1159078066531578,-1.1159078066531578,2.0,1.0,1.0,3.0,100.0,100.0,100.0,-0.5579539033265789,,INSUFFICIENT,C,FAST
BALKRISIND.NS,2082.699951171875,2026-10-06T18:18:25.566299+05:30,WAITING FOR 0.786,2026-02-10,2775.0,2026-06-11,1970.0,,2602.73,2372.5,2984.3,19.98017653879292,5.0,2.0,2.0,1.0,4.0,50.0,0.7961734389948979,0.7961734389948979,15.8,4.0,4.0,4.5,100.0,100.0,100.0,0.0503907239870188,,INSUFFICIENT,C,FAST
KWIL.NS,38.290000915527344,2026-10-06T18:18:25.566299+05:30,WAITING FOR 0.786,2026-08-24,50.68000030517578,2026-10-01,37.61000061035156,,47.8830203704834,44.14500045776367,54.07820022583008,20.03428225858011,2.0,1.0,1.0,0.0,2.0,50.0,1.4883614380849777,1.4883614380849777,8.5,7.0,7.0,10.0,0.0,100.0,100.0,0.1751013456570561,,INSUFFICIENT,C,FAST
NAHARSPING.NS,257.3999938964844,2026-10-06T18:18:25.566299+05:30,WAITING FOR 0.786,2026-08-06,349.0,2026-10-05,249.1999969482422,,327.6427993469238,299.0999984741211,374.948000793457,21.438836925594394,4.0,2.0,2.0,0.0,4.0,50.0,1.377312771403783,1.377312771403783,3.0,4.5,4.5,1.0,100.0,100.0,100.0,0.4591042571345943,,INSUFFICIENT,C,FAST
MEDICAMEQ.NS,311.95001220703125,2026-10-06T18:18:25.566299+05:30,WAITING FOR 0.786,2025-11-25,447.6499938964844,2026-06-29,212.3999938964844,,397.3064938964844,330.0249938964844,508.8149938964844,21.48378720225303,2.0,1.0,1.0,0.0,2.0,50.0,8.612827265719904,8.612827265719904,2.5,4.0,4.0,0.0,100.0,100.0,100.0,3.445130906287962,,INSUFFICIENT,C,FAST
BLAL.NS,157.52999877929688,2026-10-06T18:18:25.566299+05:30,WAITING FOR 0.786,2026-07-03,215.0,2026-10-05,153.5,,201.839,184.25,230.99,21.95264603010475,2.0,1.0,1.0,0.0,2.0,50.0,7.635316622171249,7.635316622171249,7.0,3.0,3.0,11.0,100.0,100.0,100.0,1.0907595174530356,,INSUFFICIENT,C,FAST
EMAMILTD.NS,384.0,2026-10-06T18:18:25.566299+05:30,WAITING FOR 0.786,2026-02-04,528.0,2026-09-01,361.1499938964844,,492.2940986938477,444.5749969482422,571.3810015869141,21.99784620233577,3.0,1.0,1.0,1.0,2.0,50.0,0.9911288069633536,0.9911288069633536,20.666666666666668,1.0,1.0,0.0,100.0,100.0,100.0,0.0479578454982267,,INSUFFICIENT,C,FAST
ITCHOTELS.NS,160.2100067138672,2026-10-06T18:18:25.566299+05:30,WAITING FOR 0.786,2025-10-01,227.1999969482422,2026-03-30,137.3000030517578,,207.9613982543945,182.25,250.5739953613281,22.961661126222157,2.0,1.0,1.0,0.0,2.0,50.0,2.174373536331698,2.174373536331698,2.5,4.0,4.0,0.0,100.0,100.0,100.0,0.8697494145326792,,INSUFFICIENT,C,FAST
JMFINANCIL.NS,124.0,2026-10-06T18:18:25.566299+05:30,WAITING FOR 0.786,2025-10-16,182.5,2026-03-30,112.0,,167.413,147.25,200.83,25.931677946157112,4.0,1.0,1.0,2.0,2.0,50.0,-0.8554500064076823,-0.8554500064076823,36.5,7.0,7.0,19.0,0.0,100.0,100.0,-0.0234369864769228,,INSUFFICIENT,C,FAST
SPARC.NS,196.88999938964844,2026-10-06T18:18:25.566299+05:30,WAITING FOR 0.786,2026-07-08,289.0,2026-09-16,182.0,,266.102,235.5,316.82,26.009575505013693,4.0,2.0,2.0,0.0,4.0,50.0,7.329300833249062,7.329300833249062,2.25,3.0,3.0,1.0,100.0,100.0,100.0,3.257467036999583,,INSUFFICIENT,C,FAST
AWL.NS,185.92999267578125,2026-10-06T18:18:25.566299+05:30,WAITING FOR 0.786,2025-11-21,282.8999938964844,2026-03-16,171.19000244140625,,258.99405572509767,227.0449981689453,311.94459167480466,28.210710413704756,2.0,1.0,1.0,0.0,2.0,50.0,-1.2716224653502568,-1.2716224653502568,9.0,5.0,5.0,13.0,100.0,100.0,100.0,-0.1412913850389174,,INSUFFICIENT,C,FAST
NIACL.NS,160.72000122070312,2026-10-06T18:18:25.566299+05:30,WAITING FOR 0.786,2026-09-07,242.6000061035156,2026-10-05,157.6999969482422,,224.43140414428711,200.1500015258789,264.6740084838867,28.387917977211373,4.0,2.0,2.0,0.0,4.0,50.0,6.188829842683909,6.188829842683909,4.25,4.5,4.5,3.5,50.0,100.0,100.0,1.4561952571020962,,INSUFFICIENT,C,FAST
GREENPOWER.NS,8.739999771118164,2026-10-06T18:18:25.566299+05:30,WAITING FOR 0.786,2026-04-28,13.449999809265137,2026-09-29,8.579999923706055,,12.407819833755491,11.014999866485596,14.716199779510498,29.5605522306104,3.0,1.0,1.0,1.0,2.0,50.0,1.427330341929584,1.427330341929584,20.666666666666668,1.0,1.0,0.0,100.0,100.0,100.0,0.0690643713836895,,INSUFFICIENT,C,FAST
VIVIDHA.NS,0.5099999904632568,2026-10-06T18:18:25.566299+05:30,WAITING FOR 0.786,2025-11-17,0.8100000023841858,2026-03-30,0.4300000071525574,,0.7286800034046172,0.6200000047683716,0.9088000011444092,30.010431454084102,2.0,1.0,1.0,0.0,2.0,50.0,2.6206951460790093,2.6206951460790093,1.0,0.0,0.0,0.0,100.0,100.0,100.0,2.6206951460790093,,INSUFFICIENT,C,FAST
LTM.NS,3971.10009765625,2026-10-06T18:18:25.566299+05:30,WAITING FOR 0.786,2026-01-19,6429.5,2026-06-30,3528.0,,5808.579,4978.75,7183.889999999999,31.63387985846022,4.0,1.0,1.0,2.0,2.0,50.0,-1.6886824252244927,-1.6886824252244927,34.75,0.0,0.0,18.0,100.0,100.0,100.0,-0.0485951777043019,,INSUFFICIENT,C,FAST
DYNPRO.NS,221.5500030517578,2026-10-06T18:18:25.566299+05:30,WAITING FOR 0.786,2025-10-01,364.0,2026-03-30,190.8000030517578,,326.9352006530762,277.4000015258789,409.031999206543,32.23427682023961,2.0,1.0,1.0,0.0,2.0,50.0,-2.4490812356416614,-2.4490812356416614,4.5,0.0,0.0,8.0,100.0,100.0,100.0,-0.5442402745870358,,INSUFFICIENT,C,FAST
BIRLACORPN.NS,803.4500122070312,2026-10-06T18:18:25.566299+05:30,WAITING FOR 0.786,2025-10-06,1346.0999755859375,2026-03-16,769.5999755859375,,1222.7289755859374,1057.8499755859375,1495.9899755859374,34.29042508606502,4.0,2.0,2.0,0.0,4.0,50.0,-2.8944299394605206,-2.8944299394605206,16.25,3.0,3.0,29.0,50.0,100.0,100.0,-0.1781187655052628,,INSUFFICIENT,C,FAST
WIPRO.NS,161.83999633789062,2026-10-06T18:18:25.566299+05:30,WAITING FOR 0.786,2025-12-22,273.1000061035156,2026-09-29,156.7899932861328,,248.2096633605957,214.94499969482425,303.34060943603515,34.797060619363705,3.0,1.0,1.0,1.0,2.0,50.0,1.2366711215779864,1.2366711215779864,25.0,0.0,0.0,14.0,100.0,100.0,100.0,0.0494668448631194,,INSUFFICIENT,C,FAST
CEINSYS.NS,718.4500122070312,2026-10-06T18:18:25.566299+05:30,WAITING FOR 0.786,2026-04-20,1249.9000244140625,2026-10-01,634.9500122070312,,1118.3007218017578,942.4250183105468,1409.7870275878906,35.75520446329538,2.0,1.0,1.0,0.0,2.0,50.0,1.369701648359419,1.369701648359419,3.5,6.0,6.0,0.0,0.0,100.0,100.0,0.3913433281026912,,INSUFFICIENT,C,FAST
FCSSOFT.NS,1.409999966621399,2026-10-06T18:18:25.566299+05:30,WAITING FOR 0.786,2025-10-23,2.5299999713897705,2026-03-30,1.0499999523162842,,2.2132799673080443,1.7899999618530271,2.9147999763488768,36.2936461971259,2.0,1.0,1.0,0.0,2.0,50.0,-2.146335345436669,-2.146335345436669,2.0,1.0,1.0,3.0,100.0,100.0,100.0,-1.0731676727183346,,INSUFFICIENT,C,FAST
SAGCEM.NS,146.60000610351562,2026-10-06T18:18:25.566299+05:30,WAITING FOR 0.786,2025-10-03,258.1000061035156,2026-09-16,141.52000427246094,,233.15188571166996,199.81000518798828,288.4108065795898,37.122530381414,4.0,1.0,1.0,2.0,2.0,50.0,0.0478341092463024,0.0478341092463024,30.5,0.0,0.0,0.0,100.0,100.0,100.0,0.0015683314506984,,INSUFFICIENT,C,FAST
ORIENTTECH.NS,226.3500061035156,2026-10-06T18:18:25.566299+05:30,WAITING FOR 0.786,2026-01-08,412.9500122070313,2026-03-30,220.8000030517578,,371.82991024780273,316.87500762939453,462.9090145874024,39.12539043653947,2.0,1.0,1.0,0.0,2.0,50.0,5.358090631718262,5.358090631718262,1.0,1.0,1.0,0.0,100.0,100.0,100.0,5.358090631718262,,INSUFFICIENT,C,FAST
GOYALALUM.NS,5.909999847412109,2026-10-06T18:18:25.566299+05:30,WAITING FOR 0.786,2026-01-07,11.369999885559082,2026-09-18,5.300000190734863,,10.0710199508667,8.335000038146973,12.94819980621338,41.3167695402738,2.0,1.0,1.0,0.0,2.0,50.0,2.790472248193068,2.790472248193068,2.0,3.0,3.0,0.0,100.0,100.0,100.0,1.395236124096534,,INSUFFICIENT,C,FAST
CCCL.NS,13.100000381469728,2026-10-06T18:18:25.566299+05:30,WAITING FOR 0.786,2025-10-27,25.690000534057617,2026-03-30,12.760000228881836,,22.92298046875,19.225000381469727,29.05180061340332,42.85210686573483,5.0,2.0,2.0,1.0,4.0,50.0,2.3026049996981826,2.3026049996981826,14.0,2.0,2.0,2.0,100.0,100.0,100.0,0.1644717856927273,,INSUFFICIENT,C,FAST
VIKASECO.NS,1.0199999809265137,2026-10-06T18:18:25.566299+05:30,WAITING FOR 0.786,2025-10-03,2.039999961853028,2026-03-30,0.9900000095367432,,1.8152999720573424,1.5149999856948853,2.3129999494552616,43.81094052623643,4.0,2.0,2.0,0.0,4.0,50.0,2.530856054956129,2.530856054956129,1.75,1.5,1.5,1.5,100.0,100.0,100.0,1.446203459974931,,INSUFFICIENT,C,FAST
GUJRAFFIA.NS,41.86000061035156,2026-10-06T18:18:25.566299+05:30,WAITING FOR 0.786,2025-10-27,88.0,2026-03-17,35.099998474121094,,76.67939967346192,61.54999923706055,101.75400039672851,45.409065813488695,4.0,2.0,2.0,0.0,4.0,50.0,5.5835920869838365,5.5835920869838365,6.0,5.5,5.5,6.5,50.0,100.0,100.0,0.9305986811639728,,INSUFFICIENT,C,FAST
BAJAJINDEF.NS,207.2100067138672,2026-10-06T18:18:25.566299+05:30,WAITING FOR 0.786,2025-10-08,442.6000061035156,2026-10-05,201.0,,390.8976047973633,321.8000030517578,505.4160076904297,46.99123141947048,2.0,1.0,1.0,0.0,2.0,50.0,3.039697007033334,3.039697007033334,1.5,1.0,1.0,2.0,100.0,100.0,100.0,2.026464671355556,,INSUFFICIENT,C,FAST
ORCHASP.NS,1.2899999618530271,2026-10-06T18:18:25.566299+05:30,WAITING FOR 0.786,2025-10-16,4.159999847412109,2026-10-01,1.2200000286102295,,3.5308398861885077,2.689999938011169,4.924399800300598,63.46478448657256,2.0,1.0,1.0,0.0,2.0,50.0,-0.0085921625679095,-0.0085921625679095,16.5,4.0,4.0,29.0,100.0,100.0,100.0,-0.0005207371253278,,INSUFFICIENT,C,FAST
SIS.NS,416.7000122070313,2026-10-06T18:18:25.566299+05:30,WAITING FOR 0.786,2026-06-24,480.9500122070313,2026-09-28,378.5,,459.02570959472655,429.7250061035156,507.5870153808594,9.220768358501012,5.0,2.0,3.0,0.0,5.0,40.0,-1.5252063492801562,-1.5252063492801562,12.4,5.0,5.0,16.666666666666668,50.0,100.0,100.0,-0.1230005120387222,,INSUFFICIENT,C,FAST
SGMART.NS,742.8499755859375,2026-10-06T18:18:25.566299+05:30,WAITING FOR 0.786,2026-08-26,860.5999755859375,2026-09-16,678.0999755859375,,821.5449755859374,769.3499755859375,908.0499755859375,9.578903448818922,5.0,2.0,3.0,0.0,5.0,40.0,1.116520732915265,1.116520732915265,2.8,3.5,3.5,1.6666666666666667,100.0,100.0,100.0,0.3987574046125947,,INSUFFICIENT,C,FAST
BUTTERFLY.NS,543.25,2026-10-06T18:18:25.566299+05:30,WAITING FOR 0.786,2026-08-04,736.5,2026-10-01,522.25,,690.6505,629.375,792.2049999999999,21.342270801222902,5.0,2.0,3.0,0.0,5.0,40.0,2.029140458585668,2.029140458585668,4.0,5.0,5.0,2.6666666666666665,50.0,100.0,100.0,0.5072851146464169,,INSUFFICIENT,C,FAST
PAR.NS,122.73999786376952,2026-10-06T18:18:25.566299+05:30,WAITING FOR 0.786,2026-09-03,180.0,2026-10-05,118.01000213623048,,166.73414045715333,149.00500106811523,196.1173994445801,26.385803454985417,5.0,2.0,3.0,0.0,5.0,40.0,-1.5156528708429282,-1.5156528708429282,10.8,0.5,0.5,16.666666666666668,100.0,100.0,100.0,-0.1403382287817526,,INSUFFICIENT,C,FAST
TIJARIA.NS,6.420000076293945,2026-10-06T18:18:25.566299+05:30,WAITING FOR 0.786,2026-09-07,9.800000190734863,2026-09-30,6.25,,9.040300149917602,8.025000095367432,10.723000240325929,28.98465792253081,5.0,2.0,3.0,0.0,5.0,40.0,6.757738886319354,6.757738886319354,3.2,6.5,6.5,0.0,50.0,100.0,100.0,2.111793401974798,,INSUFFICIENT,C,FAST
AXITA.NS,7.510000228881836,2026-10-06T18:18:25.566299+05:30,WAITING FOR 0.786,2025-12-31,12.199999809265137,2026-06-10,6.570000171661377,,10.995179886817931,9.384999990463257,13.663799715042114,31.697340960419044,5.0,2.0,3.0,0.0,5.0,40.0,1.046869484237431,1.046869484237431,3.4,6.5,6.5,0.0,50.0,50.0,100.0,0.3079027894815974,,INSUFFICIENT,C,FAST
NDTV.NS,67.08000183105469,2026-10-06T18:18:25.566299+05:30,WAITING FOR 0.786,2025-10-01,118.0,2026-03-30,58.75,,105.3205,88.375,133.405,36.30869409938741,5.0,2.0,3.0,0.0,5.0,40.0,1.3656351698322844,1.3656351698322844,4.4,7.0,7.0,1.6666666666666667,50.0,50.0,100.0,0.3103716295073373,,INSUFFICIENT,C,FAST
IRFC.NS,77.0999984741211,2026-10-06T18:18:25.566299+05:30,WAITING FOR 0.786,2025-12-29,137.1699981689453,2026-10-05,76.05999755859375,,124.09245803833008,106.61499786376952,153.05859832763673,37.86890864043792,5.0,2.0,3.0,0.0,5.0,40.0,0.6255808055963392,0.6255808055963392,9.8,5.5,5.5,12.333333333333334,50.0,100.0,100.0,0.063834776081259,,INSUFFICIENT,C,FAST
VAKRANGEE.NS,5.190000057220459,2026-10-06T18:18:25.566299+05:30,WAITING FOR 0.786,2025-10-27,9.640000343322754,2026-03-30,4.610000133514404,,8.563580298423767,7.125000238418579,10.947800397872925,39.39450701272991,5.0,2.0,3.0,0.0,5.0,40.0,-5.305884893165343,-5.305884893165343,19.6,6.5,6.5,28.0,50.0,50.0,100.0,-0.2707084129165991,,INSUFFICIENT,C,FAST
NEXTMEDIA.NS,3.559999942779541,2026-10-06T18:18:25.566299+05:30,WAITING FOR 0.786,2025-10-30,8.479999542236328,2026-08-26,3.1600000858306885,,7.341519658565521,5.819999814033508,9.863199400901795,51.50867792574788,5.0,2.0,3.0,0.0,5.0,40.0,-1.4527244588537556,-1.4527244588537556,2.6,1.5,1.5,2.333333333333333,100.0,100.0,100.0,-0.5587401764822136,,INSUFFICIENT,C,FAST
SETL.NS,428.2999877929688,2026-10-06T18:18:25.566299+05:30,WAITING FOR 0.786,2026-09-11,468.1499938964844,2026-09-28,394.0,,452.2818952026368,431.0749969482422,487.42899230957033,5.302424807193164,3.0,1.0,2.0,0.0,3.0,33.33333333333333,2.949613092317505,2.949613092317505,6.333333333333333,7.0,7.0,6.0,0.0,100.0,100.0,0.4657283829975007,,INSUFFICIENT,C,FAST
BIMETAL.NS,660.4000244140625,2026-10-06T18:18:25.566299+05:30,WAITING FOR 0.786,2026-07-13,750.75,2026-09-07,575.7999877929688,,713.3106973876953,663.2749938964844,796.2370031738282,7.417619442327675,3.0,1.0,2.0,0.0,3.0,33.33333333333333,0.0933405925945671,0.0933405925945671,1.0,0.0,0.0,0.0,100.0,100.0,100.0,0.0933405925945671,,INSUFFICIENT,C,FAST
PNGJL.NS,588.5999755859375,2026-10-06T18:18:25.566299+05:30,WAITING FOR 0.786,2026-08-06,662.0,2026-09-02,563.0999755859375,,640.8353947753906,612.5499877929688,687.7140063476562,8.151144524056964,3.0,1.0,2.0,0.0,3.0,33.33333333333333,-3.7308430169173774,-3.7308430169173774,4.0,5.0,5.0,3.5,100.0,100.0,100.0,-0.9327107542293444,,INSUFFICIENT,C,FAST
ALEMBICLTD.NS,104.98999786376952,2026-10-06T18:18:25.566299+05:30,WAITING FOR 0.786,2026-09-03,117.72000122070312,2026-10-01,101.8499984741211,,114.32382063293456,109.78499984741212,121.84620193481445,8.164372671845555,3.0,1.0,2.0,0.0,3.0,33.33333333333333,-4.746186958003046,-4.746186958003046,5.0,2.0,2.0,6.0,100.0,100.0,100.0,-0.9492373916006092,,INSUFFICIENT,C,FAST
AVANTEL.NS,151.0800018310547,2026-10-06T18:18:25.566299+05:30,WAITING FOR 0.786,2026-07-22,171.77999877929688,2026-09-16,138.8000030517578,,164.72227969360353,155.29000091552734,180.35479766845705,8.281987043844072,3.0,1.0,2.0,0.0,3.0,33.33333333333333,-5.9371205026103056,-5.9371205026103056,7.0,5.0,5.0,8.0,100.0,100.0,100.0,-0.8481600718014722,,INSUFFICIENT,C,FAST
VIDYAWIRES.NS,95.83000183105467,2026-10-06T18:18:25.566299+05:30,WAITING FOR 0.786,2026-06-23,110.8499984741211,2026-09-16,82.0,,104.67609880065918,96.42499923706056,118.35099807739256,8.450923439982825,3.0,1.0,2.0,0.0,3.0,33.33333333333333,-3.13629359320378,-3.13629359320378,2.0,0.0,0.0,2.5,100.0,100.0,100.0,-1.56814679660189,,INSUFFICIENT,C,FAST
GROWW.NS,193.19000244140625,2026-10-06T18:18:25.566299+05:30,WAITING FOR 0.786,2026-07-16,220.97999572753903,2026-10-01,178.00999450683594,,211.7844154663086,199.4949951171875,232.15219604492188,8.779877869653918,3.0,1.0,2.0,0.0,3.0,33.33333333333333,-1.23847730607133,-1.23847730607133,2.0,2.0,2.0,1.5,100.0,100.0,100.0,-0.6192386530356649,,INSUFFICIENT,C,FAST
SHIVAMILLS.NS,58.310001373291016,2026-10-06T18:18:25.566299+05:30,WAITING FOR 0.786,2026-08-11,67.0,2026-10-01,56.27000045776367,,64.70378009796143,61.63500022888184,69.78979988098145,9.881615440381134,3.0,1.0,2.0,0.0,3.0,33.33333333333333,-1.2117994559624858,-1.2117994559624858,1.3333333333333333,2.0,2.0,0.0,100.0,100.0,100.0,-0.9088495919718644,,INSUFFICIENT,C,FAST
ICICIAMC.NS,3071.5,2026-10-06T18:18:25.566299+05:30,WAITING FOR 0.786,2026-06-19,3568.0,2026-09-07,2933.300048828125,,3432.1742104492187,3250.6500244140625,3733.021987304688,10.508621891952624,3.0,1.0,2.0,0.0,3.0,33.33333333333333,0.2032128896055859,0.2032128896055859,1.3333333333333333,2.0,2.0,0.0,100.0,100.0,100.0,0.1524096672041894,,INSUFFICIENT,C,FAST
AMBICAAGAR.NS,24.420000076293945,2026-10-06T18:18:25.566299+05:30,WAITING FOR 0.786,2026-09-04,28.350000381469727,2026-10-05,23.549999237060547,,27.32280013656616,25.949999809265137,29.598000679016117,10.624094330607766,4.0,1.0,2.0,1.0,3.0,33.33333333333333,-0.8923929532862402,-0.8923929532862402,17.25,6.0,6.0,0.0,0.0,100.0,100.0,-0.0517329248281878,,INSUFFICIENT,C,FAST
MARALOVER.NS,57.9900016784668,2026-10-06T18:18:25.566299+05:30,WAITING FOR 0.786,2026-09-08,68.88999938964844,2026-10-01,56.25,,66.18503952026367,62.56999969482422,72.17639923095703,12.382009440800932,3.0,1.0,2.0,0.0,3.0,33.33333333333333,-0.1033863578136529,-0.1033863578136529,3.333333333333333,5.0,5.0,2.0,100.0,100.0,100.0,-0.0310159073440958,,INSUFFICIENT,C,FAST
IRMENERGY.NS,262.1000061035156,2026-10-06T18:18:25.566299+05:30,WAITING FOR 0.786,2026-08-07,315.0,2026-10-01,253.0500030517578,,301.74270065307616,284.0250015258789,331.106999206543,13.137913349274047,3.0,1.0,2.0,0.0,3.0,33.33333333333333,-2.250795073941702,-2.250795073941702,10.666666666666666,0.0,0.0,15.0,100.0,100.0,100.0,-0.2110120381820346,,INSUFFICIENT,C,FAST
HEALTHX.NS,284.95001220703125,2026-10-06T18:18:25.566299+05:30,WAITING FOR 0.786,2026-07-14,347.8500061035156,2026-10-05,268.0,,330.7621047973633,307.9250030517578,368.6110076904297,13.850465916704144,4.0,1.0,2.0,1.0,3.0,33.33333333333333,-3.7811221337328496,-3.7811221337328496,19.25,1.0,1.0,6.0,100.0,100.0,100.0,-0.1964219290250831,,INSUFFICIENT,C,FAST
MAITHANALL.NS,911.0,2026-10-06T18:18:25.566299+05:30,WAITING FOR 0.786,2026-09-08,1119.4000244140625,2026-10-01,901.0,,1072.6624191894532,1010.2000122070312,1176.1840307617188,15.071136668665227,3.0,1.0,2.0,0.0,3.0,33.33333333333333,0.8553167317423993,0.8553167317423993,1.3333333333333333,2.0,2.0,0.0,100.0,100.0,100.0,0.6414875488067995,,INSUFFICIENT,C,FAST
DMART.NS,3581.89990234375,2026-10-06T18:18:25.566299+05:30,WAITING FOR 0.786,2026-06-24,4429.39990234375,2026-10-06,3521.0,,4235.002323242187,3975.199951171875,4665.583876953125,15.421536307409678,3.0,1.0,2.0,0.0,3.0,33.33333333333333,-5.851888629373417,-5.851888629373417,15.666666666666666,5.0,5.0,21.0,100.0,100.0,100.0,-0.3735248061302181,,INSUFFICIENT,C,FAST
SCILAL.NS,37.68000030517578,2026-10-06T18:18:25.566299+05:30,WAITING FOR 0.786,2026-06-22,47.33000183105469,2026-09-18,36.20000076293945,,44.94818160247803,41.76500129699707,50.22380210876464,16.170134226078563,3.0,1.0,2.0,0.0,3.0,33.33333333333333,-0.6587330067240416,-0.6587330067240416,1.0,0.0,0.0,0.5,100.0,100.0,100.0,-0.6587330067240416,,INSUFFICIENT,C,FAST
URJA.NS,8.600000381469727,2026-10-06T18:18:25.566299+05:30,WAITING FOR 0.786,2026-05-29,11.300000190734863,2026-10-01,8.510000228881836,,10.702940198898316,9.90500020980835,12.02540018081665,19.64824411188479,3.0,1.0,2.0,0.0,3.0,33.33333333333333,12.198662249588828,12.198662249588828,4.333333333333333,7.0,7.0,2.5,0.0,100.0,100.0,2.8150759037512683,,INSUFFICIENT,C,FAST
TENNIND.NS,494.1499938964844,2026-10-06T18:18:25.566299+05:30,WAITING FOR 0.786,2026-05-06,657.0,2026-10-06,483.2999877929688,,619.8281973876954,570.1499938964844,702.1620031738281,20.27629656425597,3.0,1.0,2.0,0.0,3.0,33.33333333333333,-0.9054312078151746,-0.9054312078151746,5.666666666666667,7.0,7.0,4.5,0.0,100.0,100.0,-0.1597819778497367,,INSUFFICIENT,C,FAST
IRB.NS,17.84000015258789,2026-10-06T18:18:25.566299+05:30,WAITING FOR 0.786,2026-05-21,23.950000762939453,2026-09-29,16.75,,22.40920059967041,20.350000381469727,25.82200096130371,20.38984133664153,4.0,1.0,2.0,1.0,3.0,33.33333333333333,-1.5055143430694655,-1.5055143430694655,28.0,0.0,0.0,25.5,100.0,100.0,100.0,-0.053768369395338,,INSUFFICIENT,C,FAST
HMAAGRO.NS,24.559999465942383,2026-10-06T18:18:25.566299+05:30,WAITING FOR 0.786,2025-11-18,34.2400016784668,2026-09-10,19.09000015258789,,30.99790135192871,26.665000915527344,38.179002075195314,20.768831453764715,3.0,1.0,2.0,0.0,3.0,33.33333333333333,-1.7263131705127297,-1.7263131705127297,7.0,7.0,7.0,6.5,0.0,100.0,100.0,-0.2466161672161042,,INSUFFICIENT,C,FAST
CAMPUS.NS,208.67999267578125,2026-10-06T18:18:25.566299+05:30,WAITING FOR 0.786,2026-02-10,284.75,2026-10-01,199.5399932861328,,266.5150585632324,242.1449966430664,306.9046017456055,21.700487094138964,3.0,1.0,2.0,0.0,3.0,33.33333333333333,3.109922165426671,3.109922165426671,2.0,4.0,4.0,0.0,100.0,100.0,100.0,1.5549610827133356,,INSUFFICIENT,C,FAST
RPSGVENT.NS,833.0999755859375,2026-10-06T18:18:25.566299+05:30,WAITING FOR 0.786,2026-04-07,1179.0,2026-04-29,802.25,,1098.3755,990.625,1276.955,24.151624322835183,3.0,1.0,2.0,0.0,3.0,33.33333333333333,3.527103437164649,3.527103437164649,10.666666666666666,6.0,6.0,13.0,0.0,100.0,100.0,0.3306659472341859,,INSUFFICIENT,C,FAST
RELCHEMQ.NS,113.4000015258789,2026-10-06T18:18:25.566299+05:30,WAITING FOR 0.786,2025-11-14,163.0,2026-03-30,105.01000213623048,,150.59014045715332,134.00500106811523,178.07739944458007,24.696264189922807,3.0,1.0,2.0,0.0,3.0,33.33333333333333,-6.652488362646693,-6.652488362646693,7.666666666666667,2.0,2.0,10.5,100.0,100.0,100.0,-0.867715873388699,,INSUFFICIENT,C,FAST
LOVABLE.NS,69.0,2026-10-06T18:18:25.566299+05:30,WAITING FOR 0.786,2025-10-27,101.9499969482422,2026-03-30,55.0,,91.90269760131837,78.4749984741211,114.15699615478516,24.92059340920784,3.0,1.0,2.0,0.0,3.0,33.33333333333333,-5.758622730945003,-5.758622730945003,10.666666666666666,3.0,3.0,14.0,100.0,100.0,100.0,-0.539870881026094,,INSUFFICIENT,C,FAST
IOC.NS,131.60000610351562,2026-10-06T18:18:25.566299+05:30,WAITING FOR 0.786,2026-02-27,188.9600067138672,2026-10-06,129.5500030517578,,176.24626593017578,159.2550048828125,204.40660766601565,25.33174793294506,4.0,1.0,2.0,1.0,3.0,33.33333333333333,-4.400310361206339,-4.400310361206339,28.0,2.0,2.0,24.5,100.0,100.0,100.0,-0.1571539414716549,,INSUFFICIENT,C,FAST
IREDA.NS,109.0,2026-10-06T18:18:25.566299+05:30,WAITING FOR 0.786,2025-10-15,158.6999969482422,2026-09-16,107.4000015258789,,147.72179792785644,133.04999923706055,172.03799575805664,26.21265004286448,3.0,1.0,2.0,0.0,3.0,33.33333333333333,-1.7863784582716775,-1.7863784582716775,4.0,3.0,3.0,4.0,100.0,100.0,100.0,-0.4465946145679194,,INSUFFICIENT,C,FAST
AHLADA.NS,38.33000183105469,2026-10-06T18:18:25.566299+05:30,WAITING FOR 0.786,2026-01-09,58.59000015258789,2026-03-30,31.21999931335449,,52.73281997299195,44.90499973297119,65.70620037078857,27.312816096908755,3.0,1.0,2.0,0.0,3.0,33.33333333333333,-2.190733279117359,-2.190733279117359,15.333333333333334,1.0,1.0,22.5,100.0,100.0,100.0,-0.1428739095076538,,INSUFFICIENT,C,FAST
UTKARSHBNK.NS,13.520000457763672,2026-10-06T18:18:25.566299+05:30,WAITING FOR 0.786,2025-10-29,21.07999992370605,2026-03-30,10.119999885559082,,18.734559915542604,15.599999904632568,23.929599933624267,27.83390419250157,3.0,1.0,2.0,0.0,3.0,33.33333333333333,-2.0623880821314757,-2.0623880821314757,1.0,0.0,0.0,0.0,100.0,100.0,100.0,-2.0623880821314757,,INSUFFICIENT,C,FAST
GTLINFRA.NS,1.090000033378601,2026-10-06T18:18:25.566299+05:30,WAITING FOR 0.786,2026-06-05,1.6699999570846558,2026-10-01,1.0399999618530271,,1.5351799581050871,1.3549999594688416,1.8337999558448792,28.99854980363237,3.0,1.0,2.0,0.0,3.0,33.33333333333333,-8.132565000666768,-8.132565000666768,17.333333333333332,1.0,1.0,25.5,100.0,100.0,100.0,-0.4691864423461597,,INSUFFICIENT,C,FAST
ADVENZYMES.NS,273.1000061035156,2026-10-06T18:18:25.566299+05:30,WAITING FOR 0.786,2026-05-11,419.0,2026-10-01,270.0,,387.114,344.5,457.74,29.45230446237656,4.0,1.0,2.0,1.0,3.0,33.33333333333333,0.0238336475336766,0.0238336475336766,18.25,3.0,3.0,5.0,100.0,100.0,100.0,0.0013059532895165,,INSUFFICIENT,C,FAST
TRIGYN.NS,51.70000076293945,2026-10-06T18:18:25.566299+05:30,WAITING FOR 0.786,2025-10-01,87.0,2026-03-30,37.54999923706055,,76.41769983673096,62.27499961853027,99.85700019836426,32.345515667969224,3.0,1.0,2.0,0.0,3.0,33.33333333333333,-1.5432538974807417,-1.5432538974807417,2.0,4.0,4.0,0.5,100.0,100.0,100.0,-0.7716269487403707,,INSUFFICIENT,C,FAST
SHK.NS,142.32000732421875,2026-10-06T18:18:25.566299+05:30,WAITING FOR 0.786,2025-10-06,243.50999450683597,2026-03-30,111.9800033569336,,215.36257640075684,177.74499893188477,277.7077922058105,33.91609178217529,4.0,1.0,2.0,1.0,3.0,33.33333333333333,0.2589155429751624,0.2589155429751624,16.25,0.0,0.0,0.0,100.0,100.0,100.0,0.0159332641830869,,INSUFFICIENT,C,FAST
ARENTERP.NS,33.88999938964844,2026-10-06T18:18:25.566299+05:30,WAITING FOR 0.786,2025-12-01,60.790000915527344,2026-09-22,27.600000381469727,,53.68734080123902,44.195000648498535,69.41940105438232,36.87525050809312,3.0,1.0,2.0,0.0,3.0,33.33333333333333,-2.117367527307558,-2.117367527307558,8.0,1.0,1.0,11.0,100.0,100.0,100.0,-0.2646709409134447,,INSUFFICIENT,C,FAST
CELLO.NS,369.1499938964844,2026-10-06T18:18:25.566299+05:30,WAITING FOR 0.786,2025-10-30,673.7999877929688,2026-10-01,314.0,,596.8027904052735,493.8999938964844,767.3479846191406,38.145397469438095,3.0,1.0,2.0,0.0,3.0,33.33333333333333,-1.52445027264236,-1.52445027264236,16.333333333333332,1.0,1.0,23.5,100.0,100.0,100.0,-0.0933336901617771,,INSUFFICIENT,C,FAST
AKSHAR.NS,0.4099999964237213,2026-10-06T18:18:25.566299+05:30,WAITING FOR 0.786,2025-10-10,0.7599999904632568,2026-03-09,0.3600000143051147,,0.6743999955654145,0.5600000023841858,0.8639999842643737,39.20521958485798,3.0,1.0,2.0,0.0,3.0,33.33333333333333,-0.7490908792218224,-0.7490908792218224,1.0,0.0,0.0,0.5,100.0,100.0,100.0,-0.7490908792218224,,INSUFFICIENT,C,FAST
GOODYEAR.NS,685.9500122070312,2026-10-06T18:18:25.566299+05:30,WAITING FOR 0.786,2026-04-15,1273.699951171875,2026-10-05,682.0,,1147.076161621094,977.8499755859376,1427.5419384765623,40.20013359552174,4.0,1.0,2.0,1.0,3.0,33.33333333333333,-1.599188365081012,-1.599188365081012,16.75,5.0,5.0,0.0,100.0,100.0,100.0,-0.0954739322436425,,INSUFFICIENT,C,FAST
GREENPANEL.NS,159.9199981689453,2026-10-06T18:18:25.566299+05:30,WAITING FOR 0.786,2025-10-01,314.3999938964844,2026-09-16,148.50999450683594,,278.8995340270996,231.45499420166016,357.531393737793,42.66035663099871,3.0,1.0,2.0,0.0,3.0,33.33333333333333,0.7832253149495885,0.7832253149495885,1.6666666666666667,3.0,3.0,0.5,100.0,100.0,100.0,0.469935188969753,,INSUFFICIENT,C,FAST
SUNDARAM.NS,1.090000033378601,2026-10-06T18:18:25.566299+05:30,WAITING FOR 0.786,2025-10-16,2.200000047683716,2026-09-24,1.0199999809265137,,1.9474800333976745,1.6100000143051147,2.506800065040588,44.03023318924967,3.0,1.0,2.0,0.0,3.0,33.33333333333333,0.3382755582653557,0.3382755582653557,1.3333333333333333,2.0,2.0,0.5,100.0,100.0,100.0,0.2537066686990168,,INSUFFICIENT,C,FAST
PRAXIS.NS,4.449999809265137,2026-10-06T18:18:25.566299+05:30,WAITING FOR 0.786,2025-10-10,14.4399995803833,2026-09-18,3.910000085830689,,12.186579688549042,9.174999833106996,17.17779944896698,63.48442366116458,3.0,1.0,2.0,0.0,3.0,33.33333333333333,-0.8254702083952864,-0.8254702083952864,2.0,1.0,1.0,2.0,100.0,100.0,100.0,-0.4127351041976432,,INSUFFICIENT,C,FAST
GMMPFAUDLR.NS,1425.699951171875,2026-10-06T18:18:25.566299+05:30,WAITING FOR 0.786,2026-09-21,1533.5999755859375,2026-10-06,1380.9000244140625,,1500.9221860351563,1457.25,1573.301962890625,5.011734489846455,4.0,1.0,3.0,0.0,4.0,25.0,-3.3510179674475538,-3.3510179674475538,5.75,0.0,0.0,6.666666666666667,100.0,100.0,100.0,-0.5827857334691398,,INSUFFICIENT,C,FAST
PIRAMALFIN.NS,2018.5,2026-10-06T18:18:25.566299+05:30,WAITING FOR 0.786,2026-09-09,2326.39990234375,2026-09-24,1781.199951171875,,2209.727112792969,2053.7999267578125,2468.1518896484376,8.653879100540554,4.0,1.0,3.0,0.0,4.0,25.0,-1.26321988515207,-1.26321988515207,2.0,5.0,5.0,0.0,100.0,100.0,100.0,-0.631609942576035,,INSUFFICIENT,C,FAST
RENUKA.NS,22.649999618530277,2026-10-06T18:18:25.566299+05:30,WAITING FOR 0.786,2026-08-24,27.68000030517578,2026-10-01,20.950000762939453,,26.239780403137207,24.315000534057617,29.429800186157227,13.68068150516131,5.0,1.0,3.0,1.0,4.0,25.0,-3.205537088611783,-3.205537088611783,15.8,1.0,1.0,5.0,100.0,100.0,100.0,-0.2028820942159356,,INSUFFICIENT,C,FAST
NSLNISP.NS,40.900001525878906,2026-10-06T18:18:25.566299+05:30,WAITING FOR 0.786,2026-08-28,49.400001525878906,2026-10-01,40.150001525878906,,47.420501525878905,44.775001525878906,51.80500152587891,13.750381776206122,4.0,1.0,3.0,0.0,4.0,25.0,-0.5514145618844708,-0.5514145618844708,4.75,4.0,4.0,4.333333333333333,100.0,100.0,100.0,-0.1160872761862043,,INSUFFICIENT,C,FAST
HONAUT.NS,33780.0,2026-10-06T18:18:25.566299+05:30,WAITING FOR 0.786,2026-07-29,41495.0,2026-10-01,33025.0,,39682.42,37260.0,43697.2,14.87414326041607,5.0,1.0,3.0,1.0,4.0,25.0,-3.1623987756377865,-3.1623987756377865,32.8,7.0,7.0,32.0,0.0,100.0,100.0,-0.0964145968182252,,INSUFFICIENT,C,FAST
NOVARTIND.NS,2051.199951171875,2026-10-06T18:18:25.566299+05:30,WAITING FOR 0.786,2026-09-10,2588.800048828125,2026-10-01,1900.0,,2441.396838378906,2244.4000244140625,2767.888061523437,15.982526112638157,4.0,1.0,3.0,0.0,4.0,25.0,-4.5025146246922105,-4.5025146246922105,12.0,0.0,0.0,15.333333333333334,100.0,100.0,100.0,-0.3752095520576842,,INSUFFICIENT,C,FAST
TIPSFILMS.NS,334.54998779296875,2026-10-06T18:18:25.566299+05:30,WAITING FOR 0.786,2026-07-29,432.3999938964844,2026-09-30,306.3500061035156,,405.4252965087891,369.375,465.1729907226562,17.48171841425387,4.0,1.0,3.0,0.0,4.0,25.0,-2.8315678506349964,-2.8315678506349964,6.0,3.0,3.0,6.333333333333333,100.0,100.0,100.0,-0.4719279751058327,,INSUFFICIENT,C,FAST
SUDARCOLOR.NS,368.2999877929688,2026-10-06T18:18:25.566299+05:30,WAITING FOR 0.786,2025-10-06,550.0,2026-03-30,268.25,,489.7055,409.125,623.255,24.79153536299496,5.0,1.0,3.0,1.0,4.0,25.0,-3.802148073992967,-3.802148073992967,14.0,1.0,1.0,3.0,100.0,100.0,100.0,-0.2715820052852119,,INSUFFICIENT,C,FAST
RCF.NS,108.94000244140624,2026-10-06T18:18:25.566299+05:30,WAITING FOR 0.786,2025-11-18,157.1999969482422,2026-03-30,106.0,,146.24319760131837,131.5999984741211,170.51199615478515,25.5076446438257,5.0,1.0,3.0,1.0,4.0,25.0,-1.85562259419969,-1.85562259419969,21.0,2.0,2.0,13.666666666666666,100.0,100.0,100.0,-0.0883629806761757,,INSUFFICIENT,C,FAST
INDIASHLTR.NS,636.3499755859375,2026-10-06T18:18:25.566299+05:30,WAITING FOR 0.786,2025-11-18,924.0,2026-09-02,620.1500244140625,,858.9761052246095,772.0750122070312,1003.0009936523438,25.91761613443933,5.0,1.0,3.0,1.0,4.0,25.0,-0.3278528686486963,-0.3278528686486963,19.6,0.0,0.0,11.666666666666666,100.0,100.0,100.0,-0.0167271871759538,,INSUFFICIENT,C,FAST
VIPIND.NS,288.1000061035156,2026-10-06T18:18:25.566299+05:30,WAITING FOR 0.786,2025-12-24,435.0,2026-10-01,277.8500061035156,,401.3699013061523,356.4250030517578,475.85899841308594,28.22082444000652,5.0,1.0,3.0,1.0,4.0,25.0,-2.7740858751252877,-2.7740858751252877,20.8,5.0,5.0,12.666666666666666,100.0,100.0,100.0,-0.1333695132271772,,INSUFFICIENT,C,FAST
JINDALPOLY.NS,658.3499755859375,2026-10-06T18:18:25.566299+05:30,WAITING FOR 0.786,2026-03-19,1026.449951171875,2026-07-01,606.0,,936.4736616210936,816.2249755859375,1135.7669384765625,29.699039859135706,4.0,1.0,3.0,0.0,4.0,25.0,0.5252577163140182,0.5252577163140182,1.75,1.0,1.0,1.3333333333333333,100.0,100.0,100.0,0.3001472664651533,,INSUFFICIENT,C,FAST
UEL.NS,179.6199951171875,2026-10-06T18:18:25.566299+05:30,WAITING FOR 0.786,2026-08-11,284.20001220703125,2026-08-26,157.10000610351562,,257.0006109008789,220.65000915527344,317.2460137939453,30.109117450127727,4.0,1.0,3.0,0.0,4.0,25.0,-1.8816162332513668,-1.8816162332513668,1.0,1.0,1.0,0.3333333333333333,100.0,100.0,100.0,-1.8816162332513668,,INSUFFICIENT,C,FAST
ISHANCH.NS,47.91999816894531,2026-10-06T18:18:25.566299+05:30,WAITING FOR 0.786,2025-10-13,83.37000274658203,2026-08-26,41.709999084472656,,74.45476196289063,62.540000915527344,94.20160369873048,35.63877325559196,4.0,1.0,3.0,0.0,4.0,25.0,-3.0588870394766587,-3.0588870394766587,1.0,0.0,0.0,0.0,100.0,100.0,100.0,-3.0588870394766587,,INSUFFICIENT,C,FAST
INDOWIND.NS,8.5600004196167,2026-10-06T18:18:25.566299+05:30,WAITING FOR 0.786,2025-12-01,18.940000534057617,2026-03-30,7.0,,16.38484041976929,12.970000267028809,22.0444006729126,47.75658352284868,4.0,1.0,3.0,0.0,4.0,25.0,-7.6718967730329135,-7.6718967730329135,13.75,2.0,2.0,17.333333333333332,100.0,100.0,100.0,-0.5579561289478483,,INSUFFICIENT,C,FAST
GOCOLORS.NS,306.45001220703125,2026-10-06T18:18:25.566299+05:30,WAITING FOR 0.786,2025-10-06,715.4500122070312,2026-03-17,237.0500030517578,,613.0724102478027,476.2500076293945,839.8340145874023,50.01405917399468,5.0,1.0,3.0,1.0,4.0,25.0,-2.953098210956271,-2.953098210956271,22.0,3.0,3.0,15.333333333333334,100.0,100.0,100.0,-0.1342317368616487,,INSUFFICIENT,C,FAST
GSLSU.NS,28.88999938964844,2026-10-06T18:18:25.566299+05:30,WAITING FOR 0.786,2025-11-19,139.6699981689453,2026-07-22,23.059999465942383,,114.7154584465027,81.36499881744385,169.98859783172608,74.81594914854371,4.0,1.0,3.0,0.0,4.0,25.0,-0.4192206476026525,-0.4192206476026525,2.75,5.0,5.0,1.3333333333333333,100.0,100.0,100.0,-0.15244387185551,,INSUFFICIENT,C,FAST
BUILDPRO.NS,1301.5,2026-10-06T18:18:25.566299+05:30,WAITING FOR 0.786,2026-09-10,1360.0,2026-10-01,1219.0,,1329.826,1289.5,1396.66,2.1300531046918936,5.0,1.0,4.0,0.0,5.0,20.0,-0.9498531831386968,-0.9498531831386968,1.4,3.0,3.0,0.0,100.0,100.0,100.0,-0.6784665593847836,,INSUFFICIENT,C,FAST
DIAMINESQ.NS,244.5399932861328,2026-10-06T18:18:25.566299+05:30,WAITING FOR 0.786,2026-08-05,287.6000061035156,2026-08-21,234.0,,276.1296047973633,260.8000030517578,301.5360076904297,11.440139326752888,5.0,1.0,4.0,0.0,5.0,20.0,-2.0363649530808843,-2.0363649530808843,1.6,1.0,1.0,1.0,100.0,100.0,100.0,-1.272728095675553,,INSUFFICIENT,C,FAST
JMA.NS,86.91999816894531,2026-10-06T18:18:25.566299+05:30,WAITING FOR 0.786,2026-08-28,103.6999969482422,2026-09-29,85.33999633789062,,99.77095681762697,94.5199966430664,108.4735971069336,12.88046046523552,5.0,1.0,4.0,0.0,5.0,20.0,-3.990298668161624,-3.990298668161624,6.8,3.0,3.0,7.25,100.0,100.0,100.0,-0.586808627670827,,INSUFFICIENT,C,FAST
ATHERENERG.NS,1446.0,2026-10-06T18:18:25.566299+05:30,WAITING FOR 0.786,2026-09-01,1744.0,2026-10-01,1373.5999755859375,,1664.734394775391,1558.7999877929688,1840.304006347656,13.139296902969482,5.0,1.0,4.0,0.0,5.0,20.0,-3.2650081827290025,-3.2650081827290025,7.6,0.0,0.0,8.75,100.0,100.0,100.0,-0.4296063398327635,,INSUFFICIENT,C,FAST
GENCON.NS,37.77999877929688,2026-10-06T18:18:25.566299+05:30,WAITING FOR 0.786,2026-09-03,45.58000183105469,2026-09-29,36.5,,43.636881439208985,41.040000915527344,47.940802307128905,13.421863494235712,5.0,1.0,4.0,0.0,5.0,20.0,-2.764324959673309,-2.764324959673309,5.6,2.0,2.0,6.25,100.0,100.0,100.0,-0.4936294570845195,,INSUFFICIENT,C,FAST
ORIENTCER.NS,44.13999938964844,2026-10-06T18:18:25.566299+05:30,WAITING FOR 0.786,2026-01-02,56.63999938964844,2026-03-30,34.0,,51.79503952026367,45.31999969482422,62.52639923095703,14.779485065592754,5.0,1.0,4.0,0.0,5.0,20.0,-5.622253179465618,-5.622253179465618,11.2,1.0,1.0,13.5,100.0,100.0,100.0,-0.501986891023716,,INSUFFICIENT,C,FAST
HYUNDAI.NS,1989.0,2026-10-06T18:18:25.566299+05:30,WAITING FOR 0.786,2025-10-01,2607.699951171875,2026-04-06,1658.0,,2404.464161621094,2132.849975585937,2854.6219384765627,17.27886687822318,5.0,1.0,4.0,0.0,5.0,20.0,-2.205496835013661,-2.205496835013661,7.8,6.0,6.0,8.0,0.0,100.0,100.0,-0.2827560044889308,,INSUFFICIENT,C,FAST
USK.NS,18.63999938964844,2026-10-06T18:18:25.566299+05:30,WAITING FOR 0.786,2026-06-08,27.239999771118164,2026-10-01,17.770000457763672,,25.213419918060303,22.50500011444092,29.702199592590333,26.071118276594213,5.0,1.0,4.0,0.0,5.0,20.0,-4.875293006004311,-4.875293006004311,2.6,0.0,0.0,2.5,100.0,100.0,100.0,-1.8751126946170429,,INSUFFICIENT,C,FAST
SUNCLAY.NS,1152.800048828125,2026-10-06T18:18:25.566299+05:30,WAITING FOR 0.786,2025-10-06,1728.0,2026-01-27,1112.800048828125,,1596.347210449219,1420.4000244140625,1887.9519873046877,27.785130873644825,5.0,1.0,4.0,0.0,5.0,20.0,-2.659793498812365,-2.659793498812365,7.2,0.0,0.0,8.25,100.0,100.0,100.0,-0.3694157637239395,,INSUFFICIENT,C,FAST
HIMATSEIDE.NS,65.36000061035156,2026-10-06T18:18:25.566299+05:30,WAITING FOR 0.786,2026-02-13,116.5999984741211,2026-09-22,61.09000015258789,,104.720858833313,88.84499931335449,131.0325980377197,37.586454753597046,5.0,1.0,4.0,0.0,5.0,20.0,-9.35552730400481,-9.35552730400481,14.8,3.0,3.0,17.75,100.0,100.0,100.0,-0.6321302232435682,,INSUFFICIENT,C,FAST
HEADSUP.NS,6.519999980926514,2026-10-06T18:18:25.566299+05:30,WAITING FOR 0.786,2025-10-09,12.949999809265137,2026-03-30,5.690000057220459,,11.396359862327577,9.319999933242798,14.837599744796751,42.78874956836543,5.0,1.0,4.0,0.0,5.0,20.0,-5.375488780616303,-5.375488780616303,9.8,1.0,1.0,11.75,100.0,100.0,100.0,-0.5485192633281941,,INSUFFICIENT,C,FAST
SHANTI.NS,5.489999771118164,2026-10-06T18:18:25.566299+05:30,WAITING FOR 0.786,2025-10-07,12.260000228881836,2026-03-25,4.699999809265137,,10.642160139083863,8.480000019073486,14.225600337982176,48.41273106804824,5.0,1.0,4.0,0.0,5.0,20.0,-9.521742243642754,-9.521742243642754,10.0,4.0,4.0,11.25,100.0,100.0,100.0,-0.9521742243642752,,INSUFFICIENT,C,FAST
MANGALAM.NS,31.86000061035156,2026-10-06T18:18:25.566299+05:30,WAITING FOR 0.786,2025-10-03,73.9000015258789,2025-12-29,22.799999237060547,,62.96460103607178,48.35000038146973,87.18600212097168,49.40013898904991,5.0,1.0,4.0,0.0,5.0,20.0,-2.9949758893027445,-2.9949758893027445,3.0,1.0,1.0,2.75,100.0,100.0,100.0,-0.9983252964342482,,INSUFFICIENT,C,FAST
BHARATRAS.NS,998.2999877929688,2026-10-06T18:18:25.566299+05:30,WAITING FOR 0.786,2025-10-24,2987.5,2026-10-05,970.0,,2555.755,1978.75,3512.05,60.93913587988799,5.0,1.0,4.0,0.0,5.0,20.0,-4.651900954298833,-4.651900954298833,11.4,0.0,0.0,13.75,100.0,100.0,100.0,-0.4080614872191959,,INSUFFICIENT,C,FAST
INDNIPPON.NS,1241.699951171875,2026-10-06T18:18:25.566299+05:30,WAITING FOR 0.786,2026-09-10,1564.0,2026-10-01,1187.699951171875,,1483.4717895507813,1375.8499755859375,1661.8380126953125,16.29770381087723,7.0,4.0,1.0,2.0,5.0,80.0,9.23506187883759,9.23506187883759,27.285714285714285,17.25,10.0,0.0,25.0,50.0,75.0,0.3384577651930007,81.0,A+,C,MEDIUM
JKTYRE.NS,339.3500061035156,2026-10-06T18:18:25.566299+05:30,WAITING FOR 0.786,2026-02-11,611.9000244140625,2026-09-29,333.1000061035156,,552.2368204956055,472.50001525878906,684.3880291748046,38.54991309725316,6.0,2.0,3.0,1.0,5.0,40.0,4.329153773906205,4.329153773906205,15.5,8.0,8.0,5.0,0.0,100.0,100.0,0.2793002434778197,64.26,B,C,MEDIUM
ONIDA.NS,31.11000061035156,2026-10-06T18:18:25.566299+05:30,WAITING FOR 0.786,2026-05-11,49.22999954223633,2026-10-05,30.5,,45.22177964019775,39.86499977111816,54.099799423217775,31.20571357899899,10.0,4.0,5.0,1.0,9.0,44.44444444444444,-0.330430486693357,-0.330430486693357,13.2,9.25,9.0,6.2,25.0,75.0,100.0,-0.0250326126282846,57.26,B,C,MEDIUM
UPL.NS,509.5499877929688,2026-10-06T18:18:25.566299+05:30,WAITING FOR 0.786,2026-01-02,812.2000122070312,2026-10-05,496.0499877929688,,744.5439069824218,654.125,894.3990185546875,31.562130451361163,6.0,2.0,2.0,2.0,4.0,50.0,-0.8289930880424466,-0.8289930880424466,31.666666666666668,8.5,8.5,25.5,50.0,50.0,100.0,-0.0261787290960772,55.2,B,C,MEDIUM
INDIANCARD.NS,187.8600006103516,2026-10-06T18:18:25.566299+05:30,WAITING FOR 0.786,2026-07-24,234.6999969482422,2026-09-30,180.0,,222.9941976013184,207.3499984741211,248.9219961547852,15.755655245246208,6.0,2.0,4.0,0.0,6.0,33.33333333333333,0.0807512160384137,0.0807512160384137,5.666666666666667,8.0,8.0,4.0,0.0,100.0,100.0,0.0142502145950141,54.96,C,C,MEDIUM
CONCOR.NS,445.8500061035156,2026-10-06T18:18:25.566299+05:30,WAITING FOR 0.786,2026-08-14,543.7000122070312,2026-10-05,434.5,,520.3312095947266,489.1000061035156,572.0920153808594,14.31419106096338,8.0,3.0,5.0,0.0,8.0,37.5,1.0668460358416163,1.0668460358416163,9.875,16.333333333333332,9.0,5.6,33.33333333333333,66.66666666666666,66.66666666666666,0.1080350416042143,54.83,C,C,MEDIUM
NAVINFLUOR.NS,8536.0,2026-10-06T18:18:25.566299+05:30,WAITING FOR 0.786,2026-09-09,8949.5,2026-10-01,8035.0,,8753.797,8492.25,9187.27,2.4880289090551275,14.0,5.0,8.0,1.0,13.0,38.46153846153847,-0.7957527019465481,-0.7957527019465481,14.642857142857142,9.8,10.0,11.0,40.0,80.0,80.0,-0.0543440869622032,54.64,C,C,MEDIUM
KPRMILL.NS,1100.4000244140625,2026-10-06T18:18:25.566299+05:30,WAITING FOR 0.786,2026-06-24,1334.0,2026-07-24,1015.0,,1265.734,1174.5,1416.94,13.062300261029366,12.0,4.0,7.0,1.0,11.0,36.36363636363637,1.6240063039488977,1.6240063039488977,11.166666666666666,8.25,8.5,5.285714285714286,50.0,50.0,100.0,0.1454334003536326,54.58,C,C,MEDIUM
KHAITANLTD.NS,145.60000610351562,2026-10-06T18:18:25.566299+05:30,WAITING FOR 0.786,2026-09-03,178.0,2026-09-29,135.39999389648438,,168.88359869384766,156.6999969482422,189.0760015869141,13.786769568157151,13.0,4.0,9.0,0.0,13.0,30.76923076923077,1.337604326796352,1.337604326796352,4.230769230769231,7.0,8.0,2.333333333333333,25.0,75.0,100.0,0.3161610226973195,54.4,C,C,MEDIUM
ANNAPURNA.NS,130.35000610351562,2026-10-06T18:18:25.566299+05:30,WAITING FOR 0.786,2025-10-20,281.5,2026-07-29,120.75,,247.0995,201.125,323.295,47.24796848900317,9.0,3.0,6.0,0.0,9.0,33.33333333333333,-0.4113379019701024,-0.4113379019701024,3.888888888888889,7.666666666666667,8.0,1.1666666666666667,0.0,100.0,100.0,-0.1057726033637406,54.19,C,C,MEDIUM
HUHTAMAKI.NS,233.4499969482422,2026-10-06T18:18:25.566299+05:30,WAITING FOR 0.786,2026-07-27,330.0,2026-10-05,226.1000061035156,,307.76540130615234,278.0500030517578,357.0139984130859,24.146770248545337,7.0,2.0,4.0,1.0,6.0,33.33333333333333,2.6570306318297563,2.6570306318297563,13.857142857142858,7.5,7.5,5.0,50.0,50.0,100.0,0.1917444785856525,53.98,C,C,MEDIUM
GALAXYSURF.NS,2442.39990234375,2026-10-06T18:18:25.566299+05:30,WAITING FOR 0.786,2026-08-17,2648.0,2026-09-16,2078.699951171875,,2526.1697895507814,2363.349975585937,2796.0180126953123,3.3160830104744403,6.0,2.0,4.0,0.0,6.0,33.33333333333333,-0.5689451462640053,-0.5689451462640053,8.0,7.5,7.5,8.0,0.0,100.0,100.0,-0.0711181432830006,53.94,C,C,MEDIUM
CERA.NS,5122.5,2026-10-06T18:18:25.566299+05:30,WAITING FOR 0.786,2026-06-22,6740.0,2026-10-06,5006.0,,6368.924,5873.0,7190.84,19.57040153093364,7.0,3.0,3.0,1.0,6.0,50.0,1.937805297442633,1.937805297442633,18.428571428571427,20.33333333333333,12.0,1.6666666666666667,33.33333333333333,33.33333333333333,66.66666666666666,0.1051522254426235,53.86,C,C,MEDIUM
JISLDVREQS.NS,18.959999084472656,2026-10-06T18:18:25.566299+05:30,WAITING FOR 0.786,2025-10-03,34.22999954223633,2026-10-01,18.399999618530277,,30.84237955856323,26.3149995803833,38.3457995223999,38.52614695804654,9.0,3.0,6.0,0.0,9.0,33.33333333333333,1.397223834218003,1.397223834218003,6.0,10.666666666666666,10.0,3.0,33.33333333333333,66.66666666666666,66.66666666666666,0.2328706390363338,53.68,C,C,MEDIUM
YESBANK.NS,20.86000061035156,2026-10-06T18:18:25.566299+05:30,WAITING FOR 0.786,2026-06-18,25.780000686645508,2026-10-01,20.51000022888184,,24.65222058868408,23.145000457763672,27.150200805664063,15.382873784900465,9.0,3.0,6.0,0.0,9.0,33.33333333333333,1.3875706995331654,1.3875706995331654,8.333333333333334,20.666666666666668,10.0,1.3333333333333333,33.33333333333333,66.66666666666666,66.66666666666666,0.1665084839439798,53.67,C,C,MEDIUM
MONARCH.NS,344.6499938964844,2026-10-06T18:18:25.566299+05:30,WAITING FOR 0.786,2026-09-03,398.8999938964844,2026-10-01,325.0,,383.08539520263673,361.9499969482422,418.1139923095704,10.033115798064184,15.0,5.0,10.0,0.0,15.0,33.33333333333333,0.4761154250484977,0.4761154250484977,7.733333333333333,16.0,9.0,2.9,40.0,60.0,80.0,0.061566649790754,53.58,C,C,MEDIUM
CNL.NS,1070.0,2026-10-06T18:18:25.566299+05:30,WAITING FOR 0.786,2026-08-31,1328.0,2026-09-29,1049.0,,1268.294,1188.5,1400.54,15.634702994731512,15.0,5.0,9.0,1.0,14.0,35.714285714285715,-0.1642161906221237,-0.1642161906221237,10.533333333333331,13.0,10.0,3.111111111111111,40.0,60.0,80.0,-0.0155901446793155,53.53,C,C,MEDIUM
COALINDIA.NS,411.6499938964844,2026-10-06T18:18:25.566299+05:30,WAITING FOR 0.786,2026-06-09,467.5499877929688,2026-08-20,395.7999877929688,,452.1954877929688,431.6749877929688,486.2049877929687,8.966364103802729,6.0,2.0,3.0,1.0,5.0,40.0,0.4871127665417457,0.4871127665417457,15.0,9.5,9.5,3.6666666666666665,50.0,50.0,100.0,0.0324741844361163,53.26,C,C,MEDIUM
INSECTICID.NS,584.1500244140625,2026-10-06T18:18:25.566299+05:30,WAITING FOR 0.786,2026-08-04,669.9000244140625,2026-10-01,561.0499877929688,,646.6061165771484,615.4750061035156,698.2010339355469,9.659063000161726,8.0,3.0,4.0,1.0,7.0,42.85714285714285,-1.702616810638051,-1.702616810638051,19.0,13.0,8.0,12.25,33.33333333333333,66.66666666666666,66.66666666666666,-0.0896114110862132,52.65,C,C,MEDIUM
WABAG.NS,2006.9000244140625,2026-10-06T18:18:25.566299+05:30,WAITING FOR 0.786,2026-09-11,2319.0,2026-09-29,1956.800048828125,,2241.4892104492187,2137.9000244140625,2413.171987304688,10.465773600049674,11.0,3.0,7.0,1.0,10.0,30.0,0.7471449974412462,0.7471449974412462,10.909090909090908,11.0,9.0,3.0,33.33333333333333,66.66666666666666,100.0,0.0684882914321142,52.33,C,C,MEDIUM
IMFA.NS,1190.5999755859375,2026-10-06T18:18:25.566299+05:30,WAITING FOR 0.786,2026-04-29,1679.9000244140625,2026-10-01,1148.0,,1566.073419189453,1413.9500122070312,1818.1940307617188,23.97546877450024,12.0,4.0,7.0,1.0,11.0,36.36363636363637,2.646942856300543,2.646942856300543,13.666666666666666,10.5,10.5,8.285714285714286,25.0,50.0,100.0,0.1936787455829665,52.18,C,C,MEDIUM
RPPINFRA.NS,51.52999877929688,2026-10-06T18:18:25.566299+05:30,WAITING FOR 0.786,2025-10-03,130.08999633789062,2026-10-06,50.09999847412109,,112.97213679504397,90.09499740600586,150.88739578247072,54.38698404653219,6.0,2.0,3.0,1.0,5.0,40.0,-0.2107524074099324,-0.2107524074099324,17.5,9.5,9.5,8.333333333333334,50.0,50.0,100.0,-0.0120429947091389,52.17,C,C,MEDIUM
JSWENERGY.NS,494.8999938964844,2026-10-06T18:18:25.566299+05:30,WAITING FOR 0.786,2026-05-29,617.3499755859375,2026-10-01,475.1000061035156,,586.9084821166992,546.2249908447266,654.3349676513672,15.67680328769216,9.0,4.0,5.0,0.0,9.0,44.44444444444444,1.1758120522741018,1.1758120522741018,15.555555555555555,22.75,11.5,9.8,0.0,50.0,75.0,0.0755879176461922,52.11,C,C,MEDIUM
AMBUJACEM.NS,361.5499877929688,2026-10-06T18:18:25.566299+05:30,WAITING FOR 0.786,2025-11-04,588.75,2026-10-01,356.29998779296875,,539.0056973876954,472.5249938964844,649.1870031738281,32.92278921257608,7.0,2.0,3.0,2.0,5.0,40.0,-0.2866790109894971,-0.2866790109894971,29.428571428571427,9.5,9.5,21.666666666666668,0.0,50.0,100.0,-0.0097415197909052,52.05,C,C,MEDIUM
MANORAMA.NS,1985.5999755859373,2026-10-06T18:18:25.566299+05:30,WAITING FOR 0.786,2026-09-08,2149.5,2026-10-01,1824.0,,2079.843,1986.75,2234.13,4.531256658029589,12.0,5.0,7.0,0.0,12.0,41.66666666666667,3.111316260851643,3.111316260851643,7.166666666666667,14.2,15.0,1.7142857142857142,20.0,20.0,100.0,0.4341371526769734,52.03,C,C,MEDIUM
RADICO.NS,4460.10009765625,2026-10-06T18:18:25.566299+05:30,WAITING FOR 0.786,2026-08-19,4747.0,2026-10-01,4234.7998046875,,4637.389158203125,4490.89990234375,4880.17205078125,3.823036076954341,13.0,4.0,6.0,3.0,10.0,40.0,1.6196141422482018,1.6196141422482018,22.23076923076923,14.25,13.5,8.166666666666666,0.0,50.0,75.0,0.0728546153952478,52.03,C,C,MEDIUM
CGPOWER.NS,912.0,2026-10-06T18:18:25.566299+05:30,WAITING FOR 0.786,2026-07-02,980.9000244140624,2026-07-30,814.8499755859375,,945.3653139648436,897.875,1024.073037109375,3.5293566912149807,14.0,6.0,8.0,0.0,14.0,42.85714285714285,1.865906585546138,1.865906585546138,10.857142857142858,18.0,13.0,5.0,33.33333333333333,33.33333333333333,83.33333333333334,0.1718598170897758,51.89,C,C,MEDIUM
VESUVIUS.NS,404.3999938964844,2026-10-06T18:18:25.566299+05:30,WAITING FOR 0.786,2026-02-20,607.9000244140625,2026-09-28,383.0,,559.7714191894531,495.4500122070313,666.3740307617188,27.75622691096769,18.0,5.0,12.0,1.0,17.0,29.411764705882355,0.2716328128602314,0.2716328128602314,9.22222222222222,15.6,10.0,1.75,20.0,60.0,80.0,0.0294541604306275,51.69,C,C,MEDIUM
ABSLAMC.NS,1009.6500244140624,2026-10-06T18:18:25.566299+05:30,WAITING FOR 0.786,2026-06-22,1224.9000244140625,2026-10-01,942.5,,1164.466419189453,1083.7000122070312,1298.3240307617189,13.29505018127987,8.0,2.0,4.0,2.0,6.0,33.33333333333333,1.180464659295562,1.180464659295562,19.25,8.5,8.5,3.0,50.0,50.0,100.0,0.0613228394439252,51.68,C,C,MEDIUM
SHARDACROP.NS,741.75,2026-10-06T18:18:25.566299+05:30,WAITING FOR 0.786,2026-05-14,1238.800048828125,2026-10-01,697.5999755859375,,1122.9832331542968,968.2000122070312,1379.5120678710937,33.948256919515,9.0,3.0,5.0,1.0,8.0,37.5,3.7372329284730657,3.7372329284730657,18.33333333333333,22.666666666666668,11.0,6.4,0.0,33.33333333333333,66.66666666666666,0.2038490688258036,51.67,C,C,MEDIUM
MONTECARLO.NS,524.2999877929688,2026-10-06T18:18:25.566299+05:30,WAITING FOR 0.786,2025-11-20,860.9500122070312,2026-03-30,464.0,,776.0027095947266,662.4750061035156,964.1570153808592,32.43580450037495,7.0,2.0,4.0,1.0,6.0,33.33333333333333,1.0616019395888294,1.0616019395888294,21.142857142857142,10.0,10.0,15.75,0.0,50.0,100.0,0.0502109025481203,51.49,C,C,MEDIUM
SCHNEIDER.NS,1274.0,2026-10-06T18:18:25.566299+05:30,WAITING FOR 0.786,2026-07-08,1548.0,2026-08-25,1134.9000244140625,,1459.5966052246094,1341.4500122070312,1655.4059936523438,12.715609543093516,20.0,7.0,12.0,1.0,19.0,36.84210526315789,1.2225632167470155,1.2225632167470155,11.7,16.571428571428573,14.0,4.0,28.57142857142857,42.85714285714285,71.42857142857143,0.10449258262795,51.43,C,C,MEDIUM
HONDAPOWER.NS,1885.9000244140625,2026-10-06T18:18:25.566299+05:30,WAITING FOR 0.786,2025-10-06,2783.0,2026-03-30,1816.5999755859373,,2576.190394775391,2299.7999877929688,3034.2640063476565,26.795005980973404,12.0,3.0,8.0,1.0,11.0,27.27272727272727,0.6995385031363567,0.6995385031363567,8.166666666666666,9.666666666666666,9.0,0.25,33.33333333333333,66.66666666666666,100.0,0.0856577758942477,51.17,C,C,MEDIUM
CUMMINSIND.NS,4919.0,2026-10-06T18:18:25.566299+05:30,WAITING FOR 0.786,2026-05-29,6100.0,2026-09-30,4741.0,,5809.174,5420.5,6453.34,15.323589894191498,10.0,4.0,5.0,1.0,9.0,44.44444444444444,1.4941986588045115,1.4941986588045115,14.4,17.0,13.5,3.0,25.0,25.0,75.0,0.1037637957503133,51.11,C,C,MEDIUM
ARE&M.NS,742.9000244140625,2026-10-06T18:18:25.566299+05:30,WAITING FOR 0.786,2026-08-12,1017.2999877929688,2026-10-01,734.6500244140625,,956.8128956298827,875.9750061035156,1090.7889782714844,22.356813144224883,6.0,2.0,4.0,0.0,6.0,33.33333333333333,-2.4512738347550416,-2.4512738347550416,6.166666666666667,8.5,8.5,4.5,0.0,100.0,100.0,-0.3975038650954121,51.0,C,C,MEDIUM
ARIHANTSUP.NS,220.25999450683597,2026-10-06T18:18:25.566299+05:30,WAITING FOR 0.786,2025-10-07,465.0,2026-03-30,188.8000030517578,,405.8932006530762,326.9000015258789,536.811999206543,45.73449514491968,11.0,4.0,7.0,0.0,11.0,36.36363636363637,1.885779509226878,1.885779509226878,8.909090909090908,14.75,13.5,5.0,0.0,50.0,75.0,0.2116691285866904,50.99,C,C,MEDIUM
SHANTIGEAR.NS,602.2999877929688,2026-10-06T18:18:25.566299+05:30,WAITING FOR 0.786,2026-09-10,743.0,2026-10-01,568.5999755859375,,705.6783947753906,655.7999877929688,788.3440063476562,14.649507161874508,11.0,3.0,7.0,1.0,10.0,30.0,-0.1200204746272132,-0.1200204746272132,13.181818181818182,14.0,10.0,5.285714285714286,33.33333333333333,66.66666666666666,66.66666666666666,-0.0091050015234437,50.98,C,C,MEDIUM
M&M.NS,2855.0,2026-10-06T18:18:25.566299+05:30,WAITING FOR 0.786,2026-08-10,3534.60009765625,2026-10-01,2812.0,,3379.9636767578127,3173.300048828125,3722.476123046875,15.531636637627344,21.0,8.0,12.0,1.0,20.0,40.0,0.3824857863009536,0.3824857863009536,12.523809523809524,15.75,15.0,6.25,37.5,37.5,75.0,0.0305406901609126,50.85,C,C,MEDIUM
TNPL.NS,145.94000244140625,2026-10-06T18:18:25.566299+05:30,WAITING FOR 0.786,2026-09-07,166.0,2026-09-22,141.22000122070312,,160.69708026123047,153.61000061035156,172.4427996826172,9.183164868854488,10.0,3.0,7.0,0.0,10.0,30.0,-0.3866538158995862,-0.3866538158995862,7.2,8.0,10.0,6.428571428571429,33.33333333333333,66.66666666666666,100.0,-0.0537019188749425,50.56,C,C,MEDIUM
FIEMIND.NS,1779.5,2026-10-06T18:18:25.566299+05:30,WAITING FOR 0.786,2026-08-12,2674.800048828125,2026-10-05,1752.0,,2477.320838378906,2213.4000244140625,2914.7280615234376,28.16836751898239,18.0,5.0,13.0,0.0,18.0,27.77777777777778,-0.294139292152714,-0.294139292152714,6.166666666666667,12.6,9.0,3.076923076923077,40.0,60.0,80.0,-0.047698263592332,50.15,C,C,MEDIUM
CCL.NS,1054.9000244140625,2026-10-06T18:18:25.566299+05:30,WAITING FOR 0.786,2026-07-13,1242.199951171875,2026-09-30,991.4000244140624,,1188.528766845703,1116.7999877929688,1307.4079321289062,11.243206404358618,15.0,4.0,10.0,1.0,14.0,28.57142857142857,0.0413733340086596,0.0413733340086596,10.2,8.25,8.5,5.3,50.0,50.0,100.0,0.0040562092165352,49.99,C,C,MEDIUM
SBIN.NS,958.75,2026-10-06T18:18:25.566299+05:30,WAITING FOR 0.786,2026-02-24,1234.699951171875,2026-05-18,933.9000244140624,,1170.328766845703,1084.2999877929688,1312.9079321289062,18.07857525505034,9.0,4.0,5.0,0.0,9.0,44.44444444444444,-0.2162317133904402,-0.2162317133904402,13.666666666666666,11.0,12.0,15.8,0.0,50.0,100.0,-0.0158218326871053,49.94,C,C,MEDIUM
LGBBROSLTD.NS,1657.800048828125,2026-10-06T18:18:25.566299+05:30,WAITING FOR 0.786,2026-02-12,2048.0,2026-06-11,1445.0,,1918.958,1746.5,2204.78,13.609362537995883,13.0,4.0,9.0,0.0,13.0,30.76923076923077,0.0714631430499686,0.0714631430499686,7.230769230769231,17.25,9.0,2.2222222222222223,25.0,50.0,75.0,0.0098832006345701,49.92,C,C,MEDIUM
MANGLMCEM.NS,988.0999755859376,2026-10-06T18:18:25.566299+05:30,WAITING FOR 0.786,2026-09-03,1120.0,2026-10-01,968.0,,1087.472,1044.0,1159.52,9.13789269186356,6.0,2.0,4.0,0.0,6.0,33.33333333333333,2.607671582240095,2.607671582240095,12.0,12.5,12.5,11.5,0.0,50.0,100.0,0.2173059651866745,49.91,C,C,MEDIUM
TIIL.NS,2819.10009765625,2026-10-06T18:18:25.566299+05:30,WAITING FOR 0.786,2026-08-25,3565.300048828125,2026-10-06,2777.800048828125,,3396.775048828125,3171.550048828125,3770.050048828125,17.00657072864365,16.0,4.0,12.0,0.0,16.0,25.0,0.7763957903504322,0.7763957903504322,6.3125,17.25,9.5,1.8333333333333333,50.0,50.0,75.0,0.1229933925307615,49.71,C,C,MEDIUM
ISGEC.NS,905.0,2026-10-06T18:18:25.566299+05:30,WAITING FOR 0.786,2026-05-21,1113.9000244140625,2026-08-17,722.5,,1030.140419189453,918.2000122070312,1215.6640307617188,12.147899146401562,6.0,2.0,3.0,1.0,5.0,40.0,-1.8443497408722505,-1.8443497408722505,21.0,10.0,10.0,15.0,0.0,50.0,100.0,-0.0878261781367738,49.62,C,C,MEDIUM
SHRIRAMFIN.NS,965.0499877929688,2026-10-06T18:18:25.566299+05:30,WAITING FOR 0.786,2026-08-06,1153.699951171875,2026-10-01,936.0,,1107.1121616210935,1044.8499755859375,1210.3019384765626,12.831777913098689,13.0,5.0,8.0,0.0,13.0,38.46153846153847,1.0942491751974175,1.0942491751974175,9.846153846153848,16.2,15.0,5.5,20.0,40.0,80.0,0.1111346818559877,49.59,C,C,MEDIUM
FOODSIN.NS,50.77999877929688,2026-10-06T18:18:25.566299+05:30,WAITING FOR 0.786,2025-11-11,86.4000015258789,2026-03-30,44.0,,77.32640119934082,65.20000076293945,97.42400192260745,34.330321867184274,8.0,3.0,5.0,0.0,8.0,37.5,2.3778153342551067,2.3778153342551067,4.875,11.333333333333334,12.0,0.0,33.33333333333333,33.33333333333333,100.0,0.4877569916420731,49.55,C,C,MEDIUM
PENIND.NS,177.85000610351562,2026-10-06T18:18:25.566299+05:30,WAITING FOR 0.786,2025-11-07,279.8999938964844,2026-03-30,129.10000610351562,,247.6287965087891,204.5,319.10799072265627,28.17878671182606,23.0,6.0,17.0,0.0,23.0,26.08695652173913,-0.2738392058939632,-0.2738392058939632,6.608695652173913,15.0,9.0,2.9411764705882355,16.666666666666664,50.0,83.33333333333334,-0.0414361956286918,49.51,C,C,MEDIUM
CANTABIL.NS,229.83999633789065,2026-10-06T18:18:25.566299+05:30,WAITING FOR 0.786,2026-02-06,321.5,2026-05-29,208.5,,297.318,265.0,350.88,22.695566249641583,11.0,4.0,7.0,0.0,11.0,36.36363636363637,-1.7208075322085454,-1.7208075322085454,12.363636363636363,10.5,10.0,13.0,0.0,50.0,100.0,-0.1391829621639264,49.36,C,C,MEDIUM
ANUP.NS,1575.9000244140625,2026-10-06T18:18:25.566299+05:30,WAITING FOR 0.786,2026-06-29,2398.800048828125,2026-10-05,1523.0,,2211.378838378906,1960.9000244140625,2626.5080615234374,28.73676834271841,12.0,3.0,8.0,1.0,11.0,27.27272727272727,-0.5068474616063077,-0.5068474616063077,8.666666666666666,9.0,10.0,1.125,33.33333333333333,66.66666666666666,100.0,-0.0584823994161124,49.28,C,C,MEDIUM
GRAUWEIL.NS,82.31999969482422,2026-10-06T18:18:25.566299+05:30,WAITING FOR 0.786,2026-04-13,115.5999984741211,2026-05-20,62.09000015258789,,104.148858833313,88.84499931335449,129.51259803771973,20.95928787220337,8.0,3.0,5.0,0.0,8.0,37.5,1.8869202045186064,1.8869202045186064,11.625,14.0,13.0,9.6,33.33333333333333,33.33333333333333,66.66666666666666,0.1623157165177296,48.78,C,C,MEDIUM
HAL.NS,4816.0,2026-10-06T18:18:25.566299+05:30,WAITING FOR 0.786,2026-09-09,5097.39990234375,2026-09-29,4549.2998046875,,4980.106481445313,4823.349853515625,5239.905927734375,3.2952404141705505,12.0,4.0,7.0,1.0,11.0,36.36363636363637,-0.0961390395181075,-0.0961390395181075,15.0,12.5,11.0,9.714285714285714,50.0,50.0,75.0,-0.0064092693012071,47.9,C,C,MEDIUM
TVSHLTD.NS,11763.0,2026-10-06T18:18:25.566299+05:30,WAITING FOR 0.786,2026-08-10,14985.0,2026-10-01,11661.0,,14273.664,13323.0,15849.24,17.589485082456758,11.0,3.0,6.0,2.0,9.0,33.33333333333333,1.5904885358230345,1.5904885358230345,19.727272727272727,19.0,13.0,6.0,33.33333333333333,33.33333333333333,66.66666666666666,0.080623842829739,47.65,C,C,MEDIUM
SHANKARA.NS,125.58000183105467,2026-10-06T18:18:25.566299+05:30,WAITING FOR 0.786,2025-10-01,197.0,2026-02-25,98.25,,175.8675,147.625,222.675,28.593968850950468,8.0,2.0,5.0,1.0,7.0,28.57142857142857,2.22852447136328,2.22852447136328,13.25,14.5,14.5,2.8,0.0,50.0,50.0,0.1681905261406249,47.41,C,C,MEDIUM
ORISSAMINE.NS,3609.0,2026-10-06T18:18:25.566299+05:30,WAITING FOR 0.786,2025-10-06,6138.89990234375,2026-03-30,3100.5,,5488.682323242188,4619.699951171875,6928.883876953125,34.246513325840496,8.0,2.0,5.0,1.0,7.0,28.57142857142857,-0.4958984541963245,-0.4958984541963245,13.25,9.5,9.5,4.2,50.0,50.0,100.0,-0.0374262984299112,47.15,C,C,MEDIUM
RVNL.NS,198.77999877929688,2026-10-06T18:18:25.566299+05:30,WAITING FOR 0.786,2025-12-29,400.7000122070313,2026-10-01,194.0500030517578,,356.4769102478027,297.37500762939453,454.4290145874023,44.23762295260128,9.0,3.0,6.0,0.0,9.0,33.33333333333333,1.881505942377232,1.881505942377232,7.333333333333333,11.666666666666666,11.0,4.833333333333333,33.33333333333333,33.33333333333333,66.66666666666666,0.2565689921423498,47.11,C,C,MEDIUM
VISHNU.NS,695.5499877929688,2026-10-06T18:18:25.566299+05:30,WAITING FOR 0.786,2026-09-07,744.0,2026-10-01,640.0499877929688,,721.7546973876953,692.0249938964844,771.0270031738281,3.6306947068818993,19.0,3.0,15.0,1.0,18.0,16.666666666666664,-2.0336676789052626,-2.0336676789052626,6.789473684210527,7.0,8.0,2.6,33.33333333333333,100.0,100.0,-0.2995324488310076,46.99,C,C,MEDIUM
KOTHARIPET.NS,127.52999877929688,2026-10-06T18:18:25.566299+05:30,WAITING FOR 0.786,2026-09-09,150.75,2026-10-05,125.0,,145.2395,137.875,157.445,12.193309134707238,7.0,2.0,4.0,1.0,6.0,33.33333333333333,0.4810600737568486,0.4810600737568486,13.428571428571429,12.0,12.0,1.5,50.0,50.0,50.0,0.0358236225138078,46.58,C,C,MEDIUM
EIHOTEL.NS,300.70001220703125,2026-10-06T18:18:25.566299+05:30,WAITING FOR 0.786,2025-10-03,413.9500122070313,2026-04-02,271.1499938964844,,383.3908082885743,342.5500030517578,451.0780169677735,21.568278188688996,17.0,4.0,12.0,1.0,16.0,25.0,-1.2281077826923763,-1.2281077826923763,12.117647058823527,13.0,9.5,7.333333333333333,50.0,50.0,75.0,-0.1013487005134485,46.58,C,C,MEDIUM
MARICO.NS,794.1500244140625,2026-10-06T18:18:25.566299+05:30,WAITING FOR 0.786,2026-07-30,889.0999755859375,2026-10-01,766.25,,862.8100808105469,827.6749877929688,921.0409692382811,7.957725335334896,9.0,3.0,5.0,1.0,8.0,37.5,0.4543540612139662,0.4543540612139662,14.444444444444445,17.0,13.0,3.2,0.0,33.33333333333333,66.66666666666666,0.0314552811609668,46.54,C,C,MEDIUM
CHAMBLFERT.NS,404.7999877929688,2026-10-06T18:18:25.566299+05:30,WAITING FOR 0.786,2026-07-03,482.7000122070313,2026-10-05,395.0,,463.9322095947266,438.8500061035156,505.50201538085935,12.74587549189859,11.0,3.0,8.0,0.0,11.0,27.27272727272727,-2.386205859016353,-2.386205859016353,10.181818181818182,10.666666666666666,9.0,9.625,33.33333333333333,66.66666666666666,100.0,-0.2343595040105346,46.35,C,C,MEDIUM
JAGSNPHARM.NS,233.6300048828125,2026-10-06T18:18:25.566299+05:30,WAITING FOR 0.786,2026-07-30,263.70001220703125,2026-09-16,217.80999755859372,,253.87954907226563,240.7550048828125,275.631416015625,7.9760438615278915,12.0,4.0,8.0,0.0,12.0,33.33333333333333,-0.3784150933860155,-0.3784150933860155,7.5,15.5,13.5,2.625,50.0,50.0,50.0,-0.050455345784802,46.24,C,C,MEDIUM
TVSSRICHAK.NS,4390.10009765625,2026-10-06T18:18:25.566299+05:30,WAITING FOR 0.786,2026-09-01,5760.0,2026-10-01,4255.0,,5437.93,5007.5,6151.3,19.26891119127591,9.0,2.0,5.0,2.0,7.0,28.57142857142857,-1.0958402726326162,-1.0958402726326162,16.11111111111111,9.5,9.5,0.0,0.0,50.0,100.0,-0.0680176720944382,46.22,C,C,MEDIUM
MAHABANK.NS,80.80000305175781,2026-10-06T18:18:25.566299+05:30,WAITING FOR 0.786,2026-06-29,94.5,2026-08-07,77.19999694824219,,90.79779934692382,85.8499984741211,98.99800079345704,11.01105573821898,9.0,3.0,5.0,1.0,8.0,37.5,2.291741545422909,2.291741545422909,15.666666666666666,21.0,14.0,3.0,0.0,0.0,66.66666666666666,0.1462813752397601,46.08,C,C,MEDIUM
KRISHANA.NS,193.66000366210935,2026-10-06T18:18:25.566299+05:30,WAITING FOR 0.786,2026-08-27,206.38999938964844,2026-09-16,171.2100067138672,,198.8614809570313,188.8000030517578,215.5367974853516,2.61562836095231,21.0,4.0,16.0,1.0,20.0,20.0,-0.9090250349366444,-0.9090250349366444,6.380952380952381,7.75,9.0,1.75,25.0,50.0,100.0,-0.1424591472661905,46.08,C,C,MEDIUM
TMB.NS,878.9500122070312,2026-10-06T18:18:25.566299+05:30,WAITING FOR 0.786,2026-09-07,954.2000122070312,2026-09-29,845.0999755859375,,930.8526043701172,899.6499938964844,982.5660217285156,5.575812101659965,7.0,2.0,5.0,0.0,7.0,28.57142857142857,1.3459872895027047,1.3459872895027047,6.714285714285714,15.0,15.0,2.8,50.0,50.0,50.0,0.2004661920535943,46.03,C,C,MEDIUM
MGL.NS,1039.800048828125,2026-10-06T18:18:25.566299+05:30,WAITING FOR 0.786,2026-07-31,1179.0,2026-10-01,1024.199951171875,,1145.8727895507814,1101.5999755859375,1219.2480126953126,9.25693861394861,6.0,2.0,3.0,1.0,5.0,40.0,1.606299815089215,1.606299815089215,14.666666666666666,11.5,11.5,0.3333333333333333,0.0,0.0,100.0,0.109520441937901,46.01,C,C,MEDIUM
PARADEEP.NS,156.75999450683594,2026-10-06T18:18:25.566299+05:30,WAITING FOR 0.786,2025-10-07,201.58999633789065,2026-03-09,99.6999969482422,,179.78553646850588,150.6449966430664,228.08139617919923,12.807227107339342,14.0,3.0,11.0,0.0,14.0,21.428571428571427,-1.137868892242872,-1.137868892242872,3.7857142857142856,8.0,8.0,2.090909090909091,33.33333333333333,66.66666666666666,100.0,-0.3005691413471738,45.96,C,C,MEDIUM
CHEMFAB.NS,338.5,2026-10-06T18:18:25.566299+05:30,WAITING FOR 0.786,2025-10-27,657.0499877929688,2026-03-30,290.3500061035156,,578.5761917114257,473.6999969482422,752.3919830322266,41.49430881372451,9.0,3.0,6.0,0.0,9.0,33.33333333333333,1.1322440306587191,1.1322440306587191,10.0,20.666666666666668,13.0,4.333333333333333,33.33333333333333,33.33333333333333,66.66666666666666,0.1132244030658719,45.94,C,C,MEDIUM
HESTERBIO.NS,2174.10009765625,2026-10-06T18:18:25.566299+05:30,WAITING FOR 0.786,2026-07-30,2683.60009765625,2026-10-01,2075.5,,2553.4666767578124,2379.550048828125,2841.706123046875,14.856923043274318,6.0,1.0,4.0,1.0,5.0,20.0,-2.2964560776603853,-2.2964560776603853,12.0,8.0,8.0,0.25,0.0,100.0,100.0,-0.1913713398050321,45.91,C,C,MEDIUM
ASIANPAINT.NS,2424.199951171875,2026-10-06T18:18:25.566299+05:30,WAITING FOR 0.786,2026-09-01,2645.300048828125,2026-10-05,2336.699951171875,,2579.259627929688,2491.0,2725.53607421875,6.011790169502072,9.0,1.0,5.0,3.0,6.0,16.666666666666664,-1.567461366142061,-1.567461366142061,35.888888888888886,9.0,9.0,26.8,0.0,100.0,100.0,-0.0436753941030295,45.72,C,C,MEDIUM
FMGOETZE.NS,448.5,2026-10-06T18:18:25.566299+05:30,WAITING FOR 0.786,2026-08-31,641.0999755859375,2026-09-16,432.5,,596.4595808105469,536.7999877929688,695.3359692382812,24.806304663507987,10.0,2.0,7.0,1.0,9.0,22.22222222222222,-0.431926184209169,-0.431926184209169,9.9,9.5,9.5,2.142857142857143,50.0,50.0,100.0,-0.0436289074958756,45.71,C,C,MEDIUM
PONNIERODE.NS,374.5499877929688,2026-10-06T18:18:25.566299+05:30,WAITING FOR 0.786,2026-08-24,455.0,2026-09-16,343.1000061035156,,431.0534013061524,399.0500030517578,484.093998413086,13.10821660192689,7.0,2.0,4.0,1.0,6.0,33.33333333333333,-0.087438992673635,-0.087438992673635,17.428571428571427,12.5,12.5,9.0,50.0,50.0,50.0,-0.0050169913829134,45.7,C,C,MEDIUM
NITINSPIN.NS,616.3499755859375,2026-10-06T18:18:25.566299+05:30,WAITING FOR 0.786,2026-09-10,665.5,2026-10-01,579.0,,646.989,622.25,687.99,4.735632972749541,14.0,4.0,10.0,0.0,14.0,28.57142857142857,-2.0731417290328227,-2.0731417290328227,14.571428571428571,10.5,9.0,15.7,25.0,50.0,100.0,-0.1422744323846055,45.69,C,C,MEDIUM
SBILIFE.NS,1750.0,2026-10-06T18:18:25.566299+05:30,WAITING FOR 0.786,2026-02-23,2132.0,2026-09-15,1652.9000244140625,,2029.4726052246092,1892.4500122070312,2256.565993652344,13.770701043470313,11.0,3.0,6.0,2.0,9.0,33.33333333333333,-0.0053867540223712,-0.0053867540223712,17.545454545454547,10.666666666666666,12.0,6.333333333333333,33.33333333333333,33.33333333333333,100.0,-0.0003070170686325,45.16,C,C,MEDIUM
JAICORPLTD.NS,90.16999816894533,2026-10-06T18:18:25.566299+05:30,WAITING FOR 0.786,2025-10-29,173.39999389648438,2026-10-05,87.51000213623047,,155.01953565979005,130.45499801635742,195.7313917541504,41.83313878140187,9.0,3.0,6.0,0.0,9.0,33.33333333333333,0.5608490079904844,0.5608490079904844,12.444444444444445,11.333333333333334,12.0,12.666666666666666,0.0,33.33333333333333,100.0,0.0450682238563782,45.04,C,C,MEDIUM
MARATHON.NS,374.6000061035156,2026-10-06T18:18:25.566299+05:30,WAITING FOR 0.786,2025-10-21,678.0499877929688,2026-08-18,344.04998779296875,,606.5739877929688,511.0499877929688,764.8899877929687,38.243311839582006,22.0,6.0,16.0,0.0,22.0,27.27272727272727,0.1713744023033528,0.1713744023033528,8.590909090909092,13.0,11.0,6.375,33.33333333333333,33.33333333333333,83.33333333333334,0.0199483431252579,45.01,C,C,MEDIUM
PHOENIXLTD.NS,1883.5,2026-10-06T18:18:25.566299+05:30,WAITING FOR 0.786,2026-07-14,2169.800048828125,2026-09-16,1820.199951171875,,2094.985627929688,1995.0,2260.6960742187503,10.094848628564687,18.0,5.0,12.0,1.0,17.0,29.411764705882355,-0.1671397862377961,-0.1671397862377961,10.166666666666666,19.2,12.0,1.5833333333333333,20.0,40.0,60.0,-0.0164399789742094,45.0,C,C,MEDIUM
GFLLIMITED.NS,55.86000061035156,2026-10-06T18:18:25.566299+05:30,WAITING FOR 0.786,2025-10-21,81.0,2026-03-30,37.25,,71.6375,59.125,92.375,22.024078715265663,7.0,2.0,5.0,0.0,7.0,28.57142857142857,-1.8785503438848783,-1.8785503438848783,5.428571428571429,9.5,9.5,3.2,50.0,50.0,100.0,-0.3460487475577408,44.99,D,C,MEDIUM
AADHARHFC.NS,453.7999877929688,2026-10-06T18:18:25.566299+05:30,WAITING FOR 0.786,2026-07-06,563.0,2026-09-29,427.2999877929688,,533.9601973876953,495.1499938964844,598.2820031738281,15.012394179734,8.0,3.0,5.0,0.0,8.0,37.5,-0.5574065893650919,-0.5574065893650919,9.875,11.0,11.0,8.8,33.33333333333333,33.33333333333333,100.0,-0.0564462368977308,44.96,D,C,MEDIUM
MHRIL.NS,196.7100067138672,2026-10-06T18:18:25.566299+05:30,WAITING FOR 0.786,2025-11-20,345.95001220703125,2026-09-16,188.2100067138672,,312.19365103149414,267.0800094604492,386.96241363525394,36.99102910519373,12.0,2.0,10.0,0.0,12.0,16.666666666666664,-2.7569275086304645,-2.7569275086304645,5.916666666666667,8.5,8.5,4.9,0.0,100.0,100.0,-0.4659595789234588,44.86,D,C,MEDIUM
BAJAJHCARE.NS,323.1000061035156,2026-10-06T18:18:25.566299+05:30,WAITING FOR 0.786,2025-10-06,506.4500122070313,2026-05-18,272.3500061035156,,456.3526109008789,389.40000915527344,567.3160137939453,29.19948338507613,6.0,1.0,5.0,0.0,6.0,16.666666666666664,-2.175155106460922,-2.175155106460922,16.833333333333332,9.0,9.0,18.0,0.0,100.0,100.0,-0.1292171350372825,44.77,D,C,MEDIUM
JSWHL.NS,11313.0,2026-10-06T18:18:25.566299+05:30,WAITING FOR 0.786,2025-12-03,22790.0,2026-07-24,10530.0,,20166.36,16660.0,25977.6,43.90162627266398,13.0,3.0,10.0,0.0,13.0,23.07692307692308,-2.346895689554998,-2.346895689554998,5.307692307692308,7.666666666666667,10.0,3.9,33.33333333333333,66.66666666666666,100.0,-0.4421687531045648,44.73,D,C,MEDIUM
ASTRAZEN.NS,5980.5,2026-10-06T18:18:25.566299+05:30,WAITING FOR 0.786,2025-11-03,9849.5,2026-10-05,5882.0,,9000.455,7865.75,10881.05,33.55335924683808,9.0,2.0,5.0,2.0,7.0,28.57142857142857,0.16966829341843,0.16966829341843,16.555555555555557,12.0,12.0,0.0,0.0,50.0,100.0,0.0102484204078246,44.19,D,C,MEDIUM
SRM.NS,418.4500122070313,2026-10-06T18:18:25.566299+05:30,WAITING FOR 0.786,2025-11-17,649.9500122070312,2026-03-12,361.3500061035156,,588.189610900879,505.65000915527344,724.9860137939453,28.857972930509995,9.0,2.0,7.0,0.0,9.0,22.22222222222222,-0.7691839567013053,-0.7691839567013053,2.7777777777777777,9.0,9.0,0.2857142857142857,50.0,50.0,100.0,-0.2769062244124699,44.19,D,C,MEDIUM
ANURAS.NS,1170.199951171875,2026-10-06T18:18:25.566299+05:30,WAITING FOR 0.786,2026-05-07,1415.0,2026-09-15,1115.800048828125,,1350.9712104492187,1265.4000244140625,1492.7919873046876,13.38083727315214,9.0,2.0,6.0,1.0,8.0,25.0,1.0661265089503686,1.0661265089503686,12.333333333333334,14.0,14.0,3.1666666666666665,50.0,50.0,50.0,0.0864426899148947,44.17,D,C,MEDIUM
LLOYDSME.NS,1858.199951171875,2026-10-06T18:18:25.566299+05:30,WAITING FOR 0.786,2026-08-10,2125.0,2026-09-15,1741.0,,2042.824,1933.0,2224.84,9.037687477145612,12.0,2.0,9.0,1.0,11.0,18.181818181818183,-0.4759997491364067,-0.4759997491364067,8.333333333333334,9.0,9.0,1.4444444444444444,50.0,50.0,100.0,-0.0571199698963688,44.03,D,C,MEDIUM
SASKEN.NS,1679.5,2026-10-06T18:18:25.566299+05:30,WAITING FOR 0.786,2026-06-19,2780.199951171875,2026-09-29,1611.699951171875,,2530.140951171875,2195.949951171875,3084.009951171875,33.62029893148392,7.0,2.0,5.0,0.0,7.0,28.57142857142857,0.0496769928120056,0.0496769928120056,13.428571428571429,11.5,11.5,13.4,50.0,50.0,50.0,0.0036993505285536,44.01,D,C,MEDIUM
GENUSPOWER.NS,307.20001220703125,2026-10-06T18:18:25.566299+05:30,WAITING FOR 0.786,2026-08-28,353.5,2026-10-01,272.6000061035156,,336.1874013061524,313.0500030517578,374.533998413086,8.622390067712104,14.0,3.0,10.0,1.0,13.0,23.07692307692308,-2.814207296362199,-2.814207296362199,10.642857142857142,11.333333333333334,9.0,5.0,33.33333333333333,66.66666666666666,66.66666666666666,-0.2644221620743006,44.0,D,C,MEDIUM
CIEINDIA.NS,379.0,2026-10-06T18:18:25.566299+05:30,WAITING FOR 0.786,2026-02-23,526.0,2026-09-16,366.8999938964844,,491.9525986938477,446.4499969482422,567.3660015869141,22.9600573294543,8.0,2.0,5.0,1.0,7.0,28.57142857142857,-0.0552631219637838,-0.0552631219637838,13.5,14.0,14.0,3.0,50.0,50.0,50.0,-0.0040935645899099,43.84,D,C,MEDIUM
VIPCLOTHNG.NS,20.299999237060547,2026-10-06T18:18:25.566299+05:30,WAITING FOR 0.786,2025-12-05,37.54999923706055,2026-03-30,14.050000190734863,,32.520999441146856,25.799999713897705,43.659998989105226,37.57879651331938,12.0,4.0,7.0,1.0,11.0,36.36363636363637,-1.1337094643674697,-1.1337094643674697,15.0,13.75,12.0,8.857142857142858,25.0,25.0,75.0,-0.0755806309578313,43.77,D,C,MEDIUM
ESSENTIA.NS,1.0099999904632568,2026-10-06T18:18:25.566299+05:30,WAITING FOR 0.786,2025-10-30,2.0799999237060547,2026-09-29,1.0,,1.848879940032959,1.5399999618530271,2.360799903869629,45.37233226483857,6.0,2.0,4.0,0.0,6.0,33.33333333333333,-3.891834323660932,-3.891834323660932,12.166666666666666,10.0,10.0,12.75,0.0,50.0,100.0,-0.319876793725556,43.75,D,C,MEDIUM
JSWSTEEL.NS,1259.5999755859375,2026-10-06T18:18:25.566299+05:30,WAITING FOR 0.786,2026-08-27,1351.0,2026-10-01,1214.800048828125,,1321.8532104492188,1282.9000244140625,1386.4119873046875,4.7095422071959945,11.0,3.0,5.0,3.0,8.0,37.5,0.0580591019068227,0.0580591019068227,30.181818181818183,27.33333333333333,14.0,13.6,0.0,0.0,66.66666666666666,0.0019236449426959,43.59,D,C,MEDIUM
SCHAND.NS,145.16000366210938,2026-10-06T18:18:25.566299+05:30,WAITING FOR 0.786,2025-10-06,200.0,2026-09-16,127.7300033569336,,184.53422071838375,163.8650016784668,218.79019912719727,21.33708149252332,7.0,2.0,5.0,0.0,7.0,28.57142857142857,-0.2267391245883995,-0.2267391245883995,5.571428571428571,13.0,13.0,1.8,0.0,50.0,100.0,-0.040696765951764,43.57,D,C,MEDIUM
ABREL.NS,1078.0,2026-10-06T18:18:25.566299+05:30,WAITING FOR 0.786,2025-11-03,1914.0,2026-10-01,1072.4000244140625,,1733.8976052246094,1493.2000122070312,2132.8159936523434,37.82793189449294,14.0,4.0,10.0,0.0,14.0,28.57142857142857,-0.9203220797980948,-0.9203220797980948,8.571428571428571,12.25,10.5,6.5,50.0,50.0,75.0,-0.1073709093097777,43.49,D,C,MEDIUM
CMSINFO.NS,220.3500061035156,2026-10-06T18:18:25.566299+05:30,WAITING FOR 0.786,2025-10-17,393.2999877929688,2026-10-01,215.1199951171875,,355.1694693603516,304.2099914550781,439.6267858886719,37.95919269177087,7.0,2.0,5.0,0.0,7.0,28.57142857142857,-0.3398988362842378,-0.3398988362842378,5.571428571428571,15.0,15.0,1.2,50.0,50.0,50.0,-0.0610074834356324,43.4,D,C,MEDIUM
RAMANEWS.NS,28.8799991607666,2026-10-06T18:18:25.566299+05:30,WAITING FOR 0.786,2026-03-11,42.0,2026-07-22,27.1200008392334,,38.81568017959594,34.5600004196167,45.86879978179932,25.597080800485845,12.0,3.0,8.0,1.0,11.0,27.27272727272727,0.3381709658943757,0.3381709658943757,9.416666666666666,12.333333333333334,15.0,0.875,0.0,33.33333333333333,100.0,0.0359119609799337,43.27,D,C,MEDIUM
ORIENTPPR.NS,16.260000228881836,2026-10-06T18:18:25.566299+05:30,WAITING FOR 0.786,2025-10-06,27.59000015258789,2026-03-30,13.25,,24.521240119934085,20.420000076293945,31.318400192260743,33.690139041281306,9.0,2.0,5.0,2.0,7.0,28.57142857142857,-3.0187430397512585,-3.0187430397512585,24.88888888888889,8.0,8.0,16.8,50.0,50.0,100.0,-0.1212887828471487,43.21,D,C,MEDIUM
PGEL.NS,527.6500244140625,2026-10-06T18:18:25.566299+05:30,WAITING FOR 0.786,2026-08-07,643.9500122070312,2026-10-01,476.1000061035156,,608.030110900879,560.0250091552734,687.5910137939453,13.219754259821524,14.0,4.0,10.0,0.0,14.0,28.57142857142857,-1.1366829547596882,-1.1366829547596882,7.357142857142857,10.75,11.0,5.4,50.0,50.0,75.0,-0.154500595792579,43.15,D,C,MEDIUM
TATAPOWER.NS,351.6499938964844,2026-10-06T18:18:25.566299+05:30,WAITING FOR 0.786,2026-04-28,464.8999938964844,2026-10-01,346.3999938964844,,439.5409938964844,405.6499938964844,495.7099938964844,19.99608710460783,8.0,3.0,5.0,0.0,8.0,37.5,-1.923225194509253,-1.923225194509253,13.625,10.333333333333334,11.0,15.4,33.33333333333333,33.33333333333333,100.0,-0.1411541427162754,42.83,D,C,MEDIUM
NESTLEIND.NS,1341.4000244140625,2026-10-06T18:18:25.566299+05:30,WAITING FOR 0.786,2026-08-07,1553.0,2026-10-05,1292.9000244140625,,1497.3386052246094,1422.9500122070312,1620.6259936523438,10.414383244139708,9.0,3.0,6.0,0.0,9.0,33.33333333333333,-0.8569887579034119,-0.8569887579034119,17.22222222222222,15.333333333333334,15.0,18.0,33.33333333333333,33.33333333333333,66.66666666666666,-0.0497606375556819,42.83,D,C,MEDIUM
TREEHOUSE.NS,5.820000171661377,2026-10-06T18:18:25.566299+05:30,WAITING FOR 0.786,2026-02-26,11.0,2026-09-29,5.460000038146973,,9.814440008163452,8.230000019073486,12.440399990081788,40.69962048960084,8.0,2.0,6.0,0.0,8.0,25.0,-2.402219061160411,-2.402219061160411,5.125,8.5,8.5,3.5,50.0,50.0,100.0,-0.4687256704703241,42.75,D,C,MEDIUM
GPTINFRA.NS,121.62000274658205,2026-10-06T18:18:25.566299+05:30,WAITING FOR 0.786,2026-06-23,150.0,2026-09-02,106.41000366210938,,140.6717407836914,128.2050018310547,161.33339904785157,13.54340106333433,11.0,3.0,8.0,0.0,11.0,27.27272727272727,-0.1047479119717873,-0.1047479119717873,4.909090909090909,14.0,12.0,0.875,33.33333333333333,33.33333333333333,66.66666666666666,-0.0213375376238826,42.58,D,C,MEDIUM
SUNDARMFIN.NS,4347.7998046875,2026-10-06T18:18:25.566299+05:30,WAITING FOR 0.786,2026-03-04,5642.0,2026-06-08,4000.0,,5290.612,4821.0,6068.92,17.820475122963092,15.0,2.0,11.0,2.0,13.0,15.384615384615383,-1.395671936184789,-1.395671936184789,10.8,8.5,8.5,1.2727272727272727,50.0,50.0,100.0,-0.129228882980073,42.47,D,C,MEDIUM
SCI.NS,289.0,2026-10-06T18:18:25.566299+05:30,WAITING FOR 0.786,2026-05-11,368.75,2026-07-24,260.20001220703125,,345.5203026123047,314.4750061035156,396.9729968261719,16.358026484980247,9.0,3.0,5.0,1.0,8.0,37.5,-2.218883942538632,-2.218883942538632,17.22222222222222,11.0,15.0,11.8,33.33333333333333,33.33333333333333,100.0,-0.1288384224699851,42.37,D,C,MEDIUM
KKCL.NS,474.5499877929688,2026-10-06T18:18:25.566299+05:30,WAITING FOR 0.786,2026-09-15,501.9500122070313,2026-10-01,441.5499877929688,,489.02440698242185,471.75,517.6540185546875,2.959856191794,8.0,2.0,6.0,0.0,8.0,25.0,-0.3284062154393385,-0.3284062154393385,6.75,14.5,14.5,3.6666666666666665,0.0,50.0,50.0,-0.0486527726576797,41.99,D,C,MEDIUM
POWERGRID.NS,257.20001220703125,2026-10-06T18:18:25.566299+05:30,WAITING FOR 0.786,2026-04-27,324.95001220703125,2026-10-01,252.3500061035156,,309.4136109008789,288.65000915527344,343.8260137939453,16.875016758902163,11.0,3.0,7.0,1.0,10.0,30.0,-1.2269054225555154,-1.2269054225555154,19.272727272727277,25.666666666666668,12.0,10.571428571428571,0.0,33.33333333333333,66.66666666666666,-0.0636601870193899,41.92,D,C,MEDIUM
ITI.NS,247.83999633789065,2026-10-06T18:18:25.566299+05:30,WAITING FOR 0.786,2025-10-08,372.8500061035156,2026-03-30,237.0,,343.7781047973633,304.9250030517578,408.1710076904297,27.906986256737454,9.0,2.0,6.0,1.0,8.0,25.0,-0.3802520943997511,-0.3802520943997511,15.666666666666666,12.5,12.5,8.333333333333334,50.0,50.0,50.0,-0.0242714102808351,41.91,D,C,MEDIUM
INDOBORAX.NS,491.75,2026-10-06T18:18:25.566299+05:30,WAITING FOR 0.786,2026-09-07,542.7999877929688,2026-09-28,435.0,,519.7307904052734,488.8999938964844,570.8279846191406,5.383708435564241,8.0,2.0,5.0,1.0,7.0,28.57142857142857,1.872254182934236,1.872254182934236,12.75,15.0,15.0,1.4,0.0,0.0,100.0,0.1468434653281753,41.85,D,C,MEDIUM
DRREDDY.NS,1208.0,2026-10-06T18:18:25.566299+05:30,WAITING FOR 0.786,2026-06-29,1414.9000244140625,2026-07-23,1101.0,,1347.725419189453,1257.9500122070312,1496.5140307617187,10.367498987552414,9.0,2.0,5.0,2.0,7.0,28.57142857142857,-1.4280741452200234,-1.4280741452200234,22.55555555555556,12.0,12.0,11.0,50.0,50.0,100.0,-0.0633136320540897,41.7,D,C,MEDIUM
HAVELLS.NS,1057.0,2026-10-06T18:18:25.566299+05:30,WAITING FOR 0.786,2026-01-09,1514.699951171875,2026-09-30,1015.0999755859376,,1407.7855563964845,1264.8999633789062,1644.5959448242188,24.917541936883623,8.0,2.0,5.0,1.0,7.0,28.57142857142857,-1.7403242168487787,-1.7403242168487787,18.0,15.0,15.0,10.6,0.0,50.0,50.0,-0.096684678713821,41.21,D,C,MEDIUM
COMPUSOFT.NS,12.899999618530272,2026-10-06T18:18:25.566299+05:30,WAITING FOR 0.786,2025-10-03,20.5,2026-03-11,12.0,,18.681,16.25,22.71,30.94588288351655,8.0,2.0,5.0,1.0,7.0,28.57142857142857,-1.945616872887909,-1.945616872887909,11.0,11.5,11.5,0.2,50.0,50.0,100.0,-0.1768742611716281,40.89,D,C,MEDIUM
HPIL.NS,116.48999786376952,2026-10-06T18:18:25.566299+05:30,WAITING FOR 0.786,2026-04-22,152.0,2026-10-05,105.6500015258789,,142.0811003265381,128.82500076293945,164.0509996032715,18.011616185371434,10.0,2.0,7.0,1.0,9.0,22.22222222222222,-3.550435201941126,-3.550435201941126,10.5,8.0,8.0,3.571428571428572,50.0,50.0,100.0,-0.3381366858991548,40.84,D,C,MEDIUM
ASTRAL.NS,1402.300048828125,2026-10-06T18:18:25.566299+05:30,WAITING FOR 0.786,2026-03-11,1768.699951171875,2026-07-09,1311.5999755859375,,1670.8805563964845,1540.1499633789062,1887.5459448242184,16.074189536779052,12.0,1.0,11.0,0.0,12.0,8.333333333333332,-3.2488901578815432,-3.2488901578815432,11.583333333333334,8.0,8.0,11.636363636363637,0.0,100.0,100.0,-0.2804797258602771,40.76,D,C,MEDIUM
BALKRISHNA.NS,16.209999084472656,2026-10-06T18:18:25.566299+05:30,WAITING FOR 0.786,2025-10-03,25.32999992370605,2026-03-10,12.0,,22.47737994003296,18.664999961853027,28.79579990386963,27.883057866534926,9.0,2.0,7.0,0.0,9.0,22.22222222222222,-2.9700366476364817,-2.9700366476364817,4.666666666666667,8.5,8.5,3.0,50.0,50.0,100.0,-0.6364364244935318,40.75,D,C,MEDIUM
DATAPATTNS.NS,4299.2001953125,2026-10-06T18:18:25.566299+05:30,WAITING FOR 0.786,2026-09-09,4999.89990234375,2026-10-01,4155.2998046875,,4819.155481445312,4577.599853515625,5219.495927734375,10.789344484417263,19.0,4.0,14.0,1.0,18.0,22.22222222222222,-1.8961683612324245,-1.8961683612324245,11.052631578947368,11.5,10.5,6.928571428571429,25.0,50.0,75.0,-0.1715580898257907,40.43,D,C,MEDIUM
TCS.NS,2100.0,2026-10-06T18:18:25.566299+05:30,WAITING FOR 0.786,2026-02-03,3350.0,2026-07-01,1976.800048828125,,3056.135210449219,2663.4000244140625,3707.031987304688,31.28576272345874,8.0,2.0,6.0,0.0,8.0,25.0,-1.3761435013692342,-1.3761435013692342,17.0,13.0,13.0,18.33333333333333,0.0,50.0,100.0,-0.080949617727602,40.35,D,C,MEDIUM
CANFINHOME.NS,734.75,2026-10-06T18:18:25.566299+05:30,WAITING FOR 0.786,2026-07-13,940.8499755859376,2026-10-01,700.0,,889.3080808105469,820.4249877929688,1003.4709692382812,17.379588035417065,11.0,1.0,9.0,1.0,10.0,10.0,-4.0968869396843575,-4.0968869396843575,20.181818181818183,8.0,8.0,16.88888888888889,0.0,100.0,100.0,-0.2029989024167924,40.1,D,C,MEDIUM
MURUDCERA.NS,27.96999931335449,2026-10-06T18:18:25.566299+05:30,WAITING FOR 0.786,2025-10-28,46.0,2026-03-30,25.15999984741211,,41.5402399673462,35.579999923706055,51.418400039672846,32.66769923490801,7.0,2.0,5.0,0.0,7.0,28.57142857142857,0.6495836052040985,0.6495836052040985,12.857142857142858,15.0,15.0,11.4,0.0,0.0,100.0,0.0505231692936521,39.94,D,C,MEDIUM
SPAL.NS,949.6500244140624,2026-10-06T18:18:25.566299+05:30,WAITING FOR 0.786,2026-07-09,1221.9000244140625,2026-08-25,867.7999877929688,,1146.1226165771484,1044.8500061035156,1313.9660339355469,17.142371097242965,14.0,1.0,11.0,2.0,12.0,8.333333333333332,-3.800205462047838,-3.800205462047838,11.214285714285714,8.0,8.0,1.9090909090909087,0.0,100.0,100.0,-0.3388718246412085,39.9,D,C,MEDIUM
SMLT.NS,74.05999755859375,2026-10-06T18:18:25.566299+05:30,WAITING FOR 0.786,2025-11-04,121.0,2026-03-30,56.61000061035156,,107.22054013061523,88.80500030517578,137.74139984130858,30.927416082427463,10.0,2.0,8.0,0.0,10.0,20.0,-1.551247281152757,-1.551247281152757,4.5,14.5,14.5,1.125,50.0,50.0,50.0,-0.3447216180339459,39.08,D,C,MEDIUM
JAYSREETEA.NS,85.73999786376953,2026-10-06T18:18:25.566299+05:30,WAITING FOR 0.786,2026-08-26,112.6999969482422,2026-10-05,81.61000061035156,,106.0467377319336,97.15499877929688,120.78339599609376,19.14885860939515,10.0,2.0,8.0,0.0,10.0,20.0,-1.597862758281377,-1.597862758281377,5.8,12.5,12.5,3.375,50.0,50.0,50.0,-0.2754935790140305,39.0,D,C,MEDIUM
EMAMIREAL.NS,68.43000030517578,2026-10-06T18:18:25.566299+05:30,WAITING FOR 0.786,2026-08-03,81.5,2026-09-28,65.25,,78.02250000000001,73.375,85.725,12.294530032778017,10.0,1.0,9.0,0.0,10.0,10.0,-4.886921217314285,-4.886921217314285,7.0,10.0,10.0,6.333333333333333,0.0,100.0,100.0,-0.6981316024734693,38.86,D,C,MEDIUM
WELENT.NS,718.2999877929688,2026-10-06T18:18:25.566299+05:30,WAITING FOR 0.786,2026-09-21,841.9000244140625,2026-10-06,713.0,,814.3154191894531,777.4500122070312,875.4140307617188,11.79093863801025,14.0,4.0,10.0,0.0,14.0,28.57142857142857,-0.789632579577204,-0.789632579577204,13.357142857142858,16.0,14.0,11.8,0.0,0.0,75.0,-0.0591168776154056,38.69,D,C,MEDIUM
CARERATING.NS,1588.199951171875,2026-10-06T18:18:25.566299+05:30,WAITING FOR 0.786,2026-09-10,1748.300048828125,2026-10-01,1581.0999755859375,,1712.519233154297,1664.7000122070312,1791.7720678710937,7.259438584723959,13.0,2.0,10.0,1.0,12.0,16.666666666666664,-0.9717846695255292,-0.9717846695255292,8.461538461538462,12.0,12.0,1.9,0.0,50.0,100.0,-0.1148472791257443,38.65,D,C,MEDIUM
BIGBLOC.NS,37.220001220703125,2026-10-06T18:18:25.566299+05:30,WAITING FOR 0.786,2026-01-01,80.0,2026-10-06,36.5,,70.691,58.25,91.31,47.34831701248656,14.0,2.0,10.0,2.0,12.0,16.666666666666664,-1.2855894953393217,-1.2855894953393217,14.142857142857142,12.5,12.5,4.3,50.0,50.0,100.0,-0.0909002673472247,38.16,D,C,MEDIUM
FEDERALBNK.NS,320.0,2026-10-06T18:18:25.566299+05:30,WAITING FOR 0.786,2026-08-03,371.7000122070313,2026-10-01,313.75,,359.2987095947266,342.7250061035156,386.7670153808594,10.937615010934444,13.0,3.0,10.0,0.0,13.0,23.07692307692308,-1.9074623936193456,-1.9074623936193456,14.76923076923077,9.0,12.0,16.2,33.33333333333333,33.33333333333333,100.0,-0.1291510995679765,38.08,D,C,MEDIUM
BAJEL.NS,164.0800018310547,2026-10-06T18:18:25.566299+05:30,WAITING FOR 0.786,2026-06-23,211.5,2026-10-01,159.0,,200.265,185.25,225.15,18.068558244798293,8.0,2.0,6.0,0.0,8.0,25.0,-2.915250826175751,-2.915250826175751,13.375,11.0,11.0,13.833333333333334,50.0,50.0,100.0,-0.2179626785925795,37.94,D,C,MEDIUM
INDBANK.NS,25.229999542236328,2026-10-06T18:18:25.566299+05:30,WAITING FOR 0.786,2025-10-07,47.150001525878906,2026-09-29,24.209999084472656,,42.24084100341797,35.68000030517578,53.11440216064453,40.27107665731652,8.0,2.0,6.0,0.0,8.0,25.0,-2.942869247217777,-2.942869247217777,9.625,10.5,10.5,8.833333333333334,50.0,50.0,100.0,-0.3057526490615872,37.9,D,C,MEDIUM
KEI.NS,4557.39990234375,2026-10-06T18:18:25.566299+05:30,WAITING FOR 0.786,2026-08-18,5899.0,2026-10-01,4424.2001953125,,5583.392841796875,5161.60009765625,6282.44794921875,18.375797091915437,13.0,3.0,10.0,0.0,13.0,23.07692307692308,-2.026312286228852,-2.026312286228852,14.538461538461538,22.666666666666668,14.0,11.6,33.33333333333333,33.33333333333333,66.66666666666666,-0.1393759773596564,37.9,D,C,MEDIUM
KOVAI.NS,5936.0,2026-10-06T18:18:25.566299+05:30,WAITING FOR 0.786,2026-09-10,6444.0,2026-10-01,5848.0,,6316.456,6146.0,6598.96,6.023251012909773,8.0,2.0,5.0,1.0,7.0,28.57142857142857,-0.7872817334892332,-0.7872817334892332,14.625,14.0,14.0,5.2,0.0,0.0,100.0,-0.0538312296402894,37.7,D,C,MEDIUM
BANKBARODA.NS,232.72999572753903,2026-10-06T18:18:25.566299+05:30,WAITING FOR 0.786,2026-02-26,325.5,2026-09-29,223.82000732421875,,303.7404815673828,274.6600036621094,351.9367980957031,23.378670328502302,11.0,2.0,7.0,2.0,9.0,22.22222222222222,0.1006299770280023,0.1006299770280023,18.63636363636364,12.5,12.5,8.142857142857142,0.0,0.0,100.0,0.0053996573039415,37.55,D,C,MEDIUM
INDOSTAR.NS,199.5500030517578,2026-10-06T18:18:25.566299+05:30,WAITING FOR 0.786,2026-07-29,292.0,2026-10-06,197.5800018310547,,271.7941203918457,244.79000091552732,316.5491995239258,26.580456279162156,8.0,1.0,7.0,0.0,8.0,12.5,-5.84311260837705,-5.84311260837705,12.25,8.0,8.0,12.428571428571429,0.0,100.0,100.0,-0.4769887843573102,37.37,D,C,MEDIUM
SRF.NS,2470.0,2026-10-06T18:18:25.566299+05:30,WAITING FOR 0.786,2026-07-23,2865.300048828125,2026-09-29,2417.89990234375,,2769.556417480469,2641.599975585937,2981.6240869140624,10.816043160911022,12.0,2.0,8.0,2.0,10.0,20.0,-2.66404164220474,-2.66404164220474,28.0,11.5,11.5,23.875,50.0,50.0,50.0,-0.095144344364455,37.34,D,C,MEDIUM
IMAGICAA.NS,49.91999816894531,2026-10-06T18:18:25.566299+05:30,WAITING FOR 0.786,2026-08-28,62.0,2026-10-05,48.61000061035156,,59.13454013061524,55.30500030517578,65.48139984130859,15.5823346919026,14.0,2.0,12.0,0.0,14.0,14.285714285714285,-3.867243012272272,-3.867243012272272,4.642857142857143,9.5,9.5,3.5,50.0,50.0,100.0,-0.8329446487971046,37.17,D,C,MEDIUM
PILITA.NS,7.349999904632568,2026-10-06T18:18:25.566299+05:30,WAITING FOR 0.786,2025-11-06,13.800000190734863,2026-03-30,6.199999809265137,,12.173600109100342,10.0,15.776000289916992,39.62344878457034,10.0,2.0,7.0,1.0,9.0,22.22222222222222,-3.3528453151956583,-3.3528453151956583,11.1,10.5,10.5,3.4285714285714284,50.0,50.0,50.0,-0.3020581365041134,37.15,D,C,MEDIUM
GLOBUSSPR.NS,812.7000122070312,2026-10-06T18:18:25.566299+05:30,WAITING FOR 0.786,2026-08-06,936.0,2026-10-01,775.0,,901.546,855.5,977.86,9.854847982573135,10.0,2.0,8.0,0.0,10.0,20.0,-3.3479181823584034,-3.3479181823584034,14.4,13.0,13.0,14.5,0.0,50.0,100.0,-0.2324943182193335,36.27,D,C,MEDIUM
MUNJALAU.NS,105.33000183105467,2026-10-06T18:18:25.566299+05:30,WAITING FOR 0.786,2026-08-17,130.60000610351562,2026-09-16,98.95999908447266,,123.82904460144044,114.78000259399414,138.8264079284668,14.939179115794094,11.0,2.0,8.0,1.0,10.0,20.0,-3.408827320540341,-3.408827320540341,9.636363636363637,11.0,11.0,2.25,0.0,50.0,100.0,-0.3537462313768278,36.17,D,C,MEDIUM
GRWRHITECH.NS,7102.5,2026-10-06T18:18:25.566299+05:30,WAITING FOR 0.786,2026-08-06,7990.0,2026-09-23,6240.0,,7615.5,7115.0,8445.0,6.736261571794366,14.0,3.0,10.0,1.0,13.0,23.07692307692308,-3.1778941086098484,-3.1778941086098484,14.785714285714286,11.333333333333334,11.0,10.8,33.33333333333333,33.33333333333333,100.0,-0.2149300363311008,36.1,D,C,MEDIUM
EVEREADY.NS,320.1000061035156,2026-10-06T18:18:25.566299+05:30,WAITING FOR 0.786,2026-09-10,369.3999938964844,2026-10-01,310.0,,356.68839520263674,339.6999969482422,384.8439923095703,10.257801933347183,10.0,2.0,7.0,1.0,9.0,22.22222222222222,-4.227099894706814,-4.227099894706814,12.8,11.5,11.5,6.0,50.0,50.0,50.0,-0.3302421792739698,35.78,D,C,MEDIUM
GMRAIRPORT.NS,93.05999755859376,2026-10-06T18:18:25.566299+05:30,WAITING FOR 0.786,2026-07-07,115.63999938964844,2026-10-05,91.2300033569336,,110.41626023864744,103.43500137329102,121.9865983581543,15.718937267519168,14.0,3.0,11.0,0.0,14.0,21.428571428571427,-3.1367549007721034,-3.1367549007721034,8.928571428571429,14.0,15.0,7.363636363636363,33.33333333333333,33.33333333333333,66.66666666666666,-0.3513165488864755,35.5,D,C,MEDIUM
MASFIN.NS,266.8999938964844,2026-10-06T18:18:25.566299+05:30,WAITING FOR 0.786,2026-05-04,358.8500061035156,2026-10-06,265.0,,338.76610479736325,311.9250030517578,383.2510076904297,21.214079532504115,6.0,1.0,3.0,2.0,4.0,25.0,-1.3392684481444626,-1.3392684481444626,25.5,14.0,14.0,4.666666666666667,0.0,0.0,100.0,-0.0525203312997828,35.41,D,C,MEDIUM
HISARMETAL.NS,145.3000030517578,2026-10-06T18:18:25.566299+05:30,WAITING FOR 0.786,2026-09-21,168.94000244140625,2026-10-06,145.3000030517578,,163.8810425720215,157.12000274658203,175.08640228271486,11.33812625831801,19.0,2.0,17.0,0.0,19.0,10.526315789473683,-4.974337330404642,-4.974337330404642,2.8947368421052637,8.5,8.5,1.588235294117647,50.0,50.0,100.0,-1.7184074414125126,34.94,D,C,MEDIUM
HALEOSLABS.NS,1587.800048828125,2026-10-06T18:18:25.566299+05:30,WAITING FOR 0.786,2026-07-01,1740.0,2026-08-10,1395.0999755859375,,1666.1913947753906,1567.5499877929688,1829.6740063476564,4.704822398739674,9.0,1.0,8.0,0.0,9.0,11.11111111111111,-7.467698346675332,-7.467698346675332,6.333333333333333,8.0,8.0,5.625,0.0,100.0,100.0,-1.1791102652645262,34.28,D,C,MEDIUM
LINC.NS,88.25,2026-10-06T18:18:25.566299+05:30,WAITING FOR 0.786,2025-10-23,133.3800048828125,2026-03-30,85.01000213623047,,123.02882429504396,109.19500350952148,145.95620559692384,28.26884227686224,12.0,2.0,10.0,0.0,12.0,16.666666666666664,-3.909059437790857,-3.909059437790857,4.666666666666667,10.5,10.5,2.8,50.0,50.0,100.0,-0.8376555938123263,34.06,D,C,MEDIUM
NDGL.NS,2371.800048828125,2026-10-06T18:18:25.566299+05:30,WAITING FOR 0.786,2025-10-17,4050.0,2026-03-27,2100.0,,3632.7,3075.0,4557.0,34.709718698815614,17.0,2.0,15.0,0.0,17.0,11.76470588235294,-3.592738151249214,-3.592738151249214,6.588235294117647,10.5,10.5,5.4,50.0,50.0,100.0,-0.5453263265288986,33.59,D,C,MEDIUM
PRECOT.NS,604.5,2026-10-06T18:18:25.566299+05:30,WAITING FOR 0.786,2026-08-13,899.0,2026-09-29,582.0499877929688,,831.1726973876953,740.5249938964844,981.407003173828,27.27143205017539,15.0,2.0,11.0,2.0,13.0,15.384615384615383,-1.4628270533811376,-1.4628270533811376,15.8,14.5,14.5,7.181818181818182,0.0,0.0,100.0,-0.0925839907203251,33.37,D,C,MEDIUM
DCW.NS,46.369998931884766,2026-10-06T18:18:25.566299+05:30,WAITING FOR 0.786,2025-11-13,72.30000305175781,2026-03-30,37.11000061035156,,64.76934252929688,54.70500183105469,81.44940368652344,28.40748860325332,10.0,2.0,8.0,0.0,10.0,20.0,-2.063270634412162,-2.063270634412162,7.0,12.5,12.5,5.0,0.0,0.0,100.0,-0.294752947773166,33.28,D,C,MEDIUM
UJJIVANSFB.NS,65.19000244140625,2026-10-06T18:18:25.566299+05:30,WAITING FOR 0.786,2026-08-20,73.94000244140625,2026-09-24,61.25,,71.22434191894531,67.59500122070312,77.23940307617187,8.472299378218558,12.0,1.0,9.0,2.0,10.0,10.0,-0.2015094286601353,-0.2015094286601353,12.25,15.0,15.0,0.5555555555555556,0.0,0.0,100.0,-0.0164497492783783,32.19,D,C,MEDIUM
RELIANCE.NS,1218.0,2026-10-06T18:18:25.566299+05:30,WAITING FOR 0.786,2026-01-05,1611.800048828125,2026-10-01,1160.800048828125,,1515.2860488281249,1386.300048828125,1729.060048828125,19.619137195781395,6.0,1.0,4.0,1.0,5.0,20.0,-3.1779551036363856,-3.1779551036363856,28.33333333333333,15.0,15.0,23.5,0.0,0.0,100.0,-0.1121631213048136,30.53,D,C,MEDIUM
GSS.NS,10.130000114440918,2026-10-06T18:18:25.566299+05:30,WAITING FOR 0.786,2025-10-08,27.5,2026-03-30,8.680000305175781,,23.47252006530762,18.09000015258789,32.3931999206543,56.84315068745832,9.0,1.0,8.0,0.0,9.0,11.11111111111111,-2.0112139973713377,-2.0112139973713377,3.4444444444444446,13.0,13.0,1.5,0.0,0.0,100.0,-0.5839008379465174,28.8,D,C,MEDIUM
PANAMAPET.NS,504.1000061035156,2026-10-06T18:18:25.566299+05:30,WAITING FOR 0.786,2026-08-12,599.5999755859375,2026-09-16,436.8500061035156,,564.7714821166992,518.2249908447266,641.9149676513672,10.742659276242804,8.0,1.0,6.0,1.0,7.0,14.285714285714285,-3.1357931513046537,-3.1357931513046537,16.375,12.0,12.0,9.166666666666666,0.0,0.0,100.0,-0.1914988184002842,28.31,D,C,MEDIUM
AMBER.NS,6869.0,2026-10-06T18:18:25.566299+05:30,WAITING FOR 0.786,2026-05-07,8974.0,2026-10-01,6431.0,,8429.798,7702.5,9635.18,18.515247933580383,9.0,1.0,6.0,2.0,7.0,14.285714285714285,-3.3129930923193887,-3.3129930923193887,19.88888888888889,15.0,15.0,6.666666666666667,0.0,0.0,100.0,-0.1665750716808631,28.04,D,C,MEDIUM
ARVEE.NS,216.88999938964844,2026-10-06T18:18:25.566299+05:30,WAITING FOR 0.786,2025-12-19,290.7799987792969,2026-03-30,129.11000061035156,,256.18261917114256,209.94499969482425,332.81419830322267,15.337738332374814,7.0,1.0,5.0,1.0,6.0,16.666666666666664,-4.126516471667377,-4.126516471667377,14.428571428571429,15.0,15.0,4.6,0.0,0.0,100.0,-0.2859961911056597,27.72,D,C,MEDIUM
JTEKTINDIA.NS,115.37999725341795,2026-10-06T18:18:25.566299+05:30,WAITING FOR 0.786,2026-07-01,159.5,2026-10-05,113.06999969482422,,149.56397993469238,136.2849998474121,171.5718000793457,22.855758917488668,6.0,1.0,4.0,1.0,5.0,20.0,-5.118020403937993,-5.118020403937993,21.0,14.0,14.0,12.5,0.0,0.0,100.0,-0.2437152573303806,27.5,D,C,MEDIUM
AURUM.NS,231.13999938964844,2026-10-06T18:18:25.566299+05:30,WAITING FOR 0.786,2026-07-15,264.6400146484375,2026-08-04,205.3500061035156,,251.9519528198242,234.99501037597656,280.0554168701172,8.260286613082462,11.0,1.0,10.0,0.0,11.0,9.090909090909092,-4.165212113986349,-4.165212113986349,7.909090909090909,11.0,11.0,6.8,0.0,0.0,100.0,-0.5266360144120671,25.63,D,C,MEDIUM
METROBRAND.NS,818.8499755859375,2026-10-06T18:18:25.566299+05:30,WAITING FOR 0.786,2025-10-01,1308.800048828125,2026-10-05,807.1500244140625,,1201.4469436035156,1057.9750366210938,1439.2290551757812,31.84468278474703,14.0,1.0,12.0,1.0,13.0,7.6923076923076925,-4.2730076923022375,-4.2730076923022375,12.0,15.0,15.0,7.25,0.0,0.0,100.0,-0.3560839743585198,24.9,D,C,MEDIUM
AVANTIFEED.NS,714.0999755859375,2026-10-06T18:18:25.566299+05:30,WAITING FOR 0.786,2026-04-21,1593.800048828125,2026-10-01,700.0,,1402.5268383789062,1146.9000244140625,1826.1880615234372,49.08475502605559,12.0,1.0,9.0,2.0,10.0,10.0,-4.869462076601356,-4.869462076601356,13.916666666666666,12.0,12.0,3.111111111111111,0.0,0.0,100.0,-0.3499014665821334,24.89,D,C,MEDIUM
MITTAL.NS,0.7099999785423279,2026-10-06T18:18:25.566299+05:30,WAITING FOR 0.786,2025-10-01,1.6200000047683716,2026-10-01,0.6800000071525574,,1.4188400052785872,1.1500000059604645,1.8644000041484836,49.95912323441145,6.0,1.0,5.0,0.0,6.0,16.666666666666664,-6.108606074162942,-6.108606074162942,9.666666666666666,12.0,12.0,8.6,0.0,0.0,100.0,-0.6319247662927182,24.62,D,C,MEDIUM
ESTER.NS,93.87000274658205,2026-10-06T18:18:25.566299+05:30,WAITING FOR 0.786,2025-10-07,132.4499969482422,2026-03-30,68.55000305175781,,118.77539825439452,100.5,149.06399536132812,20.968479898901148,8.0,1.0,7.0,0.0,8.0,12.5,-6.229098060020263,-6.229098060020263,9.75,11.0,11.0,9.142857142857142,0.0,0.0,100.0,-0.6388818523097706,22.77,D,C,MEDIUM
ATLANTAELE.NS,1869.300048828125,2026-10-06T18:18:25.566299+05:30,WAITING FOR 0.786,2026-06-04,2152.60009765625,2026-07-29,1493.0,,2011.4456767578129,1822.800048828125,2324.096123046875,7.066839018929301,1.0,1.0,0.0,0.0,1.0,100.0,18.2364042358968,18.2364042358968,13.0,13.0,13.0,,0.0,0.0,100.0,1.4028003258382151,,INSUFFICIENT,C,MEDIUM
MRPL.NS,174.72000122070312,2026-10-06T18:18:25.566299+05:30,WAITING FOR 0.786,2026-03-06,212.30999755859372,2026-05-20,143.1199951171875,,197.5033370361328,177.71499633789062,230.29939819335937,11.535671324511105,2.0,1.0,0.0,1.0,1.0,100.0,16.669692676440413,16.669692676440413,35.0,8.0,8.0,,0.0,100.0,100.0,0.4762769336125832,,INSUFFICIENT,C,MEDIUM
PRABHA.NS,221.3300018310547,2026-10-06T18:18:25.566299+05:30,WAITING FOR 0.786,2026-09-09,262.79998779296875,2026-10-05,213.82000732421875,,252.31827197265625,238.30999755859372,275.53478271484374,12.28142135697559,2.0,2.0,0.0,0.0,2.0,100.0,11.804178849608224,11.804178849608224,14.0,13.5,13.5,,50.0,50.0,50.0,0.8431556321148731,,INSUFFICIENT,C,MEDIUM
GOPAL.NS,255.8500061035156,2026-10-06T18:18:25.566299+05:30,WAITING FOR 0.786,2026-05-13,330.95001220703125,2026-09-29,247.6000061035156,,313.1131109008789,289.27500915527344,352.6210137939453,18.28831269077418,1.0,1.0,0.0,0.0,1.0,100.0,11.659337828569145,11.659337828569145,8.0,8.0,8.0,,0.0,100.0,100.0,1.457417228571143,,INSUFFICIENT,C,MEDIUM
AKASH.NS,24.809999465942383,2026-10-06T18:18:25.566299+05:30,WAITING FOR 0.786,2026-01-09,34.7400016784668,2026-03-30,22.799999237060547,,32.18484115600586,28.770000457763672,37.84440231323242,22.914022332178863,1.0,1.0,0.0,0.0,1.0,100.0,12.325889238303152,12.325889238303152,8.0,8.0,8.0,,0.0,100.0,100.0,1.540736154787894,,INSUFFICIENT,C,MEDIUM
VISHWARAJ.NS,5.71999979019165,2026-10-06T18:18:25.566299+05:30,WAITING FOR 0.786,2025-10-09,8.5,2026-03-30,4.139999866485596,,7.566959971427917,6.319999933242798,9.633600034713744,24.40821926123838,1.0,1.0,0.0,0.0,1.0,100.0,10.401265320431348,10.401265320431348,13.0,13.0,13.0,,0.0,0.0,100.0,0.8000973323408729,,INSUFFICIENT,C,MEDIUM
KAYA.NS,305.54998779296875,2026-10-06T18:18:25.566299+05:30,WAITING FOR 0.786,2025-11-04,474.8999938964844,2026-06-04,224.00999450683597,,421.2095340270996,349.45499420166016,540.1313937377929,27.458909851430285,2.0,2.0,0.0,0.0,2.0,100.0,18.998768084164418,18.998768084164418,9.5,9.5,9.5,,50.0,50.0,100.0,1.999870324648886,,INSUFFICIENT,C,MEDIUM
DIGJAMLMTD.NS,47.52000045776367,2026-10-06T18:18:25.566299+05:30,WAITING FOR 0.786,2026-09-11,73.19000244140625,2026-10-05,45.59999847412109,,67.28574159240722,59.39500045776367,80.36340347290039,29.375824159563084,1.0,1.0,0.0,0.0,1.0,100.0,51.89821102185637,51.89821102185637,13.0,13.0,13.0,,0.0,0.0,100.0,3.992170078604336,,INSUFFICIENT,C,MEDIUM
KSHITIJPOL.NS,3.640000104904175,2026-10-06T18:18:25.566299+05:30,WAITING FOR 0.786,2026-06-11,7.199999809265137,2026-07-21,2.2699999809265137,,6.144979846000672,4.734999895095825,8.481799764633179,40.76465348746114,1.0,1.0,0.0,0.0,1.0,100.0,23.23163957867126,23.23163957867126,8.0,8.0,8.0,,0.0,100.0,100.0,2.9039549473339075,,INSUFFICIENT,C,MEDIUM
CAMLINFINE.NS,95.0,2026-10-06T18:18:25.566299+05:30,WAITING FOR 0.786,2025-10-08,211.9499969482422,2026-10-01,89.12000274658203,,185.6643781890869,150.5349998474121,243.88579544067383,48.83240343322682,1.0,1.0,0.0,0.0,1.0,100.0,34.1768950554928,34.1768950554928,12.0,12.0,12.0,,0.0,0.0,100.0,2.848074587957733,,INSUFFICIENT,C,MEDIUM
DREAMFOLKS.NS,60.65999984741211,2026-10-06T18:18:25.566299+05:30,WAITING FOR 0.786,2025-10-14,160.0,2026-03-30,56.0,,137.744,108.0,187.04,55.96178429012363,2.0,2.0,0.0,0.0,2.0,100.0,12.936871547138884,12.936871547138884,12.5,12.5,12.5,,50.0,50.0,100.0,1.0349497237711107,,INSUFFICIENT,C,MEDIUM
COMSYN.NS,263.0,2026-10-06T18:18:25.566299+05:30,WAITING FOR 0.786,2026-09-21,315.3999938964844,2026-10-06,257.75,,303.0628952026367,286.5749969482422,330.3889923095703,13.219333622431568,4.0,3.0,1.0,0.0,4.0,75.0,11.096581952131878,11.096581952131878,11.75,15.333333333333334,12.0,0.0,33.33333333333333,33.33333333333333,66.66666666666666,0.9443899533729258,,INSUFFICIENT,C,MEDIUM
UCOBANK.NS,23.270000457763672,2026-10-06T18:18:25.566299+05:30,WAITING FOR 0.786,2025-10-31,34.20000076293945,2026-03-30,22.21999931335449,,31.636280452728272,28.210000038146973,37.314801139831545,26.44520744929451,4.0,3.0,1.0,0.0,4.0,75.0,12.017768438581008,12.017768438581008,9.25,12.0,13.0,0.0,33.33333333333333,33.33333333333333,100.0,1.2992182095763252,,INSUFFICIENT,C,MEDIUM
IITL.NS,132.25,2026-10-06T18:18:25.566299+05:30,WAITING FOR 0.786,2025-10-15,215.0,2026-03-02,108.0,,192.102,161.5,242.82,31.15636484784125,5.0,3.0,1.0,1.0,4.0,75.0,14.185765899171187,14.185765899171187,21.6,12.333333333333334,13.0,10.0,0.0,33.33333333333333,100.0,0.6567484212579253,,INSUFFICIENT,C,MEDIUM
RTNPOWER.NS,6.75,2026-10-06T18:18:25.566299+05:30,WAITING FOR 0.786,2025-10-10,11.9399995803833,2026-10-01,6.659999847412109,,10.810079637527464,9.299999713897703,13.31279951095581,37.5582768459244,4.0,3.0,1.0,0.0,4.0,75.0,16.85780200801576,16.85780200801576,15.0,14.666666666666666,12.0,16.0,33.33333333333333,33.33333333333333,66.66666666666666,1.1238534672010507,,INSUFFICIENT,C,MEDIUM
KHAICHEM.NS,48.72999954223633,2026-10-06T18:18:25.566299+05:30,WAITING FOR 0.786,2025-10-28,132.89999389648438,2026-03-30,42.91999816894531,,113.64427481079102,87.90999603271484,156.29479278564452,57.12058559626691,4.0,3.0,1.0,0.0,4.0,75.0,4.777757036413661,4.777757036413661,24.5,14.333333333333334,11.0,55.0,33.33333333333333,33.33333333333333,66.66666666666666,0.1950104912821902,,INSUFFICIENT,C,MEDIUM
TATASTEEL.NS,178.69000244140625,2026-10-06T18:18:25.566299+05:30,WAITING FOR 0.786,2026-06-10,203.3999938964844,2026-10-01,175.75,,197.4828952026367,189.5749969482422,210.5889923095703,9.51621290641254,5.0,2.0,1.0,2.0,3.0,66.66666666666666,0.0079340187598054,0.0079340187598054,37.4,9.0,9.0,49.0,50.0,50.0,100.0,0.0002121395390322,,INSUFFICIENT,C,MEDIUM
IOB.NS,31.459999084472656,2026-10-06T18:18:25.566299+05:30,WAITING FOR 0.786,2025-10-23,41.79999923706055,2026-10-01,30.06999969482422,,39.289779335021976,35.93499946594238,44.84979911804199,19.92828766938388,3.0,2.0,1.0,0.0,3.0,66.66666666666666,8.358594494484723,8.358594494484723,12.333333333333334,14.5,14.5,8.0,50.0,50.0,50.0,0.6777238779311937,,INSUFFICIENT,C,MEDIUM
DCXINDIA.NS,160.22999572753906,2026-10-06T18:18:25.566299+05:30,WAITING FOR 0.786,2025-10-06,252.00999450683597,2026-03-30,153.3000030517578,,230.8860563354492,202.65499877929688,277.6745922851562,30.602134112965025,4.0,2.0,1.0,1.0,3.0,66.66666666666666,8.088818412408642,8.088818412408642,21.5,12.5,12.5,0.0,0.0,50.0,100.0,0.3762241122050531,,INSUFFICIENT,C,MEDIUM
EASEMYTRIP.NS,5.800000190734863,2026-10-06T18:18:25.566299+05:30,WAITING FOR 0.786,2026-02-18,10.600000381469728,2026-09-17,5.710000038146973,,9.553540307998658,8.15500020980835,11.871400470733644,39.2895198664851,3.0,2.0,1.0,0.0,3.0,66.66666666666666,7.688120616161402,7.688120616161402,6.666666666666667,9.5,9.5,0.0,50.0,50.0,100.0,1.1532180924242104,,INSUFFICIENT,C,MEDIUM
SURAJEST.NS,205.52999877929688,2026-10-06T18:18:25.566299+05:30,WAITING FOR 0.786,2025-10-28,319.0,2026-09-17,165.0,,286.044,242.0,359.04,28.147418306520365,5.0,3.0,2.0,0.0,5.0,60.0,5.949873125363164,5.949873125363164,7.6,9.666666666666666,10.0,4.5,0.0,66.66666666666666,100.0,0.7828780428109426,,INSUFFICIENT,C,MEDIUM
ZAGGLE.NS,171.8800048828125,2026-10-06T18:18:25.566299+05:30,WAITING FOR 0.786,2025-11-17,405.3999938964844,2026-08-18,154.36000061035156,,351.677435333252,279.879997253418,470.6703921508789,51.12566584775682,5.0,3.0,2.0,0.0,5.0,60.0,6.437883989694358,6.437883989694358,11.4,17.666666666666668,10.0,1.5,33.33333333333333,66.66666666666666,66.66666666666666,0.564726665762663,,INSUFFICIENT,C,MEDIUM
METROPOLIS.NS,552.6500244140625,2026-10-06T18:18:25.566299+05:30,WAITING FOR 0.786,2026-09-21,607.8499755859375,2026-10-06,537.5999755859375,,592.8164755859375,572.7249755859375,626.1149755859375,6.775528823178309,2.0,1.0,1.0,0.0,2.0,50.0,3.227165652891692,3.227165652891692,5.5,9.0,9.0,2.0,0.0,100.0,100.0,0.5867573914348531,,INSUFFICIENT,C,MEDIUM
SKFINDUS.NS,2774.60009765625,2026-10-06T18:18:25.566299+05:30,WAITING FOR 0.786,2026-09-18,3218.699951171875,2026-10-05,2670.10009765625,,3101.299582519531,2944.4000244140625,3361.3359130859376,10.534276878787272,2.0,1.0,1.0,0.0,2.0,50.0,5.4129719316552585,5.4129719316552585,5.5,10.0,10.0,0.0,0.0,100.0,100.0,0.9841767148464108,,INSUFFICIENT,C,MEDIUM
JSFB.NS,499.8500061035156,2026-10-06T18:18:25.566299+05:30,WAITING FOR 0.786,2026-08-21,606.9500122070312,2026-10-01,465.7000122070313,,576.7225122070313,536.3250122070312,643.6750122070313,13.32920156165502,2.0,1.0,1.0,0.0,2.0,50.0,4.511426052646661,4.511426052646661,11.5,12.0,12.0,11.0,0.0,0.0,100.0,0.3922979176214488,,INSUFFICIENT,C,MEDIUM
TECHM.NS,1504.5,2026-10-06T18:18:25.566299+05:30,WAITING FOR 0.786,2026-02-03,1854.0,2026-03-09,1304.0999755859375,,1736.321394775391,1579.0499877929688,1996.974006347656,13.35129518492047,5.0,2.0,2.0,1.0,4.0,50.0,0.4149156016135322,0.4149156016135322,26.4,14.5,14.5,21.0,0.0,50.0,50.0,0.0157165000611186,,INSUFFICIENT,C,MEDIUM
LCCINFOTEC.NS,3.5899999141693115,2026-10-06T18:18:25.566299+05:30,WAITING FOR 0.786,2026-07-07,4.980000019073486,2026-09-11,2.880000114440918,,4.530600039482117,3.930000066757202,5.525999994277955,20.761049686926757,3.0,1.0,1.0,1.0,2.0,50.0,17.24485790182023,17.24485790182023,27.666666666666668,13.0,13.0,9.0,0.0,0.0,100.0,0.6233081169332613,,INSUFFICIENT,C,MEDIUM
GARUDA.NS,173.36000061035156,2026-10-06T18:18:25.566299+05:30,WAITING FOR 0.786,2025-11-07,249.3000030517578,2026-03-30,130.0,,223.76980239868163,189.6500015258789,280.31800384521483,22.527526613495848,4.0,2.0,2.0,0.0,4.0,50.0,7.357423725490765,7.357423725490765,4.5,8.0,8.0,0.0,0.0,100.0,100.0,1.634983050109059,,INSUFFICIENT,C,MEDIUM
GODAVARIB.NS,228.57000732421875,2026-10-06T18:18:25.566299+05:30,WAITING FOR 0.786,2026-04-24,353.0,2026-10-01,223.80999755859372,,325.35333947753907,288.4049987792969,386.5894006347656,29.74714576734867,2.0,1.0,1.0,0.0,2.0,50.0,-4.04097823008126,-4.04097823008126,24.5,11.0,11.0,38.0,0.0,0.0,100.0,-0.1649378869420922,,INSUFFICIENT,C,MEDIUM
LORDSCHLO.NS,139.2100067138672,2026-10-06T18:18:25.566299+05:30,WAITING FOR 0.786,2025-10-21,233.0,2026-03-30,108.0,,206.25,170.5,265.5,32.504239169034086,4.0,2.0,2.0,0.0,4.0,50.0,7.507032799606626,7.507032799606626,11.75,12.0,12.0,11.0,50.0,50.0,50.0,0.6388964084771597,,INSUFFICIENT,C,MEDIUM
WAAREERTL.NS,825.9500122070312,2026-10-06T18:18:25.566299+05:30,WAITING FOR 0.786,2025-10-27,1358.0,2026-03-30,779.5,,1234.201,1068.75,1508.41,33.078160509752365,2.0,1.0,1.0,0.0,2.0,50.0,1.9942980190321693,1.9942980190321693,7.5,14.0,14.0,0.0,0.0,0.0,100.0,0.2659064025376226,,INSUFFICIENT,C,MEDIUM
RACE.NS,108.75,2026-10-06T18:18:25.566299+05:30,WAITING FOR 0.786,2025-10-16,240.0,2026-03-30,84.11000061035156,,206.63954013061525,162.05500030517578,280.5313998413086,47.37212445824262,4.0,2.0,2.0,0.0,4.0,50.0,4.785435362077562,4.785435362077562,7.5,14.0,14.0,0.5,0.0,0.0,100.0,0.6380580482770083,,INSUFFICIENT,C,MEDIUM
MEDICO.NS,22.170000076293945,2026-10-06T18:18:25.566299+05:30,WAITING FOR 0.786,2026-08-03,51.4900016784668,2026-09-29,20.46999931335449,,44.851721172332766,35.980000495910645,59.55520229339599,50.570458620505,4.0,2.0,2.0,0.0,4.0,50.0,4.892310984228915,4.892310984228915,6.25,8.5,8.5,3.5,0.0,100.0,100.0,0.7827697574766265,,INSUFFICIENT,C,MEDIUM
GSFC.NS,153.47000122070312,2026-10-06T18:18:25.566299+05:30,WAITING FOR 0.786,2025-11-17,199.3300018310547,2026-03-30,138.8300018310547,,186.38300183105468,169.0800018310547,215.0600018310547,17.65879950800732,5.0,2.0,3.0,0.0,5.0,40.0,0.0869383666909659,0.0869383666909659,8.6,14.5,14.5,4.0,0.0,0.0,100.0,0.0101091124059262,,INSUFFICIENT,C,MEDIUM
LANDMARK.NS,480.6000061035156,2026-10-06T18:18:25.566299+05:30,WAITING FOR 0.786,2025-10-15,662.0,2026-03-12,339.5,,592.985,500.75,745.85,18.952417665958563,5.0,2.0,3.0,0.0,5.0,40.0,1.5380715741806283,1.5380715741806283,4.4,9.0,9.0,0.6666666666666666,50.0,50.0,100.0,0.3495617214046882,,INSUFFICIENT,C,MEDIUM
FUSION.NS,169.0,2026-10-06T18:18:25.566299+05:30,WAITING FOR 0.786,2026-07-13,243.0,2026-10-05,166.14999389648438,,226.5540986938477,204.5749969482422,262.9810015869141,25.40413041550089,5.0,2.0,3.0,0.0,5.0,40.0,-0.0514757664909435,-0.0514757664909435,4.0,8.0,8.0,1.0,0.0,100.0,100.0,-0.0128689416227358,,INSUFFICIENT,C,MEDIUM
JAYBARMARU.NS,134.3699951171875,2026-10-06T18:18:25.566299+05:30,WAITING FOR 0.786,2026-07-14,207.0,2026-09-16,108.0999984741211,,185.83539967346192,157.54999923706055,232.7140003967285,27.69408016271719,5.0,2.0,3.0,0.0,5.0,40.0,8.284959287082742,8.284959287082742,6.4,14.5,14.5,0.6666666666666666,0.0,50.0,50.0,1.2945248886066785,,INSUFFICIENT,C,MEDIUM
RAJMET.NS,3.0799999237060547,2026-10-06T18:18:25.566299+05:30,WAITING FOR 0.786,2025-12-30,5.28000020980835,2026-03-24,2.720000028610229,,4.732160171031952,4.0000001192092896,5.94560025691986,34.91344729706406,5.0,2.0,3.0,0.0,5.0,40.0,-0.4302573699795131,-0.4302573699795131,5.4,12.0,12.0,0.0,0.0,0.0,100.0,-0.0796772907369468,,INSUFFICIENT,C,MEDIUM
HGM.NS,39.27999877929688,2026-10-06T18:18:25.566299+05:30,WAITING FOR 0.786,2025-12-16,77.0,2026-10-05,38.13999938964844,,68.68395986938476,57.56999969482422,87.1036001586914,42.81052103868932,5.0,2.0,3.0,0.0,5.0,40.0,6.39992914853328,6.39992914853328,5.0,8.0,8.0,2.6666666666666665,50.0,50.0,100.0,1.279985829706656,,INSUFFICIENT,C,MEDIUM
HARDWYN.NS,9.220000267028809,2026-10-06T18:18:25.566299+05:30,WAITING FOR 0.786,2026-06-01,20.200000762939453,2026-09-09,7.610000133514404,,17.505740628242492,13.905000448226929,23.473400926589967,47.33156132706589,5.0,2.0,3.0,0.0,5.0,40.0,1.102495616100839,1.102495616100839,5.6,9.5,9.5,2.333333333333333,50.0,50.0,100.0,0.1968742171608641,,INSUFFICIENT,C,MEDIUM
BAYERCROP.NS,3533.39990234375,2026-10-06T18:18:25.566299+05:30,WAITING FOR 0.786,2026-05-04,4832.7998046875,2026-10-05,3502.0,,4548.008646484375,4167.39990234375,5178.80775390625,22.30885697468761,4.0,1.0,2.0,1.0,3.0,33.33333333333333,-0.2115512778700092,-0.2115512778700092,21.75,11.0,11.0,6.5,0.0,0.0,100.0,-0.0097264955342533,,INSUFFICIENT,C,MEDIUM
ASHIMASYN.NS,14.880000114440918,2026-10-06T18:18:25.566299+05:30,WAITING FOR 0.786,2025-10-17,23.5,2026-03-27,11.5,,20.932,17.5,26.62,28.912669050062505,4.0,1.0,2.0,1.0,3.0,33.33333333333333,2.5786211917547623,2.5786211917547623,19.25,12.0,12.0,0.0,0.0,0.0,100.0,0.133954347623624,,INSUFFICIENT,C,MEDIUM
ACEINTEG.NS,17.030000686645508,2026-10-06T18:18:25.566299+05:30,WAITING FOR 0.786,2025-10-15,27.290000915527344,2026-03-27,14.199999809265137,,24.48874067878723,20.74500036239624,30.69340120315552,30.45783403065178,3.0,1.0,2.0,0.0,3.0,33.33333333333333,-0.8995257403342686,-0.8995257403342686,5.333333333333333,10.0,10.0,2.5,0.0,100.0,100.0,-0.1686610763126753,,INSUFFICIENT,C,MEDIUM
HINDWAREAP.NS,170.75,2026-10-06T18:18:25.566299+05:30,WAITING FOR 0.786,2025-11-11,390.0,2026-09-29,165.0,,341.85,277.5,448.5,50.051192043293845,4.0,1.0,2.0,1.0,3.0,33.33333333333333,0.0756810606014344,0.0756810606014344,17.75,8.0,8.0,1.0,0.0,100.0,100.0,0.0042637217240244,,INSUFFICIENT,C,MEDIUM
STYRENIX.NS,2042.9000244140625,2026-10-06T18:18:25.566299+05:30,WAITING FOR 0.786,2026-08-11,2266.0,2026-10-01,1950.300048828125,,2198.4402104492187,2108.1500244140625,2348.081987304688,7.07502461499164,4.0,1.0,3.0,0.0,4.0,25.0,-5.554381738527039,-5.554381738527039,16.0,10.0,10.0,18.0,0.0,100.0,100.0,-0.3471488586579399,,INSUFFICIENT,C,MEDIUM
KSHINTL.NS,1034.0999755859375,2026-10-06T18:18:25.566299+05:30,WAITING FOR 0.786,2026-09-09,1198.0,2026-09-28,975.5999755859376,,1150.4063947753907,1086.7999877929688,1255.8240063476562,10.110028918272944,4.0,1.0,3.0,0.0,4.0,25.0,-0.2613611400074774,-0.2613611400074774,2.75,8.0,8.0,0.0,0.0,100.0,100.0,-0.0950404145481736,,INSUFFICIENT,C,MEDIUM
MEDIASSIST.NS,306.25,2026-10-06T18:18:25.566299+05:30,WAITING FOR 0.786,2025-11-03,575.5499877929688,2026-10-01,291.25,,514.7097904052735,433.3999938964844,649.4679846191407,40.50045176741944,4.0,1.0,3.0,0.0,4.0,25.0,-0.7122162452521472,-0.7122162452521472,4.5,10.0,10.0,2.0,0.0,100.0,100.0,-0.1582702767226994,,INSUFFICIENT,C,MEDIUM
MANAKALUCO.NS,33.2400016784668,2026-10-06T18:18:25.566299+05:30,WAITING FOR 0.786,2026-01-20,68.12000274658203,2026-03-30,21.729999542236328,,58.192542060852055,44.92500114440918,80.18140357971191,42.87927541692944,4.0,1.0,3.0,0.0,4.0,25.0,-3.2905348161258896,-3.2905348161258896,4.5,14.0,14.0,0.6666666666666666,0.0,0.0,100.0,-0.7312299591390866,,INSUFFICIENT,C,MEDIUM
MANAKSTEEL.NS,108.87999725341795,2026-10-06T18:18:25.566299+05:30,WAITING FOR 0.786,2026-09-11,120.76000213623048,2026-10-06,100.3499984741211,,116.39226135253908,110.55500030517578,126.06660308837893,6.4542642370073855,5.0,1.0,4.0,0.0,5.0,20.0,-1.17632516193138,-1.17632516193138,4.0,12.0,12.0,1.5,0.0,0.0,100.0,-0.294081290482845,,INSUFFICIENT,C,MEDIUM
KANPRPLA.NS,250.8999938964844,2026-10-06T18:18:25.566299+05:30,WAITING FOR 0.786,2026-09-11,277.45001220703125,2026-10-01,241.0,,269.6497095947266,259.2250061035156,286.92701538085936,6.953360241486008,5.0,1.0,4.0,0.0,5.0,20.0,1.3834192613956993,1.3834192613956993,5.6,14.0,14.0,2.75,0.0,0.0,100.0,0.2470391538206606,,INSUFFICIENT,C,MEDIUM
FIVESTAR.NS,514.3499755859375,2026-10-06T18:18:25.566299+05:30,WAITING FOR 0.786,2025-10-31,666.0,2026-03-23,338.1499938964844,,595.8400986938477,502.0749969482422,751.2410015869141,13.676508728859682,5.0,1.0,4.0,0.0,5.0,20.0,-2.464522140937285,-2.464522140937285,14.0,12.0,12.0,14.25,0.0,0.0,100.0,-0.1760372957812346,,INSUFFICIENT,C,MEDIUM
CENTRALBK.NS,30.190000534057617,2026-10-06T18:18:25.566299+05:30,WAITING FOR 0.786,2026-02-26,40.91999816894531,2026-06-02,29.31999969482422,,38.4375984954834,35.119998931884766,43.9359977722168,21.4571104445948,5.0,1.0,4.0,0.0,5.0,20.0,-1.562651323147623,-1.562651323147623,3.0,10.0,10.0,1.0,0.0,100.0,100.0,-0.5208837743825409,,INSUFFICIENT,C,MEDIUM
AJMERA.NS,116.23999786376952,2026-10-06T18:18:25.566299+05:30,WAITING FOR 0.786,2025-11-03,221.3999938964844,2026-03-30,98.02999877929688,,194.99881494140624,159.71499633789062,253.47619262695312,40.38938241819693,6.0,3.0,2.0,1.0,5.0,60.0,7.464141066742442,7.464141066742442,19.0,16.666666666666668,20.0,0.0,0.0,33.33333333333333,66.66666666666666,0.3928495298285496,62.5,B,C,SLOW
HINDALCO.NS,940.5,2026-10-06T18:18:25.566299+05:30,WAITING FOR 0.786,2026-05-29,1176.0,2026-10-01,923.5,,1121.965,1049.75,1241.65,16.17385569068553,6.0,4.0,1.0,1.0,5.0,80.0,4.854646275934638,4.854646275934638,34.5,33.25,30.0,14.0,0.0,0.0,25.0,0.1407143848096996,59.09,B,C,SLOW
ARVIND.NS,534.6500244140625,2026-10-06T18:18:25.566299+05:30,WAITING FOR 0.786,2026-09-15,597.9000244140625,2026-10-01,522.0,,581.6574191894531,559.9500122070312,617.6340307617188,8.081629018141982,11.0,5.0,6.0,0.0,11.0,45.45454545454545,4.765481486729728,4.765481486729728,11.727272727272728,21.4,16.0,3.0,20.0,40.0,80.0,0.4063588864653256,54.13,C,C,SLOW
AIAENG.NS,3914.699951171875,2026-10-06T18:18:25.566299+05:30,WAITING FOR 0.786,2026-06-30,5180.0,2026-10-01,3756.89990234375,,4875.456579101563,4468.449951171875,5550.006025390625,19.70598265704858,9.0,4.0,3.0,2.0,7.0,57.14285714285714,4.0665196301393856,4.0665196301393856,24.22222222222222,21.75,21.0,2.6666666666666665,0.0,50.0,50.0,0.1678838379415342,53.71,C,C,SLOW
MANAKSIA.NS,59.04999923706055,2026-10-06T18:18:25.566299+05:30,WAITING FOR 0.786,2026-09-11,73.4000015258789,2026-10-05,57.400001525878906,,69.9760015258789,65.4000015258789,77.5600015258789,15.613927704596897,6.0,3.0,3.0,0.0,6.0,50.0,4.290772772824592,4.290772772824592,7.5,12.666666666666666,16.0,1.6666666666666667,33.33333333333333,33.33333333333333,66.66666666666666,0.5721030363766123,53.54,C,C,SLOW
JSL.NS,750.9500122070312,2026-10-06T18:18:25.566299+05:30,WAITING FOR 0.786,2026-01-07,884.0,2026-06-11,652.25,,834.4055000000001,768.125,944.255,10.001790231843968,14.0,7.0,6.0,1.0,13.0,53.84615384615385,4.05849287302516,4.05849287302516,18.214285714285715,20.857142857142858,27.0,7.833333333333333,28.57142857142857,42.85714285714285,42.85714285714285,0.222819216558244,52.67,C,C,SLOW
POLYCAB.NS,8147.0,2026-10-06T18:18:25.566299+05:30,WAITING FOR 0.786,2026-06-22,10126.0,2026-10-01,7883.0,,9645.998,9004.5,10709.18,15.540102745200649,15.0,7.0,7.0,1.0,14.0,50.0,2.297613710458555,2.297613710458555,21.53333333333333,20.714285714285715,16.0,16.428571428571427,14.285714285714285,28.57142857142857,57.14285714285714,0.1067003271110784,51.95,C,C,SLOW
INTELLECT.NS,601.4000244140625,2026-10-06T18:18:25.566299+05:30,WAITING FOR 0.786,2025-11-03,1244.5999755859375,2026-10-01,593.2000122070312,,1105.2003834228517,918.8999938964844,1413.963966064453,45.584526260160935,9.0,4.0,5.0,0.0,9.0,44.44444444444444,4.852186925567186,4.852186925567186,19.22222222222222,26.0,19.5,13.6,0.0,25.0,75.0,0.2524259094225703,51.36,C,C,SLOW
HINDCOPPER.NS,485.5,2026-10-06T18:18:25.566299+05:30,WAITING FOR 0.786,2026-01-29,760.0499877929688,2026-03-23,445.7000122070313,,692.7790930175781,602.875,841.7809814453125,29.91994058520452,6.0,2.0,3.0,1.0,5.0,40.0,7.177536694746258,7.177536694746258,16.166666666666668,17.0,17.0,0.0,0.0,0.0,50.0,0.4439713419430675,50.71,C,C,SLOW
TATACOMM.NS,1681.800048828125,2026-10-06T18:18:25.566299+05:30,WAITING FOR 0.786,2026-09-17,1831.5,2026-10-05,1647.699951171875,,1792.1667895507812,1739.5999755859375,1879.2880126953123,6.158285119786223,6.0,3.0,2.0,1.0,5.0,60.0,4.268560652864211,4.268560652864211,28.83333333333333,32.0,36.0,8.0,0.0,33.33333333333333,33.33333333333333,0.1480425659952905,50.5,C,C,SLOW
BLUECHIP.NS,1.950000047683716,2026-10-06T18:18:25.566299+05:30,WAITING FOR 0.786,2025-09-30,4.050000190734863,2026-08-06,1.649999976158142,,3.536400144815445,2.8500000834465027,4.674000246524811,44.85917973557031,11.0,5.0,6.0,0.0,11.0,45.45454545454545,2.3866558688229875,2.3866558688229875,21.454545454545453,22.8,20.0,20.0,0.0,40.0,60.0,0.1112424345637833,50.41,C,C,SLOW
BANCOINDIA.NS,602.6500244140625,2026-10-06T18:18:25.566299+05:30,WAITING FOR 0.786,2025-11-14,865.0,2026-03-30,502.0,,787.318,683.5,959.38,23.455322447338624,11.0,5.0,6.0,0.0,11.0,45.45454545454545,4.645602443007098,4.645602443007098,11.090909090909092,21.0,23.0,2.0,40.0,40.0,40.0,0.4188657940416235,49.94,C,C,SLOW
PNB.NS,111.91999816894533,2026-10-06T18:18:25.566299+05:30,WAITING FOR 0.786,2026-03-02,128.6999969482422,2026-05-18,98.5,,122.23719760131836,113.5999984741211,136.55199615478517,8.440310834041709,6.0,3.0,2.0,1.0,5.0,60.0,5.826866424492889,5.826866424492889,29.83333333333333,38.333333333333336,31.0,0.0,0.0,0.0,0.0,0.1953139583628901,49.6,C,C,SLOW
COCHINSHIP.NS,1282.0,2026-10-06T18:18:25.566299+05:30,WAITING FOR 0.786,2026-08-27,1577.9000244140625,2026-10-01,1265.5999755859375,,1511.0678139648437,1421.75,1659.0980371093751,15.159333806720417,6.0,3.0,3.0,0.0,6.0,50.0,6.137590558427912,6.137590558427912,15.166666666666666,29.33333333333333,27.0,0.0,0.0,0.0,0.0,0.4046763005556865,49.09,C,C,SLOW
CEMPRO.NS,1159.800048828125,2026-10-06T18:18:25.566299+05:30,WAITING FOR 0.786,2026-07-21,1649.199951171875,2026-10-06,1145.5,,1541.4081616210938,1397.3499755859375,1780.1619384765625,24.75710991380977,14.0,6.0,8.0,0.0,14.0,42.85714285714285,5.148184408117619,5.148184408117619,11.0,19.5,23.0,3.875,33.33333333333333,33.33333333333333,50.0,0.468016764374329,49.02,C,C,SLOW
TATACONSUM.NS,976.0,2026-10-06T18:18:25.566299+05:30,WAITING FOR 0.786,2026-05-12,1282.699951171875,2026-10-01,945.0,,1210.4321616210937,1113.8499755859375,1370.5019384765624,19.36764149649874,7.0,3.0,2.0,2.0,5.0,60.0,0.810784924643434,0.810784924643434,30.571428571428573,22.0,19.0,12.5,0.0,0.0,66.66666666666666,0.0265210022079627,48.77,C,C,SLOW
GRANULES.NS,836.4000244140625,2026-10-06T18:18:25.566299+05:30,WAITING FOR 0.786,2026-09-18,890.4000244140625,2026-10-05,800.0,,871.0544191894531,845.2000122070312,913.9040307617188,3.9784419907584856,6.0,2.0,2.0,2.0,4.0,50.0,5.835718818310397,5.835718818310397,32.5,30.0,30.0,7.5,0.0,0.0,50.0,0.1795605790249353,48.62,C,C,SLOW
LMW.NS,16910.0,2026-10-06T18:18:25.566299+05:30,WAITING FOR 0.786,2026-08-17,20151.0,2026-10-01,16257.0,,19317.684,18204.0,21163.44,12.463626592090444,11.0,5.0,5.0,1.0,10.0,50.0,2.265868727258798,2.265868727258798,20.727272727272727,27.4,28.0,5.4,20.0,40.0,40.0,0.1093182280695034,48.04,C,C,SLOW
BHARATFORG.NS,1880.0,2026-10-06T18:18:25.566299+05:30,WAITING FOR 0.786,2026-08-10,2295.0,2026-10-05,1816.699951171875,,2192.643789550781,2055.849975585937,2419.3580126953125,14.258758811655136,11.0,5.0,6.0,0.0,11.0,45.45454545454545,3.0131330883320246,3.0131330883320246,10.454545454545457,19.2,20.0,2.6666666666666665,0.0,0.0,60.0,0.2882127301882806,47.39,C,C,SLOW
GHCL.NS,408.8500061035156,2026-10-06T18:18:25.566299+05:30,WAITING FOR 0.786,2025-10-30,667.2000122070312,2026-09-29,396.0,,609.1632095947266,531.6000061035156,737.7120153808594,32.883339035605644,9.0,4.0,5.0,0.0,9.0,44.44444444444444,1.4694708998693222,1.4694708998693222,19.33333333333333,23.0,17.0,16.4,25.0,25.0,75.0,0.0760071155104821,46.07,C,C,SLOW
ACCELYA.NS,1097.5,2026-10-06T18:18:25.566299+05:30,WAITING FOR 0.786,2025-10-21,1527.0,2026-03-30,1012.4000244140624,,1416.8756052246094,1269.7000122070312,1660.795993652344,22.540835910148974,6.0,2.0,3.0,1.0,5.0,40.0,0.9343938993561992,0.9343938993561992,15.666666666666666,15.5,15.5,0.0,50.0,50.0,50.0,0.0596421637886935,45.96,C,C,SLOW
SULA.NS,134.00999450683594,2026-10-06T18:18:25.566299+05:30,WAITING FOR 0.786,2025-10-07,266.6499938964844,2026-10-01,130.0,,237.40689520263672,198.3249969482422,302.1789923095703,43.55261063818185,7.0,3.0,4.0,0.0,7.0,42.85714285714285,1.1510174699609126,1.1510174699609126,7.428571428571429,14.333333333333334,17.0,1.5,33.33333333333333,33.33333333333333,66.66666666666666,0.1549446594178151,45.77,C,C,SLOW
SJVN.NS,57.2599983215332,2026-10-06T18:18:25.566299+05:30,WAITING FOR 0.786,2026-04-29,83.0,2026-10-01,56.72999954223633,,77.37821990203858,69.86499977111816,89.83020011901856,25.999850611677548,9.0,4.0,5.0,0.0,9.0,44.44444444444444,1.214394503373389,1.214394503373389,8.88888888888889,13.5,16.5,4.4,25.0,25.0,75.0,0.1366193816295062,45.68,C,C,SLOW
BOSCHLTD.NS,45000.0,2026-10-06T18:18:25.566299+05:30,WAITING FOR 0.786,2026-08-31,50000.0,2026-10-01,44410.0,,48803.74,47205.0,51453.4,7.793951856968335,9.0,3.0,5.0,1.0,8.0,37.5,2.4342873174077946,2.4342873174077946,26.55555555555556,27.0,19.0,19.4,33.33333333333333,33.33333333333333,66.66666666666666,0.0916677232496659,45.64,C,C,SLOW
LIKHITHA.NS,226.66000366210935,2026-10-06T18:18:25.566299+05:30,WAITING FOR 0.786,2026-06-30,272.0,2026-09-02,200.0,,256.592,236.0,290.72,11.66521027073744,8.0,3.0,5.0,0.0,8.0,37.5,2.422449498075315,2.422449498075315,9.125,20.0,18.0,2.2,0.0,33.33333333333333,66.66666666666666,0.2654739175972948,45.62,C,C,SLOW
NAVA.NS,575.0,2026-10-06T18:18:25.566299+05:30,WAITING FOR 0.786,2026-05-12,733.7999877929688,2026-09-15,533.9000244140625,,691.0213956298828,633.8500061035156,785.7739782714843,16.789841293427173,12.0,4.0,7.0,1.0,11.0,36.36363636363637,0.927285290684898,0.927285290684898,15.75,16.5,16.0,8.428571428571429,50.0,50.0,50.0,0.058875256551422,45.49,C,C,SLOW
COROMANDEL.NS,1788.300048828125,2026-10-06T18:18:25.566299+05:30,WAITING FOR 0.786,2025-12-19,2499.0,2026-10-01,1701.0,,2328.228,2100.0,2706.48,23.190510172194266,11.0,4.0,7.0,0.0,11.0,36.36363636363637,0.8661369520371971,0.8661369520371971,11.636363636363637,24.75,17.0,3.857142857142857,25.0,50.0,50.0,0.0744336443156966,45.4,C,C,SLOW
SUNPHARMA.NS,1804.0999755859373,2026-10-06T18:18:25.566299+05:30,WAITING FOR 0.786,2026-07-31,2046.9000244140625,2026-10-06,1768.0,,1987.215419189453,1907.4500122070312,2119.414030761719,9.214675059144058,14.0,7.0,7.0,0.0,14.0,50.0,0.5215453106747968,0.5215453106747968,18.642857142857142,18.714285714285715,18.0,18.571428571428573,0.0,0.0,57.14285714285714,0.0279756105342802,45.31,C,C,SLOW
JYOTHYLAB.NS,183.32000732421875,2026-10-06T18:18:25.566299+05:30,WAITING FOR 0.786,2025-10-21,325.0,2026-10-05,180.0,,293.97,252.5,362.7,37.63989273591906,7.0,3.0,3.0,1.0,6.0,50.0,3.3183016114888773,3.3183016114888773,22.142857142857142,28.0,37.0,3.0,33.33333333333333,33.33333333333333,33.33333333333333,0.1498587824543364,45.02,C,C,SLOW
TITAN.NS,4550.0,2026-10-06T18:18:25.566299+05:30,WAITING FOR 0.786,2026-08-27,5186.7001953125,2026-10-01,4491.0,,5037.820353515625,4838.85009765625,5367.58224609375,9.683162941195423,12.0,5.0,5.0,2.0,10.0,50.0,1.3107962592706546,1.3107962592706546,29.75,24.2,27.0,22.8,0.0,20.0,40.0,0.0440603784628791,44.55,D,C,SLOW
PFS.NS,27.290000915527344,2026-10-06T18:18:25.566299+05:30,WAITING FOR 0.786,2025-10-27,40.5,2026-03-30,23.850000381469727,,36.93690008163452,32.17500019073486,44.82899990081787,26.117240875077474,6.0,2.0,4.0,0.0,6.0,33.33333333333333,1.610959619829612,1.610959619829612,15.666666666666666,17.5,17.5,14.0,50.0,50.0,50.0,0.1028272097763582,44.35,D,C,SLOW
KIRIINDUS.NS,564.0999755859375,2026-10-06T18:18:25.566299+05:30,WAITING FOR 0.786,2026-01-01,779.0,2026-03-30,333.79998779296875,,683.7271973876952,556.3999938964844,894.7520031738281,17.496338051026115,8.0,3.0,5.0,0.0,8.0,37.5,1.595075408647151,1.595075408647151,8.25,14.666666666666666,18.0,3.8,33.33333333333333,33.33333333333333,66.66666666666666,0.1933424737754122,44.33,D,C,SLOW
SHOPERSTOP.NS,398.1499938964844,2026-10-06T18:18:25.566299+05:30,WAITING FOR 0.786,2025-10-08,558.0,2026-03-02,275.95001220703125,,497.6413026123047,416.9750061035156,631.3329968261719,19.99257461017672,6.0,2.0,3.0,1.0,5.0,40.0,2.319391903219408,2.319391903219408,22.166666666666668,29.5,29.5,4.0,0.0,50.0,50.0,0.104634221197868,44.12,D,C,SLOW
HCC.NS,20.26000022888184,2026-10-06T18:18:25.566299+05:30,WAITING FOR 0.786,2026-08-27,26.030000686645508,2026-10-01,19.8799991607666,,24.713900360107424,22.95499992370605,27.629001083374025,18.021842227764925,12.0,4.0,8.0,0.0,12.0,33.33333333333333,2.3817140017675387,2.3817140017675387,8.916666666666666,22.5,20.0,1.375,25.0,25.0,50.0,0.2671081123477614,44.05,D,C,SLOW
IFGLEXPOR.NS,180.6499938964844,2026-10-06T18:18:25.566299+05:30,WAITING FOR 0.786,2025-10-06,338.0,2026-03-30,119.68000030517578,,291.2795200653076,228.8400001525879,394.7631999206543,37.98053709509651,6.0,2.0,4.0,0.0,6.0,33.33333333333333,1.2455096996632289,1.2455096996632289,9.0,19.0,19.0,3.25,50.0,50.0,50.0,0.1383899666292476,43.78,D,C,SLOW
BEL.NS,387.3999938964844,2026-10-06T18:18:25.566299+05:30,WAITING FOR 0.786,2026-04-27,448.2999877929688,2026-10-05,377.0,,433.0417904052735,412.6499938964844,466.8379846191406,10.539813366759365,14.0,5.0,9.0,0.0,14.0,35.714285714285715,0.4470320179219512,0.4470320179219512,12.071428571428571,15.6,17.0,9.666666666666666,40.0,40.0,60.0,0.0370322381710492,43.48,D,C,SLOW
SUZLON.NS,39.15999984741211,2026-10-06T18:18:25.566299+05:30,WAITING FOR 0.786,2026-07-28,53.20000076293945,2026-10-01,38.400001525878906,,50.032800926208495,45.80000114440918,57.04800056457519,21.73134599206683,12.0,4.0,8.0,0.0,12.0,33.33333333333333,0.3609220689261502,0.3609220689261502,8.5,17.0,15.5,4.0,25.0,50.0,50.0,0.0424614198736647,43.4,D,C,SLOW
PRECAM.NS,113.2699966430664,2026-10-06T18:18:25.566299+05:30,WAITING FOR 0.786,2025-10-06,205.8999938964844,2026-03-30,103.9800033569336,,184.0891159210205,154.93999862670898,232.3991914367676,38.47001976387215,8.0,3.0,5.0,0.0,8.0,37.5,5.425389187959588,5.425389187959588,15.25,39.0,56.0,0.0,33.33333333333333,33.33333333333333,33.33333333333333,0.3557632254399729,43.31,D,C,SLOW
GODREJIND.NS,1045.0,2026-10-06T18:18:25.566299+05:30,WAITING FOR 0.786,2026-07-10,1443.0,2026-10-01,985.2000122070312,,1345.0308026123048,1214.1000061035156,1562.0279968261718,22.306612014355963,12.0,5.0,7.0,0.0,12.0,41.66666666666667,1.1919809104437535,1.1919809104437535,15.416666666666666,18.4,28.0,12.857142857142858,40.0,40.0,40.0,0.0773176806774326,43.03,D,C,SLOW
TORNTPHARM.NS,4772.0,2026-10-06T18:18:25.566299+05:30,WAITING FOR 0.786,2026-08-03,5250.0,2026-10-06,4702.5,,5132.835,4976.25,5392.35,7.029935698303181,9.0,3.0,5.0,1.0,8.0,37.5,0.5815485318929972,0.5815485318929972,18.77777777777778,22.666666666666668,19.0,8.0,0.0,33.33333333333333,66.66666666666666,0.030970040159982,42.74,D,C,SLOW
JBMA.NS,555.6500244140625,2026-10-06T18:18:25.566299+05:30,WAITING FOR 0.786,2026-06-22,738.5,2026-10-01,533.9500122070312,,694.7263026123047,636.2250061035156,791.6829968261718,20.018858890945776,7.0,2.0,5.0,0.0,7.0,28.57142857142857,1.715311272279732,1.715311272279732,7.0,17.0,17.0,2.2,50.0,50.0,50.0,0.2450444674685331,42.61,D,C,SLOW
RUCHIRA.NS,102.77999877929688,2026-10-06T18:18:25.566299+05:30,WAITING FOR 0.786,2025-10-03,151.25,2026-03-30,95.16999816894533,,139.2488796081543,123.20999908447266,165.83080047607422,26.189712212752227,10.0,3.0,6.0,1.0,9.0,33.33333333333333,0.6281837891775636,0.6281837891775636,18.0,19.33333333333333,18.0,9.833333333333334,33.33333333333333,33.33333333333333,66.66666666666666,0.0348990993987535,42.15,D,C,SLOW
SUPREMEIND.NS,3497.89990234375,2026-10-06T18:18:25.566299+05:30,WAITING FOR 0.786,2026-04-08,3941.39990234375,2026-07-08,3140.0,,3769.9003232421874,3540.699951171875,4149.763876953125,7.21505603799391,6.0,2.0,3.0,1.0,5.0,40.0,1.0064072533178272,1.0064072533178272,19.5,21.0,21.0,4.666666666666667,50.0,50.0,50.0,0.0516106283752731,42.07,D,C,SLOW
BHARTIARTL.NS,1810.5,2026-10-06T18:18:25.566299+05:30,WAITING FOR 0.786,2025-11-21,2174.5,2026-10-01,1726.300048828125,,2078.5852104492187,1950.4000244140625,2291.0319873046874,12.89748474594798,9.0,4.0,5.0,0.0,9.0,44.44444444444444,0.3570063743102343,0.3570063743102343,15.444444444444445,21.0,16.0,10.4,0.0,0.0,75.0,0.0231155206387921,41.84,D,C,SLOW
ENIL.NS,92.23999786376952,2026-10-06T18:18:25.566299+05:30,WAITING FOR 0.786,2025-10-01,160.89999389648438,2026-10-05,91.0999984741211,,145.96279487609863,125.99999618530272,179.04799270629883,36.80581552164167,6.0,2.0,4.0,0.0,6.0,33.33333333333333,2.5451179615622554,2.5451179615622554,8.666666666666666,24.0,24.0,0.0,50.0,50.0,50.0,0.2936674571033372,41.81,D,C,SLOW
MAXIND.NS,165.83999633789062,2026-10-06T18:18:25.566299+05:30,WAITING FOR 0.786,2025-10-01,228.8000030517578,2026-03-30,120.0,,205.51680239868165,174.4000015258789,257.08800384521487,19.305869689341534,9.0,3.0,6.0,0.0,9.0,33.33333333333333,0.9249505900113074,0.9249505900113074,5.777777777777778,11.666666666666666,16.0,2.333333333333333,33.33333333333333,33.33333333333333,100.0,0.1600876021173416,41.61,D,C,SLOW
JPPOWER.NS,15.0,2026-10-06T18:18:25.566299+05:30,WAITING FOR 0.786,2026-05-29,24.5,2026-10-01,14.609999656677246,,22.383539926528933,19.554999828338623,27.07140008926392,32.986471088864604,8.0,3.0,5.0,0.0,8.0,37.5,2.3499742577821534,2.3499742577821534,15.125,28.666666666666668,26.0,6.6,33.33333333333333,33.33333333333333,33.33333333333333,0.1553701988616299,41.51,D,C,SLOW
GESHIP.NS,1532.5999755859375,2026-10-06T18:18:25.566299+05:30,WAITING FOR 0.786,2026-05-19,1798.0,2026-08-17,1261.0,,1683.082,1529.5,1937.62,8.94086113534946,13.0,4.0,8.0,1.0,12.0,33.33333333333333,1.7056427707520725,1.7056427707520725,13.615384615384617,26.75,22.0,0.5,25.0,50.0,50.0,0.1252731978518471,41.5,D,C,SLOW
MFSL.NS,1361.0,2026-10-06T18:18:25.566299+05:30,WAITING FOR 0.786,2026-02-23,1892.5,2026-10-06,1330.199951171875,,1772.1677895507812,1611.3499755859375,2038.6980126953129,23.2014029357235,7.0,3.0,4.0,0.0,7.0,42.85714285714285,0.7136289577274902,0.7136289577274902,23.857142857142858,31.33333333333333,30.0,17.75,0.0,33.33333333333333,33.33333333333333,0.0299125910424696,41.09,D,C,SLOW
FDC.NS,333.6499938964844,2026-10-06T18:18:25.566299+05:30,WAITING FOR 0.786,2026-07-09,442.0,2026-10-05,328.6000061035156,,417.7324013061524,385.3000030517578,471.48399841308594,20.12829436901753,7.0,2.0,5.0,0.0,7.0,28.57142857142857,0.4577235948820394,0.4577235948820394,10.571428571428571,20.0,20.0,6.2,50.0,50.0,50.0,0.0432981778942469,40.64,D,C,SLOW
ADOR.NS,1535.0,2026-10-06T18:18:25.566299+05:30,WAITING FOR 0.786,2026-08-31,1766.4000244140625,2026-09-16,1487.0999755859375,,1706.6298139648438,1626.75,1839.018037109375,10.056651569101168,7.0,3.0,4.0,0.0,7.0,42.85714285714285,2.4959266730500564,2.4959266730500564,13.571428571428571,28.33333333333333,21.0,2.0,0.0,0.0,33.33333333333333,0.1839103864352673,40.54,D,C,SLOW
GRINDWELL.NS,2033.0999755859373,2026-10-06T18:18:25.566299+05:30,WAITING FOR 0.786,2026-07-16,2455.0,2026-09-15,1813.5999755859373,,2317.7403947753905,2134.2999877929688,2621.7640063476565,12.280944830192563,7.0,3.0,4.0,0.0,7.0,42.85714285714285,2.488151551582262,2.488151551582262,16.0,25.33333333333333,21.0,8.75,0.0,0.0,33.33333333333333,0.1555094719738913,40.53,D,C,SLOW
THOMASCOOK.NS,101.08999633789062,2026-10-06T18:18:25.566299+05:30,WAITING FOR 0.786,2025-10-21,169.0,2026-03-17,86.3499984741211,,151.3128996734619,127.67499923706056,190.4890003967285,33.19142217481386,10.0,4.0,6.0,0.0,10.0,40.0,2.8651001693792644,2.8651001693792644,16.5,29.5,31.5,7.333333333333333,0.0,25.0,50.0,0.1736424345078342,40.48,D,C,SLOW
ABFRL.NS,45.68000030517578,2026-10-06T18:18:25.566299+05:30,WAITING FOR 0.786,2025-10-03,88.98999786376953,2026-10-01,44.040000915527344,,79.3706985168457,66.51499938964844,100.6769970703125,42.447274423973205,6.0,2.0,3.0,1.0,5.0,40.0,-0.0801648704691748,-0.0801648704691748,26.0,22.5,22.5,16.666666666666668,0.0,50.0,50.0,-0.0030832642488144,40.37,D,C,SLOW
LT.NS,3770.0,2026-10-06T18:18:25.566299+05:30,WAITING FOR 0.786,2026-08-25,4125.2998046875,2026-10-01,3655.89990234375,,4024.8482255859376,3890.599853515625,4247.343779296875,6.331871695580192,12.0,4.0,6.0,2.0,10.0,40.0,-0.2435453253917504,-0.2435453253917504,21.33333333333333,15.75,15.5,11.833333333333334,0.0,0.0,75.0,-0.0114161871277383,40.12,D,C,SLOW
ASHAPURMIN.NS,502.8999938964844,2026-10-06T18:18:25.566299+05:30,WAITING FOR 0.786,2026-01-07,924.9000244140624,2026-03-30,455.1000061035156,,824.3628204956055,690.0000152587891,1047.0480291748047,38.99530869258008,11.0,4.0,7.0,0.0,11.0,36.36363636363637,0.0005155045669069,0.0005155045669069,13.727272727272728,26.75,21.5,5.714285714285714,25.0,50.0,50.0,3.7553312821037246e-05,40.05,D,C,SLOW
DCMSHRIRAM.NS,988.8499755859376,2026-10-06T18:18:25.566299+05:30,WAITING FOR 0.786,2026-07-29,1187.5,2026-10-01,886.2999877929688,,1123.0431973876953,1036.8999938964844,1265.812003173828,11.949070357569852,9.0,3.0,6.0,0.0,9.0,33.33333333333333,-0.3129542052865324,-0.3129542052865324,7.666666666666667,13.333333333333334,18.0,4.5,33.33333333333333,33.33333333333333,66.66666666666666,-0.0408201137330259,39.68,D,C,SLOW
EMCURE.NS,1922.4000244140625,2026-10-06T18:18:25.566299+05:30,WAITING FOR 0.786,2026-09-18,2100.699951171875,2026-10-06,1890.0,,2055.610161621093,1995.3499755859373,2155.4819384765624,6.48032101096343,8.0,2.0,5.0,1.0,7.0,28.57142857142857,-0.3301606320266376,-0.3301606320266376,14.0,15.5,15.5,3.8,0.0,50.0,50.0,-0.0235829022876169,39.41,D,C,SLOW
IFCI.NS,65.51000213623047,2026-10-06T18:18:25.566299+05:30,WAITING FOR 0.786,2026-09-04,107.5,2026-10-06,63.900001525878906,,98.16960032653807,85.70000076293945,118.83599960327147,33.26854553922309,9.0,3.0,5.0,1.0,8.0,37.5,2.8808266076409166,2.8808266076409166,16.88888888888889,26.33333333333333,32.0,1.8,33.33333333333333,33.33333333333333,33.33333333333333,0.170575259662949,39.33,D,C,SLOW
APTUS.NS,223.8999938964844,2026-10-06T18:18:25.566299+05:30,WAITING FOR 0.786,2026-07-31,288.3999938964844,2026-10-06,222.32000732421875,,274.2588767700195,255.3600006103516,305.58079040527343,18.361805993890844,6.0,2.0,3.0,1.0,5.0,40.0,-0.7859654013428438,-0.7859654013428438,24.166666666666668,25.0,25.0,11.0,0.0,50.0,50.0,-0.0325227062624625,39.27,D,C,SLOW
CENTURYPLY.NS,679.8499755859375,2026-10-06T18:18:25.566299+05:30,WAITING FOR 0.786,2026-07-31,828.0,2026-09-29,655.0499877929688,,790.9886973876953,741.5249938964844,872.9670031738281,14.050608076803435,15.0,4.0,11.0,0.0,15.0,26.666666666666668,-1.33153929224895,-1.33153929224895,12.266666666666667,16.5,16.0,10.272727272727272,0.0,50.0,50.0,-0.1085493988246426,39.09,D,C,SLOW
CHOLAHLDNG.NS,1424.5999755859375,2026-10-06T18:18:25.566299+05:30,WAITING FOR 0.786,2025-11-06,2064.0,2026-03-23,1305.0,,1901.574,1684.5,2261.34,25.08311663990266,6.0,2.0,4.0,0.0,6.0,33.33333333333333,1.3297867360483784,1.3297867360483784,8.833333333333334,16.5,16.5,4.25,0.0,0.0,50.0,0.1505418946469862,38.91,D,C,SLOW
ICICIBANK.NS,1342.800048828125,2026-10-06T18:18:25.566299+05:30,WAITING FOR 0.786,2026-07-20,1480.0,2026-09-29,1291.0,,1439.554,1385.5,1529.14,6.721106062841344,8.0,3.0,5.0,0.0,8.0,37.5,0.5882837158289734,0.5882837158289734,21.0,24.33333333333333,23.0,19.0,0.0,33.33333333333333,33.33333333333333,0.0280135102775701,38.75,D,C,SLOW
GRASIM.NS,2969.0,2026-10-06T18:18:25.566299+05:30,WAITING FOR 0.786,2026-08-10,3411.10009765625,2026-10-06,2935.60009765625,,3309.34309765625,3173.35009765625,3534.73009765625,10.284309834700684,11.0,4.0,7.0,0.0,11.0,36.36363636363637,-0.3667848768489473,-0.3667848768489473,20.181818181818183,22.75,20.0,18.714285714285715,0.0,0.0,50.0,-0.0181740254294523,38.47,D,C,SLOW
INDIANB.NS,813.0,2026-10-06T18:18:25.566299+05:30,WAITING FOR 0.786,2026-09-11,859.7000122070312,2026-10-01,786.8499755859375,,844.1101043701171,823.2749938964844,878.6410217285156,3.685550523451179,18.0,4.0,13.0,1.0,17.0,23.52941176470588,-1.0661781629529603,-1.0661781629529603,9.666666666666666,18.5,15.5,2.6153846153846154,50.0,50.0,50.0,-0.1102942927192717,38.25,D,C,SLOW
BIKAJI.NS,481.1000061035156,2026-10-06T18:18:25.566299+05:30,WAITING FOR 0.786,2026-05-21,689.0,2026-10-06,477.5499877929688,,643.7496973876953,583.2749938964844,743.977003173828,25.26598333858705,6.0,2.0,4.0,0.0,6.0,33.33333333333333,0.1886157890429375,0.1886157890429375,10.0,20.5,20.5,4.25,0.0,50.0,50.0,0.0188615789042937,38.13,D,C,SLOW
INDIAGLYCO.NS,318.95001220703125,2026-10-06T18:18:25.566299+05:30,WAITING FOR 0.786,2026-08-25,1219.0,2026-09-17,245.0,,1010.564,732.0,1472.24,68.43841535943976,13.0,4.0,9.0,0.0,13.0,30.76923076923077,1.7629690032863374,1.7629690032863374,10.153846153846152,24.75,28.5,3.0,25.0,25.0,25.0,0.1736257351721393,38.06,D,C,SLOW
GALLANTT.NS,530.0499877929688,2026-10-06T18:18:25.566299+05:30,WAITING FOR 0.786,2026-05-11,938.0,2026-07-24,513.0999755859375,,847.0713947753907,725.5499877929688,1048.474006347656,37.42558288920655,16.0,4.0,12.0,0.0,16.0,25.0,-1.627083782226003,-1.627083782226003,8.125,19.5,17.5,3.8333333333333335,0.0,50.0,50.0,-0.2002564655047388,37.96,D,C,SLOW
AWHCL.NS,355.20001220703125,2026-10-06T18:18:25.566299+05:30,WAITING FOR 0.786,2026-01-30,605.0,2026-09-16,337.54998779296875,,547.7656973876954,471.2749938964844,674.5370031738281,35.15475432269917,6.0,2.0,4.0,0.0,6.0,33.33333333333333,3.177505513749175,3.177505513749175,9.666666666666666,23.0,23.0,2.5,0.0,0.0,50.0,0.3287074669395698,37.8,D,C,SLOW
GOCLCORP.NS,372.4500122070313,2026-10-06T18:18:25.566299+05:30,WAITING FOR 0.786,2026-09-18,461.3999938964844,2026-10-05,343.5,,436.1693952026368,402.4499969482422,492.0539923095703,14.608861533258786,8.0,2.0,6.0,0.0,8.0,25.0,-0.6659098944186046,-0.6659098944186046,5.25,16.0,16.0,0.6666666666666666,50.0,50.0,50.0,-0.126839979889258,37.46,D,C,SLOW
GABRIEL.NS,1352.9000244140625,2026-10-06T18:18:25.566299+05:30,WAITING FOR 0.786,2026-08-05,1600.0,2026-09-16,1268.199951171875,,1528.9947895507812,1434.0999755859375,1686.2680126953126,11.51702846472455,15.0,4.0,10.0,1.0,14.0,28.57142857142857,1.2754621952490084,1.2754621952490084,12.933333333333334,27.75,27.0,1.6,25.0,25.0,50.0,0.0986182109728614,37.42,D,C,SLOW
TARC.NS,124.0999984741211,2026-10-06T18:18:25.566299+05:30,WAITING FOR 0.786,2026-01-07,186.3000030517578,2026-03-30,109.0999984741211,,169.77920207214356,147.70000076293945,206.37200424194336,26.90506436625388,7.0,2.0,5.0,0.0,7.0,28.57142857142857,0.716773002747597,0.716773002747597,10.142857142857142,24.5,24.5,4.0,50.0,50.0,50.0,0.0706677608342701,37.05,D,C,SLOW
KAMOPAINTS.NS,4.110000133514404,2026-10-06T18:18:25.566299+05:30,WAITING FOR 0.786,2025-10-03,8.920000076293945,2026-03-30,3.5999999046325684,,7.781520039558411,6.259999990463257,10.303200120925904,47.18255414596811,6.0,2.0,4.0,0.0,6.0,33.33333333333333,2.429741182941447,2.429741182941447,8.833333333333334,21.5,21.5,1.75,0.0,0.0,50.0,0.275065039578277,36.63,D,C,SLOW
BHARATSE.NS,206.13999938964844,2026-10-06T18:18:25.566299+05:30,WAITING FOR 0.786,2026-08-19,240.91000366210935,2026-09-16,198.3600006103516,,231.8043030090332,219.63500213623047,251.9730044555664,11.07153891719804,7.0,2.0,5.0,0.0,7.0,28.57142857142857,-2.216919225591148,-2.216919225591148,9.0,17.5,17.5,5.4,0.0,50.0,50.0,-0.2463243583990164,36.46,D,C,SLOW
VEDL.NS,265.6000061035156,2026-10-06T18:18:25.566299+05:30,WAITING FOR 0.786,2026-05-29,360.0,2026-10-01,247.25,,335.8715,303.625,389.315,20.92213656010836,9.0,3.0,6.0,0.0,9.0,33.33333333333333,2.09630303772444,2.09630303772444,16.22222222222222,30.0,34.0,8.833333333333334,33.33333333333333,33.33333333333333,33.33333333333333,0.1292241598597257,36.44,D,C,SLOW
LIBERTSHOE.NS,218.57000732421875,2026-10-06T18:18:25.566299+05:30,WAITING FOR 0.786,2025-10-06,348.75,2026-03-30,210.5,,319.1645,279.625,384.695,31.518070673831595,6.0,2.0,4.0,0.0,6.0,33.33333333333333,-0.2674191926638694,-0.2674191926638694,11.5,17.0,17.0,8.25,0.0,0.0,100.0,-0.0232538428403364,36.42,D,C,SLOW
MOIL.NS,239.1999969482422,2026-10-06T18:18:25.566299+05:30,WAITING FOR 0.786,2026-01-29,380.7000122070313,2026-10-01,230.00999450683597,,348.45234841918943,305.3550033569336,419.8794168090821,31.353598839723208,9.0,3.0,6.0,0.0,9.0,33.33333333333333,0.135064386894221,0.135064386894221,11.333333333333334,19.33333333333333,29.0,6.666666666666667,33.33333333333333,33.33333333333333,33.33333333333333,0.0119174459024312,36.38,D,C,SLOW
BPCL.NS,300.5,2026-10-06T18:18:25.566299+05:30,WAITING FOR 0.786,2026-02-05,391.6499938964844,2026-04-02,266.6000061035156,,364.8892965087891,329.125,424.1629907226562,17.646255213528338,7.0,2.0,4.0,1.0,6.0,33.33333333333333,0.9653561116743778,0.9653561116743778,22.571428571428573,30.5,30.5,9.0,50.0,50.0,50.0,0.0427689416564597,36.34,D,C,SLOW
AEROENTER.NS,132.55999755859375,2026-10-06T18:18:25.566299+05:30,WAITING FOR 0.786,2026-09-08,159.60000610351562,2026-10-01,118.4800033569336,,150.80032551574706,139.0400047302246,170.29120681762694,12.095682084750273,6.0,2.0,3.0,1.0,5.0,40.0,2.147753204345592,2.147753204345592,28.666666666666668,31.5,31.5,16.333333333333332,0.0,0.0,0.0,0.0749216234074043,35.86,D,C,SLOW
ACC.NS,1177.0,2026-10-06T18:18:25.566299+05:30,WAITING FOR 0.786,2025-11-24,1987.0,2026-10-01,1166.0999755859375,,1811.3273947753903,1576.5499877929688,2200.4340063476566,35.02002987450255,8.0,3.0,5.0,0.0,8.0,37.5,0.8347601092384527,0.8347601092384527,16.5,26.33333333333333,22.0,10.6,0.0,0.0,33.33333333333333,0.0505915217720274,35.8,D,C,SLOW
GANECOS.NS,990.0999755859376,2026-10-06T18:18:25.566299+05:30,WAITING FOR 0.786,2026-07-21,1268.0,2026-09-17,932.5,,1196.203,1100.25,1355.23,17.22976989809108,13.0,3.0,10.0,0.0,13.0,23.07692307692308,-0.9014306624121258,-0.9014306624121258,8.692307692307692,15.0,20.0,6.2,33.33333333333333,33.33333333333333,66.66666666666666,-0.1037044124898905,35.66,D,C,SLOW
ABCAPITAL.NS,378.8999938964844,2026-10-06T18:18:25.566299+05:30,WAITING FOR 0.786,2026-08-03,430.7000122070313,2026-10-01,370.2000122070313,,417.7530122070313,400.4500122070313,446.43001220703127,9.300475921234526,13.0,3.0,9.0,1.0,12.0,25.0,1.120399198500518,1.120399198500518,14.76923076923077,19.0,25.0,7.777777777777778,33.33333333333333,33.33333333333333,33.33333333333333,0.0758603623984725,35.58,D,C,SLOW
RITES.NS,203.50999450683597,2026-10-06T18:18:25.566299+05:30,WAITING FOR 0.786,2026-07-07,244.58999633789065,2026-09-29,191.25,,233.17523712158203,217.9199981689453,258.45839538574216,12.72229546368085,9.0,2.0,7.0,0.0,9.0,22.22222222222222,-1.1594628576687798,-1.1594628576687798,9.88888888888889,19.5,19.5,6.571428571428571,50.0,50.0,50.0,-0.1172490530226856,35.58,D,C,SLOW
KSCL.NS,717.4500122070312,2026-10-06T18:18:25.566299+05:30,WAITING FOR 0.786,2026-06-22,996.0,2026-09-18,685.0,,929.446,840.5,1076.86,22.808854714848284,10.0,2.0,8.0,0.0,10.0,20.0,-1.32167967322733,-1.32167967322733,6.8,16.5,16.5,3.5,0.0,50.0,50.0,-0.1943646578275485,35.43,D,C,SLOW
ICRA.NS,4356.7001953125,2026-10-06T18:18:25.566299+05:30,WAITING FOR 0.786,2026-01-30,6348.5,2026-09-30,4198.2001953125,,5888.335841796875,5273.35009765625,6907.57794921875,26.011350025459546,10.0,2.0,8.0,0.0,10.0,20.0,-1.3816727310148749,-1.3816727310148749,6.4,19.0,19.0,2.375,50.0,50.0,50.0,-0.2158863642210741,35.34,D,C,SLOW
SYNGENE.NS,363.2000122070313,2026-10-06T18:18:25.566299+05:30,WAITING FOR 0.786,2026-01-07,678.9500122070312,2026-10-01,353.29998779296875,,609.2609069824218,516.125,763.6190185546875,40.38678535836041,7.0,2.0,5.0,0.0,7.0,28.57142857142857,-0.4195029979031514,-0.4195029979031514,14.571428571428571,25.0,25.0,10.2,0.0,50.0,50.0,-0.028789421424726,35.27,D,C,SLOW
SHREECEM.NS,22210.0,2026-10-06T18:18:25.566299+05:30,WAITING FOR 0.786,2025-10-16,30285.0,2026-10-01,21355.0,,28373.98,25820.0,32606.8,21.724058450735495,7.0,2.0,4.0,1.0,6.0,33.33333333333333,-1.0232235604746525,-1.0232235604746525,24.714285714285715,18.5,18.5,18.5,0.0,0.0,50.0,-0.0414021093833674,35.23,D,C,SLOW
ASTERDM.NS,684.7000122070312,2026-10-06T18:18:25.566299+05:30,WAITING FOR 0.786,2026-08-10,891.2999877929688,2026-10-06,674.0999755859375,,844.8191851806641,782.6999816894531,947.7719909667968,18.95307016961168,16.0,5.0,10.0,1.0,15.0,33.33333333333333,0.8129774047670346,0.8129774047670346,17.1875,35.8,38.0,2.9,0.0,20.0,20.0,0.047300503550082,35.1,D,C,SLOW
BAJAJCON.NS,493.5,2026-10-06T18:18:25.566299+05:30,WAITING FOR 0.786,2026-07-13,692.0,2026-08-27,447.8500061035156,,639.7519013061524,569.9250030517578,755.478998413086,22.860721634051657,9.0,2.0,5.0,2.0,7.0,28.57142857142857,-0.5462764442090836,-0.5462764442090836,21.55555555555556,20.5,20.5,5.8,50.0,50.0,50.0,-0.0253427216385657,35.08,D,C,SLOW
BAJAJFINSV.NS,1752.4000244140625,2026-10-06T18:18:25.566299+05:30,WAITING FOR 0.786,2026-09-15,1930.5999755859373,2026-09-30,1702.0999755859375,,1881.7009755859376,1816.3499755859373,1990.0099755859376,6.871493018789154,11.0,2.0,8.0,1.0,10.0,20.0,-1.670867938553222,-1.670867938553222,12.909090909090908,19.5,19.5,5.0,50.0,50.0,50.0,-0.1294334318597566,34.89,D,C,SLOW
TORNTPOWER.NS,1234.9000244140625,2026-10-06T18:18:25.566299+05:30,WAITING FOR 0.786,2026-04-27,1824.0999755859373,2026-09-01,1199.0,,1690.328580810547,1511.5499877929688,1986.6259692382812,26.943196817869413,12.0,3.0,8.0,1.0,11.0,27.27272727272727,0.0309793729880262,0.0309793729880262,13.25,17.333333333333332,21.0,5.0,33.33333333333333,33.33333333333333,33.33333333333333,0.0023380658858887,34.79,D,C,SLOW
TVSELECT.NS,404.2000122070313,2026-10-06T18:18:25.566299+05:30,WAITING FOR 0.786,2025-10-27,739.3499755859375,2026-03-05,336.20001220703125,,653.0758834228516,537.7749938964844,844.1689660644531,38.10826238314468,17.0,4.0,13.0,0.0,17.0,23.52941176470588,-0.7313904619449842,-0.7313904619449842,10.352941176470589,24.25,22.5,5.307692307692308,25.0,50.0,50.0,-0.0706456696196859,34.77,D,C,SLOW
RADIOCITY.NS,6.010000228881836,2026-10-06T18:18:25.566299+05:30,WAITING FOR 0.786,2026-09-09,7.329999923706055,2026-10-01,5.409999847412109,,6.919119907379151,6.369999885559082,7.829199943542481,13.13923867004748,6.0,2.0,4.0,0.0,6.0,33.33333333333333,3.1023748917607907,3.1023748917607907,14.0,36.0,36.0,2.25,0.0,0.0,50.0,0.2215982065543422,34.68,D,C,SLOW
HTMEDIA.NS,22.989999771118164,2026-10-06T18:18:25.566299+05:30,WAITING FOR 0.786,2026-09-15,25.489999771118164,2026-10-06,22.0,,24.743139820098875,23.74499988555908,26.397399711608887,7.085358049654773,9.0,2.0,6.0,1.0,8.0,25.0,-2.4416149631847963,-2.4416149631847963,19.55555555555556,17.5,17.5,13.0,50.0,50.0,50.0,-0.1248553106174043,34.68,D,C,SLOW
ESABINDIA.NS,5608.0,2026-10-06T18:18:25.566299+05:30,WAITING FOR 0.786,2026-05-07,7319.5,2026-09-29,5447.0,,6918.785,6383.25,7806.35,18.945306148406114,11.0,4.0,7.0,0.0,11.0,36.36363636363637,-0.3538312655311637,-0.3538312655311637,11.727272727272728,22.0,21.5,5.285714285714286,0.0,0.0,50.0,-0.0301716583011069,34.49,D,C,SLOW
KALYANIFRG.NS,905.0,2026-10-06T18:18:25.566299+05:30,WAITING FOR 0.786,2026-09-02,1192.25,2026-10-06,891.0,,1127.7825,1041.625,1270.575,19.75403058657144,10.0,3.0,6.0,1.0,9.0,33.33333333333333,0.2050740827790932,0.2050740827790932,17.4,31.0,43.0,2.5,0.0,33.33333333333333,33.33333333333333,0.0117858668263846,34.49,D,C,SLOW
TECHNOE.NS,996.2000122070312,2026-10-06T18:18:25.566299+05:30,WAITING FOR 0.786,2026-05-27,1189.9000244140625,2026-09-16,936.0,,1135.5654191894532,1062.9500122070312,1255.9140307617188,12.272776594579517,16.0,3.0,12.0,1.0,15.0,20.0,-1.6407027168252948,-1.6407027168252948,9.4375,14.333333333333334,17.0,3.1666666666666665,33.33333333333333,33.33333333333333,66.66666666666666,-0.1738492944980444,34.27,D,C,SLOW
NARMADA.NS,12.100000381469728,2026-10-06T18:18:25.566299+05:30,WAITING FOR 0.786,2026-07-31,21.670000076293945,2026-10-06,11.989999771118164,,19.59848001098633,16.829999923706055,24.18680015563965,38.26051625081729,17.0,5.0,12.0,0.0,17.0,29.411764705882355,-2.079632098867952,-2.079632098867952,8.411764705882353,21.8,26.0,2.1666666666666665,40.0,40.0,40.0,-0.2472289907745118,34.02,D,C,SLOW
NAM-INDIA.NS,1073.5,2026-10-06T18:18:25.566299+05:30,WAITING FOR 0.786,2026-08-24,1269.5,2026-10-01,1026.4000244140625,,1217.476605224609,1147.9500122070312,1332.7059936523438,11.825821096418313,13.0,2.0,9.0,2.0,11.0,18.181818181818183,1.4404600400214187,1.4404600400214187,17.076923076923077,18.0,18.0,6.777777777777778,0.0,0.0,100.0,0.0843512636048578,34.02,D,C,SLOW
SHREDIGCEM.NS,65.12000274658203,2026-10-06T18:18:25.566299+05:30,WAITING FOR 0.786,2025-10-17,97.1500015258789,2026-03-30,53.900001525878906,,87.89450152587891,75.5250015258789,108.39500152587893,25.91117576631497,10.0,3.0,6.0,1.0,9.0,33.33333333333333,-2.082281510673652,-2.082281510673652,22.3,22.0,29.0,16.166666666666668,33.33333333333333,33.33333333333333,33.33333333333333,-0.0933758524965763,33.91,D,C,SLOW
INFY.NS,1013.8499755859376,2026-10-06T18:18:25.566299+05:30,WAITING FOR 0.786,2026-02-03,1728.0,2026-09-29,980.4000244140624,,1568.0136052246094,1354.2000122070312,1922.375993652344,35.341761563305504,6.0,2.0,4.0,0.0,6.0,33.33333333333333,-1.9356394843492577,-1.9356394843492577,17.833333333333332,15.5,15.5,19.0,0.0,0.0,100.0,-0.1085405318326686,33.81,D,C,SLOW
PRAKASH.NS,119.6999969482422,2026-10-06T18:18:25.566299+05:30,WAITING FOR 0.786,2025-11-03,172.89999389648438,2026-01-27,110.23999786376952,,159.4907547454834,141.56999588012695,189.19159286499024,24.94862969376477,6.0,2.0,4.0,0.0,6.0,33.33333333333333,2.540541205989498,2.540541205989498,16.0,36.5,36.5,5.25,0.0,0.0,0.0,0.1587838253743436,33.8,D,C,SLOW
SWELECTES.NS,613.7999877929688,2026-10-06T18:18:25.566299+05:30,WAITING FOR 0.786,2025-10-10,977.0,2026-03-30,483.1000061035156,,871.3054013061524,730.0500030517578,1105.413998413086,29.553978791726028,11.0,2.0,9.0,0.0,11.0,18.181818181818183,-1.9186214019983112,-1.9186214019983112,4.727272727272728,15.5,15.5,1.6666666666666667,50.0,50.0,50.0,-0.4058622196534889,33.77,D,C,SLOW
ATALREAL.NS,12.359999656677246,2026-10-06T18:18:25.566299+05:30,WAITING FOR 0.786,2026-08-14,36.70000076293945,2026-09-30,11.699999809265137,,31.35000055885315,24.20000028610229,43.20000101089478,60.57416447736931,13.0,3.0,9.0,1.0,12.0,25.0,-0.0886217348329134,-0.0886217348329134,12.307692307692308,24.666666666666668,22.0,2.0,0.0,33.33333333333333,33.33333333333333,-0.0072005159551742,33.69,D,C,SLOW
PNBHOUSING.NS,1102.0999755859375,2026-10-06T18:18:25.566299+05:30,WAITING FOR 0.786,2026-08-26,1211.5,2026-09-28,1065.4000244140625,,1180.2346052246094,1138.4500122070312,1249.4859936523435,6.62026255566385,13.0,3.0,9.0,1.0,12.0,25.0,-2.6866081674949944,-2.6866081674949944,19.153846153846157,18.0,17.0,14.555555555555555,33.33333333333333,33.33333333333333,66.66666666666666,-0.1402646834435137,33.64,D,C,SLOW
SHREYANIND.NS,128.94000244140625,2026-10-06T18:18:25.566299+05:30,WAITING FOR 0.786,2025-10-06,235.5,2026-08-25,121.76000213623048,,211.15964045715333,178.63000106811523,265.07239944458007,38.93719360278527,9.0,3.0,5.0,1.0,8.0,37.5,1.2732393626847829,1.2732393626847829,23.77777777777778,30.33333333333333,35.0,12.0,0.0,0.0,0.0,0.0535474498325376,33.49,D,C,SLOW
GICHSGFIN.NS,134.47999572753906,2026-10-06T18:18:25.566299+05:30,WAITING FOR 0.786,2025-12-26,184.0,2026-03-30,130.0500030517578,,172.45470065307617,157.0250015258789,198.02699920654297,22.02010428346056,6.0,2.0,4.0,0.0,6.0,33.33333333333333,2.2844632522299717,2.2844632522299717,15.0,36.5,36.5,3.5,0.0,0.0,0.0,0.1522975501486647,33.4,D,C,SLOW
BANKINDIA.NS,132.16000366210938,2026-10-06T18:18:25.566299+05:30,WAITING FOR 0.786,2026-02-27,178.36000061035156,2026-10-01,126.7300033569336,,167.31118119812012,152.54500198364258,191.78379989624025,21.00946110373029,8.0,2.0,5.0,1.0,7.0,28.57142857142857,0.2236474840075524,0.2236474840075524,22.625,31.5,31.5,11.6,0.0,50.0,50.0,0.009884971668842,33.28,D,C,SLOW
RATNAMANI.NS,2601.199951171875,2026-10-06T18:18:25.566299+05:30,WAITING FOR 0.786,2026-05-11,3345.0,2026-08-07,2154.60009765625,,3090.2544208984373,2749.800048828125,3654.5039746093753,15.825702454116328,10.0,2.0,6.0,2.0,8.0,25.0,-0.8483619716808788,-0.8483619716808788,16.1,17.5,17.5,0.0,0.0,0.0,100.0,-0.0526932901665142,33.17,D,C,SLOW
SAPPHIRE.NS,215.16000366210935,2026-10-06T18:18:25.566299+05:30,WAITING FOR 0.786,2025-10-30,310.5,2026-04-02,139.91000366210938,,273.9937407836914,225.2050018310547,354.85339904785155,21.472657350968188,10.0,2.0,8.0,0.0,10.0,20.0,-2.7741538715679086,-2.7741538715679086,11.1,18.0,18.0,8.875,50.0,50.0,50.0,-0.2499237722133251,33.17,D,C,SLOW
PIDILITIND.NS,1520.5,2026-10-06T18:18:25.566299+05:30,WAITING FOR 0.786,2026-08-14,1707.5,2026-10-01,1456.800048828125,,1653.8502104492188,1582.1500244140625,1772.6819873046877,8.06301620344434,7.0,2.0,4.0,1.0,6.0,33.33333333333333,0.0096801778123214,0.0096801778123214,24.285714285714285,21.5,21.5,16.5,0.0,0.0,50.0,0.0003985955569779,32.85,D,C,SLOW
FACT.NS,759.0,2026-10-06T18:18:25.566299+05:30,WAITING FOR 0.786,2026-06-16,1058.5999755859375,2026-10-01,727.9500122070312,,987.8408834228516,893.2749938964844,1144.5689660644532,23.16576356203459,12.0,2.0,7.0,3.0,9.0,22.22222222222222,-0.369661139941861,-0.369661139941861,18.916666666666668,18.5,18.5,0.2857142857142857,0.0,0.0,100.0,-0.0195415580586005,32.81,D,C,SLOW
SAILIFE.NS,1558.0999755859375,2026-10-06T18:18:25.566299+05:30,WAITING FOR 0.786,2026-09-09,1697.0,2026-10-01,1493.0999755859375,,1653.3653947753903,1595.0499877929688,1750.0140063476565,5.761909586984844,8.0,2.0,6.0,0.0,8.0,25.0,-0.4995185688418169,-0.4995185688418169,7.375,19.5,19.5,2.6666666666666665,0.0,0.0,50.0,-0.0677313313683819,32.72,D,C,SLOW
ASTEC.NS,704.7000122070312,2026-10-06T18:18:25.566299+05:30,WAITING FOR 0.786,2025-11-26,941.75,2026-03-23,513.4000244140625,,850.0831052246094,727.5750122070312,1053.1209936523437,17.102221197439864,6.0,2.0,4.0,0.0,6.0,33.33333333333333,1.7197557906814842,1.7197557906814842,15.833333333333334,37.0,37.0,4.5,0.0,0.0,0.0,0.1086161552009358,32.52,D,C,SLOW
LUMAXIND.NS,5435.5,2026-10-06T18:18:25.566299+05:30,WAITING FOR 0.786,2026-09-10,6230.0,2026-10-01,5357.0,,6043.178,5793.5,6456.98,10.055603194213374,17.0,2.0,14.0,1.0,16.0,12.5,-2.085720736834072,-2.085720736834072,11.588235294117649,15.5,15.5,7.0,0.0,50.0,50.0,-0.1799860534323818,32.24,D,C,SLOW
BLBLIMITED.NS,16.09000015258789,2026-10-06T18:18:25.566299+05:30,WAITING FOR 0.786,2026-02-23,22.46999931335449,2026-06-30,14.40999984741211,,20.74515942764282,18.4399995803833,24.56559917449951,22.439737285662677,8.0,2.0,6.0,0.0,8.0,25.0,-0.8470562997593256,-0.8470562997593256,10.125,19.5,19.5,6.5,0.0,0.0,50.0,-0.0836598814577111,32.18,D,C,SLOW
DREDGECORP.NS,909.0,2026-10-06T18:18:25.566299+05:30,WAITING FOR 0.786,2026-08-20,1204.0,2026-10-01,881.0,,1134.878,1042.5,1287.98,19.90328475836169,8.0,2.0,6.0,0.0,8.0,25.0,-1.4887480816828491,-1.4887480816828491,15.5,24.0,24.0,12.333333333333334,0.0,50.0,50.0,-0.0960482633343773,32.17,D,C,SLOW
AFFLE.NS,1450.199951171875,2026-10-06T18:18:25.566299+05:30,WAITING FOR 0.786,2025-10-10,1993.699951171875,2026-03-23,1251.300048828125,,1834.8263720703128,1622.5,2186.72392578125,20.962551375607667,7.0,2.0,5.0,0.0,7.0,28.57142857142857,2.539578590326116,2.539578590326116,16.428571428571427,52.5,52.5,1.4,0.0,0.0,0.0,0.1545830446285462,31.9,D,C,SLOW
CHOLAFIN.NS,1611.0,2026-10-06T18:18:25.566299+05:30,WAITING FOR 0.786,2026-08-06,1952.5,2026-10-01,1563.199951171875,,1869.1897895507811,1757.8499755859375,2053.7180126953126,13.81292531096222,17.0,5.0,12.0,0.0,17.0,29.411764705882355,-0.3339385249506454,-0.3339385249506454,19.529411764705884,32.4,32.0,13.916666666666666,0.0,20.0,20.0,-0.0170992618197619,31.74,D,C,SLOW
INGERRAND.NS,4130.7998046875,2026-10-06T18:18:25.566299+05:30,WAITING FOR 0.786,2026-09-02,4955.0,2026-10-01,4075.699951171875,,4766.829789550781,4515.3499755859375,5183.618012695312,13.342829782961893,16.0,2.0,13.0,1.0,15.0,13.333333333333334,-2.7010915925246737,-2.7010915925246737,13.625,18.0,18.0,8.76923076923077,0.0,50.0,50.0,-0.1982452544972237,31.61,D,C,SLOW
SBFC.NS,83.27999877929688,2026-10-06T18:18:25.566299+05:30,WAITING FOR 0.786,2025-11-03,123.0,2026-03-30,79.5999984741211,,113.71239967346192,101.29999923706056,134.28400039672852,26.762605469196977,10.0,2.0,8.0,0.0,10.0,20.0,-1.3366162094479148,-1.3366162094479148,8.5,21.0,21.0,5.25,50.0,50.0,50.0,-0.1572489658174017,31.41,D,C,SLOW
ELECON.NS,446.2999877929688,2026-10-06T18:18:25.566299+05:30,WAITING FOR 0.786,2026-06-16,576.0,2026-09-16,402.3999938964844,,538.8495986938476,489.1999969482422,621.1360015869141,17.17540685289844,14.0,2.0,10.0,2.0,12.0,16.666666666666664,-3.348117734908378,-3.348117734908378,16.857142857142858,18.5,18.5,7.4,50.0,50.0,50.0,-0.1986171537657512,30.94,D,C,SLOW
REPRO.NS,296.3500061035156,2026-10-06T18:18:25.566299+05:30,WAITING FOR 0.786,2025-11-14,590.0,2026-09-25,276.1000061035156,,522.8254013061523,433.0500030517578,671.6139984130859,43.31759601519799,7.0,2.0,5.0,0.0,7.0,28.57142857142857,1.8471363831554175,1.8471363831554175,12.0,35.5,35.5,1.8,0.0,0.0,0.0,0.1539280319296181,30.81,D,C,SLOW
CIPLA.NS,1340.199951171875,2026-10-06T18:18:25.566299+05:30,WAITING FOR 0.786,2025-10-23,1673.0,2026-04-02,1165.699951171875,,1564.4377895507812,1419.3499755859375,1804.8980126953124,14.333445527629111,7.0,2.0,5.0,0.0,7.0,28.57142857142857,-0.2511400340501438,-0.2511400340501438,14.285714285714286,20.5,20.5,11.8,0.0,0.0,50.0,-0.01757980238351,30.54,D,C,SLOW
DLINKINDIA.NS,419.9500122070313,2026-10-06T18:18:25.566299+05:30,WAITING FOR 0.786,2026-07-09,549.2000122070312,2026-10-01,400.8500061035156,,517.4531109008789,475.02500915527344,587.7710137939453,18.8428857880661,14.0,2.0,10.0,2.0,12.0,16.666666666666664,-3.6157523460572736,-3.6157523460572736,17.214285714285715,19.5,19.5,7.6,50.0,50.0,50.0,-0.210043704750215,30.52,D,C,SLOW
ESCORTS.NS,2811.699951171875,2026-10-06T18:18:25.566299+05:30,WAITING FOR 0.786,2026-02-12,3697.0,2026-10-01,2550.10009765625,,3451.563420898437,3123.550048828125,3995.193974609375,18.53836629083312,12.0,3.0,9.0,0.0,12.0,25.0,-0.0145901400566491,-0.0145901400566491,10.5,27.0,28.0,4.333333333333333,0.0,0.0,33.33333333333333,-0.0013895371482523,30.48,D,C,SLOW
SIRCA.NS,406.6000061035156,2026-10-06T18:18:25.566299+05:30,WAITING FOR 0.786,2025-11-19,539.0,2026-07-17,385.0,,506.044,462.0,579.04,19.651254415917265,11.0,3.0,8.0,0.0,11.0,27.27272727272727,-0.6498263622508063,-0.6498263622508063,11.363636363636363,26.0,23.0,5.25,0.0,0.0,33.33333333333333,-0.0571847198780709,30.39,D,C,SLOW
ORICONENT.NS,52.27000045776367,2026-10-06T18:18:25.566299+05:30,WAITING FOR 0.786,2026-04-15,73.12000274658203,2026-09-28,47.040000915527344,,67.53888235473633,60.08000183105469,79.90080322265625,22.60754303983813,15.0,2.0,11.0,2.0,13.0,15.384615384615383,-4.16719302482311,-4.16719302482311,13.533333333333331,19.0,19.0,3.4545454545454546,50.0,50.0,50.0,-0.3079206668588505,30.14,D,C,SLOW
TVSMOTOR.NS,3981.0,2026-10-06T18:18:25.566299+05:30,WAITING FOR 0.786,2026-08-26,4484.5,2026-10-05,3919.0,,4363.483,4201.75,4631.53,8.76554348899721,11.0,3.0,7.0,1.0,10.0,30.0,0.2911054038591589,0.2911054038591589,20.90909090909091,34.666666666666664,32.0,8.857142857142858,0.0,0.0,33.33333333333333,0.0139224323584815,29.95,D,C,SLOW
CUB.NS,223.75,2026-10-06T18:18:25.566299+05:30,WAITING FOR 0.786,2026-09-07,248.8500061035156,2026-09-29,210.69000244140625,,240.68376531982423,229.7700042724609,258.77160705566405,7.0356907111380735,8.0,2.0,5.0,1.0,7.0,28.57142857142857,-0.7349130392461034,-0.7349130392461034,21.125,21.0,21.0,12.8,0.0,0.0,50.0,-0.0347887829228924,29.78,D,C,SLOW
WEIZMANIND.NS,70.38999938964844,2026-10-06T18:18:25.566299+05:30,WAITING FOR 0.786,2025-11-11,114.5,2026-03-30,65.20999908447266,,103.95193980407714,89.85499954223633,127.31540023803711,32.28601647808054,12.0,2.0,9.0,1.0,11.0,18.181818181818183,-2.121359794966137,-2.121359794966137,12.5,30.0,30.0,2.555555555555556,50.0,50.0,50.0,-0.1697087835972909,29.46,D,C,SLOW
GPPL.NS,168.2100067138672,2026-10-06T18:18:25.566299+05:30,WAITING FOR 0.786,2026-01-08,200.08999633789065,2026-03-30,141.5500030517578,,187.5624377746582,170.81999969482422,215.31039459228515,10.317860703027048,12.0,3.0,9.0,0.0,12.0,25.0,-0.7203243015605899,-0.7203243015605899,7.583333333333333,24.0,25.0,1.3333333333333333,0.0,0.0,33.33333333333333,-0.0949878199860118,29.37,D,C,SLOW
SURANAT&P.NS,15.760000228881836,2026-10-06T18:18:25.566299+05:30,WAITING FOR 0.786,2026-06-19,21.479999542236328,2026-08-27,15.5,,20.20027964019776,18.489999771118164,23.034799423217773,21.981276944701005,8.0,2.0,6.0,0.0,8.0,25.0,-0.243181043789868,-0.243181043789868,10.0,29.5,29.5,3.0,0.0,0.0,50.0,-0.0243181043789868,29.12,D,C,SLOW
ALIVUS.NS,1384.0,2026-10-06T18:18:25.566299+05:30,WAITING FOR 0.786,2026-08-31,1493.800048828125,2026-10-01,1317.199951171875,,1456.0076279296875,1405.5,1539.71607421875,4.945552931757362,12.0,2.0,9.0,1.0,11.0,18.181818181818183,-2.3837366521257883,-2.3837366521257883,11.5,27.0,27.0,2.0,0.0,50.0,50.0,-0.2072814480109381,29.05,D,C,SLOW
IFBIND.NS,1212.300048828125,2026-10-06T18:18:25.566299+05:30,WAITING FOR 0.786,2025-10-31,2019.800048828125,2026-03-30,883.2000122070312,,1776.567640991211,1451.500030517578,2315.316058349609,31.761672291197467,6.0,1.0,4.0,1.0,5.0,20.0,2.805425559688946,2.805425559688946,18.83333333333333,48.0,48.0,0.0,0.0,0.0,0.0,0.1489606491870236,28.88,D,C,SLOW
KEC.NS,374.8999938964844,2026-10-06T18:18:25.566299+05:30,WAITING FOR 0.786,2025-10-14,893.0,2026-10-01,367.5,,780.543,630.25,1029.63,51.96933495060691,12.0,2.0,10.0,0.0,12.0,16.666666666666664,-2.1185906607537537,-2.1185906607537537,6.25,21.5,21.5,2.6,0.0,50.0,50.0,-0.3389745057206006,28.86,D,C,SLOW
NAVNETEDUL.NS,124.2699966430664,2026-10-06T18:18:25.566299+05:30,WAITING FOR 0.786,2026-07-13,156.0,2026-09-29,120.3499984741211,,148.3708996734619,138.17499923706055,165.26900039672853,16.243685981171055,14.0,2.0,12.0,0.0,14.0,14.285714285714285,-1.6115386595084134,-1.6115386595084134,5.857142857142857,23.5,23.5,2.333333333333333,50.0,50.0,50.0,-0.2751407467453389,28.7,D,C,SLOW
IMPAL.NS,1036.5,2026-10-06T18:18:25.566299+05:30,WAITING FOR 0.786,2026-07-07,1238.9000244140625,2026-10-01,998.2999877929688,,1187.4116165771484,1118.6000061035156,1301.4560339355469,12.709292588206994,9.0,2.0,6.0,1.0,8.0,25.0,-0.542224773098502,-0.542224773098502,16.555555555555557,24.5,24.5,5.833333333333333,0.0,0.0,50.0,-0.0327518319321242,28.65,D,C,SLOW
J&KBANK.NS,139.5,2026-10-06T18:18:25.566299+05:30,WAITING FOR 0.786,2026-07-10,201.75,2026-10-01,136.8000030517578,,187.85070065307616,169.2750015258789,218.63699920654292,25.738898223419746,9.0,2.0,7.0,0.0,9.0,22.22222222222222,2.0508312956162147,2.0508312956162147,12.444444444444445,41.5,41.5,3.4285714285714284,0.0,0.0,0.0,0.1647989433977315,28.59,D,C,SLOW
VINEETLAB.NS,36.52000045776367,2026-10-06T18:18:25.566299+05:30,WAITING FOR 0.786,2025-10-30,49.9900016784668,2026-03-09,27.959999084472656,,45.275581123352055,38.97500038146973,55.71780235290528,19.338416975221254,9.0,2.0,7.0,0.0,9.0,22.22222222222222,-3.1004408817056173,-3.1004408817056173,9.22222222222222,25.5,25.5,4.142857142857143,50.0,50.0,50.0,-0.3361923847632597,28.54,D,C,SLOW
ULTRACEMCO.NS,10750.0,2026-10-06T18:18:25.566299+05:30,WAITING FOR 0.786,2026-02-10,13110.0,2026-03-23,10325.0,,12514.01,11717.5,13834.1,14.096280888380305,13.0,3.0,9.0,1.0,12.0,25.0,-1.2586333193239594,-1.2586333193239594,18.923076923076923,24.0,24.0,12.22222222222222,0.0,0.0,33.33333333333333,-0.0665131428911035,28.53,D,C,SLOW
RAMCOCEM.NS,848.25,2026-10-06T18:18:25.566299+05:30,WAITING FOR 0.786,2026-02-09,1214.5,2026-10-01,816.1500244140625,,1129.2531052246095,1015.3250122070312,1318.0709936523438,24.883978970216575,6.0,1.0,4.0,1.0,5.0,20.0,-1.9291367891576212,-1.9291367891576212,27.166666666666668,19.0,19.0,21.0,0.0,0.0,100.0,-0.0710111701530412,28.49,D,C,SLOW
CENTRUM.NS,19.799999237060547,2026-10-06T18:18:25.566299+05:30,WAITING FOR 0.786,2025-11-10,35.900001525878906,2026-10-01,18.709999084472656,,32.22134100341797,27.30500030517578,40.369402160644526,38.55004596189772,6.0,2.0,4.0,0.0,6.0,33.33333333333333,-0.9135295088912572,-0.9135295088912572,17.0,42.5,42.5,4.0,0.0,0.0,0.0,-0.0537370299347798,28.41,D,C,SLOW
TEAMGTY.NS,235.0200042724609,2026-10-06T18:18:25.566299+05:30,WAITING FOR 0.786,2026-05-19,300.0,2026-07-08,210.0,,280.74,255.0,323.4,16.285529574531264,11.0,2.0,9.0,0.0,11.0,18.181818181818183,-3.088290673630979,-3.088290673630979,5.818181818181818,25.5,25.5,0.7777777777777778,50.0,50.0,50.0,-0.5307999595303245,27.95,D,C,SLOW
SILINV.NS,459.3999938964844,2026-10-06T18:18:25.566299+05:30,WAITING FOR 0.786,2025-10-17,767.0,2026-03-30,380.0,,684.182,573.5,867.62,32.85412450247385,12.0,2.0,10.0,0.0,12.0,16.666666666666664,-2.712404739530001,-2.712404739530001,5.0,22.5,22.5,0.9,50.0,50.0,50.0,-0.5424809479060002,27.93,D,C,SLOW
VINATIORGA.NS,1179.5,2026-10-06T18:18:25.566299+05:30,WAITING FOR 0.786,2025-10-03,1739.0,2026-10-01,1143.5999755859375,,1611.5843947753906,1441.2999877929688,1893.804006347656,26.81115529389393,7.0,2.0,5.0,0.0,7.0,28.57142857142857,-0.2522477014455231,-0.2522477014455231,32.285714285714285,38.5,38.5,29.6,0.0,0.0,0.0,-0.0078129819031799,27.53,D,C,SLOW
THEMISMED.NS,113.48999786376952,2026-10-06T18:18:25.566299+05:30,WAITING FOR 0.786,2026-09-07,140.60000610351562,2026-10-01,110.5,,134.1586047973633,125.5500030517578,148.42600769042969,15.406098598604371,10.0,3.0,7.0,0.0,10.0,30.0,-1.3318078147539207,-1.3318078147539207,18.8,36.66666666666666,48.0,10.857142857142858,0.0,0.0,33.33333333333333,-0.0708408412103149,27.42,D,C,SLOW
HDFCLIFE.NS,543.9500122070312,2026-10-06T18:18:25.566299+05:30,WAITING FOR 0.786,2025-11-26,788.5,2026-09-10,508.7000122070313,,728.6228026123047,648.6000061035156,861.2479968261719,25.345458547711218,8.0,1.0,6.0,1.0,7.0,14.285714285714285,-1.1533129089897698,-1.1533129089897698,16.25,17.0,17.0,8.333333333333334,0.0,0.0,100.0,-0.0709731020916781,27.41,D,C,SLOW
ASAHIINDIA.NS,956.9500122070312,2026-10-06T18:18:25.566299+05:30,WAITING FOR 0.786,2025-11-24,1074.0,2026-03-24,775.0999755859375,,1010.0353947753906,924.5499877929688,1151.7140063476563,5.255794286314528,14.0,2.0,11.0,1.0,13.0,15.384615384615383,-0.8433072282178623,-0.8433072282178623,13.142857142857142,32.0,32.0,4.545454545454546,0.0,50.0,50.0,-0.0641646804078808,27.34,D,C,SLOW
STCINDIA.NS,105.86000061035156,2026-10-06T18:18:25.566299+05:30,WAITING FOR 0.786,2026-08-20,125.5,2026-09-29,105.0,,121.113,115.25,130.83,12.594023258979991,8.0,2.0,6.0,0.0,8.0,25.0,0.3377846486461324,0.3377846486461324,10.375,33.5,33.5,1.8333333333333333,0.0,0.0,50.0,0.0325575564960127,27.03,D,C,SLOW
SUNDRMFAST.NS,1140.300048828125,2026-10-06T18:18:25.566299+05:30,WAITING FOR 0.786,2026-09-10,1347.199951171875,2026-10-06,1101.5,,1294.6201616210938,1224.3499755859375,1411.0819384765623,11.92010733092034,6.0,1.0,4.0,1.0,5.0,20.0,-0.4097638506863704,-0.4097638506863704,19.166666666666668,30.0,30.0,6.0,0.0,0.0,0.0,-0.0213789835140714,26.86,D,C,SLOW
ROSSELLIND.NS,50.68000030517578,2026-10-06T18:18:25.566299+05:30,WAITING FOR 0.786,2026-08-27,73.0,2026-10-05,48.97999954223633,,67.85971990203858,60.98999977111816,79.24520011901856,25.316520052931573,10.0,2.0,8.0,0.0,10.0,20.0,-1.154287101606482,-1.154287101606482,8.7,22.0,22.0,4.5,0.0,0.0,50.0,-0.1326766783455726,26.7,D,C,SLOW
DCMSRIND.NS,39.77999877929688,2026-10-06T18:18:25.566299+05:30,WAITING FOR 0.786,2025-12-10,175.75,2026-03-24,31.899999618530277,,144.9660999183655,103.82499980926514,213.1510000991821,72.55910257522406,7.0,1.0,6.0,0.0,7.0,14.285714285714285,-1.6953837909973486,-1.6953837909973486,5.571428571428571,20.0,20.0,2.5,0.0,0.0,100.0,-0.3042996547943959,26.57,D,C,SLOW
INDIGO.NS,5050.5,2026-10-06T18:18:25.566299+05:30,WAITING FOR 0.786,2025-11-24,5970.0,2026-03-23,3895.199951171875,,5525.992789550781,4932.5999755859375,6509.448012695313,8.604658161152514,9.0,2.0,7.0,0.0,9.0,22.22222222222222,-1.6100029080897906,-1.6100029080897906,15.88888888888889,29.5,29.5,11.857142857142858,0.0,0.0,50.0,-0.1013288543553015,25.87,D,C,SLOW
RICOAUTO.NS,121.83000183105467,2026-10-06T18:18:25.566299+05:30,WAITING FOR 0.786,2026-08-05,157.99000549316406,2026-10-01,119.33999633789062,,149.71890353393556,138.66500091552734,168.03900787353516,18.62750864760342,12.0,2.0,9.0,1.0,11.0,18.181818181818183,-1.6387497453563988,-1.6387497453563988,11.833333333333334,29.5,29.5,2.0,0.0,0.0,50.0,-0.1384858939737801,25.21,D,C,SLOW
CGCL.NS,246.8800048828125,2026-10-06T18:18:25.566299+05:30,WAITING FOR 0.786,2026-09-07,287.45001220703125,2026-10-06,241.72000122070312,,277.663789855957,264.5850067138672,299.3398150634766,11.086712094909512,9.0,1.0,7.0,1.0,8.0,12.5,-2.329182325070269,-2.329182325070269,9.555555555555555,19.0,19.0,0.0,0.0,0.0,100.0,-0.2437516386701444,24.86,D,C,SLOW
PRUDENT.NS,3204.300048828125,2026-10-06T18:18:25.566299+05:30,WAITING FOR 0.786,2026-08-31,4105.5,2026-09-28,3038.800048828125,,3877.226210449219,3572.1500244140625,4382.841987304688,17.355865381481777,12.0,2.0,10.0,0.0,12.0,16.666666666666664,-1.8121651746440648,-1.8121651746440648,6.75,25.0,25.0,2.3,0.0,0.0,50.0,-0.2684689147620836,24.34,D,C,SLOW
CRAFTSMAN.NS,10348.0,2026-10-06T18:18:25.566299+05:30,WAITING FOR 0.786,2026-09-09,11999.0,2026-10-01,10100.0,,11592.614,11049.5,12492.74,10.736267074880606,15.0,2.0,11.0,2.0,13.0,15.384615384615383,-0.2759269374018768,-0.2759269374018768,16.066666666666666,38.0,38.0,3.4545454545454546,0.0,0.0,50.0,-0.017173875771901,24.22,D,C,SLOW
JKLAKSHMI.NS,478.4500122070313,2026-10-06T18:18:25.566299+05:30,WAITING FOR 0.786,2025-11-03,884.9500122070312,2026-10-05,465.0,,795.0807095947266,674.9750061035156,994.1370153808592,39.82371771402809,6.0,1.0,4.0,1.0,5.0,20.0,-2.5777795557810834,-2.5777795557810834,18.5,29.0,29.0,4.5,0.0,0.0,0.0,-0.1393394354476261,23.47,D,C,SLOW
KAKATCEM.NS,105.44000244140624,2026-10-06T18:18:25.566299+05:30,WAITING FOR 0.786,2026-06-03,131.0,2026-08-13,102.3499984741211,,124.86889967346193,116.67499923706056,138.4490003967285,15.559436563358169,7.0,1.0,6.0,0.0,7.0,14.285714285714285,-3.798525616532501,-3.798525616532501,10.571428571428571,16.0,16.0,9.166666666666666,0.0,0.0,100.0,-0.3593199907530744,23.28,D,C,SLOW
CESC.NS,134.42999267578125,2026-10-06T18:18:25.566299+05:30,WAITING FOR 0.786,2026-05-04,204.5,2026-10-01,129.75,,188.5035,167.125,223.935,28.68567815675505,8.0,1.0,6.0,1.0,7.0,14.285714285714285,-3.815913655014633,-3.815913655014633,25.5,17.0,17.0,20.83333333333333,0.0,0.0,100.0,-0.1496436727456719,23.25,D,C,SLOW
LEMONTREE.NS,110.12000274658205,2026-10-06T18:18:25.566299+05:30,WAITING FOR 0.786,2025-10-06,174.1999969482422,2026-03-16,99.61000061035156,,158.2377377319336,136.90499877929688,193.59339599609376,30.408507904016275,15.0,1.0,13.0,1.0,14.0,7.142857142857142,-3.29267103318388,-3.29267103318388,14.4,20.0,20.0,10.0,0.0,0.0,100.0,-0.2286577106377694,23.21,D,C,SLOW
MANCREDIT.NS,231.8999938964844,2026-10-06T18:18:25.566299+05:30,WAITING FOR 0.786,2026-08-07,287.2699890136719,2026-09-16,210.9900054931641,,270.9460725402832,249.129997253418,307.102784729004,14.411014811072262,6.0,1.0,5.0,0.0,6.0,16.666666666666664,-1.983729550450599,-1.983729550450599,5.166666666666667,26.0,26.0,0.0,0.0,0.0,0.0,-0.3839476549259223,23.07,D,C,SLOW
WESTLIFE.NS,594.5999755859375,2026-10-06T18:18:25.566299+05:30,WAITING FOR 0.786,2025-10-01,695.0,2026-03-23,398.3999938964844,,631.5275986938477,546.6999969482422,772.1160015869141,5.847349060323809,6.0,1.0,5.0,0.0,6.0,16.666666666666664,-0.0736271548315141,-0.0736271548315141,10.333333333333334,34.0,34.0,4.8,0.0,0.0,0.0,-0.007125208532082,23.05,D,C,SLOW
SOFTTECH.NS,461.5499877929688,2026-10-06T18:18:25.566299+05:30,WAITING FOR 0.786,2026-09-21,545.0,2026-10-06,459.8999938964844,,526.7885986938477,502.4499969482422,567.1260015869141,12.38421086990789,13.0,3.0,10.0,0.0,13.0,23.07692307692308,-2.3975956343513727,-2.3975956343513727,15.692307692307692,31.0,31.0,10.6,0.0,0.0,0.0,-0.1527879570910188,22.98,D,C,SLOW
MINDACORP.NS,659.5999755859375,2026-10-06T18:18:25.566299+05:30,WAITING FOR 0.786,2026-08-14,769.0,2026-10-05,637.0499877929688,,740.7626973876953,703.0249938964844,803.3070031738281,10.956642672205106,19.0,2.0,16.0,1.0,18.0,11.11111111111111,-2.086978688531811,-2.086978688531811,10.0,26.0,26.0,4.3125,0.0,0.0,0.0,-0.2086978688531811,22.68,D,C,SLOW
PRSMJOHNSN.NS,103.4800033569336,2026-10-06T18:18:25.566299+05:30,WAITING FOR 0.786,2025-10-23,165.89999389648438,2026-08-10,97.0999984741211,,151.17679487609865,131.4999961853027,183.78799270629884,31.550339163002057,8.0,1.0,7.0,0.0,8.0,12.5,-1.2858225237490202,-1.2858225237490202,5.5,25.0,25.0,2.142857142857143,0.0,0.0,0.0,-0.2337859134089127,22.49,D,C,SLOW
ROHLTD.NS,300.75,2026-10-06T18:18:25.566299+05:30,WAITING FOR 0.786,2025-10-06,562.9500122070312,2026-03-30,269.3999938964844,,500.1303082885743,416.1750030517578,639.2730169677734,39.86567200273178,12.0,2.0,10.0,0.0,12.0,16.666666666666664,-3.126493691422226,-3.126493691422226,9.083333333333334,27.5,27.5,5.0,0.0,0.0,50.0,-0.3442011403400615,22.28,D,C,SLOW
APOLLOTYRE.NS,401.5499877929688,2026-10-06T18:18:25.566299+05:30,WAITING FOR 0.786,2026-02-05,532.0,2026-05-20,365.2999877929688,,496.3261973876953,448.6499938964844,575.3420031738281,19.095548470655075,12.0,2.0,10.0,0.0,12.0,16.666666666666664,-3.345487413066377,-3.345487413066377,15.5,20.5,20.5,14.1,0.0,0.0,50.0,-0.2158378976171856,21.94,D,C,SLOW
UBL.NS,1178.300048828125,2026-10-06T18:18:25.566299+05:30,WAITING FOR 0.786,2026-03-12,1682.800048828125,2026-10-01,1140.300048828125,,1566.705048828125,1411.550048828125,1823.850048828125,24.7912011447542,12.0,1.0,9.0,2.0,10.0,10.0,-1.930827310525385,-1.930827310525385,15.416666666666666,22.0,22.0,4.0,0.0,0.0,0.0,-0.1252428525746195,21.48,D,C,SLOW
JKCEMENT.NS,4960.0,2026-10-06T18:18:25.566299+05:30,WAITING FOR 0.786,2025-10-14,6764.5,2026-06-12,4671.5,,6316.598,5718.0,7308.68,21.476718955361733,6.0,1.0,3.0,2.0,4.0,25.0,-3.528014124005686,-3.528014124005686,32.5,32.0,32.0,13.666666666666666,0.0,0.0,0.0,-0.1085542807386364,20.99,D,C,SLOW
AERONEU.NS,69.97000122070312,2026-10-06T18:18:25.566299+05:30,WAITING FOR 0.786,2026-06-30,105.5,2026-09-16,63.720001220703125,,96.55908026123046,84.61000061035156,116.36279968261718,27.536591036900283,11.0,2.0,9.0,0.0,11.0,18.181818181818183,-2.676118262952532,-2.676118262952532,8.727272727272727,35.5,35.5,2.111111111111111,0.0,0.0,0.0,-0.306638550963311,20.59,D,C,SLOW
TPLPLASTEH.NS,69.18000030517578,2026-10-06T18:18:25.566299+05:30,WAITING FOR 0.786,2026-07-06,90.33000183105467,2026-09-17,62.810001373291016,,84.44072173309326,76.57000160217285,97.48520195007325,18.072703684550135,11.0,1.0,10.0,0.0,11.0,9.090909090909092,-4.939741820726373,-4.939741820726373,4.363636363636363,16.0,16.0,2.4,0.0,0.0,100.0,-1.132024167249794,20.42,D,C,SLOW
SUPERHOUSE.NS,155.27000427246094,2026-10-06T18:18:25.566299+05:30,WAITING FOR 0.786,2026-09-09,189.0,2026-10-01,151.05999755859375,,180.88083947753907,170.02999877929688,198.8644006347656,14.15895419274542,7.0,1.0,6.0,0.0,7.0,14.285714285714285,-3.1780469642386437,-3.1780469642386437,7.857142857142857,23.0,23.0,4.666666666666667,0.0,0.0,0.0,-0.4044787045394637,20.25,D,C,SLOW
LINCOLN.NS,577.7999877929688,2026-10-06T18:18:25.566299+05:30,WAITING FOR 0.786,2026-05-27,770.0,2026-10-05,565.0,,726.13,667.5,823.3,20.42747334596164,8.0,1.0,6.0,1.0,7.0,14.285714285714285,-1.2710440734400517,-1.2710440734400517,15.125,44.0,44.0,1.8333333333333333,0.0,0.0,0.0,-0.0840359717976893,20.23,D,C,SLOW
SHALBY.NS,136.50999450683594,2026-10-06T18:18:25.566299+05:30,WAITING FOR 0.786,2025-10-06,273.0,2026-03-30,125.81999969482422,,241.5034799346924,199.4099998474121,311.26680007934567,43.47493686478096,7.0,1.0,6.0,0.0,7.0,14.285714285714285,-1.445791510740934,-1.445791510740934,17.0,59.0,59.0,9.5,0.0,0.0,0.0,-0.085046559455349,19.96,D,C,SLOW
VSSL.NS,389.75,2026-10-06T18:18:25.566299+05:30,WAITING FOR 0.786,2026-09-17,428.25,2026-10-05,375.8500061035156,,417.0364013061524,402.0500030517578,441.8739984130859,6.542930358283286,15.0,2.0,11.0,2.0,13.0,15.384615384615383,-3.113491933106729,-3.113491933106729,15.533333333333331,31.5,31.5,3.5454545454545454,0.0,0.0,50.0,-0.2004393948351971,19.79,D,C,SLOW
LAOPALA.NS,159.07000732421875,2026-10-06T18:18:25.566299+05:30,WAITING FOR 0.786,2025-10-06,250.8999938964844,2026-09-29,153.00999450683594,,229.95153402709963,201.95499420166016,276.351393737793,30.824550487463824,8.0,1.0,6.0,1.0,7.0,14.285714285714285,-1.731495979070235,-1.731495979070235,12.75,36.0,36.0,0.0,0.0,0.0,0.0,-0.135803606201587,19.51,D,C,SLOW
PIIND.NS,2250.0,2026-10-06T18:18:25.566299+05:30,WAITING FOR 0.786,2025-11-10,3832.89990234375,2026-09-11,2191.0,,3481.533323242188,3011.949951171875,4259.793876953125,35.3733027634881,10.0,1.0,8.0,1.0,9.0,11.11111111111111,-4.135225308988231,-4.135225308988231,17.7,26.0,26.0,11.125,0.0,0.0,0.0,-0.2336285485304085,18.48,D,C,SLOW
ADVANIHOTR.NS,47.5099983215332,2026-10-06T18:18:25.566299+05:30,WAITING FOR 0.786,2026-01-23,65.5,2026-09-16,46.75,,61.4875,56.125,70.375,22.732265384780312,8.0,1.0,7.0,0.0,8.0,12.5,-1.9423056015429696,-1.9423056015429696,5.0,32.0,32.0,0.4285714285714285,0.0,0.0,0.0,-0.3884611203085939,18.47,D,C,SLOW
GUJAPOLLO.NS,346.70001220703125,2026-10-06T18:18:25.566299+05:30,WAITING FOR 0.786,2026-03-20,474.8999938964844,2026-08-14,300.5,,437.5783952026367,387.6999969482422,520.2439923095703,20.76848034362412,12.0,1.0,11.0,0.0,12.0,8.333333333333332,-3.811379937923555,-3.811379937923555,5.416666666666667,21.0,21.0,3.272727272727273,0.0,0.0,0.0,-0.7036393731551178,17.88,D,C,SLOW
NCC.NS,128.47000122070312,2026-10-06T18:18:25.566299+05:30,WAITING FOR 0.786,2025-11-03,217.25,2026-09-29,126.6500015258789,,197.8616003265381,171.95000076293945,240.8059996032715,35.07077623516414,8.0,1.0,6.0,1.0,7.0,14.285714285714285,-2.783457659945854,-2.783457659945854,23.625,41.0,41.0,14.5,0.0,0.0,0.0,-0.1178183136485017,17.87,D,C,SLOW
ENTERO.NS,1721.5999755859375,2026-10-06T18:18:25.566299+05:30,WAITING FOR 0.786,2026-09-07,1920.0,2026-10-01,1622.199951171875,,1856.2707895507813,1771.0999755859375,1997.4280126953124,7.254912091647696,7.0,1.0,6.0,0.0,7.0,14.285714285714285,-4.782351771378111,-4.782351771378111,7.857142857142857,25.0,25.0,4.5,0.0,0.0,0.0,-0.6086629527208505,17.74,D,C,SLOW
RUSTOMJEE.NS,368.5499877929688,2026-10-06T18:18:25.566299+05:30,WAITING FOR 0.786,2025-10-08,634.0,2026-09-11,331.8999938964844,,569.3505986938477,482.9499969482422,712.5460015869141,35.268358610939806,11.0,1.0,10.0,0.0,11.0,9.090909090909092,-2.328474267541373,-2.328474267541373,5.0,42.0,42.0,0.5,0.0,0.0,0.0,-0.4656948535082746,17.5,D,C,SLOW
EUROBOND.NS,143.39999389648438,2026-10-06T18:18:25.566299+05:30,WAITING FOR 0.786,2025-11-10,225.0,2026-03-30,126.3000030517578,,203.8782006530762,175.6500015258789,250.661999206543,29.663890775406102,10.0,1.0,8.0,1.0,9.0,11.11111111111111,-3.1980504681045394,-3.1980504681045394,16.3,42.0,42.0,6.75,0.0,0.0,0.0,-0.1961994152211373,16.95,D,C,SLOW
TCI.NS,888.0,2026-10-06T18:18:25.566299+05:30,WAITING FOR 0.786,2025-10-29,1242.0,2026-09-22,797.0,,1146.77,1019.5,1357.7,22.565117678348752,11.0,1.0,8.0,2.0,9.0,11.11111111111111,-3.5382388871447104,-3.5382388871447104,15.727272727272728,35.0,35.0,1.375,0.0,0.0,0.0,-0.2249747269282764,16.42,D,C,SLOW
SPIC.NS,63.04999923706055,2026-10-06T18:18:25.566299+05:30,WAITING FOR 0.786,2025-10-06,96.83000183105467,2026-03-30,55.09999847412109,,87.8997811126709,75.96500015258789,107.67980270385742,28.27058447819981,6.0,1.0,5.0,0.0,6.0,16.666666666666664,-4.506407779287333,-4.506407779287333,9.333333333333334,34.0,34.0,4.0,0.0,0.0,0.0,-0.4828294049236427,16.13,D,C,SLOW
SJS.NS,1981.4000244140625,2026-10-06T18:18:25.566299+05:30,WAITING FOR 0.786,2026-08-06,2590.0,2026-10-06,1969.0999755859373,,2457.1273947753907,2279.5499877929688,2751.434006347656,19.36111946710093,12.0,1.0,10.0,1.0,11.0,9.090909090909092,-3.667328724818089,-3.667328724818089,13.833333333333334,33.0,33.0,6.9,0.0,0.0,0.0,-0.2651081005892594,15.41,D,C,SLOW
NELCAST.NS,124.4800033569336,2026-10-06T18:18:25.566299+05:30,WAITING FOR 0.786,2026-05-08,173.1999969482422,2026-09-16,102.31999969482422,,158.03167753601076,137.7599983215332,191.62879623413085,21.23098020739021,9.0,1.0,6.0,2.0,7.0,14.285714285714285,-4.588443356139255,-4.588443356139255,22.77777777777778,49.0,49.0,5.166666666666667,0.0,0.0,0.0,-0.2014438546597721,15.04,D,C,SLOW
AGIIL.NS,259.1000061035156,2026-10-06T18:18:25.566299+05:30,WAITING FOR 0.786,2026-05-04,434.3999938964844,2026-09-15,255.8000030517578,,396.1795958557129,345.0999984741211,480.83599151611327,34.60036589116042,9.0,1.0,8.0,0.0,9.0,11.11111111111111,-3.920413491064585,-3.920413491064585,6.666666666666667,43.0,43.0,1.375,0.0,0.0,0.0,-0.5880620236596876,14.82,D,C,SLOW
SINDHUTRAD.NS,22.0,2026-10-06T18:18:25.566299+05:30,WAITING FOR 0.786,2026-07-21,27.950000762939453,2026-10-06,21.559999465942383,,26.58254048538208,24.75500011444092,29.61140110015869,17.238910960756552,10.0,1.0,9.0,0.0,10.0,10.0,-6.748569592357368,-6.748569592357368,8.1,27.0,27.0,5.555555555555555,0.0,0.0,0.0,-0.833156739797206,13.96,D,C,SLOW
BIRLAMONEY.NS,116.4499969482422,2026-10-06T18:18:25.566299+05:30,WAITING FOR 0.786,2026-07-17,141.89999389648438,2026-10-01,110.0999984741211,,135.09479487609863,125.99999618530272,150.16799270629883,13.801270393101678,12.0,1.0,11.0,0.0,12.0,8.333333333333332,-4.67754864387014,-4.67754864387014,12.833333333333334,62.0,62.0,7.818181818181818,0.0,0.0,0.0,-0.3644843099119589,13.52,D,C,SLOW
ITDC.NS,675.25,2026-10-06T18:18:25.566299+05:30,WAITING FOR 0.786,2026-07-20,822.0,2026-09-09,627.0999755859375,,780.2913947753907,724.5499877929688,872.6740063476562,13.461816377665832,13.0,1.0,12.0,0.0,13.0,7.6923076923076925,-6.465882729521131,-6.465882729521131,12.846153846153848,54.0,54.0,8.666666666666666,0.0,0.0,0.0,-0.503332188525597,10.47,D,C,SLOW
NKIND.NS,57.060001373291016,2026-10-06T18:18:25.566299+05:30,WAITING FOR 0.786,2026-04-17,76.9000015258789,2026-08-25,49.65999984741211,,71.07064116668701,63.28000068664551,83.98240196228028,19.71368143497657,19.0,1.0,18.0,0.0,19.0,5.263157894736842,-7.2922623215313775,-7.2922623215313775,5.578947368421052,34.0,34.0,3.388888888888889,0.0,0.0,0.0,-1.3071036236707188,9.21,D,C,SLOW
SHRINGARMS.NS,223.32000732421875,2026-10-06T18:18:25.566299+05:30,WAITING FOR 0.786,2026-02-19,266.5,2026-03-30,166.0,,244.993,216.25,292.63,8.84637221299435,2.0,2.0,0.0,0.0,2.0,100.0,8.868395158396197,8.868395158396197,16.0,16.0,16.0,,0.0,50.0,50.0,0.5542746973997623,,INSUFFICIENT,C,SLOW
UFLEX.NS,641.25,2026-10-06T18:18:25.566299+05:30,WAITING FOR 0.786,2026-09-02,723.5,2026-10-06,635.2000122070312,,704.6038026123047,679.3500061035156,746.4579968261719,8.9914079909052,4.0,2.0,0.0,2.0,2.0,100.0,5.206526957990957,5.206526957990957,38.75,17.5,17.5,,0.0,0.0,50.0,0.1343619860126698,,INSUFFICIENT,C,SLOW
PAISALO.NS,83.0999984741211,2026-10-06T18:18:25.566299+05:30,WAITING FOR 0.786,2026-09-21,94.87999725341795,2026-10-06,81.19000244140625,,91.95033836364746,88.03499984741211,98.43939590454102,9.62513031167414,1.0,1.0,0.0,0.0,1.0,100.0,31.553380867225037,31.553380867225037,49.0,49.0,49.0,,0.0,0.0,0.0,0.643946548310715,,INSUFFICIENT,C,SLOW
PAUSHAKLTD.NS,704.2999877929688,2026-10-06T18:18:25.566299+05:30,WAITING FOR 0.786,2026-09-03,826.75,2026-10-01,634.0,,785.5015,730.375,876.865,10.337537510371554,1.0,1.0,0.0,0.0,1.0,100.0,24.124606593901515,24.124606593901515,32.0,32.0,32.0,,0.0,0.0,0.0,0.7538939560594223,,INSUFFICIENT,C,SLOW
INDUSINDBK.NS,906.0999755859376,2026-10-06T18:18:25.566299+05:30,WAITING FOR 0.786,2026-07-22,1077.8499755859375,2026-09-29,878.0,,1035.0820808105468,977.9249877929688,1129.8109692382814,12.461050926860471,2.0,1.0,0.0,1.0,1.0,100.0,5.955909249926237,5.955909249926237,55.0,49.0,49.0,,0.0,0.0,0.0,0.1082892590895679,,INSUFFICIENT,C,SLOW
SUDEEPPHRM.NS,1158.4000244140625,2026-10-06T18:18:25.566299+05:30,WAITING FOR 0.786,2026-09-07,1378.0,2026-09-28,1124.0999755859375,,1323.6653947753907,1251.0499877929688,1444.0140063476565,12.485434084296784,1.0,1.0,0.0,0.0,1.0,100.0,17.425698256409262,17.425698256409262,19.0,19.0,19.0,,0.0,0.0,100.0,0.9171420134952244,,INSUFFICIENT,C,SLOW
TATACAP.NS,322.1000061035156,2026-10-06T18:18:25.566299+05:30,WAITING FOR 0.786,2026-08-06,390.2000122070313,2026-10-01,313.54998779296875,,373.7969069824219,351.875,410.1290185546875,13.830210981745056,1.0,1.0,0.0,0.0,1.0,100.0,9.600051793555735,9.600051793555735,48.0,48.0,48.0,,0.0,0.0,0.0,0.2000010790324111,,INSUFFICIENT,C,SLOW
ICICIGI.NS,1598.300048828125,2026-10-06T18:18:25.566299+05:30,WAITING FOR 0.786,2025-11-13,2064.89990234375,2026-09-15,1423.0999755859375,,1927.554718017578,1743.9999389648438,2231.767883300781,17.081469392893805,2.0,1.0,0.0,1.0,1.0,100.0,9.24185705198808,9.24185705198808,39.5,17.0,17.0,,0.0,0.0,100.0,0.2339710646072932,,INSUFFICIENT,C,SLOW
AMAGI.NS,564.1500244140625,2026-10-06T18:18:25.566299+05:30,WAITING FOR 0.786,2026-08-13,727.4000244140625,2026-10-01,531.2000122070312,,685.4132218017578,629.3000183105469,778.4120275878906,17.691983978501113,1.0,1.0,0.0,0.0,1.0,100.0,14.786359439653626,14.786359439653626,50.0,50.0,50.0,,0.0,0.0,0.0,0.2957271887930725,,INSUFFICIENT,C,SLOW
SAGARDEEP.NS,23.13999938964844,2026-10-06T18:18:25.566299+05:30,WAITING FOR 0.786,2025-10-28,31.0,2026-03-30,20.809999465942383,,28.81933988571167,25.90499973297119,33.64940013885498,19.706698760574287,1.0,1.0,0.0,0.0,1.0,100.0,30.16229364949285,30.16229364949285,44.0,44.0,44.0,,0.0,0.0,0.0,0.6855066738521102,,INSUFFICIENT,C,SLOW
JIOFIN.NS,217.8999938964844,2026-10-06T18:18:25.566299+05:30,WAITING FOR 0.786,2025-11-17,316.8500061035156,2026-10-01,208.5,,293.6631047973633,262.6750030517578,345.02100769042966,25.799329116661703,1.0,1.0,0.0,0.0,1.0,100.0,11.72229983466012,11.72229983466012,24.0,24.0,24.0,,0.0,0.0,0.0,0.488429159777505,,INSUFFICIENT,C,SLOW
GVPTECH.NS,7.309999942779541,2026-10-06T18:18:25.566299+05:30,WAITING FOR 0.786,2025-12-19,11.1899995803833,2026-03-18,5.21999979019165,,9.912419625282288,8.204999685287476,12.74219952583313,26.254131492426957,1.0,1.0,0.0,0.0,1.0,100.0,47.431620249194935,47.431620249194935,57.0,57.0,57.0,,0.0,0.0,0.0,0.8321336885823672,,INSUFFICIENT,C,SLOW
TRANSRAILL.NS,482.3999938964844,2026-10-06T18:18:25.566299+05:30,WAITING FOR 0.786,2025-10-08,766.7999877929688,2026-09-16,400.6499938964844,,688.4438890991212,583.7249908447266,861.9989862060547,29.92893080542268,2.0,2.0,0.0,0.0,2.0,100.0,15.424386247231697,15.424386247231697,27.5,27.5,27.5,,0.0,50.0,50.0,0.5608867726266071,,INSUFFICIENT,C,SLOW
ANTGRAPHIC.NS,0.6899999976158142,2026-10-06T18:18:25.566299+05:30,WAITING FOR 0.786,2026-01-01,1.1699999570846558,2026-03-30,0.6399999856948853,,1.0565799632072448,0.9049999713897704,1.3077999496459962,34.69495715957724,1.0,1.0,0.0,0.0,1.0,100.0,27.83868319842776,27.83868319842776,28.0,28.0,28.0,,0.0,0.0,0.0,0.9942386856581342,,INSUFFICIENT,C,SLOW
SUNTECK.NS,279.6000061035156,2026-10-06T18:18:25.566299+05:30,WAITING FOR 0.786,2025-11-03,472.5,2026-09-29,268.54998779296875,,428.8546973876953,370.5249938964844,525.5270031738281,34.80309116195823,2.0,2.0,0.0,0.0,2.0,100.0,19.906666580364305,19.906666580364305,23.0,23.0,23.0,,0.0,50.0,50.0,0.865507242624535,,INSUFFICIENT,C,SLOW
SELMC.NS,23.84000015258789,2026-10-06T18:18:25.566299+05:30,WAITING FOR 0.786,2025-12-23,40.2400016784668,2026-10-05,23.84000015258789,,36.73040135192871,32.040000915527344,44.50400207519532,35.094637479816015,1.0,1.0,0.0,0.0,1.0,100.0,60.02430145034822,60.02430145034822,17.0,17.0,17.0,,0.0,0.0,100.0,3.530841261785189,,INSUFFICIENT,C,SLOW
CRIZAC.NS,168.85000610351562,2026-10-06T18:18:25.566299+05:30,WAITING FOR 0.786,2025-10-27,333.0,2026-09-04,159.9499969482422,,295.9672993469238,246.4749984741211,377.993000793457,42.94977638539898,1.0,1.0,0.0,0.0,1.0,100.0,9.672749437197618,9.672749437197618,17.0,17.0,17.0,,0.0,0.0,100.0,0.5689852610116246,,INSUFFICIENT,C,SLOW
MBEL.NS,255.41000366210935,2026-10-06T18:18:25.566299+05:30,WAITING FOR 0.786,2025-11-10,535.9000244140625,2026-03-30,223.0500030517578,,468.9501198425293,379.47501373291016,617.2410299682617,45.53578454188805,1.0,1.0,0.0,0.0,1.0,100.0,13.218070273284985,13.218070273284985,17.0,17.0,17.0,,0.0,0.0,100.0,0.7775335454873521,,INSUFFICIENT,C,SLOW
CCAVENUE.NS,15.350000381469728,2026-10-06T18:18:25.566299+05:30,WAITING FOR 0.786,2026-09-17,16.860000610351562,2026-10-05,14.949999809265137,,16.451260438919068,15.90500020980835,17.356600818634032,6.69407709845787,3.0,2.0,1.0,0.0,3.0,66.66666666666666,10.812548817435305,10.812548817435305,18.0,26.5,26.5,0.0,0.0,50.0,50.0,0.6006971565241837,,INSUFFICIENT,C,SLOW
ITC.NS,266.70001220703125,2026-10-06T18:18:25.566299+05:30,WAITING FOR 0.786,2025-10-31,426.3999938964844,2026-10-01,254.6499938964844,,389.6454938964844,340.5249938964844,471.0549938964844,31.553163995299684,4.0,2.0,1.0,1.0,3.0,66.66666666666666,4.56352786339008,4.56352786339008,30.5,30.5,30.5,0.0,50.0,50.0,50.0,0.1496238643734452,,INSUFFICIENT,C,SLOW
MASKINVEST.NS,147.49000549316406,2026-10-06T18:18:25.566299+05:30,WAITING FOR 0.786,2025-10-17,246.08999633789065,2026-03-30,114.94000244140624,,218.02389764404296,180.51499938964844,280.1889947509766,32.3514499617084,3.0,2.0,1.0,0.0,3.0,66.66666666666666,20.351324297071542,20.351324297071542,33.0,49.0,49.0,0.0,0.0,0.0,0.0,0.616706796880956,,INSUFFICIENT,C,SLOW
PANACEABIO.NS,363.2000122070313,2026-10-06T18:18:25.566299+05:30,WAITING FOR 0.786,2026-06-09,647.0,2026-10-05,347.70001220703125,,582.9498026123047,497.3500061035156,724.8179968261718,37.69617717006412,3.0,2.0,1.0,0.0,3.0,66.66666666666666,14.46902409037954,14.46902409037954,30.0,44.5,44.5,0.0,0.0,0.0,0.0,0.4823008030126513,,INSUFFICIENT,C,SLOW
BESTAGRO.NS,17.889999389648438,2026-10-06T18:18:25.566299+05:30,WAITING FOR 0.786,2026-01-16,34.400001525878906,2026-03-30,12.300000190734863,,29.67060124015808,23.350000858306885,40.14600187301636,39.70462800923976,3.0,2.0,1.0,0.0,3.0,66.66666666666666,9.837334826866032,9.837334826866032,18.33333333333333,27.0,27.0,0.0,50.0,50.0,50.0,0.5365818996472381,,INSUFFICIENT,C,SLOW
PGHH.NS,6865.0,2026-10-06T18:18:25.566299+05:30,WAITING FOR 0.786,2025-10-07,14509.0,2026-10-01,6579.0,,12811.98,10544.0,16570.8,46.41733752316191,3.0,2.0,1.0,0.0,3.0,66.66666666666666,4.521638898119488,4.521638898119488,21.33333333333333,31.5,31.5,0.0,50.0,50.0,50.0,0.2119518233493509,,INSUFFICIENT,C,SLOW
HINDOILEXP.NS,166.35000610351562,2026-10-06T18:18:25.566299+05:30,WAITING FOR 0.786,2026-09-09,201.44000244140625,2026-10-06,164.00999450683594,,193.4299807434082,182.7249984741211,211.1718045043945,13.999884886415378,5.0,3.0,2.0,0.0,5.0,60.0,7.707781525041329,7.707781525041329,16.0,24.0,20.0,3.5,0.0,0.0,66.66666666666666,0.4817363453150831,,INSUFFICIENT,C,SLOW
SESHAPAPER.NS,233.8699951171875,2026-10-06T18:18:25.566299+05:30,WAITING FOR 0.786,2026-02-18,293.1099853515625,2026-06-24,209.9600067138672,,275.3158899230957,251.53499603271484,314.7289797973633,15.053942152588917,5.0,3.0,2.0,0.0,5.0,60.0,8.921183912612847,8.921183912612847,12.0,19.33333333333333,16.0,0.0,0.0,33.33333333333333,66.66666666666666,0.7434319927177372,,INSUFFICIENT,C,SLOW
MMTC.NS,57.0099983215332,2026-10-06T18:18:25.566299+05:30,WAITING FOR 0.786,2026-06-17,78.3499984741211,2026-10-01,55.11000061035156,,73.37663893127441,66.72999954223633,84.39239791870116,22.30497450976248,5.0,3.0,2.0,0.0,5.0,60.0,11.536201608659075,11.536201608659075,18.6,27.0,35.0,5.5,0.0,33.33333333333333,33.33333333333333,0.62022589293866,,INSUFFICIENT,C,SLOW
ZIMLAB.NS,138.57000732421875,2026-10-06T18:18:25.566299+05:30,WAITING FOR 0.786,2026-09-10,144.49000549316406,2026-10-05,131.0,,141.60314431762694,137.74500274658203,147.99740692138673,2.141998334870748,2.0,1.0,1.0,0.0,2.0,50.0,1.8186868935661968,1.8186868935661968,52.5,56.0,56.0,49.0,0.0,0.0,0.0,0.0346416551155466,,INSUFFICIENT,C,SLOW
PVRINOX.NS,1249.4000244140625,2026-10-06T18:18:25.566299+05:30,WAITING FOR 0.786,2026-09-21,1357.800048828125,2026-10-06,1226.0999755859375,,1329.6162331542969,1291.9500122070312,1392.042067871094,6.033034701293813,2.0,1.0,1.0,0.0,2.0,50.0,-0.8174566699014845,-0.8174566699014845,11.0,18.0,18.0,4.0,0.0,0.0,100.0,-0.0743142427183167,,INSUFFICIENT,C,SLOW
LICI.NS,390.0,2026-10-06T18:18:25.566299+05:30,WAITING FOR 0.786,2026-08-25,428.1499938964844,2026-10-05,385.5,,419.02289520263673,406.8249969482422,439.2389923095704,6.926326827225384,2.0,1.0,1.0,0.0,2.0,50.0,7.030138319933554,7.030138319933554,34.0,39.0,39.0,29.0,0.0,0.0,0.0,0.2067687741156927,,INSUFFICIENT,C,SLOW
SPORTKING.NS,202.8000030517578,2026-10-06T18:18:25.566299+05:30,WAITING FOR 0.786,2026-09-04,233.9900054931641,2026-10-05,192.0,,225.00414431762692,212.99500274658203,244.90740692138672,9.868325462718891,4.0,2.0,2.0,0.0,4.0,50.0,10.845081827819872,10.845081827819872,14.75,28.5,28.5,0.0,0.0,50.0,50.0,0.7352597849369404,,INSUFFICIENT,C,SLOW
PPLPHARMA.NS,200.5200042724609,2026-10-06T18:18:25.566299+05:30,WAITING FOR 0.786,2026-09-08,231.92999267578125,2026-10-06,193.75,,223.75947424316405,212.83999633789065,241.8567907714844,10.38591552349122,2.0,1.0,1.0,0.0,2.0,50.0,16.92234635195149,16.92234635195149,24.5,48.0,48.0,0.0,0.0,0.0,0.0,0.6907080143653669,,INSUFFICIENT,C,SLOW
AYE.NS,165.55999755859375,2026-10-06T18:18:25.566299+05:30,WAITING FOR 0.786,2026-09-21,192.5,2026-10-06,162.57000732421875,,186.0949815673828,177.53500366210938,200.28179809570312,11.034679084751986,2.0,1.0,1.0,0.0,2.0,50.0,8.940265354577207,8.940265354577207,21.5,42.0,42.0,0.0,0.0,0.0,0.0,0.4158262955617305,,INSUFFICIENT,C,SLOW
IGARASHI.NS,401.3999938964844,2026-10-06T18:18:25.566299+05:30,WAITING FOR 0.786,2026-09-15,476.8999938964844,2026-10-01,387.0499877929688,,457.672092590332,431.97499084472656,500.26099548339846,12.295287303920777,3.0,1.0,1.0,1.0,2.0,50.0,9.517387715841451,9.517387715841451,30.666666666666668,18.0,18.0,13.0,0.0,0.0,100.0,0.3103495994296126,,INSUFFICIENT,C,SLOW
JUBLCPL.NS,2003.5,2026-10-06T18:18:25.566299+05:30,WAITING FOR 0.786,2026-09-01,2369.89990234375,2026-09-18,1980.0,,2286.4613232421875,2174.949951171875,2471.273876953125,12.375513216245889,2.0,1.0,1.0,0.0,2.0,50.0,7.933655718279567,7.933655718279567,24.0,47.0,47.0,0.0,0.0,0.0,0.0,0.3305689882616486,,INSUFFICIENT,C,SLOW
CINELINE.NS,87.72000122070312,2026-10-06T18:18:25.566299+05:30,WAITING FOR 0.786,2026-09-07,104.4000015258789,2026-10-01,85.25,,100.30190119934082,94.82500076293944,109.37900192260742,12.544029403423092,4.0,2.0,2.0,0.0,4.0,50.0,7.528567316313677,7.528567316313677,19.25,32.0,32.0,6.0,0.0,50.0,50.0,0.3910944060422689,,INSUFFICIENT,C,SLOW
WEWORK.NS,664.9000244140625,2026-10-06T18:18:25.566299+05:30,WAITING FOR 0.786,2026-08-06,794.5,2026-09-25,634.9000244140625,,760.3456052246094,714.7000122070312,835.9959936523437,12.552920692209671,2.0,1.0,1.0,0.0,2.0,50.0,7.918974906422191,7.918974906422191,20.5,40.0,40.0,0.0,0.0,0.0,0.0,0.386291458849863,,INSUFFICIENT,C,SLOW
NAHARINDUS.NS,127.66000366210938,2026-10-06T18:18:25.566299+05:30,WAITING FOR 0.786,2026-08-25,154.0,2026-09-16,124.0,,147.58,139.0,161.8,13.497761443210893,4.0,2.0,2.0,0.0,4.0,50.0,5.186616648167417,5.186616648167417,11.25,21.5,21.5,0.5,0.0,0.0,50.0,0.4610325909482148,,INSUFFICIENT,C,SLOW
EMMVEE.NS,296.5,2026-10-06T18:18:25.566299+05:30,WAITING FOR 0.786,2026-07-16,371.5499877929688,2026-10-05,290.45001220703125,,354.19459301757814,331.0,392.6359814453125,16.288953630276012,2.0,1.0,1.0,0.0,2.0,50.0,5.254758247427481,5.254758247427481,15.0,29.0,29.0,0.0,0.0,0.0,0.0,0.3503172164951654,,INSUFFICIENT,C,SLOW
VINYLINDIA.NS,212.7700042724609,2026-10-06T18:18:25.566299+05:30,WAITING FOR 0.786,2026-07-30,266.8999938964844,2026-10-06,211.0,,254.9373952026367,238.9499969482422,281.4339923095703,16.54029252815542,4.0,2.0,2.0,0.0,4.0,50.0,3.0180189931597794,3.0180189931597794,12.5,20.5,20.5,4.0,0.0,0.0,50.0,0.2414415194527823,,INSUFFICIENT,C,SLOW
LAGNAM.NS,73.58999633789062,2026-10-06T18:18:25.566299+05:30,WAITING FOR 0.786,2026-07-16,95.9000015258789,2026-09-18,68.0999984741211,,89.95080087280273,82.0,103.12800231933592,18.18861463840386,4.0,2.0,2.0,0.0,4.0,50.0,8.73832679448813,8.73832679448813,15.25,25.5,25.5,4.5,0.0,50.0,50.0,0.5730050357041396,,INSUFFICIENT,C,SLOW
ONGC.NS,224.1999969482422,2026-10-06T18:18:25.566299+05:30,WAITING FOR 0.786,2026-04-29,307.5,2026-10-01,220.6000061035156,,288.9034013061523,264.0500030517578,330.093998413086,22.396207197762838,5.0,2.0,2.0,1.0,4.0,50.0,2.301046649734605,2.301046649734605,23.8,28.5,28.5,0.0,50.0,50.0,50.0,0.0966826323417901,,INSUFFICIENT,C,SLOW
SIGNATURE.NS,719.3499755859375,2026-10-06T18:18:25.566299+05:30,WAITING FOR 0.786,2026-02-23,1024.800048828125,2026-04-02,705.2000122070312,,956.4056409912108,865.0000305175781,1107.8960583496091,24.786100713457827,2.0,1.0,1.0,0.0,2.0,50.0,5.087358444630403,5.087358444630403,12.5,24.0,24.0,0.0,0.0,0.0,0.0,0.4069886755704322,,INSUFFICIENT,C,SLOW
PUNJABCHEM.NS,1039.0,2026-10-06T18:18:25.566299+05:30,WAITING FOR 0.786,2025-11-03,1533.9000244140625,2026-03-30,876.5999755859375,,1393.2378139648438,1205.25,1704.798037109375,25.425509587394995,2.0,1.0,1.0,0.0,2.0,50.0,-5.629052731890157,-5.629052731890157,17.5,27.0,27.0,8.0,0.0,0.0,0.0,-0.3216601561080089,,INSUFFICIENT,C,SLOW
HATHWAY.NS,9.800000190734863,2026-10-06T18:18:25.566299+05:30,WAITING FOR 0.786,2025-10-06,14.380000114440918,2026-03-30,8.760000228881836,,13.177320138931275,11.570000171661375,15.841200084686278,25.629793558846664,3.0,1.0,1.0,1.0,2.0,50.0,-2.059786549014292,-2.059786549014292,36.0,33.0,33.0,12.0,0.0,0.0,0.0,-0.0572162930281747,,INSUFFICIENT,C,SLOW
HCLTECH.NS,1204.4000244140625,2026-10-06T18:18:25.566299+05:30,WAITING FOR 0.786,2026-02-03,1780.0999755859375,2026-07-01,1030.0,,1619.578580810547,1405.0499877929688,1975.1259692382812,25.63497451224016,3.0,1.0,1.0,1.0,2.0,50.0,1.6882341106204075,1.6882341106204075,46.333333333333336,60.0,60.0,19.0,0.0,0.0,0.0,0.036436707423462,,INSUFFICIENT,C,SLOW
NIBE.NS,1240.9000244140625,2026-10-06T18:18:25.566299+05:30,WAITING FOR 0.786,2026-06-22,1848.0,2026-09-16,1188.0,,1706.76,1518.0,2019.6,27.294990249709244,2.0,1.0,1.0,0.0,2.0,50.0,4.750995671675664,4.750995671675664,46.0,51.0,51.0,41.0,0.0,0.0,0.0,0.1032825146016448,,INSUFFICIENT,C,SLOW
NATCOPHARM.NS,823.6500244140625,2026-10-06T18:18:25.566299+05:30,WAITING FOR 0.786,2026-05-12,1226.800048828125,2026-09-16,801.0,,1135.6788383789062,1013.9000244140624,1337.5080615234374,27.47509273046249,3.0,1.0,1.0,1.0,2.0,50.0,-0.1399781342988726,-0.1399781342988726,35.0,42.0,42.0,2.0,0.0,0.0,0.0,-0.003999375265682,,INSUFFICIENT,C,SLOW
VMM.NS,100.9499969482422,2026-10-06T18:18:25.566299+05:30,WAITING FOR 0.786,2025-10-06,152.17999267578125,2026-09-29,98.0,,140.58547424316407,125.08999633789062,166.26679077148438,28.193152605770827,2.0,1.0,1.0,0.0,2.0,50.0,3.546709948273489,3.546709948273489,27.5,54.0,54.0,0.0,0.0,0.0,0.0,0.1289712708463087,,INSUFFICIENT,C,SLOW
INTERARCH.NS,1685.5999755859375,2026-10-06T18:18:25.566299+05:30,WAITING FOR 0.786,2025-11-10,2762.60009765625,2026-05-18,1600.0,,2513.8036767578124,2181.300048828125,3064.876123046875,32.946236367990906,4.0,2.0,2.0,0.0,4.0,50.0,3.695208550086576,3.695208550086576,20.5,20.5,20.5,20.0,50.0,50.0,50.0,0.1802540756139793,,INSUFFICIENT,C,SLOW
HEMIPROP.NS,113.52999877929688,2026-10-06T18:18:25.566299+05:30,WAITING FOR 0.786,2025-10-03,190.69000244140625,2026-10-01,109.80999755859376,,173.38168139648437,150.25,211.7188037109375,34.52018813932271,4.0,2.0,2.0,0.0,4.0,50.0,7.530163199889159,7.530163199889159,10.75,17.5,17.5,3.0,50.0,50.0,50.0,0.7004802976641078,,INSUFFICIENT,C,SLOW
RUSHIL.NS,15.539999961853027,2026-10-06T18:18:25.566299+05:30,WAITING FOR 0.786,2025-10-03,30.0,2026-03-30,12.489999771118164,,26.25285995101929,21.24499988555908,34.552600059509274,40.80644931315503,4.0,2.0,2.0,0.0,4.0,50.0,3.9438665314835255,3.9438665314835255,11.0,19.0,19.0,2.5,50.0,50.0,50.0,0.3585333210439568,,INSUFFICIENT,C,SLOW
MTNL.NS,23.280000686645508,2026-10-06T18:18:25.566299+05:30,WAITING FOR 0.786,2025-11-03,44.66999816894531,2026-03-30,21.26000022888184,,39.66025860977173,32.964999198913574,50.75659763336182,41.30144002412116,4.0,2.0,2.0,0.0,4.0,50.0,11.531338558192743,11.531338558192743,13.0,25.0,25.0,0.0,0.0,50.0,50.0,0.8870260429379033,,INSUFFICIENT,C,SLOW
NECLIFE.NS,10.949999809265137,2026-10-06T18:18:25.566299+05:30,WAITING FOR 0.786,2025-12-23,22.399999618530277,2026-03-30,9.300000190734863,,19.596599740982057,15.849999904632568,25.80599946975708,44.122960340075856,4.0,2.0,2.0,0.0,4.0,50.0,10.733015658164412,10.733015658164412,18.25,35.5,35.5,0.0,0.0,50.0,50.0,0.5881104470227075,,INSUFFICIENT,C,SLOW
KRITI.NS,60.02999877929688,2026-10-06T18:18:25.566299+05:30,WAITING FOR 0.786,2025-10-01,132.89999389648438,2026-03-24,53.0,,115.80139520263673,92.9499969482422,153.6739923095703,48.16124738890017,5.0,2.0,2.0,1.0,4.0,50.0,2.7471504144108083,2.7471504144108083,26.0,22.0,22.0,12.5,0.0,50.0,50.0,0.1056596313234926,,INSUFFICIENT,C,SLOW
MAPMYINDIA.NS,896.5999755859375,2026-10-06T18:18:25.566299+05:30,WAITING FOR 0.786,2025-10-14,1998.0,2026-03-30,795.0,,1740.558,1396.5,2310.78,48.4877852053228,4.0,2.0,2.0,0.0,4.0,50.0,7.961660602752916,7.961660602752916,14.75,26.0,26.0,3.0,50.0,50.0,50.0,0.5397736001866383,,INSUFFICIENT,C,SLOW
INOXINDIA.NS,2077.300048828125,2026-10-06T18:18:25.566299+05:30,WAITING FOR 0.786,2026-09-10,2339.5,2026-10-01,2013.199951171875,,2269.6717895507813,2176.349975585937,2424.3380126953125,8.475751498886586,5.0,2.0,3.0,0.0,5.0,40.0,2.639199349624507,2.639199349624507,13.4,28.5,28.5,3.333333333333333,50.0,50.0,50.0,0.1969551753451124,,INSUFFICIENT,C,SLOW
PSB.NS,21.049999237060547,2026-10-06T18:18:25.566299+05:30,WAITING FOR 0.786,2025-10-31,32.459999084472656,2026-03-30,20.5,,29.90055928039551,26.479999542236328,35.56959884643555,29.59998159344761,5.0,2.0,3.0,0.0,5.0,40.0,4.217052722601933,4.217052722601933,7.4,15.5,15.5,1.3333333333333333,0.0,0.0,100.0,0.5698719895408016,,INSUFFICIENT,C,SLOW
NILAINFRA.NS,6.699999809265137,2026-10-06T18:18:25.566299+05:30,WAITING FOR 0.786,2025-10-08,11.199999809265137,2026-03-30,5.900000095367432,,10.065799870491029,8.549999952316284,12.57799973487854,33.437979142552734,5.0,2.0,3.0,0.0,5.0,40.0,4.830696104015875,4.830696104015875,11.4,26.0,26.0,1.3333333333333333,0.0,0.0,50.0,0.4237452722820942,,INSUFFICIENT,C,SLOW
ADANIENSOL.NS,1350.0999755859375,2026-10-06T18:18:25.566299+05:30,WAITING FOR 0.786,2026-07-21,1789.0,2026-09-29,1275.199951171875,,1679.046789550781,1532.0999755859375,1922.5880126953125,19.591283340760956,3.0,1.0,2.0,0.0,3.0,33.33333333333333,2.13082446032988,2.13082446032988,19.33333333333333,21.0,21.0,18.5,0.0,0.0,0.0,0.1102150582929248,,INSUFFICIENT,C,SLOW
HINDUNILVR.NS,1895.199951171875,2026-10-06T18:18:25.566299+05:30,WAITING FOR 0.786,2025-10-23,2667.199951171875,2026-10-01,1826.9000244140625,,2487.3757668457038,2247.0499877929688,2885.677932128906,23.807251946688364,5.0,1.0,2.0,2.0,3.0,33.33333333333333,0.6375444256213827,0.6375444256213827,40.2,43.0,43.0,18.5,0.0,0.0,0.0,0.0158593140701836,,INSUFFICIENT,C,SLOW
JAIPURKURT.NS,27.3700008392334,2026-10-06T18:18:25.566299+05:30,WAITING FOR 0.786,2026-02-10,42.7400016784668,2026-09-16,23.90999984741211,,38.71038128662109,33.32500076293945,47.63580215454101,29.29545013628452,4.0,1.0,2.0,1.0,3.0,33.33333333333333,3.8977312092785543,3.8977312092785543,24.5,26.0,26.0,5.5,0.0,0.0,0.0,0.1590910697664716,,INSUFFICIENT,C,SLOW
AYMSYNTEX.NS,289.25,2026-10-06T18:18:25.566299+05:30,WAITING FOR 0.786,2026-09-08,330.0,2026-10-01,271.6499938964844,,317.51309869384767,300.8249969482422,345.17100158691403,8.901396134557428,4.0,1.0,3.0,0.0,4.0,25.0,4.92764949393507,4.92764949393507,12.75,48.0,48.0,0.0,0.0,0.0,0.0,0.3864823132498094,,INSUFFICIENT,C,SLOW
RATEGAIN.NS,854.4500122070312,2026-10-06T18:18:25.566299+05:30,WAITING FOR 0.786,2026-08-06,1050.0,2026-09-28,814.0499877929688,,999.5066973876952,932.0249938964844,1111.3470031738282,14.512827733899467,5.0,1.0,3.0,1.0,4.0,25.0,6.819520651445411,6.819520651445411,19.6,20.0,20.0,5.666666666666667,0.0,0.0,100.0,0.3479347271145617,,INSUFFICIENT,C,SLOW
EXIDEIND.NS,405.75,2026-10-06T18:18:25.566299+05:30,WAITING FOR 0.786,2026-08-11,496.3999938964844,2026-10-05,402.1499938964844,,476.2304938964844,449.2749938964844,520.9049938964844,14.799659996531922,5.0,1.0,3.0,1.0,4.0,25.0,-2.1154203157718703,-2.1154203157718703,18.4,24.0,24.0,1.6666666666666667,0.0,0.0,0.0,-0.1149684954223842,,INSUFFICIENT,C,SLOW
DHANBANK.NS,28.82999992370605,2026-10-06T18:18:25.566299+05:30,WAITING FOR 0.786,2026-07-07,36.84999847412109,2026-10-01,26.0,,34.52809880065918,31.424999237060547,39.67099807739258,16.50278780146546,4.0,1.0,3.0,0.0,4.0,25.0,0.7440093378942512,0.7440093378942512,9.5,33.0,33.0,1.6666666666666667,0.0,0.0,0.0,0.0783167724099211,,INSUFFICIENT,C,SLOW
TINNARUBR.NS,950.25,2026-10-06T18:18:25.566299+05:30,WAITING FOR 0.786,2026-07-21,1322.0,2026-10-01,911.0499877929688,,1234.0566973876953,1116.5249938964844,1428.8470031738282,22.997865332157723,4.0,1.0,3.0,0.0,4.0,25.0,2.725069877189476,2.725069877189476,9.25,28.0,28.0,2.333333333333333,0.0,0.0,0.0,0.2946021488853487,,INSUFFICIENT,C,SLOW
CORALFINAC.NS,31.18000030517578,2026-10-06T18:18:25.566299+05:30,WAITING FOR 0.786,2025-12-02,46.540000915527344,2026-03-30,25.01000022888184,,41.9325807685852,35.77500057220459,52.13780109405518,25.642543974934583,4.0,1.0,3.0,0.0,4.0,25.0,-0.5657358974890698,-0.5657358974890698,7.75,28.0,28.0,0.0,0.0,0.0,0.0,-0.0729981803211703,,INSUFFICIENT,C,SLOW
SWSOLAR.NS,172.5399932861328,2026-10-06T18:18:25.566299+05:30,WAITING FOR 0.786,2026-06-23,260.79998779296875,2026-10-05,163.0,,239.87079040527345,211.8999938964844,286.2279846191406,28.069610728918665,4.0,1.0,3.0,0.0,4.0,25.0,1.3481210060711688,1.3481210060711688,8.25,22.0,22.0,3.333333333333333,0.0,0.0,0.0,0.1634086067965053,,INSUFFICIENT,C,SLOW
INTENTECH.NS,84.0999984741211,2026-10-06T18:18:25.566299+05:30,WAITING FOR 0.786,2025-11-24,134.0500030517578,2026-03-30,66.30000305175781,,119.5515030517578,100.1750030517578,151.66500305175782,29.653750620172943,5.0,1.0,3.0,1.0,4.0,25.0,0.3756635858837654,0.3756635858837654,21.4,36.0,36.0,2.6666666666666665,0.0,0.0,0.0,0.0175543731721385,,INSUFFICIENT,C,SLOW
BRNL.NS,16.030000686645508,2026-10-06T18:18:25.566299+05:30,WAITING FOR 0.786,2025-11-06,26.489999771118164,2026-10-05,15.609999656677246,,24.161679746627808,21.049999713897705,29.318799800872803,33.65527208892511,4.0,1.0,3.0,0.0,4.0,25.0,4.881186702557928,4.881186702557928,6.25,22.0,22.0,0.0,0.0,0.0,0.0,0.7809898724092684,,INSUFFICIENT,C,SLOW
AGROPHOS.NS,21.920000076293945,2026-10-06T18:18:25.566299+05:30,WAITING FOR 0.786,2026-01-02,42.0,2026-09-09,21.0,,37.506,31.5,47.46,41.55601750041608,4.0,1.0,3.0,0.0,4.0,25.0,1.4201344105698572,1.4201344105698572,5.0,17.0,17.0,0.6666666666666666,0.0,0.0,100.0,0.2840268821139714,,INSUFFICIENT,C,SLOW
EPACK.NS,173.75,2026-10-06T18:18:25.566299+05:30,WAITING FOR 0.786,2025-10-03,360.0,2026-10-05,167.36000061035156,,318.77504013061525,263.6800003051758,410.0863998413086,45.49447788358603,4.0,1.0,3.0,0.0,4.0,25.0,-1.1369014826879575,-1.1369014826879575,7.75,16.0,16.0,4.666666666666667,0.0,0.0,100.0,-0.1466969655081235,,INSUFFICIENT,C,SLOW
CONFIPET.NS,86.66999816894531,2026-10-06T18:18:25.566299+05:30,WAITING FOR 0.786,2026-09-21,93.1999969482422,2026-10-06,85.16000366210938,,91.47943838500976,89.18000030517578,95.29039520263672,5.257400243126717,5.0,1.0,4.0,0.0,5.0,20.0,-4.321303913940694,-4.321303913940694,22.8,18.0,18.0,23.5,0.0,0.0,100.0,-0.1895308734184514,,INSUFFICIENT,C,SLOW
GREAVESCOT.NS,222.77999877929688,2026-10-06T18:18:25.566299+05:30,WAITING FOR 0.786,2026-07-14,271.8999938964844,2026-09-16,178.7100067138672,,251.9573366394043,225.30500030517575,296.1293905639649,11.580269203220457,5.0,1.0,4.0,0.0,5.0,20.0,-1.8548569598419251,-1.8548569598419251,10.4,20.0,20.0,7.5,0.0,0.0,100.0,-0.1783516307540312,,INSUFFICIENT,C,SLOW
ALPHAGEO.NS,251.1499938964844,2026-10-06T18:18:25.566299+05:30,WAITING FOR 0.786,2026-08-18,368.0,2026-10-01,244.0,,341.464,306.0,400.24,26.449056446218528,5.0,1.0,4.0,0.0,5.0,20.0,-5.212822116319877,-5.212822116319877,8.6,27.0,27.0,3.25,0.0,0.0,0.0,-0.606142106548823,,INSUFFICIENT,C,SLOW
DOLATALGO.NS,62.459999084472656,2026-10-06T18:18:25.566299+05:30,WAITING FOR 0.786,2026-01-05,95.76000213623048,2026-10-06,61.900001525878906,,88.51396200561524,78.83000183105469,104.56360229492188,29.43486240000165,5.0,1.0,4.0,0.0,5.0,20.0,1.4813765628204227,1.4813765628204227,7.6,27.0,27.0,2.5,0.0,0.0,0.0,0.1949179687921609,,INSUFFICIENT,C,SLOW
RKEC.NS,21.420000076293945,2026-10-06T18:18:25.566299+05:30,WAITING FOR 0.786,2025-10-01,75.6500015258789,2026-09-22,17.399999618530273,,63.1845011177063,46.52500057220459,90.79500202178956,66.09928115695546,5.0,1.0,4.0,0.0,5.0,20.0,-4.284486057950055,-4.284486057950055,9.4,16.0,16.0,7.5,0.0,0.0,100.0,-0.4557963891436228,,INSUFFICIENT,C,SLOW
UTIAMC.NS,888.2000122070312,2026-10-06T18:18:25.566299+05:30,WAITING FOR 0.786,2025-10-17,1409.0,2026-09-01,866.0,,1292.798,1137.5,1550.1799999999998,31.29630366019817,6.0,0.0,4.0,2.0,4.0,0.0,2.024534734935304,2.024534734935304,23.5,,,3.75,,,,0.0861504142525661,17.66,D,C,UNKNOWN
SEAMECLTD.NS,1584.9000244140625,2026-10-06T18:18:25.566299+05:30,WAITING FOR 0.786,2026-09-11,1849.0,2026-10-05,1552.4000244140625,,1785.5276052246095,1700.7000122070312,1926.115993652344,11.23631918226821,7.0,0.0,5.0,2.0,5.0,0.0,0.9040249118392216,0.9040249118392216,18.142857142857142,,,0.4,,,,0.0498281447470437,15.91,D,C,UNKNOWN
ALICON.NS,866.9000244140625,2026-10-06T18:18:25.566299+05:30,WAITING FOR 0.786,2025-10-27,1022.0,2026-03-30,580.0,,927.412,801.0,1136.92,6.524821286109899,7.0,0.0,6.0,1.0,6.0,0.0,-2.834614506078751,-2.834614506078751,16.142857142857142,,,8.333333333333334,,,,-0.175595588872135,10.07,D,C,UNKNOWN
JSWDULUX.NS,3004.800048828125,2026-10-06T18:18:25.566299+05:30,WAITING FOR 0.786,2025-12-02,3745.0,2026-03-09,2667.0,,3514.308,3206.0,4025.28,14.498101793350925,8.0,0.0,7.0,1.0,7.0,0.0,-2.900777364532628,-2.900777364532628,13.375,,,6.142857142857143,,,,-0.2168805506192619,9.97,D,C,UNKNOWN
UNIENTER.NS,87.08999633789062,2026-10-06T18:18:25.566299+05:30,WAITING FOR 0.786,2025-11-12,158.0,2026-10-05,86.0,,142.59199999999998,122.0,176.72,38.92364484831503,21.0,0.0,21.0,0.0,21.0,0.0,-5.136833556511808,-5.136833556511808,3.857142857142857,,,3.238095238095238,,,,-1.3317716627993574,9.47,D,C,UNKNOWN
PODDARMENT.NS,253.3000030517578,2026-10-06T18:18:25.566299+05:30,WAITING FOR 0.786,2026-09-08,333.3999938964844,2026-10-06,250.1999969482422,,315.5951945495606,291.7999954223633,355.03199310302733,19.73895438639831,6.0,0.0,5.0,1.0,5.0,0.0,-3.571610889584551,-3.571610889584551,13.333333333333334,,,2.8,,,,-0.2678708167188413,8.92,D,C,UNKNOWN
DANGEE.NS,3.0799999237060547,2026-10-06T18:18:25.566299+05:30,WAITING FOR 0.786,2026-04-24,3.9800000190734863,2026-09-01,2.539999961853028,,3.671840006828308,3.259999990463257,4.354400033950806,16.1183516172176,8.0,0.0,8.0,0.0,8.0,0.0,-3.588625602255529,-3.588625602255529,1.25,,,0.375,,,,-2.8709004818044237,8.89,D,C,UNKNOWN
BERGEPAINT.NS,472.5499877929688,2026-10-06T18:18:25.566299+05:30,WAITING FOR 0.786,2026-08-13,565.9000244140625,2026-09-29,441.1000061035156,,539.1928204956055,503.50001525878906,598.3480291748047,12.359740369202465,7.0,0.0,4.0,3.0,4.0,0.0,-4.103546051320462,-4.103546051320462,34.42857142857143,,,14.25,,,,-0.1191901342707188,8.09,D,C,UNKNOWN
JUBLINGREA.NS,644.25,2026-10-06T18:18:25.566299+05:30,WAITING FOR 0.786,2026-07-22,795.0,2026-09-18,612.0,,755.838,703.5,842.58,14.76348106340247,10.0,0.0,9.0,1.0,9.0,0.0,-4.773856018754885,-4.773856018754885,13.6,,,7.777777777777778,,,,-0.3510188249084474,8.04,D,C,UNKNOWN
RIIL.NS,681.7000122070312,2026-10-06T18:18:25.566299+05:30,WAITING FOR 0.786,2026-08-21,814.0,2026-10-05,657.0,,780.402,735.5,854.8199999999999,12.647582629589465,8.0,0.0,6.0,2.0,6.0,0.0,-4.233820729922863,-4.233820729922863,17.125,,,2.0,,,,-0.2472304075867365,7.88,D,C,UNKNOWN
GROBTEA.NS,873.9500122070312,2026-10-06T18:18:25.566299+05:30,WAITING FOR 0.786,2025-11-03,1225.0,2026-03-30,805.0,,1135.12,1015.0,1334.2,23.00813903313911,23.0,0.0,23.0,0.0,23.0,0.0,-6.188713690054546,-6.188713690054546,2.9130434782608696,,,2.1739130434782608,,,,-2.1244838040485754,7.83,D,C,UNKNOWN
HPAL.NS,34.369998931884766,2026-10-06T18:18:25.566299+05:30,WAITING FOR 0.786,2026-08-12,42.59999847412109,2026-10-01,33.16999816894531,,40.58197840881348,37.8849983215332,45.0517985534668,15.307236661432976,6.0,0.0,5.0,1.0,5.0,0.0,-4.503119964376833,-4.503119964376833,16.0,,,6.4,,,,-0.2814449977735521,7.46,D,C,UNKNOWN
HDFCBANK.NS,711.4500122070312,2026-10-06T18:18:25.566299+05:30,WAITING FOR 0.786,2025-10-23,1020.5,2026-09-11,681.9000244140625,,948.0396052246094,851.2000122070312,1108.5359936523437,24.955665534830203,7.0,0.0,7.0,0.0,7.0,0.0,-4.593562481013494,-4.593562481013494,25.571428571428573,,,25.571428571428573,,,,-0.1796365216038796,7.32,D,C,UNKNOWN
PFC.NS,322.6000061035156,2026-10-06T18:18:25.566299+05:30,WAITING FOR 0.786,2026-04-28,486.5,2026-10-01,313.3500061035156,,449.44590130615234,399.9250030517578,531.5189984130859,28.22272821578857,9.0,0.0,8.0,1.0,8.0,0.0,-4.748158259799769,-4.748158259799769,18.0,,,12.25,,,,-0.263786569988876,7.08,D,C,UNKNOWN
PTL.NS,38.22999954223633,2026-10-06T18:18:25.566299+05:30,WAITING FOR 0.786,2026-08-05,40.619998931884766,2026-09-28,36.5,,39.73831916046143,38.55999946594238,41.691198654174805,3.7956301375872976,10.0,0.0,10.0,0.0,10.0,0.0,-5.527397650103884,-5.527397650103884,2.1,,,1.4,,,,-2.632094119097088,6.86,D,C,UNKNOWN
APOLLOPIPE.NS,529.7999877929688,2026-10-06T18:18:25.566299+05:30,WAITING FOR 0.786,2026-08-25,668.7999877929688,2026-09-16,496.5,,631.9277904052734,582.6499938964844,713.5979846191406,16.161308960127734,7.0,0.0,6.0,1.0,6.0,0.0,-4.899895172405811,-4.899895172405811,16.428571428571427,,,8.833333333333334,,,,-0.2982544887551364,6.84,D,C,UNKNOWN
SAHYADRI.NS,354.04998779296875,2026-10-06T18:18:25.566299+05:30,WAITING FOR 0.786,2026-09-15,408.9500122070313,2026-10-01,340.70001220703125,,394.3445122070312,374.8250122070313,426.69501220703125,10.218101981068733,7.0,0.0,7.0,0.0,7.0,0.0,-5.000379082352128,-5.000379082352128,1.0,,,0.1428571428571428,,,,-5.000379082352128,6.69,D,C,UNKNOWN
SNOWMAN.NS,34.2400016784668,2026-10-06T18:18:25.566299+05:30,WAITING FOR 0.786,2025-10-03,55.18999862670898,2026-03-30,30.5,,49.906338920593264,42.84499931335449,61.60939826965332,31.39147767792267,9.0,0.0,8.0,1.0,8.0,0.0,-5.02412078994634,-5.02412078994634,12.666666666666666,,,6.0,,,,-0.3966411149957637,6.65,D,C,UNKNOWN
DOLLAR.NS,278.54998779296875,2026-10-06T18:18:25.566299+05:30,WAITING FOR 0.786,2026-04-28,319.2699890136719,2026-06-11,243.0500030517578,,302.9589120178223,281.15999603271484,339.08718536376955,8.056843108618512,7.0,0.0,6.0,1.0,6.0,0.0,-5.145645207152997,-5.145645207152997,9.428571428571429,,,0.0,,,,-0.5457502492434997,6.46,D,C,UNKNOWN
ARVINDFASN.NS,406.3999938964844,2026-10-06T18:18:25.566299+05:30,WAITING FOR 0.786,2025-11-03,569.0,2026-03-30,366.2000122070313,,525.6008026123047,467.6000061035156,621.7279968261719,22.678962460364737,16.0,0.0,15.0,1.0,15.0,0.0,-6.467918521097356,-6.467918521097356,12.375,,,8.8,,,,-0.5226600825129177,6.39,D,C,UNKNOWN
AIROLAM.NS,88.29000091552734,2026-10-06T18:18:25.566299+05:30,WAITING FOR 0.786,2026-06-25,111.77999877929688,2026-09-15,83.52999877929688,,105.73449877929689,97.65499877929688,119.12499877929687,16.498397462669214,13.0,0.0,12.0,1.0,12.0,0.0,-6.122376016121771,-6.122376016121771,7.538461538461538,,,2.25,,,,-0.8121519205059492,5.93,D,C,UNKNOWN
BANARBEADS.NS,116.11000061035156,2026-10-06T18:18:25.566299+05:30,WAITING FOR 0.786,2025-10-30,164.6999969482422,2026-06-10,96.0500030517578,,150.00889825439452,130.375,182.5489953613281,22.59792454881915,15.0,0.0,14.0,1.0,14.0,0.0,-6.834438016164454,-6.834438016164454,6.4,,,1.7857142857142858,,,,-1.067880940025696,5.82,D,C,UNKNOWN
WHEELS.NS,2289.0,2026-10-06T18:18:25.566299+05:30,WAITING FOR 0.786,2026-09-10,2498.0,2026-10-01,2104.10009765625,,2413.7054208984373,2301.050048828125,2600.413974609375,5.16655511557906,6.0,0.0,4.0,2.0,4.0,0.0,-5.597432295600373,-5.597432295600373,29.0,,,12.75,,,,-0.1930149067448404,5.75,D,C,UNKNOWN
TTL.NS,7.380000114440918,2026-10-06T18:18:25.566299+05:30,WAITING FOR 0.786,2026-02-18,10.170000076293944,2026-08-11,5.5,,9.17062005996704,7.835000038146973,11.384200096130373,19.525614776505726,10.0,0.0,9.0,1.0,9.0,0.0,-6.371133019611468,-6.371133019611468,11.5,,,5.444444444444445,,,,-0.5540115669227363,5.55,D,C,UNKNOWN
SRGHFL.NS,122.5500030517578,2026-10-06T18:18:25.566299+05:30,WAITING FOR 0.786,2026-07-24,335.0,2026-09-17,118.5999984741211,,288.6903996734619,226.79999923706052,391.2640003967285,57.549678413146296,7.0,0.0,7.0,0.0,7.0,0.0,-5.767450568702701,-5.767450568702701,1.0,,,0.0,,,,-5.767450568702701,5.49,D,C,UNKNOWN
GARFIBRES.NS,770.0499877929688,2026-10-06T18:18:25.566299+05:30,WAITING FOR 0.786,2026-09-18,840.0,2026-10-06,755.0,,821.81,797.5,862.1,6.29829427812161,9.0,0.0,8.0,1.0,8.0,0.0,-5.842855663115355,-5.842855663115355,11.77777777777778,,,5.375,,,,-0.496091518566398,5.37,D,C,UNKNOWN
SALONA.NS,274.20001220703125,2026-10-06T18:18:25.566299+05:30,WAITING FOR 0.786,2026-07-23,309.79998779296875,2026-08-07,238.1000061035156,,294.4561917114258,273.9499969482422,328.4419830322266,6.8791827356940365,16.0,0.0,16.0,0.0,16.0,0.0,-7.212731902348533,-7.212731902348533,3.1875,,,2.5625,,,,-2.262817851717186,5.23,D,C,UNKNOWN
NCLIND.NS,166.8000030517578,2026-10-06T18:18:25.566299+05:30,WAITING FOR 0.786,2026-01-08,214.8000030517578,2026-03-30,147.5,,200.39780239868165,181.1500015258789,232.29800384521485,16.765552787890684,7.0,0.0,7.0,0.0,7.0,0.0,-6.027434555022496,-6.027434555022496,13.428571428571429,,,13.142857142857142,,,,-0.4488515094165688,5.08,D,C,UNKNOWN
TNPETRO.NS,126.02999877929688,2026-10-06T18:18:25.566299+05:30,WAITING FOR 0.786,2026-09-08,146.99000549316406,2026-10-01,118.5,,140.89314431762696,132.74500274658203,154.39740692138673,10.54923261902856,8.0,0.0,7.0,1.0,7.0,0.0,-6.165477825119237,-6.165477825119237,20.875,,,14.857142857142858,,,,-0.2953522311434365,4.87,D,C,UNKNOWN
TREL.NS,26.63999938964844,2026-10-06T18:18:25.566299+05:30,WAITING FOR 0.786,2026-09-18,31.51000022888184,2026-10-05,26.51000022888184,,30.44000022888184,29.01000022888184,32.81000022888183,12.48357690755834,6.0,0.0,6.0,0.0,6.0,0.0,-6.243276430387321,-6.243276430387321,6.666666666666667,,,6.333333333333333,,,,-0.9364914645580982,4.74,D,C,UNKNOWN
DVL.NS,278.6000061035156,2026-10-06T18:18:25.566299+05:30,WAITING FOR 0.786,2025-10-06,375.8999938964844,2026-03-30,186.9900054931641,,335.4732563781738,281.4449996948242,425.01659088134767,16.95313983852884,10.0,0.0,10.0,0.0,10.0,0.0,-7.012774206844476,-7.012774206844476,7.5,,,6.8,,,,-0.9350365609125968,4.54,D,C,UNKNOWN
ZODIACLOTH.NS,66.66999816894531,2026-10-06T18:18:25.566299+05:30,WAITING FOR 0.786,2025-10-23,104.0,2026-03-30,58.5,,94.263,81.25,115.83,29.272356949232137,6.0,0.0,6.0,0.0,6.0,0.0,-6.418321650213385,-6.418321650213385,4.833333333333333,,,4.166666666666667,,,,-1.327928617285528,4.47,D,C,UNKNOWN
VHL.NS,3574.199951171875,2026-10-06T18:18:25.566299+05:30,WAITING FOR 0.786,2025-10-27,4275.0,2026-03-30,2870.0,,3974.33,3572.5,4640.3,10.06786172331248,7.0,0.0,7.0,0.0,7.0,0.0,-6.428922337211206,-6.428922337211206,1.2857142857142858,,,0.5714285714285714,,,,-5.000272928942048,4.45,D,C,UNKNOWN
SURYODAY.NS,151.47000122070312,2026-10-06T18:18:25.566299+05:30,WAITING FOR 0.786,2026-07-24,218.0,2026-10-01,141.08999633789062,,201.5412592163086,179.5449981689453,237.99660095214844,24.84417244900975,7.0,0.0,6.0,1.0,6.0,0.0,-6.764072580470551,-6.764072580470551,23.714285714285715,,,17.5,,,,-0.2852319762849027,3.93,D,C,UNKNOWN
SOUTHWEST.NS,199.72000122070312,2026-10-06T18:18:25.566299+05:30,WAITING FOR 0.786,2026-06-01,275.0,2026-10-01,177.5399932861328,,254.14355856323243,226.2699966430664,300.3396017456055,21.414494095465496,8.0,0.0,8.0,0.0,8.0,0.0,-6.868568482287503,-6.868568482287503,8.0,,,7.5,,,,-0.8585710602859379,3.77,D,C,UNKNOWN
GOKUL.NS,38.77999877929688,2026-10-06T18:18:25.566299+05:30,WAITING FOR 0.786,2026-09-08,44.400001525878906,2026-10-05,37.5,,42.92340119934082,40.95000076293945,46.19400192260742,9.65301514854694,11.0,0.0,11.0,0.0,11.0,0.0,-7.829361362337516,-7.829361362337516,5.545454545454546,,,5.090909090909091,,,,-1.4118520489461093,3.27,D,C,UNKNOWN
PAKKA.NS,69.12999725341797,2026-10-06T18:18:25.566299+05:30,WAITING FOR 0.786,2025-10-03,160.3000030517578,2026-10-06,68.66000366210938,,140.68904318237304,114.4800033569336,184.12640289306643,50.86326860308104,6.0,0.0,6.0,0.0,6.0,0.0,-7.394372788775416,-7.394372788775416,6.166666666666667,,,5.666666666666667,,,,-1.1990874792608783,2.95,D,C,UNKNOWN
MODTHREAD.NS,48.9900016784668,2026-10-06T18:18:25.566299+05:30,WAITING FOR 0.786,2026-08-18,65.6500015258789,2026-09-23,45.0,,61.23090119934082,55.32500076293945,71.01900192260743,19.991375728773043,8.0,0.0,8.0,0.0,8.0,0.0,-7.467311364407546,-7.467311364407546,7.25,,,6.75,,,,-1.0299739812975923,2.83,D,C,UNKNOWN
RESPONIND.NS,156.30999755859375,2026-10-06T18:18:25.566299+05:30,WAITING FOR 0.786,2026-07-20,240.8999938964844,2026-09-08,142.97999572753906,,219.94511428833007,191.9399948120117,266.3591934204102,28.93227109665,7.0,0.0,7.0,0.0,7.0,0.0,-7.62125851974565,-7.62125851974565,5.571428571428571,,,5.142857142857143,,,,-1.3679181958517834,2.59,D,C,UNKNOWN
DISHTV.NS,2.119999885559082,2026-10-06T18:18:25.566299+05:30,WAITING FOR 0.786,2025-11-14,4.989999771118164,2026-03-30,1.8200000524520876,,4.311619831323624,3.4049999117851257,5.814199697971344,50.83054702185411,8.0,0.0,8.0,0.0,8.0,0.0,-7.858217924311292,-7.858217924311292,3.25,,,2.5,,,,-2.4179132074803977,2.22,D,C,UNKNOWN
SEPC.NS,5.050000190734863,2026-10-06T18:18:25.566299+05:30,WAITING FOR 0.786,2025-10-03,12.239999771118164,2026-03-23,4.650000095367432,,10.615739840507509,8.444999933242798,14.213399686813355,52.42912631048957,7.0,0.0,6.0,1.0,6.0,0.0,-7.918417638878294,-7.918417638878294,12.428571428571429,,,3.8333333333333335,,,,-0.6371140628982536,2.13,D,C,UNKNOWN
BALAJITELE.NS,90.55999755859376,2026-10-06T18:18:25.566299+05:30,WAITING FOR 0.786,2026-05-14,111.9499969482422,2026-07-30,80.94999694824219,,105.3159969482422,96.4499969482422,120.0099969482422,14.011166220930624,7.0,0.0,6.0,1.0,6.0,0.0,-8.59052581999134,-8.59052581999134,12.857142857142858,,,4.5,,,,-0.6681520082215486,2.0,D,C,UNKNOWN
FIBERWEB.NS,26.46999931335449,2026-10-06T18:18:25.566299+05:30,WAITING FOR 0.786,2026-05-15,35.0,2026-09-16,25.06999969482422,,32.874979934692384,30.03499984741211,37.581800079345705,19.482842678723063,9.0,0.0,8.0,1.0,8.0,0.0,-8.518842455200767,-8.518842455200767,12.22222222222222,,,5.625,,,,-0.6969962008800628,2.0,D,C,UNKNOWN
SGL.NS,8.800000190734863,2026-10-06T18:18:25.566299+05:30,WAITING FOR 0.786,2026-06-02,12.65999984741211,2026-09-30,8.420000076293945,,11.752639896392822,10.539999961853027,13.762399787902831,25.12320407744474,7.0,0.0,7.0,0.0,7.0,0.0,-10.901615332787276,-10.901615332787276,3.857142857142857,,,3.4285714285714284,,,,-2.8263447159078123,2.0,D,C,UNKNOWN
MAHEPC.NS,98.97000122070312,2026-10-06T18:18:25.566299+05:30,WAITING FOR 0.786,2025-10-01,154.0,2026-03-30,91.91000366210938,,140.7127407836914,122.95500183105467,170.14339904785157,29.665216760404583,6.0,0.0,5.0,1.0,5.0,0.0,-8.243832723714421,-8.243832723714421,14.166666666666666,,,4.0,,,,-0.5819176040269003,2.0,D,C,UNKNOWN
SHRADHA.NS,29.82999992370605,2026-10-06T18:18:25.566299+05:30,WAITING FOR 0.786,2025-10-07,51.810001373291016,2026-03-30,26.34000015258789,,46.35942111206055,39.07500076293945,58.43220169067383,35.6549344056721,8.0,0.0,7.0,1.0,7.0,0.0,-8.825043337932048,-8.825043337932048,11.375,,,4.0,,,,-0.775827985752268,2.0,D,C,UNKNOWN
OSWALGREEN.NS,19.270000457763672,2026-10-06T18:18:25.566299+05:30,WAITING FOR 0.786,2025-10-01,42.5,2026-09-16,18.549999237060547,,37.37469983673096,30.524999618530277,48.72700019836426,48.441056270837045,9.0,0.0,9.0,0.0,9.0,0.0,-8.368145611540418,-8.368145611540418,3.4444444444444446,,,2.7777777777777777,,,,-2.429461629156896,2.0,D,C,UNKNOWN
TECILCHEM.NS,9.239999771118164,2026-10-06T18:18:25.566299+05:30,WAITING FOR 0.786,2025-12-30,21.3799991607666,2026-08-26,8.0,,18.51667934036255,14.6899995803833,24.85879894256592,50.09904529168539,6.0,0.0,6.0,0.0,6.0,0.0,-9.367997932834026,-9.367997932834026,8.333333333333334,,,7.833333333333333,,,,-1.124159751940083,2.0,D,C,UNKNOWN
PREMIERENE.NS,907.0,2026-10-06T18:18:25.566299+05:30,WAITING FOR 0.786,2026-09-16,944.2000122070312,2026-10-01,860.0999755859375,,926.2026043701172,902.1499938964844,966.0660217285156,2.0732617549889474,3.0,0.0,3.0,0.0,3.0,0.0,-6.107390262365979,-6.107390262365979,1.0,,,0.0,,,,-6.107390262365979,,INSUFFICIENT,C,UNKNOWN
GANDHAR.NS,282.5,2026-10-06T18:18:25.566299+05:30,WAITING FOR 0.786,2026-07-24,303.1700134277344,2026-08-10,234.75999450683597,,288.5302693786621,268.9650039672852,320.956618347168,2.0899954072922955,1.0,0.0,1.0,0.0,1.0,0.0,-22.2036965451605,-22.2036965451605,6.0,,,6.0,,,,-3.700616090860084,,INSUFFICIENT,C,UNKNOWN
BEPL.NS,128.6300048828125,2026-10-06T18:18:25.566299+05:30,WAITING FOR 0.786,2026-09-09,136.0,2026-10-01,120.91000366210938,,132.7707407836914,128.4550018310547,139.92339904785158,3.1187111531033294,2.0,0.0,1.0,1.0,1.0,0.0,8.335317577851693,8.335317577851693,30.5,,,0.0,,,,0.2732891009131702,,INSUFFICIENT,C,UNKNOWN
CAMS.NS,693.9000244140625,2026-10-06T18:18:25.566299+05:30,WAITING FOR 0.786,2026-09-15,732.5999755859375,2026-10-01,665.4500122070312,,718.2298834228516,699.0249938964844,750.0589660644531,3.3874751761707302,5.0,0.0,4.0,1.0,4.0,0.0,-0.5468585278076568,-0.5468585278076568,12.8,,,0.0,,,,-0.0427233224849731,,INSUFFICIENT,C,UNKNOWN
ONESOURCE.NS,1535.800048828125,2026-10-06T18:18:25.566299+05:30,WAITING FOR 0.786,2026-09-15,1657.5,2026-10-01,1433.5999755859375,,1609.5853947753906,1545.5499877929688,1715.7140063476563,4.58412123934325,1.0,0.0,1.0,0.0,1.0,0.0,-10.082533359390297,-10.082533359390297,15.0,,,15.0,,,,-0.6721688906260198,,INSUFFICIENT,C,UNKNOWN
DISAQ.NS,11540.0,2026-10-06T18:18:25.566299+05:30,WAITING FOR 0.786,2026-08-28,12400.0,2026-10-01,11000.0,,12100.4,11700.0,12764.0,4.63125185944266,2.0,0.0,2.0,0.0,2.0,0.0,-3.5323248788132147,-3.5323248788132147,4.0,,,4.0,,,,-0.8830812197033037,,INSUFFICIENT,C,UNKNOWN
MAWANASUG.NS,147.88999938964844,2026-10-06T18:18:25.566299+05:30,WAITING FOR 0.786,2026-08-24,164.0,2026-09-16,122.80999755859376,,155.18533947753906,143.40499877929688,174.7094006347656,4.70104979790731,4.0,0.0,4.0,0.0,4.0,0.0,-5.582732424311342,-5.582732424311342,2.75,,,2.25,,,,-2.030084517931397,,INSUFFICIENT,C,UNKNOWN
VRAJ.NS,121.5999984741211,2026-10-06T18:18:25.566299+05:30,WAITING FOR 0.786,2026-09-21,132.3000030517578,2026-10-06,119.44000244140624,,129.54796292114258,125.87000274658205,135.6436032104492,6.135152006874484,1.0,0.0,1.0,0.0,1.0,0.0,-6.95446562168498,-6.95446562168498,6.0,,,6.0,,,,-1.1590776036141632,,INSUFFICIENT,C,UNKNOWN
MODIS.NS,380.8500061035156,2026-10-06T18:18:25.566299+05:30,WAITING FOR 0.786,2026-08-17,424.8999938964844,2026-09-16,339.5,,406.6243952026367,382.1999969482422,447.1039923095704,6.338623408533252,3.0,0.0,3.0,0.0,3.0,0.0,-5.194789004946736,-5.194789004946736,11.666666666666666,,,11.0,,,,-0.4452676289954345,,INSUFFICIENT,C,UNKNOWN
PARKHOSPS.NS,274.8500061035156,2026-10-06T18:18:25.566299+05:30,WAITING FOR 0.786,2026-08-03,302.79998779296875,2026-10-05,261.0,,293.85479040527343,281.8999938964844,313.6679846191406,6.467406665566735,3.0,0.0,3.0,0.0,3.0,0.0,-3.60304587056377,-3.60304587056377,1.0,,,0.0,,,,-3.60304587056377,,INSUFFICIENT,C,UNKNOWN
AEGISVOPAK.NS,293.3500061035156,2026-10-06T18:18:25.566299+05:30,WAITING FOR 0.786,2026-09-21,320.95001220703125,2026-10-06,291.5,,314.64770959472656,306.2250061035156,328.60701538085937,6.768745756529697,3.0,0.0,3.0,0.0,3.0,0.0,-4.983124411236411,-4.983124411236411,1.0,,,0.0,,,,-4.983124411236411,,INSUFFICIENT,C,UNKNOWN
ALKEM.NS,5292.0,2026-10-06T18:18:25.566299+05:30,WAITING FOR 0.786,2026-07-30,5882.5,2026-09-11,5051.0,,5704.559,5466.75,6098.6900000000005,7.232092787540635,3.0,0.0,2.0,1.0,2.0,0.0,-4.897237291864887,-4.897237291864887,27.0,,,9.5,,,,-0.1813791589579587,,INSUFFICIENT,C,UNKNOWN
ENRIN.NS,3307.5,2026-10-06T18:18:25.566299+05:30,WAITING FOR 0.786,2026-08-07,3735.0,2026-09-16,2968.0,,3570.862,3351.5,3934.42,7.375306018546785,3.0,0.0,2.0,1.0,2.0,0.0,0.1366284505471645,0.1366284505471645,25.33333333333333,,,7.0,,,,0.0053932283110722,,INSUFFICIENT,C,UNKNOWN
UNIPARTS.NS,824.7000122070312,2026-10-06T18:18:25.566299+05:30,WAITING FOR 0.786,2026-09-01,915.9500122070312,2026-10-01,801.7000122070312,,891.5005122070313,858.8250122070312,945.6550122070312,7.493041123961476,3.0,0.0,2.0,1.0,2.0,0.0,1.1667814612632192,1.1667814612632192,28.33333333333333,,,11.0,,,,0.0411805221622312,,INSUFFICIENT,C,UNKNOWN
OMNI.NS,656.9500122070312,2026-10-06T18:18:25.566299+05:30,WAITING FOR 0.786,2026-08-06,764.8499755859375,2026-09-07,513.0,,710.9540808105469,638.9249877929688,830.3309692382812,7.595999525306402,2.0,0.0,2.0,0.0,2.0,0.0,-3.830296953348044,-3.830296953348044,1.0,,,0.0,,,,-3.830296953348044,,INSUFFICIENT,C,UNKNOWN
COCKERILL.NS,7978.5,2026-10-06T18:18:25.566299+05:30,WAITING FOR 0.786,2026-09-15,8885.0,2026-10-01,7748.5,,8641.789,8316.75,9180.49,7.675366755656735,1.0,0.0,1.0,0.0,1.0,0.0,-6.81690811854697,-6.81690811854697,1.0,,,1.0,,,,-6.81690811854697,,INSUFFICIENT,C,UNKNOWN
FEDFINA.NS,150.72000122070312,2026-10-06T18:18:25.566299+05:30,WAITING FOR 0.786,2026-09-07,169.0,2026-10-01,146.2100067138672,,164.12294143676758,157.6050033569336,174.92539825439454,8.166402636177628,4.0,0.0,3.0,1.0,3.0,0.0,-2.3291544593941795,-2.3291544593941795,20.75,,,7.666666666666667,,,,-0.1122484076816472,,INSUFFICIENT,C,UNKNOWN
CORONA.NS,2038.300048828125,2026-10-06T18:18:25.566299+05:30,WAITING FOR 0.786,2026-09-15,2292.39990234375,2026-10-01,1986.0999755859373,,2226.851718017578,2139.249938964844,2372.037883300781,8.467185653354077,4.0,0.0,4.0,0.0,4.0,0.0,-3.426798630598225,-3.426798630598225,1.0,,,0.25,,,,-3.426798630598225,,INSUFFICIENT,C,UNKNOWN
ATUL.NS,6000.0,2026-10-06T18:18:25.566299+05:30,WAITING FOR 0.786,2026-08-18,6770.5,2026-10-01,5798.0,,6562.385,6284.25,7023.35,8.569826366481092,3.0,0.0,3.0,0.0,3.0,0.0,-6.114860927607668,-6.114860927607668,18.33333333333333,,,18.33333333333333,,,,-0.3335378687786001,,INSUFFICIENT,C,UNKNOWN
CANHLIFE.NS,143.1300048828125,2026-10-06T18:18:25.566299+05:30,WAITING FOR 0.786,2026-08-31,162.89999389648438,2026-09-24,135.67999267578125,,157.0749136352539,149.2899932861328,169.9771942138672,8.877871347949986,3.0,0.0,3.0,0.0,3.0,0.0,-3.832756448316058,-3.832756448316058,1.0,,,0.3333333333333333,,,,-3.832756448316058,,INSUFFICIENT,C,UNKNOWN
JUNIPER.NS,218.3600006103516,2026-10-06T18:18:25.566299+05:30,WAITING FOR 0.786,2026-02-13,253.6000061035156,2026-03-30,188.5,,239.6686047973633,221.0500030517578,270.5260076904297,8.890861698397199,1.0,0.0,1.0,0.0,1.0,0.0,-2.351812062973538,-2.351812062973538,1.0,,,0.0,,,,-2.351812062973538,,INSUFFICIENT,C,UNKNOWN
SCPL.NS,609.25,2026-10-06T18:18:25.566299+05:30,WAITING FOR 0.786,2026-08-21,690.0,2026-10-06,605.0,,671.81,647.5,712.1,9.312156710974822,5.0,0.0,4.0,1.0,4.0,0.0,-3.723290087628445,-3.723290087628445,12.8,,,0.25,,,,-0.2908820380959722,,INSUFFICIENT,C,UNKNOWN
AARTIIND.NS,481.1499938964844,2026-10-06T18:18:25.566299+05:30,WAITING FOR 0.786,2026-08-25,551.75,2026-09-16,459.5499877929688,,532.0191973876953,505.6499938964844,575.7220031738282,9.561535324474631,1.0,0.0,1.0,0.0,1.0,0.0,-6.901196418667293,-6.901196418667293,9.0,,,9.0,,,,-0.7667996020741437,,INSUFFICIENT,C,UNKNOWN
NIMBSPROJ.NS,191.57000732421875,2026-10-06T18:18:25.566299+05:30,WAITING FOR 0.786,2026-05-22,231.22999572753903,2026-09-09,141.0399932861328,,211.92933520507813,186.13499450683597,254.6793963623047,9.606658682318908,1.0,0.0,1.0,0.0,1.0,0.0,-6.159886188191983,-6.159886188191983,1.0,,,0.0,,,,-6.159886188191983,,INSUFFICIENT,C,UNKNOWN
MUNJALSHOW.NS,124.81999969482422,2026-10-06T18:18:25.566299+05:30,WAITING FOR 0.786,2026-08-14,143.3000030517578,2026-10-01,121.9000015258789,,138.72040272521974,132.60000228881836,148.86400344848633,10.02044598870559,3.0,0.0,2.0,1.0,2.0,0.0,-2.883918766746041,-2.883918766746041,20.666666666666668,,,0.0,,,,-0.1395444564554535,,INSUFFICIENT,C,UNKNOWN
PNGSREVA.NS,547.2000122070312,2026-10-06T18:18:25.566299+05:30,WAITING FOR 0.786,2026-08-12,644.0,2026-09-16,481.7000122070313,,609.2678026123046,562.8500061035156,686.1979968261719,10.18727563464715,3.0,0.0,3.0,0.0,3.0,0.0,-6.1543234455223415,-6.1543234455223415,1.3333333333333333,,,0.6666666666666666,,,,-4.615742584141756,,INSUFFICIENT,C,UNKNOWN
RAJPALAYAM.NS,743.9500122070312,2026-10-06T18:18:25.566299+05:30,WAITING FOR 0.786,2026-07-15,860.0,2026-10-05,715.0,,828.97,787.5,897.7,10.2560994719916,2.0,0.0,2.0,0.0,2.0,0.0,-2.6239261762221573,-2.6239261762221573,1.0,,,0.0,,,,-2.6239261762221573,,INSUFFICIENT,C,UNKNOWN
QUESS.NS,334.45001220703125,2026-10-06T18:18:25.566299+05:30,WAITING FOR 0.786,2026-08-31,388.75,2026-10-01,326.6000061035156,,375.4499013061524,357.6750030517578,404.908998413086,10.92020239091464,3.0,0.0,2.0,1.0,2.0,0.0,-7.899014404703135,-7.899014404703135,21.33333333333333,,,0.0,,,,-0.3702663002204595,,INSUFFICIENT,C,UNKNOWN
HATSUN.NS,1150.0,2026-10-06T18:18:25.566299+05:30,WAITING FOR 0.786,2026-09-15,1349.699951171875,2026-10-01,1078.300048828125,,1291.6203720703124,1214.0,1420.26392578125,10.964550817924309,5.0,0.0,4.0,1.0,4.0,0.0,-5.745139249575817,-5.745139249575817,14.8,,,2.25,,,,-0.3881850844307984,,INSUFFICIENT,C,UNKNOWN
CHEVIOT.NS,1152.9000244140625,2026-10-06T18:18:25.566299+05:30,WAITING FOR 0.786,2026-05-07,1370.5,2026-07-31,1044.0,,1300.629,1207.25,1455.39,11.358271696689634,4.0,0.0,3.0,1.0,3.0,0.0,-2.64710124437988,-2.64710124437988,15.75,,,0.0,,,,-0.1680699202780876,,INSUFFICIENT,C,UNKNOWN
NIPPOBATRY.NS,319.45001220703125,2026-10-06T18:18:25.566299+05:30,WAITING FOR 0.786,2026-06-17,373.9500122070313,2026-10-01,311.29998779296875,,360.5429069824218,342.625,390.2390185546875,11.397504701817386,4.0,0.0,3.0,1.0,3.0,0.0,-6.458157332574444,-6.458157332574444,22.5,,,8.666666666666666,,,,-0.2870292147810864,,INSUFFICIENT,C,UNKNOWN
AVL.NS,595.0999755859375,2026-10-06T18:18:25.566299+05:30,WAITING FOR 0.786,2026-06-25,705.0,2026-10-01,560.9000244140625,,674.1626052246094,632.9500122070312,742.4659936523437,11.72753116621334,3.0,0.0,3.0,0.0,3.0,0.0,-7.943770833969622,-7.943770833969622,9.0,,,8.666666666666666,,,,-0.8826412037744025,,INSUFFICIENT,C,UNKNOWN
DEEPAKNTR.NS,1560.5999755859375,2026-10-06T18:18:25.566299+05:30,WAITING FOR 0.786,2026-08-05,1851.0,2026-10-01,1473.0999755859375,,1770.129394775391,1662.0499877929688,1949.2540063476563,11.836954959783608,2.0,0.0,1.0,1.0,1.0,0.0,1.939085643532121,1.939085643532121,31.5,,,1.0,,,,0.0615582743978451,,INSUFFICIENT,C,UNKNOWN
AARTIDRUGS.NS,428.7999877929688,2026-10-06T18:18:25.566299+05:30,WAITING FOR 0.786,2025-11-10,534.0,2026-03-30,318.95001220703125,,487.9793026123047,426.4750061035156,589.9129968261718,12.12742313096697,4.0,0.0,3.0,1.0,3.0,0.0,-5.274664808617231,-5.274664808617231,28.0,,,17.0,,,,-0.1883808860220439,,INSUFFICIENT,C,UNKNOWN
NIVABUPA.NS,76.55999755859375,2026-10-06T18:18:25.566299+05:30,WAITING FOR 0.786,2026-07-31,91.4000015258789,2026-09-29,71.9800033569336,,87.24412191772461,81.69000244140625,96.44920104980469,12.246239774418848,1.0,0.0,1.0,0.0,1.0,0.0,-2.554836721484379,-2.554836721484379,1.0,,,0.0,,,,-2.554836721484379,,INSUFFICIENT,C,UNKNOWN
IDEA.NS,13.210000038146973,2026-10-06T18:18:25.566299+05:30,WAITING FOR 0.786,2026-09-09,15.789999961853027,2026-10-01,12.5,,15.08593997001648,14.144999980926514,16.645399951934813,12.43502185212167,4.0,0.0,3.0,1.0,3.0,0.0,-2.4353036657836062,-2.4353036657836062,19.25,,,5.333333333333333,,,,-0.1265092813394081,,INSUFFICIENT,C,UNKNOWN
SAYAJIHOTL.NS,307.3500061035156,2026-10-06T18:18:25.566299+05:30,WAITING FOR 0.786,2026-08-28,365.2000122070313,2026-09-29,302.0,,351.67520959472654,333.6000061035156,381.63201538085934,12.604017082208223,2.0,0.0,2.0,0.0,2.0,0.0,-3.799824270756596,-3.799824270756596,1.0,,,0.5,,,,-3.799824270756596,,INSUFFICIENT,C,UNKNOWN
NILKAMAL.NS,1811.5,2026-10-06T18:18:25.566299+05:30,WAITING FOR 0.786,2026-09-03,2149.5,2026-10-06,1801.0,,2074.921,1975.25,2240.11,12.695471297461438,2.0,0.0,2.0,0.0,2.0,0.0,-8.49472380406121,-8.49472380406121,12.5,,,12.0,,,,-0.6795779043248967,,INSUFFICIENT,C,UNKNOWN
MERCURYEV.NS,36.970001220703125,2026-10-06T18:18:25.566299+05:30,WAITING FOR 0.786,2026-09-11,44.04999923706055,2026-10-05,36.150001525878906,,42.35939972686768,40.10000038146973,46.10399864196778,12.723028515312436,2.0,0.0,2.0,0.0,2.0,0.0,-3.7253918387890663,-3.7253918387890663,1.0,,,0.0,,,,-3.7253918387890663,,INSUFFICIENT,C,UNKNOWN
GTL.NS,6.860000133514404,2026-10-06T18:18:25.566299+05:30,WAITING FOR 0.786,2026-08-07,8.199999809265137,2026-09-29,6.650000095367432,,7.868299870491028,7.424999952316284,8.60299973487854,12.814709067687067,1.0,0.0,1.0,0.0,1.0,0.0,-6.999511953217461,-6.999511953217461,5.0,,,5.0,,,,-1.3999023906434922,,INSUFFICIENT,C,UNKNOWN
SAHLIBHFI.NS,76.70999908447266,2026-10-06T18:18:25.566299+05:30,WAITING FOR 0.786,2026-09-03,91.9499969482422,2026-09-22,74.5,,88.21569760131835,83.2249984741211,96.48699615478516,13.042688353318365,2.0,0.0,2.0,0.0,2.0,0.0,-5.3015239678366495,-5.3015239678366495,1.0,,,0.0,,,,-5.3015239678366495,,INSUFFICIENT,C,UNKNOWN
TRUALT.NS,444.3500061035156,2026-10-06T18:18:25.566299+05:30,WAITING FOR 0.786,2026-06-10,542.0,2026-09-15,400.0,,511.612,471.0,578.92,13.14707119779919,1.0,0.0,1.0,0.0,1.0,0.0,-13.18598613284753,-13.18598613284753,32.0,,,32.0,,,,-0.4120620666514853,,INSUFFICIENT,C,UNKNOWN
SAATVIKGL.NS,402.5,2026-10-06T18:18:25.566299+05:30,WAITING FOR 0.786,2026-07-15,485.5499877929688,2026-08-17,384.7000122070313,,463.9680930175781,435.125,511.7709814453125,13.248344863069988,3.0,0.0,3.0,0.0,3.0,0.0,-6.144833106042415,-6.144833106042415,13.333333333333334,,,13.0,,,,-0.4608624829531811,,INSUFFICIENT,C,UNKNOWN
FINPIPE.NS,154.72000122070312,2026-10-06T18:18:25.566299+05:30,WAITING FOR 0.786,2026-06-23,186.6000061035156,2026-09-16,148.0500030517578,,178.35030545043946,167.32500457763672,196.62300689697264,13.24937693269205,4.0,0.0,3.0,1.0,3.0,0.0,-4.968289704978634,-4.968289704978634,15.75,,,0.0,,,,-0.3154469653954688,,INSUFFICIENT,C,UNKNOWN
ORTINGLOBE.NS,14.390000343322754,2026-10-06T18:18:25.566299+05:30,WAITING FOR 0.786,2026-09-16,17.3799991607666,2026-10-06,13.800000190734863,,16.61387938117981,15.589999675750732,18.31079889297485,13.385669817587967,3.0,0.0,3.0,0.0,3.0,0.0,-6.8983297899874,-6.8983297899874,1.0,,,0.0,,,,-6.8983297899874,,INSUFFICIENT,C,UNKNOWN
SINGERIND.NS,74.93000030517578,2026-10-06T18:18:25.566299+05:30,WAITING FOR 0.786,2026-08-12,91.3000030517578,2026-09-10,69.0,,86.52780239868164,80.1500015258789,97.09800384521483,13.403555587911905,3.0,0.0,3.0,0.0,3.0,0.0,-5.280360164614044,-5.280360164614044,2.0,,,1.3333333333333333,,,,-2.640180082307022,,INSUFFICIENT,C,UNKNOWN
AEPL.NS,15.199999809265137,2026-10-06T18:18:25.566299+05:30,WAITING FOR 0.786,2026-09-08,18.5,2026-09-30,14.260000228881836,,17.592640048980712,16.380000114440918,19.602399940490724,13.600234149360665,2.0,0.0,2.0,0.0,2.0,0.0,-8.516028523792876,-8.516028523792876,17.5,,,17.0,,,,-0.4866302013595929,,INSUFFICIENT,C,UNKNOWN
DEN.NS,25.780000686645508,2026-10-06T18:18:25.566299+05:30,WAITING FOR 0.786,2026-06-29,31.32999992370605,2026-10-06,24.399999618530277,,29.84697985839844,27.864999771118164,33.13180000305176,13.626099494983077,4.0,0.0,3.0,1.0,3.0,0.0,2.1853098197647234,2.1853098197647234,15.75,,,0.0,,,,0.1387498298263316,,INSUFFICIENT,C,UNKNOWN
METROGLOBL.NS,130.0,2026-10-06T18:18:25.566299+05:30,WAITING FOR 0.786,2026-08-18,157.0,2026-09-28,126.98999786376952,,150.57785954284668,141.99499893188477,164.80260055541993,13.665926455138171,3.0,0.0,3.0,0.0,3.0,0.0,-5.070096931716943,-5.070096931716943,1.0,,,0.3333333333333333,,,,-5.070096931716943,,INSUFFICIENT,C,UNKNOWN
POLYPLEX.NS,1034.300048828125,2026-10-06T18:18:25.566299+05:30,WAITING FOR 0.786,2026-08-12,1264.0,2026-10-06,999.0,,1207.29,1131.5,1332.9,14.328781914194185,4.0,0.0,4.0,0.0,4.0,0.0,-4.108035368879103,-4.108035368879103,4.25,,,3.5,,,,-0.9665965573833184,,INSUFFICIENT,C,UNKNOWN
EQUITASBNK.NS,67.95999908447266,2026-10-06T18:18:25.566299+05:30,WAITING FOR 0.786,2026-07-15,83.9000015258789,2026-09-28,64.62999725341797,,79.77622061157227,74.26499938964844,88.91020263671875,14.81170884821982,4.0,0.0,3.0,1.0,3.0,0.0,-1.080813424980533,-1.080813424980533,19.0,,,4.0,,,,-0.0568849171042385,,INSUFFICIENT,C,UNKNOWN
TRAVELFOOD.NS,1197.9000244140625,2026-10-06T18:18:25.566299+05:30,WAITING FOR 0.786,2026-08-07,1470.9000244140625,2026-09-29,1171.0,,1406.7214191894532,1320.9500122070312,1548.8740307617188,14.844545048280608,4.0,0.0,4.0,0.0,4.0,0.0,-4.685571904952202,-4.685571904952202,10.0,,,9.5,,,,-0.4685571904952202,,INSUFFICIENT,C,UNKNOWN
PROTEAN.NS,689.25,2026-10-06T18:18:25.566299+05:30,WAITING FOR 0.786,2025-10-03,909.5,2026-03-30,444.0,,809.883,676.75,1030.53,14.895114479498892,2.0,0.0,2.0,0.0,2.0,0.0,-4.489273776308856,-4.489273776308856,4.5,,,4.0,,,,-0.9976163947353014,,INSUFFICIENT,C,UNKNOWN
RELAXO.NS,290.5,2026-10-06T18:18:25.566299+05:30,WAITING FOR 0.786,2026-09-02,359.0,2026-10-01,280.5,,342.201,319.75,379.41,15.108371980210467,1.0,0.0,1.0,0.0,1.0,0.0,-2.478521343044259,-2.478521343044259,1.0,,,0.0,,,,-2.478521343044259,,INSUFFICIENT,C,UNKNOWN
PYRAMID.NS,159.7100067138672,2026-10-06T18:18:25.566299+05:30,WAITING FOR 0.786,2026-07-28,198.69000244140625,2026-09-09,150.0,,188.2703419189453,174.34500122070312,211.34940307617188,15.169853580748264,3.0,0.0,3.0,0.0,3.0,0.0,-6.70320458699194,-6.70320458699194,4.333333333333333,,,3.6666666666666665,,,,-1.5468933662289093,,INSUFFICIENT,C,UNKNOWN
JNKINDIA.NS,440.9500122070313,2026-10-06T18:18:25.566299+05:30,WAITING FOR 0.786,2026-07-15,558.0,2026-08-13,380.3500061035156,,519.9829013061524,469.1750030517578,604.188998413086,15.199132298503912,1.0,0.0,1.0,0.0,1.0,0.0,-6.908782390441064,-6.908782390441064,1.0,,,0.0,,,,-6.908782390441064,,INSUFFICIENT,C,UNKNOWN
RISHABH.NS,688.4000244140625,2026-10-06T18:18:25.566299+05:30,WAITING FOR 0.786,2026-09-09,852.0,2026-10-01,668.5499877929688,,812.7416973876954,760.2749938964844,899.6970031738281,15.299039457836402,4.0,0.0,3.0,1.0,3.0,0.0,0.8445566436101437,0.8445566436101437,17.75,,,3.0,,,,0.0475806559780362,,INSUFFICIENT,C,UNKNOWN
NITTAGELA.NS,1668.0999755859375,2026-10-06T18:18:25.566299+05:30,WAITING FOR 0.786,2026-07-10,2087.199951171875,2026-08-19,1546.199951171875,,1971.425951171875,1816.699951171875,2227.859951171875,15.386120660815664,1.0,0.0,1.0,0.0,1.0,0.0,-4.879403116154505,-4.879403116154505,1.0,,,0.0,,,,-4.879403116154505,,INSUFFICIENT,C,UNKNOWN
JKIPL.NS,95.5199966430664,2026-10-06T18:18:25.566299+05:30,WAITING FOR 0.786,2026-06-18,119.6999969482422,2026-09-11,89.41999816894531,,113.22007720947266,104.55999755859376,127.57279663085936,15.63334083729574,2.0,0.0,2.0,0.0,2.0,0.0,-12.954255380517251,-12.954255380517251,11.0,,,11.0,,,,-1.177659580047023,,INSUFFICIENT,C,UNKNOWN
ADVAIT.NS,1946.9000244140625,2026-10-06T18:18:25.566299+05:30,WAITING FOR 0.786,2026-08-07,2442.0,2026-10-05,1821.5999755859373,,2309.2343947753907,2131.7999877929688,2603.3040063476565,15.690670950558523,3.0,0.0,3.0,0.0,3.0,0.0,-5.483426526251839,-5.483426526251839,6.333333333333333,,,6.333333333333333,,,,-0.8658041883555536,,INSUFFICIENT,C,UNKNOWN
ATLASCYCLE.NS,92.93000030517578,2026-10-06T18:18:25.566299+05:30,WAITING FOR 0.786,2026-09-09,116.0,2026-10-06,89.55000305175781,,110.33970065307616,102.7750015258789,122.87699920654296,15.778274043572926,1.0,0.0,1.0,0.0,1.0,0.0,-18.51372993864909,-18.51372993864909,20.0,,,20.0,,,,-0.9256864969324544,,INSUFFICIENT,C,UNKNOWN
GATEWAY.NS,50.90999984741211,2026-10-06T18:18:25.566299+05:30,WAITING FOR 0.786,2026-07-03,63.25,2026-10-06,50.79999923706055,,60.58569983673096,57.02499961853027,66.48700019836426,15.97027023768539,5.0,0.0,4.0,1.0,4.0,0.0,-1.4594430528690991,-1.4594430528690991,15.6,,,4.0,,,,-0.0935540418505832,,INSUFFICIENT,C,UNKNOWN
BAIDFIN.NS,10.31999969482422,2026-10-06T18:18:25.566299+05:30,WAITING FOR 0.786,2026-09-08,12.949999809265137,2026-10-06,9.829999923706056,,12.282319833755494,11.389999866485596,13.761199779510498,15.976787492035765,3.0,0.0,3.0,0.0,3.0,0.0,-6.394708945883045,-6.394708945883045,1.0,,,0.0,,,,-6.394708945883045,,INSUFFICIENT,C,UNKNOWN
SAMMAANCAP.NS,134.39999389648438,2026-10-06T18:18:25.566299+05:30,WAITING FOR 0.786,2026-08-06,169.36000061035156,2026-10-01,130.0,,160.93696047973634,149.68000030517578,179.59360076904298,16.48904422212774,3.0,0.0,3.0,0.0,3.0,0.0,-4.203427672876577,-4.203427672876577,1.0,,,0.0,,,,-4.203427672876577,,INSUFFICIENT,C,UNKNOWN
AMBIKCO.NS,1532.699951171875,2026-10-06T18:18:25.566299+05:30,WAITING FOR 0.786,2026-08-07,1931.0,2026-10-01,1491.0,,1836.84,1711.0,2045.4,16.55778667865057,1.0,0.0,1.0,0.0,1.0,0.0,-8.022970078331387,-8.022970078331387,13.0,,,13.0,,,,-0.6171515444870297,,INSUFFICIENT,C,UNKNOWN
CARRARO.NS,525.6500244140625,2026-10-06T18:18:25.566299+05:30,WAITING FOR 0.786,2026-04-16,667.5499877929688,2026-08-11,492.25,,630.0357904052735,579.8999938964844,713.1279846191406,16.568227961155085,2.0,0.0,2.0,0.0,2.0,0.0,-12.17705245813056,-12.17705245813056,13.0,,,12.5,,,,-0.93669634293312,,INSUFFICIENT,C,UNKNOWN
MPHASIS.NS,2298.0,2026-10-06T18:18:25.566299+05:30,WAITING FOR 0.786,2026-02-03,2975.0,2026-03-30,2013.0,,2769.132,2494.0,3225.12,17.013706822209997,5.0,0.0,3.0,2.0,3.0,0.0,-5.165906370943757,-5.165906370943757,30.0,,,8.333333333333334,,,,-0.1721968790314585,,INSUFFICIENT,C,UNKNOWN
EXPLEOSOL.NS,878.8499755859375,2026-10-06T18:18:25.566299+05:30,WAITING FOR 0.786,2025-11-14,1175.0999755859375,2026-03-30,640.0,,1060.5885808105468,907.5499877929688,1314.225969238281,17.135636618463014,2.0,0.0,1.0,1.0,1.0,0.0,-2.1172995799861742,-2.1172995799861742,30.5,,,0.0,,,,-0.0694196583602024,,INSUFFICIENT,C,UNKNOWN
JETFREIGHT.NS,19.799999237060547,2026-10-06T18:18:25.566299+05:30,WAITING FOR 0.786,2026-07-16,25.950000762939453,2026-09-17,16.510000228881836,,23.929840648651123,21.230000495910645,28.404400901794432,17.258123329055124,1.0,0.0,1.0,0.0,1.0,0.0,-9.171509987659167,-9.171509987659167,3.0,,,3.0,,,,-3.05716999588639,,INSUFFICIENT,C,UNKNOWN
KSR.NS,38.29999923706055,2026-10-06T18:18:25.566299+05:30,WAITING FOR 0.786,2026-09-17,48.84000015258789,2026-10-05,37.380001068115234,,46.387560348510746,43.11000061035156,51.81959991455078,17.434762791334958,2.0,0.0,1.0,1.0,1.0,0.0,7.787692322167237,7.787692322167237,31.0,,,0.0,,,,0.2512158813602334,,INSUFFICIENT,C,UNKNOWN
SILLYMONKS.NS,20.989999771118164,2026-10-06T18:18:25.566299+05:30,WAITING FOR 0.786,2025-11-06,28.450000762939453,2026-09-11,14.350000381469728,,25.432600681304933,21.40000057220459,32.11600086212158,17.468134564203055,3.0,0.0,3.0,0.0,3.0,0.0,-10.87314405918265,-10.87314405918265,4.0,,,3.333333333333333,,,,-2.7182860147956625,,INSUFFICIENT,C,UNKNOWN
SAGILITY.NS,43.880001068115234,2026-10-06T18:18:25.566299+05:30,WAITING FOR 0.786,2025-10-30,57.88999938964844,2026-03-23,35.83000183105469,,53.16915991210938,46.86000061035156,63.625598754882816,17.47095282180398,5.0,0.0,5.0,0.0,5.0,0.0,-5.682903053087607,-5.682903053087607,5.8,,,5.4,,,,-0.9798108712220012,,INSUFFICIENT,C,UNKNOWN
OMPOWER.NS,153.5,2026-10-06T18:18:25.566299+05:30,WAITING FOR 0.786,2026-06-08,195.75,2026-10-05,150.1999969482422,,186.00229934692385,172.9749984741211,207.59300079345704,17.474138470891624,1.0,0.0,1.0,0.0,1.0,0.0,-4.373022915382038,-4.373022915382038,2.0,,,2.0,,,,-2.186511457691019,,INSUFFICIENT,C,UNKNOWN
DELHIVERY.NS,407.5,2026-10-06T18:18:25.566299+05:30,WAITING FOR 0.786,2026-07-10,524.0,2026-10-01,397.0,,496.822,460.5,557.02,17.978672442041617,1.0,0.0,1.0,0.0,1.0,0.0,-7.899521129784347,-7.899521129784347,1.0,,,0.0,,,,-7.899521129784347,,INSUFFICIENT,C,UNKNOWN
LAXMIINDIA.NS,111.58999633789062,2026-10-06T18:18:25.566299+05:30,WAITING FOR 0.786,2026-08-12,143.0,2026-10-06,111.0,,136.152,127.0,151.32,18.04013430732517,4.0,0.0,4.0,0.0,4.0,0.0,-8.942491632355411,-8.942491632355411,8.0,,,7.5,,,,-1.1178114540444264,,INSUFFICIENT,C,UNKNOWN
AMBALALSA.NS,38.54999923706055,2026-10-06T18:18:25.566299+05:30,WAITING FOR 0.786,2026-08-10,49.97999954223633,2026-10-05,36.70000076293945,,47.1380798034668,43.34000015258789,53.43279922485351,18.21898686202876,2.0,0.0,2.0,0.0,2.0,0.0,-5.492807758146094,-5.492807758146094,1.0,,,0.0,,,,-5.492807758146094,,INSUFFICIENT,C,UNKNOWN
LANCORHOL.NS,32.209999084472656,2026-10-06T18:18:25.566299+05:30,WAITING FOR 0.786,2026-09-07,41.75,2026-10-05,31.0,,39.4495,36.375,44.545,18.35131222329141,1.0,0.0,1.0,0.0,1.0,0.0,-5.151940292388979,-5.151940292388979,3.0,,,3.0,,,,-1.7173134307963265,,INSUFFICIENT,C,UNKNOWN
SECMARK.NS,137.0,2026-10-06T18:18:25.566299+05:30,WAITING FOR 0.786,2026-08-31,179.5,2026-09-17,128.8000030517578,,168.65020065307618,154.1500015258789,192.68199920654297,18.76677319713517,5.0,0.0,5.0,0.0,5.0,0.0,-9.986421600267985,-9.986421600267985,3.0,,,2.6,,,,-3.328807200089328,,INSUFFICIENT,C,UNKNOWN
PACEDIGITK.NS,166.27999877929688,2026-10-06T18:18:25.566299+05:30,WAITING FOR 0.786,2026-07-13,219.94000244140625,2026-09-16,150.25,,205.0263419189453,185.09500122070312,238.05940307617183,18.89822682149123,2.0,0.0,2.0,0.0,2.0,0.0,-7.733694720845949,-7.733694720845949,3.5,,,3.0,,,,-2.2096270630988424,,INSUFFICIENT,C,UNKNOWN
SHILCTECH.NS,4094.199951171875,2026-10-06T18:18:25.566299+05:30,WAITING FOR 0.786,2026-04-28,5399.0,2026-06-11,3769.60009765625,,5050.308420898437,4584.300048828125,5822.643974609375,18.931684761471917,1.0,0.0,1.0,0.0,1.0,0.0,-10.628645737039134,-10.628645737039134,51.0,,,51.0,,,,-0.2084048183733163,,INSUFFICIENT,C,UNKNOWN
SINCLAIR.NS,75.93000030517578,2026-10-06T18:18:25.566299+05:30,WAITING FOR 0.786,2025-10-07,101.12999725341795,2026-03-16,68.81999969482422,,94.21565777587892,84.9749984741211,109.53059661865234,19.408299960290275,1.0,0.0,1.0,0.0,1.0,0.0,-11.63841756833954,-11.63841756833954,1.0,,,0.0,,,,-11.63841756833954,,INSUFFICIENT,C,UNKNOWN
DALBHARAT.NS,1682.5999755859375,2026-10-06T18:18:25.566299+05:30,WAITING FOR 0.786,2026-02-10,2219.89990234375,2026-06-11,1605.0,,2088.3113232421874,1912.449951171875,2379.773876953125,19.42772340219689,3.0,0.0,1.0,2.0,1.0,0.0,-4.31804182204107,-4.31804182204107,45.0,,,15.0,,,,-0.095956484934246,,INSUFFICIENT,C,UNKNOWN
VOLTAS.NS,1067.9000244140625,2026-10-06T18:18:25.566299+05:30,WAITING FOR 0.786,2026-07-16,1403.0,2026-10-01,1040.5999755859375,,1325.446394775391,1221.7999877929688,1497.2240063476563,19.430915605226858,3.0,0.0,2.0,1.0,2.0,0.0,2.675566075807037,2.675566075807037,24.0,,,5.5,,,,0.1114819198252932,,INSUFFICIENT,C,UNKNOWN
PRINCEPIPE.NS,258.20001220703125,2026-10-06T18:18:25.566299+05:30,WAITING FOR 0.786,2025-10-07,352.20001220703125,2026-03-30,205.0,,320.69920959472654,278.6000061035156,390.4720153808594,19.488416409468755,1.0,0.0,1.0,0.0,1.0,0.0,-3.250925681555101,-3.250925681555101,1.0,,,0.0,,,,-3.250925681555101,,INSUFFICIENT,C,UNKNOWN
MOL.NS,60.25,2026-10-06T18:18:25.566299+05:30,WAITING FOR 0.786,2025-10-06,85.3499984741211,2026-03-30,36.5,,74.89609880065919,60.92499923706055,98.05099807739258,19.55522254856121,2.0,0.0,2.0,0.0,2.0,0.0,-11.011396469224076,-11.011396469224076,18.5,,,18.5,,,,-0.5952106199580581,,INSUFFICIENT,C,UNKNOWN
ASAL.NS,426.2000122070313,2026-10-06T18:18:25.566299+05:30,WAITING FOR 0.786,2026-07-22,560.5,2026-10-05,420.0499877929688,,530.4436973876954,490.2749938964844,597.0170031738281,19.6521677407119,2.0,0.0,1.0,1.0,1.0,0.0,3.170910477071982,3.170910477071982,32.5,,,5.0,,,,0.0975664762175994,,INSUFFICIENT,C,UNKNOWN
ASHOKAMET.NS,14.710000038146973,2026-10-06T18:18:25.566299+05:30,WAITING FOR 0.786,2026-09-15,19.399999618530277,2026-10-01,14.399999618530272,,18.329999618530277,16.899999618530273,20.699999618530278,19.749043402727345,2.0,0.0,2.0,0.0,2.0,0.0,-14.625988575312377,-14.625988575312377,6.5,,,6.5,,,,-2.2501520885095965,,INSUFFICIENT,C,UNKNOWN
SANSTAR.NS,104.06999969482422,2026-10-06T18:18:25.566299+05:30,WAITING FOR 0.786,2026-06-24,137.49000549316406,2026-10-01,101.20999908447266,,129.7260841217041,119.35000228881836,146.92280715942383,19.777120847038223,1.0,0.0,1.0,0.0,1.0,0.0,-4.188908048169119,-4.188908048169119,1.0,,,0.0,,,,-4.188908048169119,,INSUFFICIENT,C,UNKNOWN
WAAREEENER.NS,2398.0,2026-10-06T18:18:25.566299+05:30,WAITING FOR 0.786,2026-05-29,3180.0,2026-10-01,2301.10009765625,,2991.9154208984373,2740.550048828125,3408.513974609375,19.850675481999136,3.0,0.0,1.0,2.0,1.0,0.0,-1.410011101777928,-1.410011101777928,44.66666666666666,,,13.0,,,,-0.0315674127263715,,INSUFFICIENT,C,UNKNOWN
BIOFILCHEM.NS,30.11000061035156,2026-10-06T18:18:25.566299+05:30,WAITING FOR 0.786,2026-05-27,39.9900016784668,2026-10-01,29.01000022888184,,37.640281368255614,34.50000095367432,42.84480205535888,20.00590985022446,2.0,0.0,2.0,0.0,2.0,0.0,-5.864885555205838,-5.864885555205838,1.0,,,0.0,,,,-5.864885555205838,,INSUFFICIENT,C,UNKNOWN
SAIPARENT.NS,522.9000244140625,2026-10-06T18:18:25.566299+05:30,WAITING FOR 0.786,2026-07-02,706.0,2026-08-27,471.25,,655.7635,588.625,767.0350000000001,20.26088301436989,2.0,0.0,2.0,0.0,2.0,0.0,-2.716182237386449,-2.716182237386449,1.0,,,0.0,,,,-2.716182237386449,,INSUFFICIENT,C,UNKNOWN
CMPDI.NS,210.05999755859372,2026-10-06T18:18:25.566299+05:30,WAITING FOR 0.786,2026-07-03,283.69000244140625,2026-10-01,196.47000122070312,,265.0249221801758,240.0800018310547,306.36720275878906,20.73953052015781,1.0,0.0,1.0,0.0,1.0,0.0,-4.808753556875249,-4.808753556875249,1.0,,,0.0,,,,-4.808753556875249,,INSUFFICIENT,C,UNKNOWN
MUTHOOTCAP.NS,216.4199981689453,2026-10-06T18:18:25.566299+05:30,WAITING FOR 0.786,2025-10-29,299.70001220703125,2026-03-23,175.25,,273.0677095947266,237.4750061035156,332.0570153808594,20.744932277000075,2.0,0.0,1.0,1.0,1.0,0.0,0.5916487895881306,0.5916487895881306,34.0,,,8.0,,,,0.0174014349878861,,INSUFFICIENT,C,UNKNOWN
ORIENTELEC.NS,160.6999969482422,2026-10-06T18:18:25.566299+05:30,WAITING FOR 0.786,2025-10-31,217.50999450683597,2026-03-30,149.0500030517578,,202.8595563354492,183.27999877929688,235.30959228515627,20.782634128160986,2.0,0.0,2.0,0.0,2.0,0.0,-4.494576553242336,-4.494576553242336,1.0,,,0.0,,,,-4.494576553242336,,INSUFFICIENT,C,UNKNOWN
BANDHANBNK.NS,164.14999389648438,2026-10-06T18:18:25.566299+05:30,WAITING FOR 0.786,2026-07-15,220.75999450683597,2026-09-02,159.24000549316406,,207.59471685791016,190.0,236.75519165039063,20.927663101928488,3.0,0.0,3.0,0.0,3.0,0.0,-6.020011271571591,-6.020011271571591,12.0,,,12.0,,,,-0.5016676059642993,,INSUFFICIENT,C,UNKNOWN
MADHAV.NS,33.93000030517578,2026-10-06T18:18:25.566299+05:30,WAITING FOR 0.786,2025-10-13,46.790000915527344,2026-03-30,29.0,,42.98294071960449,37.89500045776367,51.41540115356445,21.061705557757872,5.0,0.0,5.0,0.0,5.0,0.0,-8.328796988684934,-8.328796988684934,8.2,,,7.8,,,,-1.015706949839626,,INSUFFICIENT,C,UNKNOWN
MAFATIND.NS,115.63999938964844,2026-10-06T18:18:25.566299+05:30,WAITING FOR 0.786,2026-06-24,157.77000427246094,2026-10-05,106.41000366210938,,146.7789641418457,132.09000396728516,171.12360443115233,21.214868856892117,1.0,0.0,1.0,0.0,1.0,0.0,-4.483924400315982,-4.483924400315982,1.0,,,0.0,,,,-4.483924400315982,,INSUFFICIENT,C,UNKNOWN
PICCADIL.NS,594.2000122070312,2026-10-06T18:18:25.566299+05:30,WAITING FOR 0.786,2026-08-11,809.7000122070312,2026-10-01,571.0,,758.6182095947265,690.3500061035156,871.7620153808593,21.67337869144108,3.0,0.0,3.0,0.0,3.0,0.0,-6.22122816629846,-6.22122816629846,9.666666666666666,,,9.0,,,,-0.6435753275481166,,INSUFFICIENT,C,UNKNOWN
JUBLFOOD.NS,449.75,2026-10-06T18:18:25.566299+05:30,WAITING FOR 0.786,2025-11-14,622.9500122070312,2026-07-24,408.5499877929688,,577.068406982422,515.75,678.6940185546875,22.06296609585494,1.0,0.0,1.0,0.0,1.0,0.0,-2.4301063228010533,-2.4301063228010533,1.0,,,0.0,,,,-2.4301063228010533,,INSUFFICIENT,C,UNKNOWN
BCPL.NS,67.23999786376953,2026-10-06T18:18:25.566299+05:30,WAITING FOR 0.786,2026-05-04,92.0,2026-09-30,65.4000015258789,,86.30760032653808,78.70000076293945,98.91599960327147,22.092611068582325,1.0,0.0,1.0,0.0,1.0,0.0,-4.464185510917027,-4.464185510917027,1.0,,,0.0,,,,-4.464185510917027,,INSUFFICIENT,C,UNKNOWN
SUYOG.NS,667.25,2026-10-06T18:18:25.566299+05:30,WAITING FOR 0.786,2026-07-07,921.1500244140624,2026-09-28,623.5,,857.4529191894532,772.3250122070312,998.5390307617188,22.18231636195853,2.0,0.0,2.0,0.0,2.0,0.0,-4.226174340924439,-4.226174340924439,4.0,,,3.5,,,,-1.0565435852311098,,INSUFFICIENT,C,UNKNOWN
BSOFT.NS,279.45001220703125,2026-10-06T18:18:25.566299+05:30,WAITING FOR 0.786,2026-04-24,385.9500122070313,2026-10-01,267.04998779296875,,360.50540698242185,326.5,416.8640185546875,22.483822213335856,2.0,0.0,1.0,1.0,1.0,0.0,1.1893765208105431,1.1893765208105431,30.5,,,0.0,,,,0.038995951501985,,INSUFFICIENT,C,UNKNOWN
DDEVPLSTIK.NS,249.7899932861328,2026-10-06T18:18:25.566299+05:30,WAITING FOR 0.786,2025-10-06,360.0,2026-03-30,185.1499938964844,,322.5820986938477,272.5749969482422,405.4610015869141,22.56545099757675,3.0,0.0,3.0,0.0,3.0,0.0,-6.674081831430672,-6.674081831430672,9.666666666666666,,,9.333333333333334,,,,-0.6904222584238626,,INSUFFICIENT,C,UNKNOWN
BHARATCOAL.NS,32.04999923706055,2026-10-06T18:18:25.566299+05:30,WAITING FOR 0.786,2026-06-18,44.400001525878906,2026-10-01,31.18000030517578,,41.57092126464844,37.790000915527344,47.83720184326173,22.902841067620034,1.0,0.0,1.0,0.0,1.0,0.0,-10.50135055686814,-10.50135055686814,13.0,,,13.0,,,,-0.8077961966821646,,INSUFFICIENT,C,UNKNOWN
MOKSH.NS,9.3100004196167,2026-10-06T18:18:25.566299+05:30,WAITING FOR 0.786,2026-06-18,12.949999809265137,2026-10-01,9.029999732971191,,12.111119792938233,10.989999771118164,13.969199829101562,23.12849200744273,1.0,0.0,1.0,0.0,1.0,0.0,-9.905564735649769,-9.905564735649769,6.0,,,6.0,,,,-1.6509274559416278,,INSUFFICIENT,C,UNKNOWN
GSPCROP.NS,476.6499938964844,2026-10-06T18:18:25.566299+05:30,WAITING FOR 0.786,2026-08-25,667.9500122070312,2026-10-01,452.0,,621.7367095947266,559.9750061035156,724.0970153808594,23.33571646313367,2.0,0.0,2.0,0.0,2.0,0.0,-4.501900931816435,-4.501900931816435,2.0,,,1.5,,,,-2.2509504659082173,,INSUFFICIENT,C,UNKNOWN
MOSCHIP.NS,197.6999969482422,2026-10-06T18:18:25.566299+05:30,WAITING FOR 0.786,2025-10-08,288.45001220703125,2026-03-30,146.8000030517578,,258.13691024780275,217.62500762939453,325.27901458740234,23.412735994067315,2.0,0.0,2.0,0.0,2.0,0.0,-7.911633082963851,-7.911633082963851,25.0,,,24.5,,,,-0.316465323318554,,INSUFFICIENT,C,UNKNOWN
BORANA.NS,269.6000061035156,2026-10-06T18:18:25.566299+05:30,WAITING FOR 0.786,2026-04-23,377.9500122070313,2026-10-01,268.1000061035156,,354.4421109008789,323.02500915527344,406.5110137939453,23.93680157860523,4.0,0.0,4.0,0.0,4.0,0.0,-6.002002894783022,-6.002002894783022,1.75,,,1.25,,,,-3.4297159398760124,,INSUFFICIENT,C,UNKNOWN
SANOFICONR.NS,3736.5,2026-10-06T18:18:25.566299+05:30,WAITING FOR 0.786,2026-05-14,5255.0,2026-10-01,3691.0,,4920.304,4473.0,5661.64,24.059570302973157,3.0,0.0,3.0,0.0,3.0,0.0,-3.9892728645083246,-3.9892728645083246,11.666666666666666,,,11.333333333333334,,,,-0.3419376741007136,,INSUFFICIENT,C,UNKNOWN
EKC.NS,106.54000091552734,2026-10-06T18:18:25.566299+05:30,WAITING FOR 0.786,2025-10-27,154.5500030517578,2026-03-30,90.25,,140.78980239868164,122.4000015258789,171.26800384521485,24.326905002798,2.0,0.0,2.0,0.0,2.0,0.0,-4.7694474031148,-4.7694474031148,6.5,,,6.0,,,,-0.7337611389407385,,INSUFFICIENT,C,UNKNOWN
GODIGIT.NS,258.6000061035156,2026-10-06T18:18:25.566299+05:30,WAITING FOR 0.786,2025-10-29,374.0,2026-09-21,231.6499938964844,,343.53709869384767,302.8249969482422,411.01100158691406,24.72428535761316,5.0,0.0,4.0,1.0,4.0,0.0,-4.595471997022188,-4.595471997022188,13.2,,,0.0,,,,-0.3481418179562264,,INSUFFICIENT,C,UNKNOWN
MASTEK.NS,1616.300048828125,2026-10-06T18:18:25.566299+05:30,WAITING FOR 0.786,2025-11-17,2369.0,2026-03-30,1334.199951171875,,2147.552789550781,1851.5999755859373,2638.0480126953125,24.73758704826912,5.0,0.0,4.0,1.0,4.0,0.0,-4.390333254911058,-4.390333254911058,24.0,,,14.75,,,,-0.1829305522879607,,INSUFFICIENT,C,UNKNOWN
SICAGEN.NS,51.869998931884766,2026-10-06T18:18:25.566299+05:30,WAITING FOR 0.786,2026-08-07,74.05999755859375,2026-10-05,50.09999847412109,,68.93255775451661,62.07999801635742,80.28959732055664,24.752539842486648,2.0,0.0,2.0,0.0,2.0,0.0,-5.369985421062925,-5.369985421062925,1.0,,,0.0,,,,-5.369985421062925,,INSUFFICIENT,C,UNKNOWN
ARKADE.NS,121.23999786376952,2026-10-06T18:18:25.566299+05:30,WAITING FOR 0.786,2025-10-16,180.0,2026-03-30,92.62000274658205,,161.30068058776857,136.31000137329102,202.71879928588868,24.836028327977704,3.0,0.0,3.0,0.0,3.0,0.0,-7.295438856110059,-7.295438856110059,7.666666666666667,,,7.333333333333333,,,,-0.9515789812317468,,INSUFFICIENT,C,UNKNOWN
AAVAS.NS,1215.0999755859375,2026-10-06T18:18:25.566299+05:30,WAITING FOR 0.786,2025-11-13,1771.9000244140625,2026-03-23,1060.4000244140625,,1619.6390244140623,1416.1500244140625,1956.8900244140625,24.97711173478765,2.0,0.0,2.0,0.0,2.0,0.0,-4.935173614524496,-4.935173614524496,11.0,,,10.5,,,,-0.4486521467749542,,INSUFFICIENT,C,UNKNOWN
MARSONS.NS,119.23999786376952,2026-10-06T18:18:25.566299+05:30,WAITING FOR 0.786,2026-05-07,175.39999389648438,2026-08-12,100.25,,159.31789520263672,137.8249969482422,194.93899230957032,25.15592946284661,2.0,0.0,2.0,0.0,2.0,0.0,-4.877233906164997,-4.877233906164997,1.0,,,0.0,,,,-4.877233906164997,,INSUFFICIENT,C,UNKNOWN
PLATIND.NS,203.5800018310547,2026-10-06T18:18:25.566299+05:30,WAITING FOR 0.786,2025-10-03,300.25,2026-03-30,183.5,,275.2655,241.875,330.605,26.04231121188282,4.0,0.0,4.0,0.0,4.0,0.0,-5.584921894285758,-5.584921894285758,12.0,,,11.75,,,,-0.4654101578571465,,INSUFFICIENT,C,UNKNOWN
MANORG.NS,436.1000061035156,2026-10-06T18:18:25.566299+05:30,WAITING FOR 0.786,2026-05-05,635.0,2026-10-05,424.0,,589.846,529.5,689.86,26.065446556640943,1.0,0.0,1.0,0.0,1.0,0.0,-11.67834714065159,-11.67834714065159,14.0,,,14.0,,,,-0.834167652903685,,INSUFFICIENT,C,UNKNOWN
TANLA.NS,492.1499938964844,2026-10-06T18:18:25.566299+05:30,WAITING FOR 0.786,2025-10-09,748.4500122070312,2026-03-30,365.8999938964844,,666.5843082885742,557.1750030517578,847.9130169677735,26.16837993680683,2.0,0.0,2.0,0.0,2.0,0.0,-4.264392979877334,-4.264392979877334,3.0,,,2.5,,,,-1.421464326625778,,INSUFFICIENT,C,UNKNOWN
RUDRA.NS,17.809999465942383,2026-10-06T18:18:25.566299+05:30,WAITING FOR 0.786,2026-08-17,25.950000762939453,2026-10-06,17.670000076293945,,24.17808061599732,21.8100004196167,28.102800941467287,26.33824103407746,2.0,0.0,2.0,0.0,2.0,0.0,-14.856173562159103,-14.856173562159103,1.0,,,0.0,,,,-14.856173562159103,,INSUFFICIENT,C,UNKNOWN
TVTODAY.NS,101.4800033569336,2026-10-06T18:18:25.566299+05:30,WAITING FOR 0.786,2026-01-08,151.0,2026-03-23,93.5,,138.695,122.25,165.95,26.83225541156235,1.0,0.0,1.0,0.0,1.0,0.0,-3.437775462777473,-3.437775462777473,1.0,,,0.0,,,,-3.437775462777473,,INSUFFICIENT,C,UNKNOWN
ACI.NS,474.5,2026-10-06T18:18:25.566299+05:30,WAITING FOR 0.786,2025-10-03,704.25,2026-09-16,446.0,,648.9845,575.125,771.395,26.88577308086711,4.0,0.0,4.0,0.0,4.0,0.0,-7.683961326944224,-7.683961326944224,12.0,,,11.75,,,,-0.6403301105786853,,INSUFFICIENT,C,UNKNOWN
HGS.NS,361.3999938964844,2026-10-06T18:18:25.566299+05:30,WAITING FOR 0.786,2025-10-27,545.0,2026-03-09,342.04998779296875,,501.56869738769535,443.5249938964844,597.7670031738281,27.946062866611747,2.0,0.0,2.0,0.0,2.0,0.0,-3.5363464298888525,-3.5363464298888525,6.0,,,6.0,,,,-0.5893910716481421,,INSUFFICIENT,C,UNKNOWN
VOGL.NS,31.40999984741211,2026-10-06T18:18:25.566299+05:30,WAITING FOR 0.786,2026-07-03,47.59999847412109,2026-10-05,30.6299991607666,,43.96841862106324,39.11499881744385,52.01219829559327,28.562361730323797,1.0,0.0,1.0,0.0,1.0,0.0,-5.346104499726256,-5.346104499726256,1.0,,,0.0,,,,-5.346104499726256,,INSUFFICIENT,C,UNKNOWN
ZEEL.NS,72.41999816894531,2026-10-06T18:18:25.566299+05:30,WAITING FOR 0.786,2026-08-24,110.62999725341795,2026-10-01,71.63999938964844,,102.2861377105713,91.1349983215332,120.76739669799804,29.198618903897973,1.0,0.0,1.0,0.0,1.0,0.0,-6.404568679160523,-6.404568679160523,4.0,,,4.0,,,,-1.601142169790131,,INSUFFICIENT,C,UNKNOWN
IEX.NS,104.86000061035156,2026-10-06T18:18:25.566299+05:30,WAITING FOR 0.786,2026-01-09,160.27000427246094,2026-10-05,103.94000244140624,,148.21538388061524,132.1050033569336,174.91580474853515,29.251608122666696,1.0,0.0,1.0,0.0,1.0,0.0,-8.061882943439477,-8.061882943439477,1.0,,,0.0,,,,-8.061882943439477,,INSUFFICIENT,C,UNKNOWN
ICICIPRULI.NS,459.5,2026-10-06T18:18:25.566299+05:30,WAITING FOR 0.786,2026-01-13,706.7999877929688,2026-10-01,441.7999877929688,,650.0899877929687,574.2999877929688,775.6999877929687,29.31747779103853,2.0,0.0,1.0,1.0,1.0,0.0,6.489339532649932,6.489339532649932,31.5,,,0.0,,,,0.2060107788142835,,INSUFFICIENT,C,UNKNOWN
PROSTARM.NS,132.91000366210938,2026-10-06T18:18:25.566299+05:30,WAITING FOR 0.786,2025-12-02,208.6499938964844,2026-03-30,114.63999938964844,,188.53185507202147,161.6449966430664,233.09259246826173,29.50262775946477,1.0,0.0,1.0,0.0,1.0,0.0,-2.993685823021611,-2.993685823021611,1.0,,,0.0,,,,-2.993685823021611,,INSUFFICIENT,C,UNKNOWN
AJOONI.NS,3.0799999237060547,2026-10-06T18:18:25.566299+05:30,WAITING FOR 0.786,2026-03-06,4.75,2026-10-05,3.0,,4.375500000000001,3.875,5.205,29.60804653854293,3.0,0.0,3.0,0.0,3.0,0.0,-3.737815943541587,-3.737815943541587,1.0,,,0.0,,,,-3.737815943541587,,INSUFFICIENT,C,UNKNOWN
GLOBE.NS,2.0799999237060547,2026-10-06T18:18:25.566299+05:30,WAITING FOR 0.786,2026-01-05,3.289999961853028,2026-09-16,1.75,,2.96043997001648,2.5199999809265137,3.690399951934815,29.740175623474094,1.0,0.0,1.0,0.0,1.0,0.0,-4.781709659317389,-4.781709659317389,4.0,,,4.0,,,,-1.1954274148293471,,INSUFFICIENT,C,UNKNOWN
AKG.NS,9.380000114440918,2026-10-06T18:18:25.566299+05:30,WAITING FOR 0.786,2026-02-23,14.899999618530272,2026-08-05,8.0600004196167,,13.43623978996277,11.480000019073486,16.678399410247803,30.188800876804617,3.0,0.0,2.0,1.0,2.0,0.0,-4.629595276519717,-4.629595276519717,20.666666666666668,,,0.0,,,,-0.2240126746703088,,INSUFFICIENT,C,UNKNOWN
HCL-INSYS.NS,10.149999618530272,2026-10-06T18:18:25.566299+05:30,WAITING FOR 0.786,2025-11-07,16.09000015258789,2026-03-30,9.010000228881836,,14.574880168914795,12.550000190734863,17.930800132751465,30.35963588792913,2.0,0.0,2.0,0.0,2.0,0.0,-5.647266819722123,-5.647266819722123,1.0,,,0.0,,,,-5.647266819722123,,INSUFFICIENT,C,UNKNOWN
RUPA.NS,128.99000549316406,2026-10-06T18:18:25.566299+05:30,WAITING FOR 0.786,2025-11-13,206.0,2026-03-30,109.20999908447266,,185.28693980407715,157.60499954223633,231.1654002380371,30.383649473860164,3.0,0.0,3.0,0.0,3.0,0.0,-6.126874210505366,-6.126874210505366,7.0,,,6.666666666666667,,,,-0.8752677443579094,,INSUFFICIENT,C,UNKNOWN
TRACXN.NS,34.34000015258789,2026-10-06T18:18:25.566299+05:30,WAITING FOR 0.786,2025-10-17,55.900001525878906,2026-03-30,25.38999938964844,,49.37086106872559,40.64500045776367,63.83260208129883,30.444802036598727,4.0,0.0,4.0,0.0,4.0,0.0,-8.544489001048174,-8.544489001048174,7.75,,,7.25,,,,-1.1025147098126675,,INSUFFICIENT,C,UNKNOWN
ATL.NS,24.709999084472656,2026-10-06T18:18:25.566299+05:30,WAITING FOR 0.786,2025-10-03,40.400001525878906,2026-03-30,18.200000762939453,,35.649201362609865,29.30000114440918,46.17200172424316,30.68568680366183,2.0,0.0,2.0,0.0,2.0,0.0,-7.023890676307318,-7.023890676307318,4.5,,,4.0,,,,-1.5608645947349595,,INSUFFICIENT,C,UNKNOWN
MEDPLUS.NS,651.4500122070312,2026-10-06T18:18:25.566299+05:30,WAITING FOR 0.786,2026-05-21,1022.2000122070312,2026-10-05,640.0999755859375,,940.4306043701172,831.1499938964844,1121.5460217285156,30.728539758299306,1.0,0.0,1.0,0.0,1.0,0.0,-3.512765734281938,-3.512765734281938,1.0,,,0.0,,,,-3.512765734281938,,INSUFFICIENT,C,UNKNOWN
INDIAMART.NS,1592.9000244140625,2026-10-06T18:18:25.566299+05:30,WAITING FOR 0.786,2025-11-13,2525.89990234375,2026-10-05,1565.0999755859375,,2320.288718017578,2045.499938964844,2775.7078833007813,31.349059621553742,1.0,0.0,1.0,0.0,1.0,0.0,-3.482168552011161,-3.482168552011161,1.0,,,1.0,,,,-3.482168552011161,,INSUFFICIENT,C,UNKNOWN
ROSSARI.NS,427.4500122070313,2026-10-06T18:18:25.566299+05:30,WAITING FOR 0.786,2025-10-16,690.2999877929688,2026-03-30,375.0,,622.8257904052734,532.6499938964844,772.2779846191406,31.36924983005456,1.0,0.0,1.0,0.0,1.0,0.0,-2.975993718404648,-2.975993718404648,1.0,,,0.0,,,,-2.975993718404648,,INSUFFICIENT,C,UNKNOWN
AAKASH.NS,8.210000038146973,2026-10-06T18:18:25.566299+05:30,WAITING FOR 0.786,2026-03-06,13.399999618530272,2026-10-06,6.860000133514404,,12.00043972873688,10.12999987602234,15.1003994846344,31.585839988122448,1.0,0.0,1.0,0.0,1.0,0.0,-13.48329449230129,-13.48329449230129,3.0,,,3.0,,,,-4.494431497433763,,INSUFFICIENT,C,UNKNOWN
BOROSCI.NS,113.2699966430664,2026-10-06T18:18:25.566299+05:30,WAITING FOR 0.786,2026-06-29,180.8000030517578,2026-10-01,110.0,,165.64880239868165,145.4000015258789,199.20800384521485,31.62039507508816,1.0,0.0,1.0,0.0,1.0,0.0,-6.574111523178256,-6.574111523178256,1.0,,,1.0,,,,-6.574111523178256,,INSUFFICIENT,C,UNKNOWN
NBIFIN.NS,1828.0999755859373,2026-10-06T18:18:25.566299+05:30,WAITING FOR 0.786,2025-10-01,2991.0,2026-03-30,1539.0,,2680.272,2265.0,3368.52,31.794236719783008,5.0,0.0,4.0,1.0,4.0,0.0,-4.772199513350546,-4.772199513350546,12.8,,,0.0,,,,-0.3728280869805113,,INSUFFICIENT,C,UNKNOWN
GRINFRA.NS,815.0,2026-10-06T18:18:25.566299+05:30,WAITING FOR 0.786,2025-10-09,1309.800048828125,2026-10-01,775.0,,1195.3528383789062,1042.4000244140625,1448.8480615234375,31.8192943679062,1.0,0.0,1.0,0.0,1.0,0.0,-2.664069767507464,-2.664069767507464,1.0,,,0.0,,,,-2.664069767507464,,INSUFFICIENT,C,UNKNOWN
IPL.NS,132.60000610351562,2026-10-06T18:18:25.566299+05:30,WAITING FOR 0.786,2025-10-03,213.9600067138672,2026-03-30,125.0,,194.9225652770996,169.4800033569336,237.08960845947263,31.97298326388583,4.0,0.0,3.0,1.0,3.0,0.0,-5.021302631807391,-5.021302631807391,18.0,,,3.0,,,,-0.2789612573226328,,INSUFFICIENT,C,UNKNOWN
WAKEFIT.NS,135.97999572753906,2026-10-06T18:18:25.566299+05:30,WAITING FOR 0.786,2026-02-12,224.0,2026-06-08,111.4000015258789,,199.90360032653808,167.70000076293945,253.2759996032715,31.97721526504837,1.0,0.0,1.0,0.0,1.0,0.0,-5.782759141222947,-5.782759141222947,1.0,,,0.0,,,,-5.782759141222947,,INSUFFICIENT,C,UNKNOWN
SANOFI.NS,3047.0,2026-10-06T18:18:25.566299+05:30,WAITING FOR 0.786,2025-10-29,4898.0,2026-10-01,3001.10009765625,,4492.0634208984375,3949.550048828125,5391.193974609375,32.169256875928454,2.0,0.0,1.0,1.0,1.0,0.0,1.032078860385667,1.032078860385667,36.5,,,13.0,,,,0.0282761331612511,,INSUFFICIENT,C,UNKNOWN
IRCTC.NS,454.7999877929688,2026-10-06T18:18:25.566299+05:30,WAITING FOR 0.786,2025-10-29,735.75,2026-09-16,446.5,,673.8505,591.125,810.9549999999999,32.5072864392074,1.0,0.0,1.0,0.0,1.0,0.0,-18.366411480446448,-18.366411480446448,13.0,,,13.0,,,,-1.4128008831112653,,INSUFFICIENT,C,UNKNOWN
HEIDELBERG.NS,127.77999877929688,2026-10-06T18:18:25.566299+05:30,WAITING FOR 0.786,2025-10-29,206.6999969482422,2026-10-06,127.41000366210938,,189.73193838500976,167.05500030517578,227.31539520263672,32.65235159301337,2.0,0.0,2.0,0.0,2.0,0.0,-9.510342284489978,-9.510342284489978,9.5,,,9.0,,,,-1.0010886615252608,,INSUFFICIENT,C,UNKNOWN
RADIANTCMS.NS,34.81999969482422,2026-10-06T18:18:25.566299+05:30,WAITING FOR 0.786,2025-10-08,57.4900016784668,2026-03-30,32.33000183105469,,52.10576171112061,44.91000175476074,64.03160163879394,33.17437735989799,1.0,0.0,1.0,0.0,1.0,0.0,-7.649876660701475,-7.649876660701475,1.0,,,0.0,,,,-7.649876660701475,,INSUFFICIENT,C,UNKNOWN
NATCAPSUQ.NS,166.74000549316406,2026-10-06T18:18:25.566299+05:30,WAITING FOR 0.786,2025-10-01,282.0,2026-03-27,136.36000061035156,,250.83304013061525,209.18000030517575,319.86639984130863,33.52550150237854,2.0,0.0,2.0,0.0,2.0,0.0,-9.267702091701164,-9.267702091701164,7.0,,,6.5,,,,-1.323957441671595,,INSUFFICIENT,C,UNKNOWN
RKSWAMY.NS,87.87000274658203,2026-10-06T18:18:25.566299+05:30,WAITING FOR 0.786,2025-10-06,150.00999450683594,2026-03-30,67.1500015258789,,132.27795600891113,108.57999801635742,171.55359268188477,33.57169599697888,1.0,0.0,1.0,0.0,1.0,0.0,-7.237658152057835,-7.237658152057835,7.0,,,7.0,,,,-1.0339511645796908,,INSUFFICIENT,C,UNKNOWN
EMBDL.NS,57.33000183105469,2026-10-06T18:18:25.566299+05:30,WAITING FOR 0.786,2025-10-03,99.20999908447266,2026-03-30,39.459999084472656,,86.42349908447267,69.33499908447266,114.74499908447264,33.66387332336684,5.0,0.0,5.0,0.0,5.0,0.0,-9.367635433332474,-9.367635433332474,10.6,,,9.8,,,,-0.8837391918238183,,INSUFFICIENT,C,UNKNOWN
EXXARO.NS,6.139999866485596,2026-10-06T18:18:25.566299+05:30,WAITING FOR 0.786,2025-11-07,10.329999923706056,2026-08-03,5.989999771118164,,9.401239891052246,8.15999984741211,11.458399963378906,34.68946715922629,1.0,0.0,1.0,0.0,1.0,0.0,-4.387849053989954,-4.387849053989954,1.0,,,0.0,,,,-4.387849053989954,,INSUFFICIENT,C,UNKNOWN
XELPMOC.NS,85.62000274658203,2026-10-06T18:18:25.566299+05:30,WAITING FOR 0.786,2026-01-27,147.5,2026-09-22,71.0999984741211,,131.15039967346192,109.29999923706056,167.3640003967285,34.71617093065779,1.0,0.0,1.0,0.0,1.0,0.0,-3.0941856511390657,-3.0941856511390657,1.0,,,0.0,,,,-3.0941856511390657,,INSUFFICIENT,C,UNKNOWN
THEINVEST.NS,90.80999755859376,2026-10-06T18:18:25.566299+05:30,WAITING FOR 0.786,2025-10-06,152.99000549316406,2026-03-30,89.0,,139.29614431762695,120.99500274658205,169.62740692138672,34.807960404470165,4.0,0.0,4.0,0.0,4.0,0.0,-9.715564601592783,-9.715564601592783,11.5,,,11.25,,,,-0.8448317044863289,,INSUFFICIENT,C,UNKNOWN
SBICARD.NS,569.4000244140625,2026-10-06T18:18:25.566299+05:30,WAITING FOR 0.786,2025-10-23,965.0,2026-10-01,560.1500244140625,,878.3621052246094,762.5750122070312,1070.2609936523438,35.1747962455121,1.0,0.0,1.0,0.0,1.0,0.0,-3.985625904522743,-3.985625904522743,13.0,,,13.0,,,,-0.306586608040211,,INSUFFICIENT,C,UNKNOWN
AROGRANITE.NS,22.96999931335449,2026-10-06T18:18:25.566299+05:30,WAITING FOR 0.786,2025-10-03,40.0,2026-03-30,18.670000076293945,,35.4353800163269,29.335000038146973,45.54579998016358,35.177781915218546,4.0,0.0,4.0,0.0,4.0,0.0,-4.402428558002761,-4.402428558002761,1.0,,,0.0,,,,-4.402428558002761,,INSUFFICIENT,C,UNKNOWN
HAVISHA.NS,1.3600000143051147,2026-10-06T18:18:25.566299+05:30,WAITING FOR 0.786,2025-10-21,2.4200000762939453,2026-03-30,1.0299999713897705,,2.122540053844452,1.725000023841858,2.781400103569031,35.92582567090718,2.0,0.0,2.0,0.0,2.0,0.0,-6.488674912707356,-6.488674912707356,1.0,,,0.5,,,,-6.488674912707356,,INSUFFICIENT,C,UNKNOWN
TTML.NS,34.18000030517578,2026-10-06T18:18:25.566299+05:30,WAITING FOR 0.786,2025-10-07,60.08000183105469,2026-03-30,31.21999931335449,,53.90396129226684,45.65000057220459,67.58360248565674,36.59093045156349,1.0,0.0,1.0,0.0,1.0,0.0,-3.8409885288864265,-3.8409885288864265,1.0,,,0.0,,,,-3.8409885288864265,,INSUFFICIENT,C,UNKNOWN
INVENTURE.NS,0.8500000238418579,2026-10-06T18:18:25.566299+05:30,WAITING FOR 0.786,2025-10-03,1.5399999618530271,2026-08-20,0.7200000286102295,,1.3645199761390687,1.1299999952316284,1.7531999444961548,37.707029673032224,1.0,0.0,1.0,0.0,1.0,0.0,-11.604452516908053,-11.604452516908053,1.0,,,0.0,,,,-11.604452516908053,,INSUFFICIENT,C,UNKNOWN
DENTA.NS,263.20001220703125,2026-10-06T18:18:25.566299+05:30,WAITING FOR 0.786,2025-10-07,479.6000061035156,2026-03-09,222.0,,424.4736047973633,350.8000030517578,546.5760076904296,37.9937858956675,3.0,0.0,3.0,0.0,3.0,0.0,-6.920924765018576,-6.920924765018576,4.0,,,3.333333333333333,,,,-1.730231191254644,,INSUFFICIENT,C,UNKNOWN
UNIECOM.NS,81.83999633789062,2026-10-06T18:18:25.566299+05:30,WAITING FOR 0.786,2025-10-03,147.0,2026-03-30,78.51000213623047,,132.3431404571533,112.75500106811523,164.80739944458008,38.16075691177459,1.0,0.0,1.0,0.0,1.0,0.0,-8.437904240360194,-8.437904240360194,1.0,,,0.0,,,,-8.437904240360194,,INSUFFICIENT,C,UNKNOWN
FABTECH.NS,141.0399932861328,2026-10-06T18:18:25.566299+05:30,WAITING FOR 0.786,2025-12-11,256.95001220703125,2026-03-23,132.6999969482422,,230.3605089416504,194.82500457763672,289.25501617431644,38.77423090697468,2.0,0.0,2.0,0.0,2.0,0.0,-4.108975645915801,-4.108975645915801,1.0,,,0.5,,,,-4.108975645915801,,INSUFFICIENT,C,UNKNOWN
CPEDU.NS,181.2899932861328,2026-10-06T18:18:25.566299+05:30,WAITING FOR 0.786,2025-10-29,338.75,2026-03-30,141.0,,296.4315,239.875,390.165,38.84253418205124,1.0,0.0,1.0,0.0,1.0,0.0,-5.54685684982814,-5.54685684982814,1.0,,,0.0,,,,-5.54685684982814,,INSUFFICIENT,C,UNKNOWN
MIDWESTLTD.NS,1006.2000122070312,2026-10-06T18:18:25.566299+05:30,WAITING FOR 0.786,2026-01-08,1859.9000244140625,2026-10-01,860.0,,1645.921419189453,1359.9500122070312,2119.874030761719,38.867068592950055,1.0,0.0,1.0,0.0,1.0,0.0,-2.407510165445688,-2.407510165445688,1.0,,,0.0,,,,-2.407510165445688,,INSUFFICIENT,C,UNKNOWN
GLOBECIVIL.NS,42.290000915527344,2026-10-06T18:18:25.566299+05:30,WAITING FOR 0.786,2025-11-27,80.0,2026-03-30,33.5,,70.049,56.75,92.09,39.62797339644058,1.0,0.0,1.0,0.0,1.0,0.0,-3.72999559465753,-3.72999559465753,1.0,,,0.0,,,,-3.72999559465753,,INSUFFICIENT,C,UNKNOWN
COASTCORP.NS,36.18000030517578,2026-10-06T18:18:25.566299+05:30,WAITING FOR 0.786,2026-05-15,66.69999694824219,2026-09-17,35.20000076293945,,59.95899776458741,50.94999885559082,74.8899959564209,39.65876406535905,1.0,0.0,1.0,0.0,1.0,0.0,-7.704422167526914,-7.704422167526914,3.0,,,3.0,,,,-2.5681407225089714,,INSUFFICIENT,C,UNKNOWN
GUJENERGY.NS,229.97000122070312,2026-10-06T18:18:25.566299+05:30,WAITING FOR 0.786,2026-06-02,423.8999938964844,2026-10-01,225.5,,381.4423952026367,324.6999969482422,475.4839923095704,39.71042440142651,5.0,0.0,5.0,0.0,5.0,0.0,-6.369673689333548,-6.369673689333548,8.2,,,7.8,,,,-0.7767894743089694,,INSUFFICIENT,C,UNKNOWN
SURAJLTD.NS,187.3999938964844,2026-10-06T18:18:25.566299+05:30,WAITING FOR 0.786,2025-10-20,348.6499938964844,2026-10-06,180.0,,312.55889520263673,264.3249969482422,392.4989923095703,40.04330167119701,2.0,0.0,2.0,0.0,2.0,0.0,-4.376830473674453,-4.376830473674453,1.0,,,0.0,,,,-4.376830473674453,,INSUFFICIENT,C,UNKNOWN
PIONEEREMB.NS,20.600000381469727,2026-10-06T18:18:25.566299+05:30,WAITING FOR 0.786,2025-10-10,38.5,2026-03-30,19.61000061035156,,34.45754013061524,29.05500030517578,43.411399841308594,40.21627689213137,3.0,0.0,3.0,0.0,3.0,0.0,-12.297913420335172,-12.297913420335172,7.0,,,6.333333333333333,,,,-1.756844774333596,,INSUFFICIENT,C,UNKNOWN
INDOUS.NS,75.52999877929688,2026-10-06T18:18:25.566299+05:30,WAITING FOR 0.786,2026-03-05,142.38999938964844,2026-09-04,70.0,,126.89853952026368,106.19499969482422,161.21139923095703,40.48000941158513,2.0,0.0,2.0,0.0,2.0,0.0,-9.697349039974815,-9.697349039974815,2.0,,,1.5,,,,-4.848674519987409,,INSUFFICIENT,C,UNKNOWN
EUREKAFORB.NS,353.79998779296875,2026-10-06T18:18:25.566299+05:30,WAITING FOR 0.786,2025-11-28,668.2999877929688,2026-10-05,340.6000061035156,,598.1721917114257,504.4499969482422,753.5019830322266,40.85315354083673,4.0,0.0,4.0,0.0,4.0,0.0,-5.646051522931717,-5.646051522931717,12.75,,,12.25,,,,-0.442827570426017,,INSUFFICIENT,C,UNKNOWN
CIFL.NS,20.68000030517578,2026-10-06T18:18:25.566299+05:30,WAITING FOR 0.786,2026-01-14,39.68999862670898,2026-09-16,18.559999465942383,,35.16817880630494,29.124999046325684,45.1837984085083,41.19684041907715,1.0,0.0,1.0,0.0,1.0,0.0,-3.702623883748636,-3.702623883748636,1.0,,,1.0,,,,-3.702623883748636,,INSUFFICIENT,C,UNKNOWN
CHEMPLASTS.NS,210.2400054931641,2026-10-06T18:18:25.566299+05:30,WAITING FOR 0.786,2025-10-28,412.6499938964844,2026-09-16,161.0,,358.79689520263673,286.8249969482422,478.0789923095703,41.40417369709194,1.0,0.0,1.0,0.0,1.0,0.0,-4.291556595422839,-4.291556595422839,1.0,,,0.0,,,,-4.291556595422839,,INSUFFICIENT,C,UNKNOWN
DIGISPICE.NS,15.119999885559082,2026-10-06T18:18:25.566299+05:30,WAITING FOR 0.786,2025-10-06,28.979999542236328,2026-10-01,14.399999618530272,,25.859879558563232,21.6899995803833,32.7707995223999,41.53105063263046,2.0,0.0,2.0,0.0,2.0,0.0,-13.656303858906904,-13.656303858906904,9.0,,,8.5,,,,-1.5173670954341003,,INSUFFICIENT,C,UNKNOWN
IGCL.NS,57.36000061035156,2026-10-06T18:18:25.566299+05:30,WAITING FOR 0.786,2025-10-23,111.4000015258789,2026-03-27,49.459999084472656,,98.14484100341798,80.43000030517578,127.50440216064452,41.55576592318903,1.0,0.0,1.0,0.0,1.0,0.0,-5.876049412378396,-5.876049412378396,4.0,,,4.0,,,,-1.4690123530945989,,INSUFFICIENT,C,UNKNOWN
HERANBA.NS,169.0,2026-10-06T18:18:25.566299+05:30,WAITING FOR 0.786,2025-10-14,327.0,2026-03-30,155.3800048828125,,290.2733210449219,241.19000244140625,371.6211987304688,41.77901041968441,1.0,0.0,1.0,0.0,1.0,0.0,-3.3811941978054283,-3.3811941978054283,1.0,,,0.0,,,,-3.3811941978054283,,INSUFFICIENT,C,UNKNOWN
YATRA.NS,101.4800033569336,2026-10-06T18:18:25.566299+05:30,WAITING FOR 0.786,2025-11-17,202.0,2026-03-30,89.9000015258789,,178.0106003265381,145.95000076293945,231.1459996032715,42.99215711267685,3.0,0.0,2.0,1.0,2.0,0.0,-7.663468760032213,-7.663468760032213,21.33333333333333,,,0.0,,,,-0.35922509812651,,INSUFFICIENT,C,UNKNOWN
BATAINDIA.NS,619.8499755859375,2026-10-06T18:18:25.566299+05:30,WAITING FOR 0.786,2025-10-07,1238.0,2026-03-30,605.0,,1102.538,921.5,1402.58,43.77971774343038,1.0,0.0,1.0,0.0,1.0,0.0,-2.332937483161976,-2.332937483161976,3.0,,,3.0,,,,-0.7776458277206585,,INSUFFICIENT,C,UNKNOWN
LASA.NS,5.320000171661377,2026-10-06T18:18:25.566299+05:30,WAITING FOR 0.786,2026-01-13,10.649999618530272,2026-10-05,5.320000171661377,,9.50937973690033,7.984999895095825,12.035799474716184,44.055234738207226,2.0,0.0,2.0,0.0,2.0,0.0,-7.893733782519025,-7.893733782519025,1.0,,,0.0,,,,-7.893733782519025,,INSUFFICIENT,C,UNKNOWN
VIKRAN.NS,58.130001068115234,2026-10-06T18:18:25.566299+05:30,WAITING FOR 0.786,2025-11-20,118.4000015258789,2026-03-30,51.09999847412109,,103.99780087280274,84.75,135.89800231933594,44.10458626984558,1.0,0.0,1.0,0.0,1.0,0.0,-5.765199024690952,-5.765199024690952,1.0,,,0.0,,,,-5.765199024690952,,INSUFFICIENT,C,UNKNOWN
ATAM.NS,54.20000076293945,2026-10-06T18:18:25.566299+05:30,WAITING FOR 0.786,2025-11-03,111.0,2026-03-25,48.5,,97.625,79.75,127.25,44.48143327739877,4.0,0.0,3.0,1.0,3.0,0.0,-4.738468483582913,-4.738468483582913,19.75,,,5.0,,,,-0.2399224548649576,,INSUFFICIENT,C,UNKNOWN
BELLACASA.NS,242.1300048828125,2026-10-06T18:18:25.566299+05:30,WAITING FOR 0.786,2025-10-15,497.3500061035156,2026-08-14,214.67999267578125,,436.8586232299805,356.01499938964844,570.8442095947266,44.57474523620763,2.0,0.0,2.0,0.0,2.0,0.0,-5.014040235037856,-5.014040235037856,2.0,,,1.5,,,,-2.507020117518928,,INSUFFICIENT,C,UNKNOWN
JAINREC.NS,290.1499938964844,2026-10-06T18:18:25.566299+05:30,WAITING FOR 0.786,2026-05-08,593.9500122070312,2026-09-21,271.0,,524.8387095947265,432.4750061035156,677.9170153808593,44.716350263010455,1.0,0.0,1.0,0.0,1.0,0.0,-6.621996015856081,-6.621996015856081,33.0,,,33.0,,,,-0.2006665459350327,,INSUFFICIENT,C,UNKNOWN
RHETAN.NS,16.59000015258789,2026-10-06T18:18:25.566299+05:30,WAITING FOR 0.786,2026-08-11,34.869998931884766,2026-09-28,14.420000076293944,,30.49369917678833,24.644999504089355,40.18699863433838,45.595317719877926,5.0,0.0,5.0,0.0,5.0,0.0,-3.8451712669551847,-3.8451712669551847,1.4,,,0.8,,,,-2.746550904967989,,INSUFFICIENT,C,UNKNOWN
IXIGO.NS,160.1300048828125,2026-10-06T18:18:25.566299+05:30,WAITING FOR 0.786,2025-10-16,339.1499938964844,2026-06-08,151.27000427246094,,298.9436761169434,245.20999908447263,387.9987911987305,46.43472410496101,4.0,0.0,3.0,1.0,3.0,0.0,-3.904892269540112,-3.904892269540112,16.75,,,1.0,,,,-0.2331278966889619,,INSUFFICIENT,C,UNKNOWN
SADBHAV.NS,6.849999904632568,2026-10-06T18:18:25.566299+05:30,WAITING FOR 0.786,2025-12-23,14.699999809265137,2026-02-06,6.050000190734863,,12.84889989089966,10.375,16.948999710083008,46.688043623998205,2.0,0.0,2.0,0.0,2.0,0.0,-5.197187910287763,-5.197187910287763,1.0,,,0.5,,,,-5.197187910287763,,INSUFFICIENT,C,UNKNOWN
SPENCERS.NS,28.299999237060547,2026-10-06T18:18:25.566299+05:30,WAITING FOR 0.786,2025-10-06,61.400001525878906,2026-03-30,24.3799991607666,,53.47772101974488,42.890000343322754,71.0252021408081,47.080768033081085,3.0,0.0,3.0,0.0,3.0,0.0,-10.21163919081456,-10.21163919081456,12.333333333333334,,,11.666666666666666,,,,-0.8279707452011805,,INSUFFICIENT,C,UNKNOWN
SVPGLOB.NS,3.109999895095825,2026-10-06T18:18:25.566299+05:30,WAITING FOR 0.786,2025-11-28,6.889999866485596,2026-03-30,2.180000066757202,,5.88205990934372,4.534999966621399,8.114599814414978,47.12736791144282,1.0,0.0,1.0,0.0,1.0,0.0,-3.7492927815419415,-3.7492927815419415,1.0,,,0.0,,,,-3.7492927815419415,,INSUFFICIENT,C,UNKNOWN
NIITMTS.NS,204.9900054931641,2026-10-06T18:18:25.566299+05:30,WAITING FOR 0.786,2025-12-26,443.8999938964844,2026-10-01,185.0,,388.4953952026367,314.4499969482422,511.2139923095703,47.23489440943242,5.0,0.0,5.0,0.0,5.0,0.0,-6.931910853743001,-6.931910853743001,5.2,,,4.8,,,,-1.3330597795659618,,INSUFFICIENT,C,UNKNOWN
GTPL.NS,54.68000030517578,2026-10-06T18:18:25.566299+05:30,WAITING FOR 0.786,2025-10-14,118.25,2026-08-17,50.84999847412109,,103.8263996734619,84.54999923706055,135.77400039672852,47.335166704088245,2.0,0.0,2.0,0.0,2.0,0.0,-5.442838616008709,-5.442838616008709,1.0,,,0.5,,,,-5.442838616008709,,INSUFFICIENT,C,UNKNOWN
SAURASHCEM.NS,51.470001220703125,2026-10-06T18:18:25.566299+05:30,WAITING FOR 0.786,2025-10-03,112.25,2026-03-30,47.650001525878906,,98.42560032653807,79.95000076293945,129.04599960327147,47.70669312664027,4.0,0.0,4.0,0.0,4.0,0.0,-4.959390031823858,-4.959390031823858,4.25,,,4.0,,,,-1.1669153016056135,,INSUFFICIENT,C,UNKNOWN
EUROPRATIK.NS,180.02000427246094,2026-10-06T18:18:25.566299+05:30,WAITING FOR 0.786,2025-11-17,390.0,2026-10-06,176.8800048828125,,344.3923210449219,283.44000244140625,445.4111987304688,47.72821771221216,1.0,0.0,1.0,0.0,1.0,0.0,-2.925765470746407,-2.925765470746407,3.0,,,3.0,,,,-0.9752551569154688,,INSUFFICIENT,C,UNKNOWN
TOLINS.NS,90.19000244140624,2026-10-06T18:18:25.566299+05:30,WAITING FOR 0.786,2025-11-04,197.69000244140625,2026-03-30,83.04000091552734,,173.15490211486815,140.3650016784668,227.4990028381348,47.91368806782284,2.0,0.0,2.0,0.0,2.0,0.0,-13.68659174090093,-13.68659174090093,30.5,,,30.5,,,,-0.4487407128164239,,INSUFFICIENT,C,UNKNOWN
FIRSTCRY.NS,177.57000732421875,2026-10-06T18:18:25.566299+05:30,WAITING FOR 0.786,2025-10-07,389.6499938964844,2026-09-18,163.3699951171875,,341.22607415771483,276.50999450683594,448.4827935791016,47.961184454460586,2.0,0.0,2.0,0.0,2.0,0.0,-4.018675771713425,-4.018675771713425,1.0,,,0.0,,,,-4.018675771713425,,INSUFFICIENT,C,UNKNOWN
SECURKLOUD.NS,15.710000038146973,2026-10-06T18:18:25.566299+05:30,WAITING FOR 0.786,2025-11-24,34.18000030517578,2026-09-11,15.600000381469728,,30.203880321502687,24.890000343322757,39.01080028533936,47.9868153663596,1.0,0.0,1.0,0.0,1.0,0.0,-4.8802845653963765,-4.8802845653963765,1.0,,,0.0,,,,-4.8802845653963765,,INSUFFICIENT,C,UNKNOWN
STANLEY.NS,136.5399932861328,2026-10-06T18:18:25.566299+05:30,WAITING FOR 0.786,2025-10-09,304.0,2026-03-30,123.0,,265.266,213.5,351.06,48.52714132752302,1.0,0.0,1.0,0.0,1.0,0.0,-2.4270009961562127,-2.4270009961562127,1.0,,,0.0,,,,-2.4270009961562127,,INSUFFICIENT,C,UNKNOWN
GRMOVER.NS,79.04000091552734,2026-10-06T18:18:25.566299+05:30,WAITING FOR 0.786,2026-05-18,175.60000610351562,2026-10-01,77.0,,154.4996047973633,126.3000030517578,201.2360076904297,48.84129249444123,2.0,0.0,1.0,1.0,1.0,0.0,4.335279579528016,4.335279579528016,32.5,,,3.0,,,,0.1333932178316312,,INSUFFICIENT,C,UNKNOWN
VIRINCHI.NS,13.15999984741211,2026-10-06T18:18:25.566299+05:30,WAITING FOR 0.786,2025-10-16,29.46999931335449,2026-10-05,12.550000190734863,,25.84911950111389,21.00999975204468,33.86919908523559,49.08917556420048,1.0,0.0,1.0,0.0,1.0,0.0,-3.9361407650406224,-3.9361407650406224,1.0,,,0.0,,,,-3.9361407650406224,,INSUFFICIENT,C,UNKNOWN
TURTLEMINT.NS,68.91000366210938,2026-10-06T18:18:25.566299+05:30,WAITING FOR 0.786,2026-08-28,160.0,2026-10-05,65.8499984741211,,139.8518996734619,112.92499923706056,184.4790003967285,50.7264443150173,2.0,0.0,2.0,0.0,2.0,0.0,-5.646001559951664,-5.646001559951664,2.0,,,1.5,,,,-2.823000779975832,,INSUFFICIENT,C,UNKNOWN
ALOKINDS.NS,7.829999923706055,2026-10-06T18:18:25.566299+05:30,WAITING FOR 0.786,2025-10-16,18.450000762939453,2026-10-01,6.920000076293945,,15.982580615997314,12.6850004196167,21.447800941467285,51.00916358983457,3.0,0.0,2.0,1.0,2.0,0.0,-6.506271487804088,-6.506271487804088,21.33333333333333,,,1.5,,,,-0.3049814759908166,,INSUFFICIENT,C,UNKNOWN
DAVANGERE.NS,2.2699999809265137,2026-10-06T18:18:25.566299+05:30,WAITING FOR 0.786,2026-01-22,5.5,2026-09-09,1.7400000095367432,,4.695360002040863,3.620000004768372,6.477599997520447,51.65439966392681,3.0,0.0,3.0,0.0,3.0,0.0,-7.3130869930981,-7.3130869930981,5.333333333333333,,,5.0,,,,-1.3712038112058935,,INSUFFICIENT,C,UNKNOWN
AWFIS.NS,243.5399932861328,2026-10-06T18:18:25.566299+05:30,WAITING FOR 0.786,2025-11-11,639.4000244140625,2026-03-30,229.0500030517578,,551.5851198425294,434.22501373291016,746.0910299682618,55.84725103613012,1.0,0.0,1.0,0.0,1.0,0.0,-5.717986393147548,-5.717986393147548,1.0,,,0.0,,,,-5.717986393147548,,INSUFFICIENT,C,UNKNOWN
ELIN.NS,78.83999633789062,2026-10-06T18:18:25.566299+05:30,WAITING FOR 0.786,2025-11-10,222.9900054931641,2026-10-05,78.0,,191.96214431762692,150.49500274658203,260.6874069213867,58.92940422282461,1.0,0.0,1.0,0.0,1.0,0.0,-16.971029559233468,-16.971029559233468,29.0,,,29.0,,,,-0.5852079158356368,,INSUFFICIENT,C,UNKNOWN
KALAMANDIR.NS,77.36000061035156,2026-10-06T18:18:25.566299+05:30,WAITING FOR 0.786,2025-10-28,223.02999877929688,2026-10-01,73.0999984741211,,190.9449787139893,148.06499862670898,262.0117988586426,59.48571094596482,1.0,0.0,1.0,0.0,1.0,0.0,-3.5881472773210223,-3.5881472773210223,1.0,,,0.0,,,,-3.5881472773210223,,INSUFFICIENT,C,UNKNOWN
MCLOUD.NS,24.850000381469727,2026-10-06T18:18:25.566299+05:30,WAITING FOR 0.786,2025-10-01,78.97000122070312,2026-03-30,19.399999618530277,,66.22202087783813,49.1850004196167,94.45820163726806,62.47471754552566,2.0,0.0,1.0,1.0,1.0,0.0,2.1477363513170333,2.1477363513170333,31.0,,,0.0,,,,0.0692818177844204,,INSUFFICIENT,C,UNKNOWN
FILATFASH.NS,0.1800000071525573,2026-10-06T18:18:25.566299+05:30,WAITING FOR 0.786,2025-10-03,0.5799999833106995,2026-03-30,0.1400000005960464,,0.4858399870097637,0.3599999919533729,0.6943999788165093,62.95076322136078,1.0,0.0,1.0,0.0,1.0,0.0,-4.756146119715039,-4.756146119715039,1.0,,,0.0,,,,-4.756146119715039,,INSUFFICIENT,C,UNKNOWN
SUPREME.NS,30.270000457763672,2026-10-06T18:18:25.566299+05:30,WAITING FOR 0.786,2025-10-13,97.83999633789062,2026-09-29,29.059999465942383,,83.1210770072937,63.4499979019165,115.72279552459716,63.58324320664476,2.0,0.0,2.0,0.0,2.0,0.0,-7.56266185339455,-7.56266185339455,1.0,,,0.0,,,,-7.56266185339455,,INSUFFICIENT,C,UNKNOWN
FISCHER.NS,33.13999938964844,2026-10-06T18:18:25.566299+05:30,WAITING FOR 0.786,2025-10-29,121.6999969482422,2026-06-09,31.049999237060547,,102.30089743804932,76.37499809265137,145.26899635314942,67.60536787107158,1.0,0.0,1.0,0.0,1.0,0.0,-8.066742355153462,-8.066742355153462,5.0,,,5.0,,,,-1.6133484710306925,,INSUFFICIENT,C,UNKNOWN
TAKE.NS,11.550000190734863,2026-10-06T18:18:25.566299+05:30,WAITING FOR 0.786,2026-05-04,42.68999862670898,2026-10-06,11.510000228881836,,36.01747896957397,27.09999942779541,50.79679821014404,67.93223589998675,2.0,0.0,1.0,1.0,1.0,0.0,-10.67570885273193,-10.67570885273193,30.5,,,0.0,,,,-0.350023241073178,,INSUFFICIENT,C,UNKNOWN
RNBDENIMS.NS,8.979999542236328,2026-10-06T18:18:25.566299+05:30,WAITING FOR 0.786,2026-02-25,67.66666412353516,2026-08-21,7.71999979019165,,54.83807795619965,37.6933319568634,83.25279685020446,83.62451807773269,4.0,0.0,4.0,0.0,4.0,0.0,-5.98464421797113,-5.98464421797113,1.0,,,0.0,,,,-5.98464421797113,,INSUFFICIENT,C,UNKNOWN
KRYSTAL.NS,656.6500244140625,2026-10-06T18:18:25.566299+05:30,WAITING FOR 0.786,2026-09-17,696.9000244140625,2026-10-05,607.0,,677.6614191894531,651.9500122070312,720.2740307617188,3.100574148152365,0.0,0.0,0.0,0.0,0.0,,,,,,,,,,,,,INSUFFICIENT,C,UNKNOWN
NIRLON.NS,619.0,2026-10-06T18:18:25.566299+05:30,WAITING FOR 0.786,2026-07-14,657.0,2026-09-22,580.0,,640.522,618.5,677.02,3.360071941322866,0.0,0.0,0.0,0.0,0.0,,,,,,,,,,,,,INSUFFICIENT,C,UNKNOWN
VENKEYS.NS,1694.800048828125,2026-10-06T18:18:25.566299+05:30,WAITING FOR 0.786,2026-09-15,1814.9000244140625,2026-10-01,1532.199951171875,,1754.4022087402343,1673.5499877929688,1888.4020434570311,3.397291659528132,0.0,0.0,0.0,0.0,0.0,,,,,,,,,,,,,INSUFFICIENT,C,UNKNOWN
TVSSCS.NS,130.6699981689453,2026-10-06T18:18:25.566299+05:30,WAITING FOR 0.786,2026-09-18,138.14999389648438,2026-10-05,126.9499969482422,,135.75319454956053,132.54999542236328,141.06199310302733,3.7444396041519714,0.0,0.0,0.0,0.0,0.0,,,,,,,,,,,,,INSUFFICIENT,C,UNKNOWN
SIGACHI.NS,29.88999938964844,2026-10-06T18:18:25.566299+05:30,WAITING FOR 0.786,2026-09-18,32.150001525878906,2026-10-05,28.059999465942383,,31.27474108505249,30.105000495910645,33.2134020614624,4.427667975374154,1.0,0.0,0.0,1.0,0.0,,21.02070823355761,21.02070823355761,61.0,,,,,,,0.3446017743206165,,INSUFFICIENT,C,UNKNOWN
SURAKSHA.NS,332.0,2026-10-06T18:18:25.566299+05:30,WAITING FOR 0.786,2026-09-21,360.0,2026-10-06,325.1499938964844,,352.54209869384766,342.5749969482422,369.0610015869141,5.8268498343758655,0.0,0.0,0.0,0.0,0.0,,,,,,,,,,,,,INSUFFICIENT,C,UNKNOWN
ANTHEM.NS,890.3499755859375,2026-10-06T18:18:25.566299+05:30,WAITING FOR 0.786,2026-09-09,977.5499877929688,2026-10-01,830.5999755859375,,946.102685180664,904.0749816894532,1015.7569909667968,5.892881445958502,1.0,0.0,0.0,1.0,0.0,,-7.755505817929986,-7.755505817929986,61.0,,,,,,,-0.1271394396381965,,INSUFFICIENT,C,UNKNOWN
PAYTM.NS,1694.0,2026-10-06T18:18:25.566299+05:30,WAITING FOR 0.786,2026-09-16,1855.5,2026-10-01,1629.0,,1807.029,1742.25,1914.39,6.254963257368863,0.0,0.0,0.0,0.0,0.0,,,,,,,,,,,,,INSUFFICIENT,C,UNKNOWN
TASTYBITE.NS,9413.0,2026-10-06T18:18:25.566299+05:30,WAITING FOR 0.786,2026-09-15,10386.0,2026-10-01,9292.5,,10151.991,9839.25,10670.31,7.279271622679728,1.0,0.0,0.0,1.0,0.0,,-5.913665423794888,-5.913665423794888,60.0,,,,,,,-0.0985610903965814,,INSUFFICIENT,C,UNKNOWN
MAMATA.NS,395.6499938964844,2026-10-06T18:18:25.566299+05:30,WAITING FOR 0.786,2026-09-09,439.9500122070313,2026-10-01,389.2999877929688,,429.11090698242185,414.625,453.1190185546875,7.797730736149331,0.0,0.0,0.0,0.0,0.0,,,,,,,,,,,,,INSUFFICIENT,C,UNKNOWN
BALAMINES.NS,2287.699951171875,2026-10-06T18:18:25.566299+05:30,WAITING FOR 0.786,2026-09-07,2629.800048828125,2026-10-05,1936.0,,2481.3268383789064,2282.9000244140625,2810.1880615234377,7.803360855659432,0.0,0.0,0.0,0.0,0.0,,,,,,,,,,,,,INSUFFICIENT,C,UNKNOWN
HIKAL.NS,226.42999267578125,2026-10-06T18:18:25.566299+05:30,WAITING FOR 0.786,2026-09-07,257.0,2026-09-29,207.2100067138672,,246.3449414367676,232.1050033569336,269.94539825439455,8.084171992668319,0.0,0.0,0.0,0.0,0.0,,,,,,,,,,,,,INSUFFICIENT,C,UNKNOWN
STARHEALTH.NS,550.5499877929688,2026-10-06T18:18:25.566299+05:30,WAITING FOR 0.786,2026-07-30,624.9000244140625,2026-09-24,513.0,,600.9534191894531,568.9500122070312,653.9940307617187,8.387244299977016,0.0,0.0,0.0,0.0,0.0,,,,,,,,,,,,,INSUFFICIENT,C,UNKNOWN
MOBIKWIK.NS,242.13999938964844,2026-10-06T18:18:25.566299+05:30,WAITING FOR 0.786,2025-10-07,296.70001220703125,2026-03-30,151.4600067138672,,265.6186510314941,224.0800094604492,334.46241363525394,8.839233069917924,0.0,0.0,0.0,0.0,0.0,,,,,,,,,,,,,INSUFFICIENT,C,UNKNOWN
DIFFNKG.NS,454.1000061035156,2026-10-06T18:18:25.566299+05:30,WAITING FOR 0.786,2026-09-04,519.9000244140625,2026-09-28,420.5499877929688,,498.63911657714846,470.2250061035156,545.7310339355469,8.932133278946603,0.0,0.0,0.0,0.0,0.0,,,,,,,,,,,,,INSUFFICIENT,C,UNKNOWN
SOLARA.NS,682.6500244140625,2026-10-06T18:18:25.566299+05:30,WAITING FOR 0.786,2026-09-15,774.0,2026-10-06,668.0999755859375,,751.3373947753906,721.0499877929688,801.5340063476563,9.14201407236784,0.0,0.0,0.0,0.0,0.0,,,,,,,,,,,,,INSUFFICIENT,C,UNKNOWN
HDBFS.NS,616.75,2026-10-06T18:18:25.566299+05:30,WAITING FOR 0.786,2026-08-20,712.0999755859375,2026-10-01,602.5999755859375,,688.6669755859375,657.3499755859375,740.5699755859375,10.442924974694554,0.0,0.0,0.0,0.0,0.0,,,,,,,,,,,,,INSUFFICIENT,C,UNKNOWN
VCL.NS,1.5,2026-10-06T18:18:25.566299+05:30,WAITING FOR 0.786,2026-09-11,1.809999942779541,2026-09-30,1.2000000476837158,,1.6794599652290343,1.5049999952316284,1.968599915504456,10.68557565792054,0.0,0.0,0.0,0.0,0.0,,,,,,,,,,,,,INSUFFICIENT,C,UNKNOWN
EIEL.NS,185.5399932861328,2026-10-06T18:18:25.566299+05:30,WAITING FOR 0.786,2026-09-10,215.7400054931641,2026-10-05,178.5,,207.77064431762696,197.12000274658203,225.4224069213867,10.699611152723431,0.0,0.0,0.0,0.0,0.0,,,,,,,,,,,,,INSUFFICIENT,C,UNKNOWN
RBA.NS,95.0999984741211,2026-10-06T18:18:25.566299+05:30,WAITING FOR 0.786,2026-08-24,111.1500015258789,2026-10-01,89.5,,106.51690119934082,100.32500076293944,116.77900192260742,10.718395481533577,0.0,0.0,0.0,0.0,0.0,,,,,,,,,,,,,INSUFFICIENT,C,UNKNOWN
CMRGREEN.NS,226.6300048828125,2026-10-06T18:18:25.566299+05:30,WAITING FOR 0.786,2026-06-10,268.9599914550781,2026-08-19,205.25,,255.3260532836914,237.10499572753903,285.52458923339844,11.238981698822126,0.0,0.0,0.0,0.0,0.0,,,,,,,,,,,,,INSUFFICIENT,C,UNKNOWN
VAIBHAVGBL.NS,202.42999267578125,2026-10-06T18:18:25.566299+05:30,WAITING FOR 0.786,2026-08-12,238.3999938964844,2026-10-01,196.8800048828125,,229.5147162475586,217.63999938964844,249.19519104003905,11.800865763467336,0.0,0.0,0.0,0.0,0.0,,,,,,,,,,,,,INSUFFICIENT,C,UNKNOWN
DBL.NS,400.7999877929688,2026-10-06T18:18:25.566299+05:30,WAITING FOR 0.786,2026-08-05,474.7000122070313,2026-09-07,390.0,,456.57420959472654,432.3500061035156,496.7220153808594,12.21580646249494,0.0,0.0,0.0,0.0,0.0,,,,,,,,,,,,,INSUFFICIENT,C,UNKNOWN
HAWKINCOOK.NS,8009.5,2026-10-06T18:18:25.566299+05:30,WAITING FOR 0.786,2026-07-21,9600.0,2026-09-30,7828.5,,9220.899,8714.25,10060.59,13.137536806335255,0.0,0.0,0.0,0.0,0.0,,,,,,,,,,,,,INSUFFICIENT,C,UNKNOWN
JSWCEMENT.NS,113.1999969482422,2026-10-06T18:18:25.566299+05:30,WAITING FOR 0.786,2026-08-07,136.39999389648438,2026-10-01,109.62000274658205,,130.66907579040526,123.0099983215332,143.362791595459,13.368946505892245,0.0,0.0,0.0,0.0,0.0,,,,,,,,,,,,,INSUFFICIENT,C,UNKNOWN
IGIL.NS,319.6000061035156,2026-10-06T18:18:25.566299+05:30,WAITING FOR 0.786,2026-05-26,388.2999877929688,2026-09-11,307.04998779296875,,370.9124877929688,347.67498779296875,409.4249877929688,13.834120817763916,0.0,0.0,0.0,0.0,0.0,,,,,,,,,,,,,INSUFFICIENT,C,UNKNOWN
SEJALLTD.NS,676.5499877929688,2026-10-06T18:18:25.566299+05:30,WAITING FOR 0.786,2026-06-19,839.25,2026-09-16,587.4500122070312,,785.3648026123046,713.3500061035156,904.717996826172,13.855321050471408,0.0,0.0,0.0,0.0,0.0,,,,,,,,,,,,,INSUFFICIENT,C,UNKNOWN
GLOSTERLTD.NS,551.5999755859375,2026-10-06T18:18:25.566299+05:30,WAITING FOR 0.786,2026-08-11,676.9500122070312,2026-09-29,536.2000122070312,,646.8295122070313,606.5750122070312,713.5450122070313,14.722509536734552,0.0,0.0,0.0,0.0,0.0,,,,,,,,,,,,,INSUFFICIENT,C,UNKNOWN
CAPITALSFB.NS,263.79998779296875,2026-10-06T18:18:25.566299+05:30,WAITING FOR 0.786,2026-05-08,323.70001220703125,2026-10-06,262.25,,310.5497095947265,292.9750061035156,339.67701538085936,15.053861059077178,0.0,0.0,0.0,0.0,0.0,,,,,,,,,,,,,INSUFFICIENT,C,UNKNOWN
ZFSTEERING.NS,710.25,2026-10-06T18:18:25.566299+05:30,WAITING FOR 0.786,2026-04-22,894.97998046875,2026-06-03,620.6500244140625,,836.2733698730469,757.8150024414062,966.3057690429688,15.069638040988714,0.0,0.0,0.0,0.0,0.0,,,,,,,,,,,,,INSUFFICIENT,C,UNKNOWN
SCODATUBES.NS,124.37000274658205,2026-10-06T18:18:25.566299+05:30,WAITING FOR 0.786,2026-07-13,155.99000549316406,2026-09-16,118.5999984741211,,147.98854399108887,137.29500198364258,165.71140731811522,15.959709182576344,0.0,0.0,0.0,0.0,0.0,,,,,,,,,,,,,INSUFFICIENT,C,UNKNOWN
ELLEN.NS,348.20001220703125,2026-10-06T18:18:25.566299+05:30,WAITING FOR 0.786,2025-10-03,480.0,2026-03-17,175.0,,414.73,327.5,559.3,16.04175916692035,0.0,0.0,0.0,0.0,0.0,,,,,,,,,,,,,INSUFFICIENT,C,UNKNOWN
KALPATARU.NS,269.79998779296875,2026-10-06T18:18:25.566299+05:30,WAITING FOR 0.786,2026-06-16,342.0,2026-09-16,250.0,,322.312,296.0,365.92,16.29229200496142,0.0,0.0,0.0,0.0,0.0,,,,,,,,,,,,,INSUFFICIENT,C,UNKNOWN
TATATECH.NS,703.0999755859375,2026-10-06T18:18:25.566299+05:30,WAITING FOR 0.786,2026-08-11,891.0,2026-09-29,683.7000122070312,,846.6378026123047,787.3500061035156,944.897996826172,16.953864637685744,0.0,0.0,0.0,0.0,0.0,,,,,,,,,,,,,INSUFFICIENT,C,UNKNOWN
EPACKPEB.NS,247.82000732421875,2026-10-06T18:18:25.566299+05:30,WAITING FOR 0.786,2025-11-07,344.0,2026-03-30,132.1699981689453,,298.6683796081543,238.08499908447263,399.0758004760742,17.02502700508416,0.0,0.0,0.0,0.0,0.0,,,,,,,,,,,,,INSUFFICIENT,C,UNKNOWN
SIGNPOST.NS,262.1000061035156,2026-10-06T18:18:25.566299+05:30,WAITING FOR 0.786,2026-07-14,336.79998779296875,2026-09-03,240.1499938964844,,316.11688909912107,288.47499084472656,361.9289862060547,17.087629563084814,0.0,0.0,0.0,0.0,0.0,,,,,,,,,,,,,INSUFFICIENT,C,UNKNOWN
DCMSIL.NS,78.87000274658203,2026-10-06T18:18:25.566299+05:30,WAITING FOR 0.786,2026-03-19,105.2699966430664,2026-06-02,58.0,,95.1542173614502,81.6349983215332,117.56019577026368,17.113497505855566,0.0,0.0,0.0,0.0,0.0,,,,,,,,,,,,,INSUFFICIENT,C,UNKNOWN
CAPILLARY.NS,587.2000122070312,2026-10-06T18:18:25.566299+05:30,WAITING FOR 0.786,2025-11-26,798.9500122070312,2026-09-09,438.1499938964844,,721.7388082885742,618.5500030517578,892.7580169677734,18.64092584969465,0.0,0.0,0.0,0.0,0.0,,,,,,,,,,,,,INSUFFICIENT,C,UNKNOWN
DEVX.NS,39.619998931884766,2026-10-06T18:18:25.566299+05:30,WAITING FOR 0.786,2025-10-07,54.0,2026-03-30,29.950000762939453,,48.85330016326904,41.97500038146973,60.25299980163574,18.90005629205465,0.0,0.0,0.0,0.0,0.0,,,,,,,,,,,,,INSUFFICIENT,C,UNKNOWN
NUVOCO.NS,326.5,2026-10-06T18:18:25.566299+05:30,WAITING FOR 0.786,2025-10-10,439.8500061035156,2026-03-24,276.25,,404.8396047973633,358.0500030517578,482.38600769042966,19.350775929290577,0.0,0.0,0.0,0.0,0.0,,,,,,,,,,,,,INSUFFICIENT,C,UNKNOWN
CROMPTON.NS,211.97999572753903,2026-10-06T18:18:25.566299+05:30,WAITING FOR 0.786,2026-06-22,281.5,2026-10-01,201.1000061035156,,264.29440130615234,241.3000030517578,302.403998413086,19.793989324054397,1.0,0.0,0.0,1.0,0.0,,-8.871941108947327,-8.871941108947327,62.0,,,,,,,-0.1430958243378601,,INSUFFICIENT,C,UNKNOWN
NTPCGREEN.NS,90.12999725341795,2026-10-06T18:18:25.566299+05:30,WAITING FOR 0.786,2026-04-27,119.9499969482422,2026-09-16,85.16000366210938,,112.50493838500977,102.55500030517578,128.99539520263673,19.887963544339,0.0,0.0,0.0,0.0,0.0,,,,,,,,,,,,,INSUFFICIENT,C,UNKNOWN
ELCIDIN.NS,102975.0,2026-10-06T18:18:25.566299+05:30,WAITING FOR 0.786,2026-04-20,137000.0,2026-10-06,98005.0,,128655.07,117502.5,147138.7,19.96040264872578,0.0,0.0,0.0,0.0,0.0,,,,,,,,,,,,,INSUFFICIENT,C,UNKNOWN
VAML.NS,401.0499877929688,2026-10-06T18:18:25.566299+05:30,WAITING FOR 0.786,2026-06-15,537.0,2026-10-05,391.4500122070313,,505.8523026123047,464.2250061035156,574.8429968261719,20.717967335152878,0.0,0.0,0.0,0.0,0.0,,,,,,,,,,,,,INSUFFICIENT,C,UNKNOWN
BAJAJHFL.NS,82.36000061035156,2026-10-06T18:18:25.566299+05:30,WAITING FOR 0.786,2025-10-06,113.4499969482422,2026-03-30,72.6500015258789,,104.71879792785646,93.04999923706056,124.05799575805663,21.351273849522663,0.0,0.0,0.0,0.0,0.0,,,,,,,,,,,,,INSUFFICIENT,C,UNKNOWN
IDEAFORGE.NS,723.4000244140625,2026-10-06T18:18:25.566299+05:30,WAITING FOR 0.786,2026-06-08,992.25,2026-09-16,684.0,,926.2845,838.125,1072.395,21.90304119154941,0.0,0.0,0.0,0.0,0.0,,,,,,,,,,,,,INSUFFICIENT,C,UNKNOWN
ROML.NS,42.9900016784668,2026-10-06T18:18:25.566299+05:30,WAITING FOR 0.786,2025-10-24,60.5,2026-03-30,35.11000061035156,,55.06654013061524,47.80500030517578,67.10139984130859,21.930810295151037,0.0,0.0,0.0,0.0,0.0,,,,,,,,,,,,,INSUFFICIENT,C,UNKNOWN
DABUR.NS,388.8999938964844,2026-10-06T18:18:25.566299+05:30,WAITING FOR 0.786,2026-01-05,534.0,2026-09-09,368.0499877929688,,498.48669738769536,451.0249938964844,577.1470031738281,21.983877215880952,1.0,0.0,0.0,1.0,0.0,,2.0710095799545645,2.0710095799545645,61.0,,,,,,,0.0339509767205666,,INSUFFICIENT,C,UNKNOWN
HLEGLAS.NS,447.1000061035156,2026-10-06T18:18:25.566299+05:30,WAITING FOR 0.786,2025-11-03,661.9500122070312,2026-03-30,250.0,,573.7927095947266,455.9750061035156,769.0570153808594,22.079873336260203,0.0,0.0,0.0,0.0,0.0,,,,,,,,,,,,,INSUFFICIENT,C,UNKNOWN
ARSSBL.NS,551.5499877929688,2026-10-06T18:18:25.566299+05:30,WAITING FOR 0.786,2025-11-18,794.8499755859375,2026-03-30,416.0,,713.7760808105469,605.4249877929688,893.3509692382813,22.72786905850895,0.0,0.0,0.0,0.0,0.0,,,,,,,,,,,,,INSUFFICIENT,C,UNKNOWN
BIRLANU.NS,1406.5,2026-10-06T18:18:25.566299+05:30,WAITING FOR 0.786,2025-10-03,1999.0,2026-03-30,1190.0999755859375,,1825.8953947753907,1594.5499877929688,2209.314006347656,22.96930021158096,0.0,0.0,0.0,0.0,0.0,,,,,,,,,,,,,INSUFFICIENT,C,UNKNOWN
ORKLAINDIA.NS,545.0,2026-10-06T18:18:25.566299+05:30,WAITING FOR 0.786,2025-11-06,760.0,2026-10-01,530.0499877929688,,710.7906973876953,645.0249938964844,819.7870031738281,23.324826562448116,0.0,0.0,0.0,0.0,0.0,,,,,,,,,,,,,INSUFFICIENT,C,UNKNOWN
KANSAINER.NS,184.0,2026-10-06T18:18:25.566299+05:30,WAITING FOR 0.786,2025-12-24,264.0,2026-03-23,157.91000366210938,,241.2967407836914,210.9550018310547,291.5833990478516,23.74534384409884,0.0,0.0,0.0,0.0,0.0,,,,,,,,,,,,,INSUFFICIENT,C,UNKNOWN
RVTH.NS,756.2000122070312,2026-10-06T18:18:25.566299+05:30,WAITING FOR 0.786,2025-10-09,1128.0,2026-03-16,491.1000061035156,,991.7034013061524,809.5500030517578,1293.593998413086,23.74736123612609,0.0,0.0,0.0,0.0,0.0,,,,,,,,,,,,,INSUFFICIENT,C,UNKNOWN
XTGLOBAL.NS,27.61000061035156,2026-10-06T18:18:25.566299+05:30,WAITING FOR 0.786,2026-03-05,39.400001525878906,2026-03-30,25.81999969482422,,36.4938811340332,32.61000061035156,42.930802001953126,24.34347963992455,0.0,0.0,0.0,0.0,0.0,,,,,,,,,,,,,INSUFFICIENT,C,UNKNOWN
GLOBALE.NS,10.649999618530272,2026-10-06T18:18:25.566299+05:30,WAITING FOR 0.786,2026-04-22,15.399999618530272,2026-10-01,9.850000381469728,,14.212299781799317,12.625,16.842999420166016,25.064910098723274,0.0,0.0,0.0,0.0,0.0,,,,,,,,,,,,,INSUFFICIENT,C,UNKNOWN
AMRUTANJAN.NS,523.7000122070312,2026-10-06T18:18:25.566299+05:30,WAITING FOR 0.786,2025-10-29,760.1500244140625,2026-09-16,476.5,,699.4489191894531,618.3250122070312,833.8990307617187,25.126767968429505,0.0,0.0,0.0,0.0,0.0,,,,,,,,,,,,,INSUFFICIENT,C,UNKNOWN
VISL.NS,30.75,2026-10-06T18:18:25.566299+05:30,WAITING FOR 0.786,2026-07-03,44.77999877929688,2026-07-29,29.25,,41.45657904052735,37.01499938964844,48.81779846191407,25.826007085777025,0.0,0.0,0.0,0.0,0.0,,,,,,,,,,,,,INSUFFICIENT,C,UNKNOWN
VSTL.NS,108.55999755859376,2026-10-06T18:18:25.566299+05:30,WAITING FOR 0.786,2025-10-06,158.8000030517578,2026-03-02,100.8000030517578,,146.3880030517578,129.8000030517578,173.8800030517578,25.84091913583203,0.0,0.0,0.0,0.0,0.0,,,,,,,,,,,,,INSUFFICIENT,C,UNKNOWN
PFIZER.NS,3852.199951171875,2026-10-06T18:18:25.566299+05:30,WAITING FOR 0.786,2025-10-13,5578.5,2026-10-01,3792.10009765625,,5196.210420898437,4685.300048828125,6042.963974609374,25.86520484853998,2.0,0.0,0.0,2.0,0.0,,-0.7741170290982615,-0.7741170290982615,61.5,,,,,,,-0.0125872687658253,,INSUFFICIENT,C,UNKNOWN
STUDDS.NS,407.0499877929688,2026-10-06T18:18:25.566299+05:30,WAITING FOR 0.786,2025-11-18,600.0,2026-10-01,389.1499938964844,,554.8780986938477,494.5749969482422,654.821001586914,26.64154726035469,0.0,0.0,0.0,0.0,0.0,,,,,,,,,,,,,INSUFFICIENT,C,UNKNOWN
NATHBIOGEN.NS,138.30999755859375,2026-10-06T18:18:25.566299+05:30,WAITING FOR 0.786,2026-04-30,204.0,2026-10-05,133.0,,188.806,168.5,222.46,26.744914060679356,0.0,0.0,0.0,0.0,0.0,,,,,,,,,,,,,INSUFFICIENT,C,UNKNOWN
MUTHOOTMF.NS,176.75999450683594,2026-10-06T18:18:25.566299+05:30,WAITING FOR 0.786,2026-07-27,262.7699890136719,2026-10-01,171.57000732421875,,243.2531929321289,217.1699981689453,286.4819842529297,27.334974568595083,0.0,0.0,0.0,0.0,0.0,,,,,,,,,,,,,INSUFFICIENT,C,UNKNOWN
TIGERLOGS.NS,25.86000061035156,2026-10-06T18:18:25.566299+05:30,WAITING FOR 0.786,2026-06-25,39.0,2026-10-01,24.799999237060547,,35.961199836730955,31.899999618530277,42.692000198364255,28.08916074057678,0.0,0.0,0.0,0.0,0.0,,,,,,,,,,,,,INSUFFICIENT,C,UNKNOWN
KRSNAA.NS,552.7000122070312,2026-10-06T18:18:25.566299+05:30,WAITING FOR 0.786,2025-11-17,838.0,2026-03-30,515.0,,768.878,676.5,921.98,28.116032425556305,1.0,0.0,0.0,1.0,0.0,,10.827168984854444,10.827168984854444,62.0,,,,,,,0.1746317578202329,,INSUFFICIENT,C,UNKNOWN
FLAIR.NS,227.83999633789065,2026-10-06T18:18:25.566299+05:30,WAITING FOR 0.786,2026-05-08,345.0,2026-10-01,216.82000732421875,,317.5694815673828,280.9100036621094,378.3267980957031,28.255071862266817,0.0,0.0,0.0,0.0,0.0,,,,,,,,,,,,,INSUFFICIENT,C,UNKNOWN
OLAELEC.NS,35.959999084472656,2026-10-06T18:18:25.566299+05:30,WAITING FOR 0.786,2025-10-17,57.95000076293945,2026-03-16,22.25,,50.31020059967041,40.10000038146973,67.23200096130371,28.52344324640153,0.0,0.0,0.0,0.0,0.0,,,,,,,,,,,,,INSUFFICIENT,C,UNKNOWN
PARKHOTELS.NS,103.19000244140624,2026-10-06T18:18:25.566299+05:30,WAITING FOR 0.786,2025-10-09,158.36000061035156,2026-03-30,95.0999984741211,,144.82236015319825,126.72999954223631,174.80760116577147,28.747189085823354,0.0,0.0,0.0,0.0,0.0,,,,,,,,,,,,,INSUFFICIENT,C,UNKNOWN
VEDPOWER.NS,32.529998779296875,2026-10-06T18:18:25.566299+05:30,WAITING FOR 0.786,2026-07-03,49.880001068115234,2026-09-18,30.440000534057617,,45.7198409538269,40.160000801086426,54.934401206970215,28.84927396805827,0.0,0.0,0.0,0.0,0.0,,,,,,,,,,,,,INSUFFICIENT,C,UNKNOWN
WCIL.NS,87.76000213623047,2026-10-06T18:18:25.566299+05:30,WAITING FOR 0.786,2025-10-31,137.0,2026-03-30,77.0199966430664,,124.16427928161622,107.0099983215332,152.59480087280275,29.319444655106835,0.0,0.0,0.0,0.0,0.0,,,,,,,,,,,,,INSUFFICIENT,C,UNKNOWN
BRIGHOTEL.NS,56.93000030517578,2026-10-06T18:18:25.566299+05:30,WAITING FOR 0.786,2025-10-27,87.79000091552734,2026-03-30,54.36000061035156,,80.63598085021972,71.07500076293945,96.48180099487304,29.39876255623093,0.0,0.0,0.0,0.0,0.0,,,,,,,,,,,,,INSUFFICIENT,C,UNKNOWN
BMWVENTLTD.NS,50.369998931884766,2026-10-06T18:18:25.566299+05:30,WAITING FOR 0.786,2025-10-01,78.0,2026-03-30,48.0,,71.58,63.0,85.8,29.63118338658177,0.0,0.0,0.0,0.0,0.0,,,,,,,,,,,,,INSUFFICIENT,C,UNKNOWN
CRAMC.NS,224.8800048828125,2026-10-06T18:18:25.566299+05:30,WAITING FOR 0.786,2025-10-27,353.3999938964844,2026-03-09,214.1999969482422,,323.61119454956054,283.7999954223633,389.5919931030273,30.509200957702813,0.0,0.0,0.0,0.0,0.0,,,,,,,,,,,,,INSUFFICIENT,C,UNKNOWN
HEXT.NS,500.2999877929688,2026-10-06T18:18:25.566299+05:30,WAITING FOR 0.786,2025-12-04,807.75,2026-03-12,400.2000122070313,,720.5343026123047,603.9750061035156,913.712996826172,30.5654170829722,1.0,0.0,0.0,1.0,0.0,,8.115960308652966,8.115960308652966,62.0,,,,,,,0.1309025856234349,,INSUFFICIENT,C,UNKNOWN
LOYALTEX.NS,207.0,2026-10-06T18:18:25.566299+05:30,WAITING FOR 0.786,2026-02-09,333.989990234375,2026-04-02,170.0399932861328,,298.9046908874512,252.0149917602539,376.616989440918,30.747155762121093,0.0,0.0,0.0,0.0,0.0,,,,,,,,,,,,,INSUFFICIENT,C,UNKNOWN
IGL.NS,141.3800048828125,2026-10-06T18:18:25.566299+05:30,WAITING FOR 0.786,2025-10-08,223.5,2026-09-29,139.1999969482422,,205.45979934692383,181.3499984741211,245.41800079345705,31.188482938168864,1.0,0.0,0.0,1.0,0.0,,-2.224616558055783,-2.224616558055783,62.0,,,,,,,-0.0358809122267061,,INSUFFICIENT,C,UNKNOWN
MFML.NS,19.190000534057617,2026-10-06T18:18:25.566299+05:30,WAITING FOR 0.786,2025-11-04,30.96999931335449,2026-09-28,16.75,,27.92691946029663,23.85999965667725,34.66719913482666,31.284936165838797,0.0,0.0,0.0,0.0,0.0,,,,,,,,,,,,,INSUFFICIENT,C,UNKNOWN
APCL.NS,93.58000183105467,2026-10-06T18:18:25.566299+05:30,WAITING FOR 0.786,2026-02-03,148.77999877929688,2026-10-05,91.5,,136.52207904052733,120.13999938964844,163.67279846191406,31.45430945036008,0.0,0.0,0.0,0.0,0.0,,,,,,,,,,,,,INSUFFICIENT,C,UNKNOWN
PINELABS.NS,172.72999572753906,2026-10-06T18:18:25.566299+05:30,WAITING FOR 0.786,2025-11-14,284.0,2026-05-27,134.72999572753906,,252.05621908569336,209.36499786376956,322.81020111083984,31.4716390041482,0.0,0.0,0.0,0.0,0.0,,,,,,,,,,,,,INSUFFICIENT,C,UNKNOWN
WHIRLPOOL.NS,867.7999877929688,2026-10-06T18:18:25.566299+05:30,WAITING FOR 0.786,2025-10-31,1437.0,2026-09-18,706.0,,1280.566,1071.5,1627.06,32.233091633467644,1.0,0.0,0.0,1.0,0.0,,-11.707737550229686,-11.707737550229686,60.0,,,,,,,-0.1951289591704947,,INSUFFICIENT,C,UNKNOWN
MONEYBOXX.NS,53.47999954223633,2026-10-06T18:18:25.566299+05:30,WAITING FOR 0.786,2025-10-20,91.5,2026-09-10,35.849998474121094,,79.5908996734619,63.67499923706055,105.96900039672852,32.80638896953161,0.0,0.0,0.0,0.0,0.0,,,,,,,,,,,,,INSUFFICIENT,C,UNKNOWN
MUFTI.NS,69.61000061035156,2026-10-06T18:18:25.566299+05:30,WAITING FOR 0.786,2025-10-10,116.81999969482422,2026-03-30,63.060001373291016,,105.31536005401612,89.94000053405762,130.79759925842285,33.90327814038837,0.0,0.0,0.0,0.0,0.0,,,,,,,,,,,,,INSUFFICIENT,C,UNKNOWN
CEWATER.NS,260.6499938964844,2026-10-06T18:18:25.566299+05:30,WAITING FOR 0.786,2026-02-09,442.0,2026-03-16,235.0,,397.702,338.5,495.82,34.460979855146725,0.0,0.0,0.0,0.0,0.0,,,,,,,,,,,,,INSUFFICIENT,C,UNKNOWN
RAYMONDLSL.NS,649.8499755859375,2026-10-06T18:18:25.566299+05:30,WAITING FOR 0.786,2026-01-30,1094.5,2026-10-01,615.0,,991.887,854.75,1219.17,34.48346680761644,0.0,0.0,0.0,0.0,0.0,,,,,,,,,,,,,INSUFFICIENT,C,UNKNOWN
EXCELSOFT.NS,82.0999984741211,2026-10-06T18:18:25.566299+05:30,WAITING FOR 0.786,2025-11-26,142.58999633789062,2026-03-30,66.4000015258789,,126.28533744812012,104.49499893188477,162.39939498901367,34.988494996223146,0.0,0.0,0.0,0.0,0.0,,,,,,,,,,,,,INSUFFICIENT,C,UNKNOWN
PVSL.NS,94.56999969482422,2026-10-06T18:18:25.566299+05:30,WAITING FOR 0.786,2025-10-16,163.0,2026-03-16,82.41000366210938,,145.7537407836914,122.70500183105467,183.9533990478516,35.11658830412276,0.0,0.0,0.0,0.0,0.0,,,,,,,,,,,,,INSUFFICIENT,C,UNKNOWN
GEMAROMA.NS,152.22999572753906,2026-10-06T18:18:25.566299+05:30,WAITING FOR 0.786,2025-10-03,263.67999267578125,2025-12-09,133.0,,235.7144742431641,198.33999633789065,297.65679077148434,35.41762922437341,0.0,0.0,0.0,0.0,0.0,,,,,,,,,,,,,INSUFFICIENT,C,UNKNOWN
ALLTIME.NS,184.3600006103516,2026-10-06T18:18:25.566299+05:30,WAITING FOR 0.786,2025-11-04,314.70001220703125,2026-10-06,180.00999450683594,,285.87634841918947,247.3550033569336,349.719416809082,35.51057944114401,0.0,0.0,0.0,0.0,0.0,,,,,,,,,,,,,INSUFFICIENT,C,UNKNOWN
DIGIDRIVE.NS,17.950000762939453,2026-10-06T18:18:25.566299+05:30,WAITING FOR 0.786,2025-10-06,31.450000762939453,2026-03-27,16.100000381469727,,28.16510068130493,23.77500057220459,35.441000862121584,36.268643360987255,0.0,0.0,0.0,0.0,0.0,,,,,,,,,,,,,INSUFFICIENT,C,UNKNOWN
VMSTMT.NS,46.58000183105469,2026-10-06T18:18:25.566299+05:30,WAITING FOR 0.786,2025-10-01,83.9000015258789,2026-03-30,33.5,,73.11440119934082,58.70000076293945,97.00400192260742,36.29161824897139,0.0,0.0,0.0,0.0,0.0,,,,,,,,,,,,,INSUFFICIENT,C,UNKNOWN
KPEL.NS,215.47000122070312,2026-10-06T18:18:25.566299+05:30,WAITING FOR 0.786,2026-05-26,378.7000122070313,2026-09-16,206.5200042724609,,341.85349050903324,292.6100082397461,423.46681427001954,36.9700742561207,0.0,0.0,0.0,0.0,0.0,,,,,,,,,,,,,INSUFFICIENT,C,UNKNOWN
ICDSLTD.NS,44.27000045776367,2026-10-06T18:18:25.566299+05:30,WAITING FOR 0.786,2026-09-07,77.69000244140625,2026-10-06,44.20000076293945,,70.52314208221435,60.94500160217285,86.39740287780762,37.22627899058345,0.0,0.0,0.0,0.0,0.0,,,,,,,,,,,,,INSUFFICIENT,C,UNKNOWN
HAPPSTMNDS.NS,303.3500061035156,2026-10-06T18:18:25.566299+05:30,WAITING FOR 0.786,2025-10-07,534.5,2026-10-01,300.0,,484.317,417.25,595.47,37.365401977730365,0.0,0.0,0.0,0.0,0.0,,,,,,,,,,,,,INSUFFICIENT,C,UNKNOWN
LAXMIDENTL.NS,190.52999877929688,2026-10-06T18:18:25.566299+05:30,WAITING FOR 0.786,2025-11-11,344.79998779296875,2026-03-30,155.8800048828125,,304.3711114501953,250.33999633789065,393.9191833496094,37.4020754231554,0.0,0.0,0.0,0.0,0.0,,,,,,,,,,,,,INSUFFICIENT,C,UNKNOWN
RAMAPHO.NS,117.98999786376952,2026-10-06T18:18:25.566299+05:30,WAITING FOR 0.786,2025-11-10,217.19000244140625,2026-03-30,103.5,,192.86034191894527,160.34500122070312,246.7494030761719,38.82101592801388,1.0,0.0,0.0,1.0,0.0,,-7.887796822011603,-7.887796822011603,60.0,,,,,,,-0.13146328036686,,INSUFFICIENT,C,UNKNOWN
DAMCAPITAL.NS,152.50999450683594,2026-10-06T18:18:25.566299+05:30,WAITING FOR 0.786,2025-11-07,286.0,2026-03-16,119.22000122070312,,250.3090802612305,202.6100006103516,329.36279968261715,39.07132959472677,0.0,0.0,0.0,0.0,0.0,,,,,,,,,,,,,INSUFFICIENT,C,UNKNOWN
BPL.NS,44.45000076293945,2026-10-06T18:18:25.566299+05:30,WAITING FOR 0.786,2025-10-03,82.69999694824219,2026-03-30,37.61000061035156,,73.0507377319336,60.15499877929688,94.42339599609376,39.15187971673493,0.0,0.0,0.0,0.0,0.0,,,,,,,,,,,,,INSUFFICIENT,C,UNKNOWN
MEIL.NS,263.45001220703125,2026-10-06T18:18:25.566299+05:30,WAITING FOR 0.786,2025-10-21,495.0,2026-03-30,206.25999450683597,,433.2096388244629,350.629997253418,570.0724014282226,39.186484187674886,0.0,0.0,0.0,0.0,0.0,,,,,,,,,,,,,INSUFFICIENT,C,UNKNOWN
INNOVISION.NS,256.5,2026-10-06T18:18:25.566299+05:30,WAITING FOR 0.786,2026-03-23,470.0,2026-08-28,246.1999969482422,,422.1067993469238,358.0999984741211,528.188000793457,39.23338823329729,0.0,0.0,0.0,0.0,0.0,,,,,,,,,,,,,INSUFFICIENT,C,UNKNOWN
FINKURVE.NS,69.30999755859375,2026-10-06T18:18:25.566299+05:30,WAITING FOR 0.786,2025-10-06,134.89999389648438,2026-03-30,48.02000045776367,,116.30767530059816,91.45999717712402,157.48879219055175,40.4080621683294,0.0,0.0,0.0,0.0,0.0,,,,,,,,,,,,,INSUFFICIENT,C,UNKNOWN
BAJAJELEC.NS,300.25,2026-10-06T18:18:25.566299+05:30,WAITING FOR 0.786,2025-10-16,560.9500122070312,2026-10-01,296.0,,504.2507095947266,428.4750061035156,629.8370153808594,40.45620674657748,0.0,0.0,0.0,0.0,0.0,,,,,,,,,,,,,INSUFFICIENT,C,UNKNOWN
HILINFRA.NS,45.36000061035156,2026-10-06T18:18:25.566299+05:30,WAITING FOR 0.786,2025-10-06,86.3499984741211,2026-09-15,40.09999847412109,,76.45249847412109,63.22499847412109,98.3749984741211,40.669040887256585,0.0,0.0,0.0,0.0,0.0,,,,,,,,,,,,,INSUFFICIENT,C,UNKNOWN
SWIGGY.NS,244.1999969482422,2026-10-06T18:18:25.566299+05:30,WAITING FOR 0.786,2025-10-16,459.9500122070313,2026-10-01,235.5,,411.9177095947266,347.7250061035156,518.3070153808594,40.71631511339893,0.0,0.0,0.0,0.0,0.0,,,,,,,,,,,,,INSUFFICIENT,C,UNKNOWN
ROUTE.NS,430.7999877929688,2026-10-06T18:18:25.566299+05:30,WAITING FOR 0.786,2025-10-01,815.0,2026-03-30,410.7000122070313,,728.4798026123046,612.8500061035156,920.117996826172,40.86315279460952,0.0,0.0,0.0,0.0,0.0,,,,,,,,,,,,,INSUFFICIENT,C,UNKNOWN
JARO.NS,413.8500061035156,2026-10-06T18:18:25.566299+05:30,WAITING FOR 0.786,2025-10-01,795.0,2026-03-30,383.5,,706.9390000000001,589.25,901.99,41.45888031307997,0.0,0.0,0.0,0.0,0.0,,,,,,,,,,,,,INSUFFICIENT,C,UNKNOWN
MASTERTR.NS,82.62000274658203,2026-10-06T18:18:25.566299+05:30,WAITING FOR 0.786,2025-10-06,164.5,2026-03-30,55.59999847412109,,141.1953996734619,110.04999923706056,192.8140003967285,41.48534375931888,0.0,0.0,0.0,0.0,0.0,,,,,,,,,,,,,INSUFFICIENT,C,UNKNOWN
SRD.NS,38.290000915527344,2026-10-06T18:18:25.566299+05:30,WAITING FOR 0.786,2025-11-11,74.9000015258789,2026-08-07,36.0,,66.57540119934082,55.45000076293945,85.01400192260742,42.48626335592182,0.0,0.0,0.0,0.0,0.0,,,,,,,,,,,,,INSUFFICIENT,C,UNKNOWN
AFCONS.NS,242.1499938964844,2026-10-06T18:18:25.566299+05:30,WAITING FOR 0.786,2025-10-10,479.3999938964844,2026-09-16,225.3500061035156,,425.0332965087891,352.375,545.4529907226563,43.027994304094,0.0,0.0,0.0,0.0,0.0,,,,,,,,,,,,,INSUFFICIENT,C,UNKNOWN
EFCIL.NS,170.10000610351562,2026-10-06T18:18:25.566299+05:30,WAITING FOR 0.786,2025-10-09,335.8500061035156,2026-10-06,165.94000244140625,,299.4892653198242,250.8950042724609,380.026607055664,43.20330449177667,0.0,0.0,0.0,0.0,0.0,,,,,,,,,,,,,INSUFFICIENT,C,UNKNOWN
INDOFARM.NS,134.32000732421875,2026-10-06T18:18:25.566299+05:30,WAITING FOR 0.786,2025-10-20,271.69000244140625,2026-03-30,110.6999969482422,,237.2381412658692,191.19499969482425,313.5474038696289,43.38178228529941,1.0,0.0,0.0,1.0,0.0,,-10.507205444429614,-10.507205444429614,60.0,,,,,,,-0.1751200907404935,,INSUFFICIENT,C,UNKNOWN
SRTL.NS,36.66999816894531,2026-10-06T18:18:25.566299+05:30,WAITING FOR 0.786,2026-03-04,73.36000061035156,2026-09-21,35.75,,65.31146047973633,54.55500030517578,83.13860076904297,43.85365462724168,0.0,0.0,0.0,0.0,0.0,,,,,,,,,,,,,INSUFFICIENT,C,UNKNOWN
SUVIDHAA.NS,2.069999933242798,2026-10-06T18:18:25.566299+05:30,WAITING FOR 0.786,2025-10-20,4.25,2026-09-02,1.7699999809265137,,3.7192799959182734,3.009999990463257,4.894800004959107,44.34406832735044,0.0,0.0,0.0,0.0,0.0,,,,,,,,,,,,,INSUFFICIENT,C,UNKNOWN
GKENERGY.NS,114.4499969482422,2026-10-06T18:18:25.566299+05:30,WAITING FOR 0.786,2025-10-23,239.6000061035156,2026-04-02,87.19999694824219,,206.98640414428712,163.4000015258789,279.2240084838867,44.70651470013421,0.0,0.0,0.0,0.0,0.0,,,,,,,,,,,,,INSUFFICIENT,C,UNKNOWN
ACL.NS,39.66999816894531,2026-10-06T18:18:25.566299+05:30,WAITING FOR 0.786,2025-11-13,81.5,2026-09-29,38.400001525878906,,72.27660032653809,59.95000076293945,92.7059996032715,45.11363568607208,0.0,0.0,0.0,0.0,0.0,,,,,,,,,,,,,INSUFFICIENT,C,UNKNOWN
ABLBL.NS,73.16000366210938,2026-10-06T18:18:25.566299+05:30,WAITING FOR 0.786,2025-10-06,150.7899932861328,2026-10-05,72.19999694824219,,133.9717340698242,111.4949951171875,171.22339233398438,45.39146322911712,0.0,0.0,0.0,0.0,0.0,,,,,,,,,,,,,INSUFFICIENT,C,UNKNOWN
GANESHCP.NS,145.47000122070312,2026-10-06T18:18:25.566299+05:30,WAITING FOR 0.786,2025-10-06,309.95001220703125,2026-10-06,144.75,,274.59720959472656,227.3500061035156,352.9020153808594,47.02422452311155,0.0,0.0,0.0,0.0,0.0,,,,,,,,,,,,,INSUFFICIENT,C,UNKNOWN
TCC.NS,47.09000015258789,2026-10-06T18:18:25.566299+05:30,WAITING FOR 0.786,2026-02-25,105.27999877929688,2026-09-08,39.369998931884766,,91.17525881195068,72.32499885559082,122.41659873962402,48.35221663619163,0.0,0.0,0.0,0.0,0.0,,,,,,,,,,,,,INSUFFICIENT,C,UNKNOWN
BALAJEE.NS,24.239999771118164,2026-10-06T18:18:25.566299+05:30,WAITING FOR 0.786,2025-10-10,54.47999954223633,2026-03-30,21.100000381469727,,47.33667972183228,37.78999996185303,63.15879932403565,48.79235317398409,0.0,0.0,0.0,0.0,0.0,,,,,,,,,,,,,INSUFFICIENT,C,UNKNOWN
LATENTVIEW.NS,233.27999877929688,2026-10-06T18:18:25.566299+05:30,WAITING FOR 0.786,2025-12-08,517.5,2026-10-01,230.0,,455.975,373.75,592.25,48.83930066795397,0.0,0.0,0.0,0.0,0.0,,,,,,,,,,,,,INSUFFICIENT,C,UNKNOWN
ODIGMA.NS,20.90999984741211,2026-10-06T18:18:25.566299+05:30,WAITING FOR 0.786,2025-10-01,47.36000061035156,2026-06-04,20.0,,41.504960479736326,33.68000030517578,54.47360076904297,49.62048004449769,0.0,0.0,0.0,0.0,0.0,,,,,,,,,,,,,INSUFFICIENT,C,UNKNOWN
VIKRAMSOLR.NS,151.5,2026-10-06T18:18:25.566299+05:30,WAITING FOR 0.786,2025-10-17,354.3999938964844,2026-10-06,150.9600067138672,,310.8638366394043,252.68000030517575,407.2943905639648,51.26483619394529,0.0,0.0,0.0,0.0,0.0,,,,,,,,,,,,,INSUFFICIENT,C,UNKNOWN
FINOPB.NS,128.2899932861328,2026-10-06T18:18:25.566299+05:30,WAITING FOR 0.786,2025-12-08,324.0,2026-03-25,110.02999877929688,,278.2104197387696,217.01499938964844,379.6322003173828,53.88742326524186,0.0,0.0,0.0,0.0,0.0,,,,,,,,,,,,,INSUFFICIENT,C,UNKNOWN
SOLARWORLD.NS,130.38999938964844,2026-10-06T18:18:25.566299+05:30,WAITING FOR 0.786,2025-10-29,350.0,2026-10-05,122.91999816894533,,301.4048796081543,236.45999908447263,409.0408004760742,56.73925400306597,0.0,0.0,0.0,0.0,0.0,,,,,,,,,,,,,INSUFFICIENT,C,UNKNOWN
RMC.NS,196.0500030517578,2026-10-06T18:18:25.566299+05:30,WAITING FOR 0.786,2026-04-23,530.0,2026-10-05,190.0,,457.24,360.0,618.4,57.12317315813188,0.0,0.0,0.0,0.0,0.0,,,,,,,,,,,,,INSUFFICIENT,C,UNKNOWN
ADVENTHTL.NS,122.20999908447266,2026-10-06T18:18:25.566299+05:30,WAITING FOR 0.786,2025-11-14,345.04998779296875,2026-06-11,120.0199966430664,,296.8935696868897,232.5349922180176,403.5577854919434,58.83710138506606,0.0,0.0,0.0,0.0,0.0,,,,,,,,,,,,,INSUFFICIENT,C,UNKNOWN
OSWALPUMPS.NS,264.79998779296875,2026-10-06T18:18:25.566299+05:30,WAITING FOR 0.786,2025-10-10,790.0,2026-10-01,259.20001220703125,,676.4088026123047,524.6000061035156,928.0079968261718,60.85207839248902,0.0,0.0,0.0,0.0,0.0,,,,,,,,,,,,,INSUFFICIENT,C,UNKNOWN
GRADIENTE.NS,2.569999933242798,2026-10-06T18:18:25.566299+05:30,WAITING FOR 0.786,2026-05-08,9.399999618530272,2026-09-28,1.950000047683716,,7.80569971036911,5.674999833106995,11.33699950695038,67.07534201157131,0.0,0.0,0.0,0.0,0.0,,,,,,,,,,,,,INSUFFICIENT,C,UNKNOWN
KNACK.NS,197.33999633789065,2026-10-06T18:18:25.566299+05:30,WAITING FOR 0.786,2026-08-10,222.0,2026-09-16,171.10000610351562,,211.10740130615235,196.5500030517578,235.23399841308597,6.521516954441569,,,,,,,,,,,,,,,,,,,INSUFFICIENT,UNKNOWN
GYFTR.NS,169.3000030517578,2026-10-06T18:18:25.566299+05:30,WAITING FOR 0.786,2026-09-03,193.8999938964844,2026-10-05,152.61000061035156,,185.06393533325195,173.25499725341797,204.6353921508789,8.518100651597729,,,,,,,,,,,,,,,,,,,INSUFFICIENT,UNKNOWN
CORDELIA.NS,104.31999969482422,2026-10-06T18:18:25.566299+05:30,WAITING FOR 0.786,2026-09-21,118.52999877929688,2026-10-06,101.33000183105467,,114.84919943237304,109.93000030517578,123.00199798583984,9.167847742594637,,,,,,,,,,,,,,,,,,,INSUFFICIENT,UNKNOWN
VOEPL.NS,511.1499938964844,2026-10-06T18:18:25.566299+05:30,WAITING FOR 0.786,2026-08-26,593.4500122070312,2026-09-17,464.0499877929688,,565.7584069824219,528.75,627.0940185546875,9.652249513569172,,,,,,,,,,,,,,,,,,,INSUFFICIENT,UNKNOWN
RIR.NS,183.4900054931641,2026-10-06T18:18:25.566299+05:30,WAITING FOR 0.786,2026-09-18,213.94000244140625,2026-10-05,172.92999267578125,,205.1638603515625,193.43499755859372,224.60260498046875,10.56416798809439,,,,,,,,,,,,,,,,,,,INSUFFICIENT,UNKNOWN
MANIPALHOS.NS,690.5,2026-10-06T18:18:25.566299+05:30,WAITING FOR 0.786,2026-08-28,815.0,2026-10-05,662.3499755859375,,782.3328947753906,738.6749877929688,854.6890063476562,11.738339955877228,,,,,,,,,,,,,,,,,,,INSUFFICIENT,UNKNOWN
CMLL.NS,517.2000122070312,2026-10-06T18:18:25.566299+05:30,WAITING FOR 0.786,2026-07-27,624.4000244140625,2026-09-11,460.0,,589.2184191894531,542.2000122070312,667.1440307617188,12.222701232166605,,,,,,,,,,,,,,,,,,,INSUFFICIENT,UNKNOWN
LASERPOWER.NS,278.79998779296875,2026-10-06T18:18:25.566299+05:30,WAITING FOR 0.786,2026-08-25,343.5,2026-10-01,254.1499938964844,,324.37909869384765,298.8249969482422,366.7310015869141,14.051186122783127,,,,,,,,,,,,,,,,,,,INSUFFICIENT,UNKNOWN
CPL.NS,62.119998931884766,2026-10-06T18:18:25.566299+05:30,WAITING FOR 0.786,2026-07-27,75.73999786376953,2026-10-01,59.97999954223633,,72.36735822296143,67.85999870300293,79.83759742736817,14.160195345952644,,,,,,,,,,,,,,,,,,,INSUFFICIENT,UNKNOWN
SBIFUNDS.NS,502.8500061035156,2026-10-06T18:18:25.566299+05:30,WAITING FOR 0.786,2026-07-21,624.9500122070312,2026-10-05,494.0,,596.9267095947266,559.4750061035156,658.9970153808594,15.760176580988109,,,,,,,,,,,,,,,,,,,INSUFFICIENT,UNKNOWN
ARDEE.NS,50.220001220703125,2026-10-06T18:18:25.566299+05:30,WAITING FOR 0.786,2026-08-12,73.19000244140625,2026-09-16,46.5,,67.47834191894532,59.845001220703125,80.12940307617188,25.576118510696123,,,,,,,,,,,,,,,,,,,INSUFFICIENT,UNKNOWN
AGL.NS,12.770000457763672,2026-10-06T18:18:25.566299+05:30,WAITING FOR 0.786,2026-07-03,22.0,2026-07-30,12.100000381469728,,19.88140008163452,17.050000190734863,24.57399990081787,35.76910878847017,,,,,,,,,,,,,,,,,,,INSUFFICIENT,UNKNOWN
VTMLTD.NS,35.91999816894531,2026-10-06T18:18:25.566299+05:30,WAITING FOR 0.786,2026-08-31,61.900001525878906,2026-10-06,35.380001068115234,,56.22472142791748,48.64000129699707,68.79520164489746,36.113515093184944,,,,,,,,,,,,,,,,,,,INSUFFICIENT,UNKNOWN
ALPINETEX.NS,46.43999862670898,2026-10-06T18:18:25.566299+05:30,WAITING FOR 0.786,2026-07-21,105.0,2026-10-01,45.5,,92.267,75.25,120.47,49.66781338213122,,,,,,,,,,,,,,,,,,,INSUFFICIENT,UNKNOWN
AASTHA.NS,29.540000915527344,2026-10-06T18:18:25.566299+05:30,WAITING FOR 0.786,2026-07-06,136.5,2026-10-06,29.290000915527344,,113.55706019592286,82.89500045776367,164.37459976196288,73.98664524727813,,,,,,,,,,,,,,,,,,,INSUFFICIENT,UNKNOWN
