Symbol,Price,Price Time,Status,High Date,High,Low Date,Low,Entry Date,Entry,SL,Target,Distance %,Trades,Wins,Losses,Timeouts,Resolved Trades,Win Rate %,Avg Return %,Expectancy %,Avg Holding Days,Avg Win Days,Median Win Days,Avg Loss Days,Fast <=5d %,Fast <=10d %,Fast <=20d %,Return / Day,Quality Score,Grade,Live Grade,Speed Group,Current State,Opportunity,Opportunity Score V3
INDHOTEL.NS,718.0,2026-10-01T23:11:23.693897+05:30,OPEN,2025-12-02,754.0,2026-04-02,565.0,2026-06-19,713.554,659.5,803.14,0.623078281391461,13.0,7.0,6.0,0.0,13.0,53.84615384615385,2.258680707004369,2.258680707004369,12.923076923076923,18.428571428571427,10.0,6.166666666666667,14.285714285714285,57.14285714285714,71.42857142857143,0.1747788642324809,63.28,B,B,MEDIUM,ENTRY ZONE,STRONG NOW,56.0
RAMRAT.NS,616.5499877929688,2026-10-01T23:11:23.693897+05:30,OPEN,2026-08-28,602.4500122070312,2026-09-16,500.1000061035156,2026-09-28,580.5471109008789,551.2750091552734,629.0610137939453,6.201542685523219,12.0,5.0,6.0,1.0,11.0,45.45454545454545,2.723725637691538,2.723725637691538,11.833333333333334,9.2,7.0,5.166666666666667,20.0,80.0,80.0,0.2301739975513976,62.94,B,B,FAST,ACTIVE,STRONG NOW,55.48
HINDCON.NS,33.29999923706055,2026-10-01T23:11:23.693897+05:30,OPEN,2025-10-23,37.75,2026-03-30,15.65999984741211,2026-09-29,33.0227399673462,26.70499992370605,43.49340003967285,0.8396010445787089,7.0,3.0,3.0,1.0,6.0,50.0,4.717361978040013,4.717361978040013,9.571428571428571,0.6666666666666666,1.0,0.0,100.0,100.0,100.0,0.4928587141235834,71.87,A,B,FAST,ENTRY ZONE,GOOD,61.73
SWARAJ.NS,377.5499877929688,2026-10-01T23:11:23.693897+05:30,OPEN,2026-08-18,386.75,2026-09-21,260.1000061035156,2026-09-29,359.6469013061524,323.4250030517578,419.67899841308594,4.9779621127824605,8.0,5.0,2.0,1.0,7.0,71.42857142857143,7.8716716715265775,7.8716716715265775,10.5,4.4,5.0,0.0,80.0,100.0,100.0,0.7496830163358645,85.37,A+,B,FAST,ACTIVE,GOOD,74.54
IIFLCAPS.NS,345.6000061035156,2026-10-01T23:11:23.693897+05:30,OPEN,2026-01-28,355.8999938964844,2026-03-30,240.3999938964844,2026-04-21,331.1829938964844,298.1499938964844,385.9299938964844,4.353186145644139,7.0,3.0,3.0,1.0,6.0,50.0,6.813044620772746,6.813044620772746,22.714285714285715,22.666666666666668,7.0,9.333333333333334,33.33333333333333,66.66666666666666,66.66666666666666,0.2999453606629511,68.81,A,B,FAST,ACTIVE,GOOD,60.8
MANKIND.NS,2535.0,2026-10-01T23:11:23.693897+05:30,OPEN,2025-09-26,2514.0,2026-03-23,1909.699951171875,2026-05-07,2384.679789550781,2211.849975585937,2671.118012695312,6.303580510385243,6.0,3.0,3.0,0.0,6.0,50.0,1.87309351869911,1.87309351869911,11.0,12.666666666666666,4.0,8.666666666666666,66.66666666666666,66.66666666666666,66.66666666666666,0.1702812289726463,64.09,B,B,FAST,ACTIVE,GOOD,52.74
HFCL.NS,238.3600006103516,2026-10-01T23:11:23.693897+05:30,WAITING FOR 0.786,2026-08-31,256.70001220703125,2026-09-29,199.0,,244.35220959472656,227.8500061035156,271.7020153808594,2.452283527254962,7.0,6.0,1.0,0.0,7.0,85.71428571428571,14.76930524286144,14.76930524286144,15.428571428571429,16.666666666666668,10.0,8.0,33.33333333333333,50.0,66.66666666666666,0.9572697842595376,83.29,A+,B,MEDIUM,CLOSE,GOOD,76.58
SKYGOLD.NS,810.6500244140625,2026-10-01T23:11:23.693897+05:30,WAITING FOR 0.786,2026-08-26,868.7999877929688,2026-09-21,765.0499877929688,,846.5974877929688,816.9249877929688,895.7749877929688,4.246110329552152,12.0,8.0,4.0,0.0,12.0,66.66666666666666,7.474879064250036,7.474879064250036,11.333333333333334,15.0,3.5,3.5,62.5,75.0,75.0,0.6595481527279443,81.35,A+,A+,FAST,CLOSE,GOOD,74.35
ADANIPORTS.NS,1737.800048828125,2026-10-01T23:11:23.693897+05:30,WAITING FOR 0.786,2026-07-03,1891.0999755859373,2026-08-31,1593.0999755859375,,1827.3279755859376,1742.0999755859375,1968.5799755859373,4.899390145280581,13.0,6.0,5.0,2.0,11.0,54.54545454545454,0.6350026156630066,0.6350026156630066,20.923076923076923,9.333333333333334,9.5,18.4,16.666666666666664,66.66666666666666,100.0,0.0303493897191878,61.98,B,B,MEDIUM,CLOSE,GOOD,51.28
NINSYS.NS,804.6500244140625,2026-10-01T23:11:23.693897+05:30,WAITING FOR 0.786,2026-07-08,935.0,2026-08-14,683.1500244140625,,881.1041052246094,809.0750122070312,1000.4809936523436,8.677076903535406,7.0,4.0,3.0,0.0,7.0,57.14285714285714,7.2703624938842575,7.2703624938842575,7.142857142857143,11.75,5.0,0.0,50.0,75.0,75.0,1.017850749143796,76.22,A+,B,FAST,WATCH,GOOD,64.87
TIMETECHNO.NS,179.67999267578125,2026-10-01T23:11:23.693897+05:30,WAITING FOR 0.786,2026-09-01,195.3000030517578,2026-09-16,172.0500030517578,,190.3245030517578,183.6750030517578,201.34500305175783,5.592821841274862,17.0,8.0,8.0,1.0,16.0,50.0,3.702239885960772,3.702239885960772,8.882352941176471,8.5,3.0,2.25,62.5,75.0,87.5,0.4168084639823385,69.78,A,A,FAST,WATCH,GOOD,62.48
BELRISE.NS,237.5,2026-10-01T23:11:23.693897+05:30,WAITING FOR 0.786,2026-08-12,268.20001220703125,2026-09-16,222.75,,258.4737095947266,245.4750061035156,280.0170153808594,8.114446002114597,7.0,5.0,2.0,0.0,7.0,71.42857142857143,3.2974043177482195,3.2974043177482195,7.714285714285714,10.2,5.0,0.0,60.0,60.0,80.0,0.4274413004488432,74.22,A,B,FAST,WATCH,GOOD,61.78
SHREEPUSHK.NS,491.5,2026-10-01T23:11:23.693897+05:30,WAITING FOR 0.786,2026-09-08,545.2000122070312,2026-09-24,476.5499877929688,,530.5089069824219,510.875,563.0490185546876,7.35311065827485,10.0,5.0,5.0,0.0,10.0,50.0,1.7172396837352586,1.7172396837352586,12.3,15.8,5.0,8.2,60.0,60.0,60.0,0.1396129824175007,64.18,B,B,FAST,WATCH,GOOD,54.54
PTCIL.NS,22025.0,2026-10-01T23:11:23.693897+05:30,WAITING FOR 0.786,2026-09-04,24125.0,2026-09-28,21510.0,,23565.39,22817.5,24804.9,6.536662452859892,11.0,4.0,5.0,2.0,9.0,44.44444444444444,2.8759263981373056,2.8759263981373056,14.636363636363637,8.25,4.5,1.2,75.0,75.0,75.0,0.1964918657112444,65.27,A,A,FAST,WATCH,GOOD,53.27
JAGRAN.NS,61.54999923706055,2026-10-01T23:11:23.693897+05:30,WAITING FOR 0.786,2026-06-05,68.33000183105469,2026-09-02,60.79999923706055,,66.71858127593994,64.56500053405762,70.28780250549316,7.746840445396712,7.0,3.0,3.0,1.0,6.0,50.0,2.638433006347612,2.638433006347612,13.142857142857142,9.666666666666666,7.0,0.0,33.33333333333333,66.66666666666666,100.0,0.2007503374394922,62.29,B,B,FAST,WATCH,GOOD,50.26
GLAXO.NS,2771.10009765625,2026-10-01T23:11:23.693897+05:30,WAITING FOR 0.786,2026-08-28,3120.699951171875,2026-10-01,2724.800048828125,,3035.9773720703124,2922.75,3223.63392578125,8.724612931928267,7.0,4.0,3.0,0.0,7.0,57.14285714285714,3.761290012574857,3.761290012574857,9.714285714285714,11.75,11.0,6.333333333333333,50.0,50.0,75.0,0.3871916189415293,61.23,B,B,MEDIUM,WATCH,GOOD,49.36
SUPREMEINF.NS,66.94000244140625,2026-10-01T23:11:23.693897+05:30,WAITING FOR 0.786,2025-10-13,110.87999725341795,2026-04-02,58.11000061035156,,99.58721797180176,84.49499893188477,124.60019638061524,32.78253594717306,10.0,8.0,2.0,0.0,10.0,80.0,13.585363868216414,13.585363868216414,8.1,9.125,7.0,4.0,37.5,62.5,100.0,1.677205415829187,83.25,A+,A+,FAST,FAR,WATCH,78.14
GPIL.NS,215.6699981689453,2026-10-01T23:11:23.693897+05:30,WAITING FOR 0.786,2026-05-20,320.0,2026-10-01,210.4199981689453,,296.5498796081543,265.20999908447266,348.49080047607424,27.27361803217708,6.0,5.0,1.0,0.0,6.0,83.33333333333334,11.11873645977498,11.11873645977498,13.666666666666666,16.2,2.0,0.0,60.0,60.0,60.0,0.8135660824225595,86.33,A+,B,FAST,FAR,WATCH,78.05
KAVDEFENCE.NS,77.5999984741211,2026-10-01T23:11:23.693897+05:30,WAITING FOR 0.786,2025-10-01,162.8699951171875,2026-04-01,51.5099983215332,,139.03895580291749,107.18999671936037,191.8235942840576,44.1883046186594,8.0,6.0,1.0,1.0,7.0,85.71428571428571,10.991861296532456,10.991861296532456,16.0,8.0,8.5,19.0,33.33333333333333,66.66666666666666,100.0,0.6869913310332786,84.95,A+,B,MEDIUM,FAR,WATCH,74.16
TATAINVEST.NS,615.0499877929688,2026-10-01T23:11:23.693897+05:30,WAITING FOR 0.786,2025-10-03,1184.699951171875,2026-03-30,538.8499755859375,,1046.4880563964844,861.7749633789062,1352.620944824219,41.22723293079383,6.0,5.0,1.0,0.0,6.0,83.33333333333334,11.7670391819014,11.7670391819014,5.833333333333333,5.8,9.0,4.0,40.0,80.0,100.0,2.017206716897383,85.33,A+,B,MEDIUM,FAR,WATCH,73.7
MAANALU.NS,99.33999633789062,2026-10-01T23:11:23.693897+05:30,WAITING FOR 0.786,2025-12-18,184.7400054931641,2026-10-01,96.0,,165.74964431762697,140.37000274658203,207.81240692138672,40.06623860529991,15.0,10.0,5.0,0.0,15.0,66.66666666666666,6.65605153906863,6.65605153906863,6.266666666666667,8.7,2.5,0.4,70.0,80.0,80.0,1.0621358838939303,81.57,A+,A+,FAST,FAR,WATCH,73.2
VISACHROME.NS,35.90999984741211,2026-10-01T23:11:23.693897+05:30,WAITING FOR 0.786,2025-10-17,73.68000030517578,2026-04-01,27.049999237060547,,63.70118007659912,50.36499977111816,85.80380058288574,43.62741819816963,7.0,5.0,1.0,1.0,6.0,83.33333333333334,7.935063705315054,7.935063705315054,20.142857142857142,12.0,8.0,21.0,20.0,60.0,80.0,0.3939393328879814,83.23,A+,B,MEDIUM,FAR,WATCH,69.87
BAGFILMS.NS,4.070000171661377,2026-10-01T23:11:23.693897+05:30,WAITING FOR 0.786,2025-12-02,7.590000152587891,2026-03-30,3.609999895095825,,6.738280097484589,5.600000023841858,8.624800219535828,39.5988277011412,6.0,4.0,2.0,0.0,6.0,66.66666666666666,8.521404548738868,8.521404548738868,7.833333333333333,8.5,5.0,6.5,50.0,75.0,75.0,1.087838878562409,81.17,A+,B,FAST,FAR,WATCH,68.86
HUBTOWN.NS,177.4199981689453,2026-10-01T23:11:23.693897+05:30,WAITING FOR 0.786,2025-11-18,339.0,2026-09-29,165.5500030517578,,301.88170065307617,252.2750015258789,384.0969992065429,41.22863433420326,13.0,8.0,5.0,0.0,13.0,61.53846153846154,9.616694011863832,9.616694011863832,8.153846153846153,10.875,7.5,3.6,37.5,75.0,75.0,1.1794058693795266,77.12,A+,A+,MEDIUM,FAR,WATCH,68.8
BSE.NS,3046.0,2026-10-01T23:11:23.693897+05:30,WAITING FOR 0.786,2026-05-27,4446.7998046875,2026-10-01,3000.0,,4137.184646484375,3723.39990234375,4822.96775390625,26.375053078948817,16.0,10.0,5.0,1.0,15.0,66.66666666666666,5.954366427089175,5.954366427089175,10.6875,8.4,5.5,4.6,50.0,80.0,80.0,0.5571337007802737,77.47,A+,A+,FAST,FAR,WATCH,68.71
ASTRAMICRO.NS,1624.5,2026-10-01T23:11:23.693897+05:30,WAITING FOR 0.786,2026-07-31,1960.0,2026-09-16,1537.0999755859375,,1869.4993947753903,1748.5499877929688,2069.954006347656,13.105080186710936,11.0,7.0,3.0,1.0,10.0,70.0,6.049985937056814,6.049985937056814,16.90909090909091,14.142857142857142,6.0,8.333333333333334,42.85714285714285,57.14285714285714,71.42857142857143,0.3577948672452954,75.67,A+,A+,FAST,FAR,WATCH,67.06
SIGMA.NS,44.90999984741211,2026-10-01T23:11:23.693897+05:30,WAITING FOR 0.786,2026-01-14,63.5,2026-03-30,35.459999084472656,,57.49943980407715,49.47999954223633,70.79040023803711,21.89489149731221,9.0,6.0,3.0,0.0,9.0,66.66666666666666,5.868947653331461,5.868947653331461,3.888888888888889,4.0,2.5,3.333333333333333,66.66666666666666,83.33333333333334,100.0,1.5091579679995186,78.67,A+,A,FAST,FAR,WATCH,67.0
SONATSOFTW.NS,254.0500030517578,2026-10-01T23:11:23.693897+05:30,WAITING FOR 0.786,2026-08-24,310.45001220703125,2026-10-01,249.1999969482422,,297.3425089416504,279.8250045776367,326.3750161743164,14.559810517502624,7.0,5.0,2.0,0.0,7.0,71.42857142857143,5.392880961453792,5.392880961453792,5.285714285714286,6.2,1.0,1.5,60.0,80.0,80.0,1.020274776491258,79.5,A+,B,FAST,FAR,WATCH,65.77
TIPSMUSIC.NS,644.2000122070312,2026-10-01T23:11:23.693897+05:30,WAITING FOR 0.786,2026-07-20,741.0,2026-09-02,628.2000122070312,,716.8608026123047,684.6000061035156,770.3279968261719,10.135969234262925,9.0,6.0,3.0,0.0,9.0,66.66666666666666,6.703425412125324,6.703425412125324,5.555555555555555,6.5,5.5,3.0,50.0,83.33333333333334,100.0,1.2066165741825583,76.97,A+,A,FAST,FAR,WATCH,65.66
LGHL.NS,219.47000122070312,2026-10-01T23:11:23.693897+05:30,WAITING FOR 0.786,2025-10-06,395.3125,2026-08-19,168.0,,346.66762500000004,281.65625,454.41375,36.69152081314109,13.0,9.0,4.0,0.0,13.0,69.23076923076923,5.018930261268612,5.018930261268612,6.307692307692308,6.777777777777778,6.0,4.5,44.44444444444444,77.77777777777779,100.0,0.7956840658108776,75.81,A+,A+,FAST,FAR,WATCH,65.37
INDOTECH.NS,3347.60009765625,2026-10-01T23:11:23.693897+05:30,WAITING FOR 0.786,2026-08-24,4030.0,2026-09-25,3050.10009765625,,3820.3014208984378,3540.050048828125,4284.773974609375,12.373403853851418,15.0,9.0,6.0,0.0,15.0,60.0,3.5685913631931694,3.5685913631931694,3.2,2.555555555555556,2.0,3.8333333333333335,88.88888888888889,100.0,100.0,1.115184800997865,76.08,A+,A+,FAST,FAR,WATCH,64.98
RELIABLE.NS,140.72999572753906,2026-10-01T23:11:23.693897+05:30,WAITING FOR 0.786,2026-02-04,175.0,2026-03-27,104.73999786376952,,159.9643595428467,139.86999893188477,193.2676005554199,12.024155799627152,11.0,6.0,5.0,0.0,11.0,54.54545454545454,6.422976428243351,6.422976428243351,8.727272727272727,11.833333333333334,4.0,4.6,66.66666666666666,83.33333333333334,83.33333333333334,0.7359660490695508,75.69,A+,A,FAST,FAR,WATCH,64.76
BALRAMCHIN.NS,649.0499877929688,2026-10-01T23:11:23.693897+05:30,WAITING FOR 0.786,2026-08-20,780.9500122070312,2026-10-01,638.0,,750.3587095947265,709.4750061035156,818.1170153808594,13.50137214459405,7.0,5.0,2.0,0.0,7.0,71.42857142857143,5.145559122199513,5.145559122199513,11.428571428571429,13.4,3.0,5.5,60.0,60.0,60.0,0.4502364231924574,77.11,A+,B,FAST,FAR,WATCH,64.56
BCONCEPTS.NS,140.41000366210938,2026-10-01T23:11:23.693897+05:30,WAITING FOR 0.786,2025-09-26,425.0,2026-09-30,136.5,,363.261,280.75,500.01,61.34734979474554,13.0,8.0,5.0,0.0,13.0,61.53846153846154,4.803442714483389,4.803442714483389,6.0,6.875,4.5,3.8,62.5,87.5,87.5,0.8005737857472316,76.37,A+,A+,FAST,FAR,WATCH,64.32
KRITIKA.NS,4.909999847412109,2026-10-01T23:11:23.693897+05:30,WAITING FOR 0.786,2025-10-14,9.550000190734863,2026-03-30,4.5,,8.469300149917602,7.025000095367432,10.863000240325928,42.02590815653311,7.0,5.0,2.0,0.0,7.0,71.42857142857143,12.148303376425371,12.148303376425371,16.857142857142858,23.0,11.0,0.0,40.0,40.0,60.0,0.7206620647031999,72.57,A,B,MEDIUM,FAR,WATCH,64.26
SPMLINFRA.NS,159.30999755859375,2026-10-01T23:11:23.693897+05:30,WAITING FOR 0.786,2025-09-26,260.8999938964844,2026-03-30,151.00999450683594,,237.3835340270996,205.95499420166016,289.47139373779294,32.889196290924296,11.0,6.0,5.0,0.0,11.0,54.54545454545454,5.870604069874392,5.870604069874392,8.181818181818182,11.5,3.0,3.8,66.66666666666666,66.66666666666666,66.66666666666666,0.7175182752068702,73.16,A,A,FAST,FAR,WATCH,64.05
SHAILY.NS,3009.10009765625,2026-10-01T23:11:23.693897+05:30,WAITING FOR 0.786,2026-08-11,3615.199951171875,2026-10-01,2972.800048828125,,3477.7263720703127,3294.0,3782.22392578125,13.47507607779638,16.0,9.0,7.0,0.0,16.0,56.25,5.668844248905428,5.668844248905428,6.9375,11.0,7.0,1.0,33.33333333333333,77.77777777777779,77.77777777777779,0.8171307025449265,72.64,A,A,FAST,FAR,WATCH,63.99
BEARDSELL.NS,22.1299991607666,2026-10-01T23:11:23.693897+05:30,WAITING FOR 0.786,2026-07-02,30.5,2026-10-01,21.209999084472656,,28.511939804077148,25.854999542236328,32.91540023803711,22.38339687571149,12.0,7.0,5.0,0.0,12.0,58.333333333333336,5.273291584786584,5.273291584786584,6.666666666666667,7.285714285714286,5.0,5.4,71.42857142857143,85.71428571428571,85.71428571428571,0.7909937377179875,75.64,A+,A,FAST,FAR,WATCH,63.97
KERNEX.NS,1643.5,2026-10-01T23:11:23.693897+05:30,WAITING FOR 0.786,2026-08-06,2580.0,2026-09-16,1593.0,,2368.782,2086.5,2836.62,30.618351541002937,18.0,11.0,7.0,0.0,18.0,61.11111111111112,4.788569047512334,4.788569047512334,10.88888888888889,6.909090909090909,6.0,16.714285714285715,45.45454545454545,72.72727272727273,100.0,0.4397665451797041,72.7,A,A,FAST,FAR,WATCH,63.91
SERVOTECH.NS,69.19999694824219,2026-10-01T23:11:23.693897+05:30,WAITING FOR 0.786,2025-10-07,141.5,2026-01-30,57.5099983215332,,123.52613964080813,99.5049991607666,163.33740043640137,43.97947094480295,13.0,7.0,6.0,0.0,13.0,53.84615384615385,6.7926391457132524,6.7926391457132524,4.307692307692308,5.714285714285714,6.0,2.333333333333333,28.57142857142857,100.0,100.0,1.5768626588262908,74.65,A,A,FAST,FAR,WATCH,63.78
WEBELSOLAR.NS,68.69999694824219,2026-10-01T23:11:23.693897+05:30,WAITING FOR 0.786,2026-08-07,97.6999969482422,2026-10-01,67.04000091552734,,91.1387577972412,82.36999893188477,105.67159591674805,24.620437442124377,9.0,5.0,4.0,0.0,9.0,55.55555555555556,7.772829725655291,7.772829725655291,6.111111111111111,10.2,7.0,0.0,40.0,80.0,80.0,1.2719175914708658,73.87,A,A,FAST,FAR,WATCH,63.4
NITCO.NS,84.18000030517578,2026-10-01T23:11:23.693897+05:30,WAITING FOR 0.786,2026-07-03,119.4000015258789,2026-09-29,82.5999984741211,,111.52480087280271,101.0,128.96800231933594,24.51903106181242,11.0,7.0,4.0,0.0,11.0,63.63636363636363,4.944193832612185,4.944193832612185,8.181818181818182,8.428571428571429,6.0,7.75,42.85714285714285,71.42857142857143,85.71428571428571,0.6042903573192671,72.82,A,A,FAST,FAR,WATCH,62.81
JYOTISTRUC.NS,8.899999618530273,2026-10-01T23:11:23.693897+05:30,WAITING FOR 0.786,2026-08-06,12.279999732971191,2026-09-29,8.619999885559082,,11.496759765625,10.449999809265137,13.23159969329834,22.58688708847313,6.0,4.0,2.0,0.0,6.0,66.66666666666666,11.922494662516252,11.922494662516252,9.0,12.25,11.0,2.5,50.0,50.0,75.0,1.3247216291684725,71.67,A,B,MEDIUM,FAR,WATCH,62.75
ATULAUTO.NS,424.7999877929688,2026-10-01T23:11:23.693897+05:30,WAITING FOR 0.786,2026-08-05,596.5499877929688,2026-10-01,420.25,,558.8217904052734,508.3999938964844,642.3879846191406,23.98292352112974,9.0,5.0,4.0,0.0,9.0,55.55555555555556,5.9499165850610405,5.9499165850610405,5.555555555555555,9.0,2.0,0.0,80.0,80.0,80.0,1.0709849853109874,74.02,A,A,FAST,FAR,WATCH,62.72
SOBHA.NS,1213.0999755859375,2026-10-01T23:11:23.693897+05:30,WAITING FOR 0.786,2025-11-10,1732.0,2026-04-02,1130.0,,1603.172,1431.0,1888.52,24.33126479342594,9.0,5.0,4.0,0.0,9.0,55.55555555555556,6.120568908798727,6.120568908798727,8.444444444444445,13.0,3.0,2.0,60.0,60.0,60.0,0.7248042128840598,72.29,A,A,FAST,FAR,WATCH,62.37
SOLARINDS.NS,19400.0,2026-10-01T23:11:23.693897+05:30,WAITING FOR 0.786,2026-09-15,22700.0,2026-10-01,18786.0,,21862.404,20743.0,23717.64,11.263189537619004,12.0,7.0,4.0,1.0,11.0,63.63636363636363,5.932673162219806,5.932673162219806,12.833333333333334,11.714285714285714,9.0,2.5,14.285714285714285,57.14285714285714,85.71428571428571,0.4622862204327121,72.94,A,A,MEDIUM,FAR,WATCH,62.34
NTPC.NS,315.1000061035156,2026-10-01T23:11:23.693897+05:30,WAITING FOR 0.786,2026-04-27,414.3999938964844,2026-10-01,313.04998779296875,,392.711092590332,363.72499084472656,440.75099548339847,19.762896427216194,9.0,7.0,2.0,0.0,9.0,77.77777777777779,4.378152215913257,4.378152215913257,13.0,14.0,9.0,9.5,28.57142857142857,57.14285714285714,85.71428571428571,0.3367809396856351,75.17,A+,A,MEDIUM,FAR,WATCH,62.32
AQYLON.NS,15.460000038146973,2026-10-01T23:11:23.693897+05:30,WAITING FOR 0.786,2025-12-15,1714.9000244140625,2026-10-01,15.449999809265137,,1351.217719148636,865.1750121116638,2156.75703081131,98.85584685435536,8.0,4.0,4.0,0.0,8.0,50.0,9.748770107293144,9.748770107293144,20.75,13.0,9.5,28.5,25.0,50.0,75.0,0.4698202461346093,69.0,A,A,MEDIUM,FAR,WATCH,61.27
TARAPUR.NS,12.199999809265137,2026-10-01T23:11:23.693897+05:30,WAITING FOR 0.786,2025-11-24,39.27999877929688,2026-09-29,10.800000190734863,,33.1852790813446,25.03999948501587,46.684798412323,63.23671173787574,9.0,6.0,3.0,0.0,9.0,66.66666666666666,3.041100522263956,3.041100522263956,5.222222222222222,3.6666666666666665,4.0,8.333333333333334,83.33333333333334,100.0,100.0,0.582338397880332,75.92,A+,A,FAST,FAR,WATCH,60.8
GMRP&UI.NS,101.87000274658205,2026-10-01T23:11:23.693897+05:30,WAITING FOR 0.786,2025-11-20,136.3000030517578,2026-09-02,86.80000305175781,,125.70700305175782,111.5500030517578,149.17000305175782,18.96234873673768,7.0,5.0,2.0,0.0,7.0,71.42857142857143,3.4346134323693827,3.4346134323693827,10.428571428571429,6.4,5.0,20.0,60.0,80.0,100.0,0.3293464935148723,76.44,A+,B,FAST,FAR,WATCH,60.76
IRIS.NS,225.1000061035156,2026-10-01T23:11:23.693897+05:30,WAITING FOR 0.786,2025-11-10,388.1000061035156,2026-03-02,203.0,,348.4886047973633,295.5500030517578,436.2260076904297,35.40678145433042,7.0,4.0,2.0,1.0,6.0,66.66666666666666,3.6655586993436287,3.6655586993436287,14.571428571428571,5.0,5.0,11.0,50.0,100.0,100.0,0.2515579499549549,76.89,A+,B,FAST,FAR,WATCH,60.08
ELECTHERM.NS,743.5999755859375,2026-10-01T23:11:23.693897+05:30,WAITING FOR 0.786,2026-07-06,1277.0,2026-10-01,717.0499877929688,,1157.170697387695,997.0249938964844,1422.5870031738282,35.73981978072819,12.0,8.0,4.0,0.0,12.0,66.66666666666666,1.71513376770964,1.71513376770964,7.833333333333333,5.125,4.5,13.0,75.0,87.5,100.0,0.2189532469416561,73.6,A,A,FAST,FAR,WATCH,60.0
KPIGREEN.NS,345.6000061035156,2026-10-01T23:11:23.693897+05:30,WAITING FOR 0.786,2026-05-27,447.4500122070313,2026-09-16,271.8999938964844,,409.8823082885742,359.6750030517578,493.0930169677735,15.683112172726709,19.0,10.0,9.0,0.0,19.0,52.63157894736842,2.697866050188643,2.697866050188643,5.894736842105263,6.1,3.0,4.888888888888889,80.0,80.0,90.0,0.4576737049427162,69.77,A,A,FAST,FAR,WATCH,59.62
JINDALSAW.NS,270.29998779296875,2026-10-01T23:11:23.693897+05:30,WAITING FOR 0.786,2026-09-10,320.0,2026-10-01,260.6000061035156,,307.2884013061524,290.3000030517578,335.4439984130859,12.037035357000653,9.0,5.0,3.0,1.0,8.0,62.5,5.813347357603416,5.813347357603416,16.555555555555557,14.8,8.0,3.6666666666666665,20.0,60.0,60.0,0.3511417867008774,71.58,A,A,MEDIUM,FAR,WATCH,59.4
NDRAUTO.NS,715.8499755859375,2026-10-01T23:11:23.693897+05:30,WAITING FOR 0.786,2025-11-06,1052.0,2026-03-30,605.0499877929688,,956.3526973876952,828.5249938964844,1168.207003173828,25.14791064621848,16.0,8.0,7.0,1.0,15.0,53.333333333333336,2.7891355605787065,2.7891355605787065,9.8125,9.125,3.5,2.2857142857142856,75.0,75.0,87.5,0.2842431144538809,69.69,A,A,FAST,FAR,WATCH,58.91
TERASOFT.NS,207.91000366210932,2026-10-01T23:11:23.693897+05:30,WAITING FOR 0.786,2025-11-17,598.0,2026-10-01,194.1100006103516,,511.56754013061527,396.0550003051758,703.0113998413086,59.35824942899524,15.0,8.0,7.0,0.0,15.0,53.333333333333336,3.7770673973544033,3.7770673973544033,4.2,6.125,5.5,1.1428571428571428,50.0,75.0,100.0,0.899301761274858,68.24,A,A,FAST,FAR,WATCH,58.88
EMSLIMITED.NS,331.54998779296875,2026-10-01T23:11:23.693897+05:30,WAITING FOR 0.786,2025-10-06,576.9000244140625,2026-03-10,256.04998779296875,,508.2381165771485,416.4750061035156,660.3210339355469,34.76483227470783,6.0,4.0,2.0,0.0,6.0,66.66666666666666,5.806380366350552,5.806380366350552,6.0,8.5,9.0,0.0,25.0,50.0,100.0,0.9677300610584252,72.24,A,B,MEDIUM,FAR,WATCH,58.66
NAVKARCORP.NS,85.06999969482422,2026-10-01T23:11:23.693897+05:30,WAITING FOR 0.786,2026-07-17,119.0,2026-10-01,83.0999984741211,,111.31739967346192,101.04999923706056,128.33400039672853,23.5788834949718,10.0,6.0,4.0,0.0,10.0,60.0,8.313134668024876,8.313134668024876,17.5,19.83333333333333,16.0,13.75,33.33333333333333,50.0,50.0,0.4750362667442786,66.0,A,A,SLOW,FAR,WATCH,58.57
WANBURY.NS,197.9900054931641,2026-10-01T23:11:23.693897+05:30,WAITING FOR 0.786,2026-07-15,358.8500061035156,2026-10-01,191.0,,322.9301047973633,274.9250030517578,402.4910076904297,38.68951746775,17.0,9.0,8.0,0.0,17.0,52.94117647058824,2.638852484546431,2.638852484546431,9.588235294117649,10.444444444444445,4.0,8.125,66.66666666666666,77.77777777777779,77.77777777777779,0.2752177437870511,69.58,A,A,FAST,FAR,WATCH,58.55
SUMIT.NS,47.7599983215332,2026-10-01T23:11:23.693897+05:30,WAITING FOR 0.786,2025-10-06,104.0,2026-03-12,31.739999771118164,,88.53635995101929,67.86999988555908,122.78760005950927,46.05606290121332,13.0,7.0,6.0,0.0,13.0,53.84615384615385,3.124715117908106,3.124715117908106,5.846153846153846,4.714285714285714,4.0,6.666666666666667,71.42857142857143,100.0,100.0,0.5344907438527023,71.92,A,A,FAST,FAR,WATCH,58.32
CHENNPETRO.NS,1346.4000244140625,2026-10-01T23:11:23.693897+05:30,WAITING FOR 0.786,2026-09-11,1677.5,2026-10-01,1330.699951171875,,1603.2847895507812,1504.0999755859375,1767.6680126953124,16.02240393041428,13.0,6.0,6.0,1.0,12.0,50.0,4.136240110407352,4.136240110407352,10.76923076923077,5.333333333333333,3.5,7.333333333333333,66.66666666666666,83.33333333333334,100.0,0.3840794388235398,70.3,A,A,FAST,FAR,WATCH,58.31
GLOBALVECT.NS,131.0399932861328,2026-10-01T23:11:23.693897+05:30,WAITING FOR 0.786,2025-10-17,248.0,2026-09-17,123.0,,221.25,185.5,280.5,40.772884390448446,9.0,5.0,3.0,1.0,8.0,62.5,3.919912478817141,3.919912478817141,15.22222222222222,12.4,7.0,4.333333333333333,40.0,80.0,80.0,0.2575124986084253,70.62,A,A,FAST,FAR,WATCH,58.22
GVT&D.NS,4253.2001953125,2026-10-01T23:11:23.693897+05:30,WAITING FOR 0.786,2026-06-23,5650.0,2026-07-28,3962.199951171875,,5288.810789550781,4806.0999755859375,6088.828012695312,19.581161728915685,18.0,9.0,8.0,1.0,17.0,52.94117647058824,2.842916894238714,2.842916894238714,12.38888888888889,12.88888888888889,4.0,5.125,55.55555555555556,55.55555555555556,88.88888888888889,0.2294731125394477,67.67,A,A,FAST,FAR,WATCH,58.18
ENERGYDEV.NS,14.520000457763672,2026-10-01T23:11:23.693897+05:30,WAITING FOR 0.786,2025-11-19,29.690000534057617,2026-03-30,13.149999618530272,,26.150440338134764,21.420000076293945,33.99040077209473,44.475120609768894,8.0,5.0,3.0,0.0,8.0,62.5,1.884523972865717,1.884523972865717,3.375,3.0,3.0,3.6666666666666665,80.0,100.0,100.0,0.558377473441694,72.44,A,A,FAST,FAR,WATCH,57.81
RSSOFTWARE.NS,30.040000915527344,2026-10-01T23:11:23.693897+05:30,WAITING FOR 0.786,2025-11-03,73.48999786376953,2026-03-30,21.93000030517578,,62.45615838623047,47.709999084472656,86.89559722900391,51.90225961424137,9.0,5.0,3.0,1.0,8.0,62.5,1.868871669780817,1.868871669780817,9.444444444444445,1.8,2.0,4.333333333333333,100.0,100.0,100.0,0.1978805297414982,72.42,A,A,FAST,FAR,WATCH,57.78
VASCONEQ.NS,32.58000183105469,2026-10-01T23:11:23.693897+05:30,WAITING FOR 0.786,2025-10-10,74.58999633789062,2026-03-30,26.75,,64.35223712158204,50.66999816894531,87.02839538574219,49.37238658929509,7.0,4.0,3.0,0.0,7.0,57.14285714285714,9.109523062362417,9.109523062362417,12.857142857142858,21.0,12.0,1.3333333333333333,25.0,50.0,75.0,0.7085184604059658,67.86,A,B,MEDIUM,FAR,WATCH,57.7
3PLAND.NS,31.1200008392334,2026-10-01T23:11:23.693897+05:30,WAITING FOR 0.786,2025-10-28,44.95000076293945,2026-03-16,28.51000022888184,,41.431840648651125,36.730000495910645,49.22440090179443,24.888683794823013,9.0,4.0,4.0,1.0,8.0,50.0,4.203144737558822,4.203144737558822,8.0,2.0,1.5,0.0,100.0,100.0,100.0,0.5253930921948528,71.07,A,A,FAST,FAR,WATCH,57.68
ARVSMART.NS,592.5,2026-10-01T23:11:23.693897+05:30,WAITING FOR 0.786,2026-08-24,707.8499755859375,2026-09-18,540.3499755859375,,672.0049755859375,624.0999755859375,751.3999755859375,11.83100995890918,13.0,6.0,6.0,1.0,12.0,50.0,4.105866962777203,4.105866962777203,13.23076923076923,13.833333333333334,5.0,3.8333333333333335,50.0,66.66666666666666,83.33333333333334,0.3103271541633932,68.58,A,A,FAST,FAR,WATCH,57.66
APOLLO.NS,394.0,2026-10-01T23:11:23.693897+05:30,WAITING FOR 0.786,2026-07-03,466.5,2026-09-16,361.3999938964844,,444.00859869384766,413.9499969482422,493.82600158691406,11.26297978033744,15.0,7.0,8.0,0.0,15.0,46.66666666666666,3.160361241916796,3.160361241916796,6.0,10.428571428571429,1.0,1.5,57.14285714285714,57.14285714285714,71.42857142857143,0.5267268736527994,65.82,A,A,FAST,FAR,WATCH,57.44
MBLINFRA.NS,23.11000061035156,2026-10-01T23:11:23.693897+05:30,WAITING FOR 0.786,2025-10-07,45.59999847412109,2026-03-30,18.3700008392334,,39.772778980255126,31.98499965667725,52.67979785919189,41.8949311492055,7.0,3.0,3.0,1.0,6.0,50.0,5.588738163606193,5.588738163606193,12.857142857142858,5.0,2.0,4.0,66.66666666666666,66.66666666666666,100.0,0.4346796349471483,69.9,A,B,FAST,FAR,WATCH,57.35
RPOWER.NS,19.40999984741211,2026-10-01T23:11:23.693897+05:30,WAITING FOR 0.786,2025-10-10,50.72999954223633,2026-10-01,19.09000015258789,,43.95903967285156,34.90999984741211,58.95639938354492,55.84525960561548,11.0,6.0,5.0,0.0,11.0,54.54545454545454,2.0066835816867186,2.0066835816867186,8.818181818181818,2.5,1.0,16.0,83.33333333333334,100.0,100.0,0.2275620556551948,70.45,A,A,FAST,FAR,WATCH,57.3
TREJHARA.NS,131.66000366210938,2026-10-01T23:11:23.693897+05:30,WAITING FOR 0.786,2025-12-02,284.8500061035156,2026-10-01,127.02999877929688,,251.0765245361328,205.94000244140625,325.8832080078125,47.56180255985581,8.0,4.0,3.0,1.0,7.0,57.14285714285714,4.5198131794218765,4.5198131794218765,14.875,12.0,4.0,2.333333333333333,75.0,75.0,75.0,0.3038529868518909,71.92,A,B,FAST,FAR,WATCH,57.24
SATIN.NS,227.47000122070312,2026-10-01T23:11:23.693897+05:30,WAITING FOR 0.786,2026-07-27,274.1400146484375,2026-09-10,210.0,,260.4140515136719,242.07000732421875,290.81641845703126,12.650642352622508,14.0,6.0,7.0,1.0,13.0,46.15384615384615,4.6340759694164495,4.6340759694164495,12.857142857142858,13.666666666666666,5.0,4.142857142857143,50.0,66.66666666666666,66.66666666666666,0.3604281309546127,67.87,A,A,FAST,FAR,WATCH,57.24
S&SPOWER.NS,294.1000061035156,2026-10-01T23:11:23.693897+05:30,WAITING FOR 0.786,2026-08-26,367.0,2026-10-01,291.5,,350.843,329.25,386.63,16.17332935144335,19.0,9.0,8.0,2.0,17.0,52.94117647058824,1.504794184226269,1.504794184226269,13.210526315789474,4.111111111111111,4.0,11.125,66.66666666666666,100.0,100.0,0.1139087231087614,70.03,A,A,FAST,FAR,WATCH,57.0
ZUARI.NS,212.8800048828125,2026-10-01T23:11:23.693897+05:30,WAITING FOR 0.786,2025-12-30,345.6000061035156,2026-03-30,175.10000610351562,,309.11300610351566,260.3500061035156,389.93000610351567,31.13198064156404,9.0,5.0,4.0,0.0,9.0,55.55555555555556,3.8926165329337183,3.8926165329337183,11.333333333333334,13.4,5.0,8.5,60.0,60.0,60.0,0.3434661646706222,68.8,A,A,FAST,FAR,WATCH,56.81
PARASPETRO.NS,2.0199999809265137,2026-10-01T23:11:23.693897+05:30,WAITING FOR 0.786,2026-02-02,3.2300000190734863,2026-06-17,1.830000042915344,,2.9304000241756443,2.530000030994416,3.594000012874603,31.067432287004458,7.0,4.0,3.0,0.0,7.0,57.14285714285714,4.287872158669858,4.287872158669858,10.142857142857142,7.75,3.5,13.333333333333334,75.0,75.0,75.0,0.422747959305479,71.56,A,B,FAST,FAR,WATCH,56.76
BHARATWIRE.NS,160.1199951171875,2026-10-01T23:11:23.693897+05:30,WAITING FOR 0.786,2026-05-11,262.0,2026-10-01,154.44000244140625,,238.98216052246096,208.22000122070312,289.9655993652344,32.99918505752296,13.0,7.0,6.0,0.0,13.0,53.84615384615385,3.78851896622276,3.78851896622276,6.538461538461538,7.857142857142857,6.0,4.0,42.85714285714285,71.42857142857143,85.71428571428571,0.5794205477752454,67.1,A,A,FAST,FAR,WATCH,56.63
THOMASCOTT.NS,300.20001220703125,2026-10-01T23:11:23.693897+05:30,WAITING FOR 0.786,2025-11-13,459.7999877929688,2026-09-16,221.8000030517578,,408.8679910583496,340.7999954223633,521.6799838256836,26.57776622964118,11.0,5.0,5.0,1.0,10.0,50.0,4.362624055525152,4.362624055525152,10.727272727272728,8.6,7.0,2.6,40.0,80.0,80.0,0.4066852933116667,67.32,A,A,FAST,FAR,WATCH,56.61
AVROIND.NS,6.679999828338623,2026-10-01T23:11:23.693897+05:30,WAITING FOR 0.786,2026-06-08,12.989999771118164,2026-10-01,6.579999923706055,,11.618259803771974,9.78499984741211,14.656599731445311,42.50429977327671,10.0,5.0,5.0,0.0,10.0,50.0,3.702084683282718,3.702084683282718,6.5,9.6,5.0,2.6,60.0,60.0,80.0,0.5695514897358028,67.28,A,A,FAST,FAR,WATCH,56.6
ABINFRA.NS,12.5600004196167,2026-10-01T23:11:23.693897+05:30,WAITING FOR 0.786,2026-02-23,23.559999465942383,2026-06-11,8.819999694824219,,20.40563951492309,16.1899995803833,27.392399406433107,38.44838623934676,15.0,8.0,7.0,0.0,15.0,53.333333333333336,3.84507744304439,3.84507744304439,6.0,8.0,7.5,3.142857142857143,50.0,62.5,100.0,0.6408462405073984,67.09,A,A,MEDIUM,FAR,WATCH,56.58
BDL.NS,1087.9000244140625,2026-10-01T23:11:23.693897+05:30,WAITING FOR 0.786,2026-01-29,1593.9000244140625,2026-10-01,1071.199951171875,,1482.0422087402344,1332.5499877929688,1729.8020434570312,26.594531653804964,18.0,8.0,10.0,0.0,18.0,44.44444444444444,2.777770086184568,2.777770086184568,6.333333333333333,10.375,2.5,2.3,62.5,75.0,87.5,0.4385952767659844,66.12,A,A,FAST,FAR,WATCH,56.42
RAILTEL.NS,257.20001220703125,2026-10-01T23:11:23.693897+05:30,WAITING FOR 0.786,2025-12-26,391.0,2026-03-30,245.0,,359.756,318.0,428.96,28.50709586302069,7.0,4.0,2.0,1.0,6.0,66.66666666666666,6.710868411112451,6.710868411112451,21.142857142857142,21.5,14.0,0.0,25.0,25.0,75.0,0.3174059383634267,67.15,A,B,MEDIUM,FAR,WATCH,56.24
SENCO.NS,317.3999938964844,2026-10-01T23:11:23.693897+05:30,WAITING FOR 0.786,2026-07-27,430.0,2026-09-28,310.1499938964844,,404.35209869384767,370.0749969482422,461.1610015869141,21.50405675603985,7.0,4.0,3.0,0.0,7.0,57.14285714285714,3.991869383913497,3.991869383913497,6.571428571428571,9.0,4.5,2.0,50.0,75.0,75.0,0.6074583845085756,71.09,A,B,FAST,FAR,WATCH,56.16
CEATLTD.NS,3286.60009765625,2026-10-01T23:11:23.693897+05:30,WAITING FOR 0.786,2025-10-23,4438.0,2026-06-11,3061.199951171875,,4143.364789550781,3749.5999755859375,4795.968012695313,20.677993259372663,12.0,7.0,5.0,0.0,12.0,58.333333333333336,5.72607237537576,5.72607237537576,11.083333333333334,13.142857142857142,12.0,7.6,28.57142857142857,42.85714285714285,85.71428571428571,0.5166381090564596,65.07,A,A,MEDIUM,FAR,WATCH,55.95
KEYFINSERV.NS,244.0500030517578,2026-10-01T23:11:23.693897+05:30,WAITING FOR 0.786,2026-04-22,349.8999938964844,2026-09-28,221.0,,322.31539520263675,285.4499969482422,383.4139923095703,24.28223824110983,10.0,5.0,5.0,0.0,10.0,50.0,2.521560430258492,2.521560430258492,4.2,5.4,3.0,2.2,60.0,80.0,100.0,0.6003715310139266,67.44,A,A,FAST,FAR,WATCH,55.89
ATLANTAA.NS,35.709999084472656,2026-10-01T23:11:23.693897+05:30,WAITING FOR 0.786,2025-10-07,73.38999938964844,2026-03-30,31.520000457763672,,64.4298196182251,52.454999923706055,84.27619911193847,44.57535455466111,12.0,5.0,6.0,1.0,11.0,45.45454545454545,3.4862823277736545,3.4862823277736545,8.5,3.8,4.0,3.1666666666666665,80.0,100.0,100.0,0.4101508620910182,69.13,A,A,FAST,FAR,WATCH,55.79
KIRLPNU.NS,681.9500122070312,2026-10-01T23:11:23.693897+05:30,WAITING FOR 0.786,2026-06-22,1098.550048828125,2026-10-01,667.8499755859375,,1006.3802331542968,883.2000122070312,1210.5320678710937,32.23734034703804,9.0,5.0,4.0,0.0,9.0,55.55555555555556,4.306686848630481,4.306686848630481,9.444444444444445,12.8,7.0,5.0,40.0,60.0,80.0,0.4560021369138156,66.45,A,A,FAST,FAR,WATCH,55.61
PRAJIND.NS,303.25,2026-10-01T23:11:23.693897+05:30,WAITING FOR 0.786,2026-04-23,427.6499938964844,2026-10-01,297.04998779296875,,399.701592590332,362.34999084472656,461.6059954833984,24.13090024617155,12.0,6.0,5.0,1.0,11.0,54.54545454545454,4.175001552286265,4.175001552286265,13.416666666666666,11.666666666666666,9.0,5.6,33.33333333333333,66.66666666666666,83.33333333333334,0.3111802399219576,67.51,A,A,MEDIUM,FAR,WATCH,55.53
RVHL.NS,37.22999954223633,2026-10-01T23:11:23.693897+05:30,WAITING FOR 0.786,2025-12-22,59.75,2026-03-30,28.5,,53.0625,44.125,67.875,29.83745669307641,7.0,4.0,3.0,0.0,7.0,57.14285714285714,4.630983353002695,4.630983353002695,12.857142857142858,7.0,5.5,20.0,50.0,75.0,100.0,0.3601875941224318,69.09,A,B,FAST,FAR,WATCH,55.41
ABCOTS.NS,189.91000366210932,2026-10-01T23:11:23.693897+05:30,WAITING FOR 0.786,2025-10-07,474.8999938964844,2026-10-01,181.72999572753903,,412.1616142883301,328.3149948120117,551.1241934204102,53.92341327320776,7.0,4.0,2.0,1.0,6.0,66.66666666666666,7.912995476079908,7.912995476079908,18.285714285714285,14.75,16.0,4.5,25.0,25.0,50.0,0.43274194009812,65.03,A,B,SLOW,FAR,WATCH,55.3
AURIONPRO.NS,607.7999877929688,2026-10-01T23:11:23.693897+05:30,WAITING FOR 0.786,2025-11-04,1240.0,2026-10-01,593.3499755859375,,1101.6168947753906,916.6749877929688,1408.1290063476563,44.82655534101141,14.0,7.0,7.0,0.0,14.0,50.0,4.054835451477394,4.054835451477394,7.785714285714286,11.142857142857142,7.0,3.857142857142857,42.85714285714285,57.14285714285714,85.71428571428571,0.5208045534007661,64.55,B,B,FAST,FAR,WATCH,55.17
VPRPL.NS,28.38999938964844,2026-10-01T23:11:23.693897+05:30,WAITING FOR 0.786,2025-10-10,100.41999816894533,2026-06-12,23.940000534057617,,84.05327867507935,62.179999351501465,120.30479755401612,66.22380490427474,6.0,3.0,3.0,0.0,6.0,50.0,5.3951308515106,5.3951308515106,3.8333333333333335,6.666666666666667,7.0,0.0,33.33333333333333,100.0,100.0,1.4074254395245045,69.93,A,B,FAST,FAR,WATCH,55.07
NATIONALUM.NS,334.8999938964844,2026-10-01T23:11:23.693897+05:30,WAITING FOR 0.786,2026-08-24,405.0,2026-10-01,329.5,,388.843,367.25,424.63,13.872695690424065,13.0,5.0,6.0,2.0,11.0,45.45454545454545,4.402685318281395,4.402685318281395,14.76923076923077,12.6,6.0,1.0,40.0,80.0,80.0,0.2980984850919694,65.56,A,A,FAST,FAR,WATCH,54.91
SUVEN.NS,308.29998779296875,2026-10-01T23:11:23.693897+05:30,WAITING FOR 0.786,2026-09-01,403.3500061035156,2026-10-01,301.1000061035156,,381.4685061035156,352.2250061035156,429.93500610351566,19.180749430122493,11.0,5.0,5.0,1.0,10.0,50.0,3.391316308292792,3.391316308292792,13.818181818181818,14.0,7.0,3.0,40.0,80.0,80.0,0.2454242065211888,65.8,A,A,FAST,FAR,WATCH,54.62
NETWEB.NS,4520.2998046875,2026-10-01T23:11:23.693897+05:30,WAITING FOR 0.786,2026-08-24,5813.0,2026-09-16,4388.0,,5508.05,5100.5,6183.5,17.932847292825958,12.0,6.0,6.0,0.0,12.0,50.0,3.573427687622552,3.573427687622552,9.333333333333334,7.5,5.5,10.5,50.0,66.66666666666666,100.0,0.3828672522452734,64.75,B,B,FAST,FAR,WATCH,54.52
ZODIAC.NS,216.91000366210932,2026-10-01T23:11:23.693897+05:30,WAITING FOR 0.786,2026-05-05,332.95001220703125,2026-09-29,201.3500061035156,,304.7876109008789,267.15000915527344,367.16601379394535,28.83240791153697,8.0,4.0,3.0,1.0,7.0,57.14285714285714,2.686343439117812,2.686343439117812,13.375,7.0,2.5,6.0,75.0,75.0,75.0,0.2008481075975934,69.05,A,B,FAST,FAR,WATCH,54.48
POONAWALLA.NS,433.3999938964844,2026-10-01T23:11:23.693897+05:30,WAITING FOR 0.786,2025-10-06,570.4000244140625,2026-03-30,361.2000122070313,,525.6312218017579,465.8000183105469,624.7920275878906,17.546755991610134,10.0,5.0,3.0,2.0,8.0,62.5,3.212971447255325,3.212971447255325,24.2,16.0,9.0,13.666666666666666,0.0,60.0,60.0,0.1327674151758399,68.52,A,A,MEDIUM,FAR,WATCH,54.43
VADILALIND.NS,7187.0,2026-10-01T23:11:23.693897+05:30,WAITING FOR 0.786,2026-08-13,8447.0,2026-09-15,6745.0,,8082.772,7596.0,8889.52,11.08248506824144,12.0,6.0,5.0,1.0,11.0,54.54545454545454,7.3755832063255236,7.3755832063255236,17.166666666666668,22.83333333333333,17.0,1.0,16.666666666666664,33.33333333333333,50.0,0.4296456236694479,61.18,B,B,SLOW,FAR,WATCH,54.11
KAMATHOTEL.NS,237.4499969482422,2026-10-01T23:11:23.693897+05:30,WAITING FOR 0.786,2025-10-07,329.6000061035156,2026-03-30,140.1999969482422,,289.0684041442871,234.9000015258789,378.8440084838867,17.856813977593983,11.0,5.0,6.0,0.0,11.0,45.45454545454545,2.829948484798352,2.829948484798352,7.545454545454546,10.6,3.0,4.666666666666667,60.0,60.0,60.0,0.3750534136479743,64.1,B,B,FAST,FAR,WATCH,54.04
NUVAMA.NS,1701.4000244140625,2026-10-01T23:11:23.693897+05:30,WAITING FOR 0.786,2026-07-24,2066.0,2026-08-10,1578.5999755859375,,1961.696394775391,1822.2999877929688,2192.724006347656,13.268942689326373,13.0,6.0,7.0,0.0,13.0,46.15384615384615,2.551901348184865,2.551901348184865,8.846153846153847,14.666666666666666,1.0,3.0,66.66666666666666,66.66666666666666,66.66666666666666,0.2884758045774195,64.62,B,B,FAST,FAR,WATCH,53.98
PIGL.NS,93.87000274658205,2026-10-01T23:11:23.693897+05:30,WAITING FOR 0.786,2025-09-29,189.6999969482422,2026-06-01,88.05000305175781,,167.94689825439454,138.875,216.12899536132807,44.10733170886304,14.0,7.0,6.0,1.0,13.0,53.84615384615385,0.5034900568264972,0.5034900568264972,9.928571428571429,3.2857142857142856,2.0,9.166666666666666,71.42857142857143,100.0,100.0,0.0507112287451148,67.83,A,A,FAST,FAR,WATCH,53.96
LUPIN.NS,2031.199951171875,2026-10-01T23:11:23.693897+05:30,WAITING FOR 0.786,2026-07-30,2474.800048828125,2026-10-01,2004.199951171875,,2374.0916279296875,2239.5,2597.15607421875,14.443068360290251,9.0,4.0,4.0,1.0,8.0,50.0,2.816287643520055,2.816287643520055,15.0,11.0,2.5,7.25,75.0,75.0,75.0,0.1877525095680036,66.4,A,A,FAST,FAR,WATCH,53.96
AVONMORE.NS,12.789999961853027,2026-10-01T23:11:23.693897+05:30,WAITING FOR 0.786,2026-01-09,19.0,2026-07-28,9.050000190734863,,16.870700040817262,14.025000095367432,21.58699995040893,24.18808981898391,10.0,6.0,4.0,0.0,10.0,60.0,2.648757329238449,2.648757329238449,8.7,8.333333333333334,9.0,8.25,33.33333333333333,50.0,100.0,0.3044548654297068,65.64,A,A,MEDIUM,FAR,WATCH,53.95
REDTAPE.NS,115.29000091552734,2026-10-01T23:11:23.693897+05:30,WAITING FOR 0.786,2026-05-27,158.99000549316406,2026-09-11,113.0999984741211,,149.16954399108886,136.04500198364258,170.92140731811523,22.712104742765334,6.0,4.0,2.0,0.0,6.0,66.66666666666666,5.14469847601488,5.14469847601488,6.666666666666667,9.5,11.0,0.0,25.0,50.0,100.0,0.7717047714022319,67.21,A,B,MEDIUM,FAR,WATCH,53.91
SUMMITSEC.NS,1315.5,2026-10-01T23:11:23.693897+05:30,WAITING FOR 0.786,2025-10-23,2495.0,2026-10-01,1301.0,,2239.484,1898.0,2805.44,41.25878997126124,13.0,6.0,7.0,0.0,13.0,46.15384615384615,2.478233423419449,2.478233423419449,5.0,7.0,3.0,2.142857142857143,50.0,66.66666666666666,83.33333333333334,0.4956466846838898,64.5,B,B,FAST,FAR,WATCH,53.83
GOKEX.NS,688.75,2026-10-01T23:11:23.693897+05:30,WAITING FOR 0.786,2026-08-18,823.4500122070312,2026-09-29,666.0,,789.7557095947266,744.7250061035156,864.3870153808593,12.789487732422849,9.0,4.0,4.0,1.0,8.0,50.0,3.180396305395209,3.180396305395209,16.88888888888889,13.5,3.5,9.0,75.0,75.0,75.0,0.1883129391352426,66.97,A,A,FAST,FAR,WATCH,53.71
IZMO.NS,855.9500122070312,2026-10-01T23:11:23.693897+05:30,WAITING FOR 0.786,2025-09-29,1374.699951171875,2026-02-02,569.3499755859375,,1202.3550563964843,972.0249633789062,1584.0909448242187,28.81054496727828,13.0,5.0,7.0,1.0,12.0,41.66666666666667,5.5106030707734375,5.5106030707734375,12.76923076923077,9.0,9.0,8.0,20.0,80.0,100.0,0.4315532525304499,65.78,A,A,MEDIUM,FAR,WATCH,53.71
NFL.NS,63.84999847412109,2026-10-01T23:11:23.693897+05:30,WAITING FOR 0.786,2025-10-16,98.3000030517578,2026-10-01,62.810001373291016,,90.70514269256591,80.55500221252441,107.52740348815918,29.60708006321877,7.0,4.0,3.0,0.0,7.0,57.14285714285714,5.132565356332912,5.132565356332912,9.142857142857142,10.75,10.0,6.666666666666667,50.0,50.0,75.0,0.5613743358489123,67.38,A,B,MEDIUM,FAR,WATCH,53.57
EPIGRAL.NS,982.2000122070312,2026-10-01T23:11:23.693897+05:30,WAITING FOR 0.786,2025-10-03,1771.0,2026-03-30,807.0,,1564.7040000000002,1289.0,2021.64,37.227743253226734,7.0,4.0,3.0,0.0,7.0,57.14285714285714,4.128774663722576,4.128774663722576,11.428571428571429,13.25,6.5,8.333333333333334,50.0,50.0,75.0,0.3612677830757253,65.81,A,B,FAST,FAR,WATCH,53.51
TRF.NS,192.3300018310547,2026-10-01T23:11:23.693897+05:30,WAITING FOR 0.786,2025-10-03,404.8999938964844,2026-10-01,191.19000244140625,,359.16605572509764,298.0449981689453,460.4645916748047,46.45095248692925,13.0,6.0,7.0,0.0,13.0,46.15384615384615,2.316251139299296,2.316251139299296,6.384615384615385,6.666666666666667,3.0,5.857142857142857,66.66666666666666,66.66666666666666,100.0,0.3627863230227812,64.25,B,B,FAST,FAR,WATCH,53.5
KOKUYOCMLN.NS,74.7699966430664,2026-10-01T23:11:23.693897+05:30,WAITING FOR 0.786,2025-09-26,113.61000061035156,2026-03-30,71.05000305175781,,104.5021611328125,92.33000183105467,124.67559997558594,28.45124365606113,10.0,5.0,5.0,0.0,10.0,50.0,3.179514858643882,3.179514858643882,7.9,10.8,7.0,4.6,40.0,60.0,80.0,0.4024702352713774,63.47,B,B,FAST,FAR,WATCH,53.48
DWARKESH.NS,41.959999084472656,2026-10-01T23:11:23.693897+05:30,WAITING FOR 0.786,2026-08-24,59.900001525878906,2026-09-18,39.86000061035156,,55.61144132995605,49.880001068115234,65.11040176391602,24.54790222840316,6.0,3.0,3.0,0.0,6.0,50.0,3.091389318216644,3.091389318216644,1.3333333333333333,0.6666666666666666,0.0,0.6666666666666666,100.0,100.0,100.0,2.3185419886624827,69.33,A,B,FAST,FAR,WATCH,53.4
IRCON.NS,110.25,2026-10-01T23:11:23.693897+05:30,WAITING FOR 0.786,2025-12-26,186.44000244140625,2026-09-29,101.5999984741211,,168.28424159240723,144.02000045776367,208.4984034729004,34.485844332928714,8.0,5.0,3.0,0.0,8.0,62.5,4.871034812027895,4.871034812027895,14.375,16.6,12.0,10.333333333333334,20.0,40.0,80.0,0.3388545956193318,64.11,B,B,MEDIUM,FAR,WATCH,53.37
PREMEXPLN.NS,682.0499877929688,2026-10-01T23:11:23.693897+05:30,WAITING FOR 0.786,2026-06-30,829.7999877929688,2026-08-07,636.4000244140625,,788.4123956298828,733.1000061035156,880.0839782714844,13.490707201773306,11.0,5.0,5.0,1.0,10.0,50.0,2.767454618383035,2.767454618383035,11.454545454545457,10.8,6.0,1.8,20.0,80.0,80.0,0.2416031809699474,64.82,B,B,FAST,FAR,WATCH,53.34
ATGL.NS,583.0499877929688,2026-10-01T23:11:23.693897+05:30,WAITING FOR 0.786,2026-05-29,859.8499755859375,2026-10-01,572.0499877929688,,798.2607781982422,715.9499816894531,934.6779724121094,26.95996048948147,8.0,4.0,4.0,0.0,8.0,50.0,2.502580523158426,2.502580523158426,6.5,3.25,3.5,8.75,50.0,100.0,100.0,0.3850123881782193,68.41,A,A,FAST,FAR,WATCH,53.2
HSCL.NS,665.1500244140625,2026-10-01T23:11:23.693897+05:30,WAITING FOR 0.786,2026-07-21,819.5,2026-09-15,632.5,,779.482,726.0,868.12,14.667686436112376,18.0,7.0,10.0,1.0,17.0,41.17647058823529,1.5201771717586092,1.5201771717586092,8.11111111111111,7.142857142857143,3.0,2.8,57.14285714285714,85.71428571428571,85.71428571428571,0.1874191033674997,63.92,B,B,FAST,FAR,WATCH,52.95
TITAGARH.NS,805.0999755859375,2026-10-01T23:11:23.693897+05:30,WAITING FOR 0.786,2026-06-18,971.0,2026-09-16,789.4500122070312,,932.1483026123046,880.2250061035156,1018.202996826172,13.62962595869346,17.0,7.0,10.0,0.0,17.0,41.17647058823529,1.5484390474363412,1.5484390474363412,4.352941176470588,7.142857142857143,2.0,1.4,71.42857142857143,71.42857142857143,85.71428571428571,0.3557224838705108,62.53,B,B,FAST,FAR,WATCH,52.5
HARIOMPIPE.NS,332.3500061035156,2026-10-01T23:11:23.693897+05:30,WAITING FOR 0.786,2025-09-26,514.5,2026-04-13,268.04998779296875,,461.7596973876953,391.2749938964844,578.5770031738282,28.025332660318075,7.0,4.0,3.0,0.0,7.0,57.14285714285714,4.592746075644954,4.592746075644954,9.428571428571429,13.5,8.0,3.333333333333333,50.0,50.0,75.0,0.4871094322653739,66.53,A,B,MEDIUM,FAR,WATCH,52.46
SOLEX.NS,670.9500122070312,2026-10-01T23:11:23.693897+05:30,WAITING FOR 0.786,2025-11-21,1985.0,2026-09-10,651.2000122070312,,1699.5668026123046,1318.1000061035156,2331.787996826172,60.52229243500442,14.0,6.0,7.0,1.0,13.0,46.15384615384615,1.5933165629465482,1.5933165629465482,10.928571428571429,3.6666666666666665,3.5,9.857142857142858,83.33333333333334,100.0,100.0,0.1457936724264815,66.45,A,A,FAST,FAR,WATCH,52.19
MANAPPURAM.NS,308.8999938964844,2026-10-01T23:11:23.693897+05:30,WAITING FOR 0.786,2026-08-27,369.8999938964844,2026-10-01,303.3500061035156,,355.6582965087891,336.625,387.2029907226562,13.146973674252305,8.0,4.0,2.0,2.0,6.0,66.66666666666666,4.182554566912211,4.182554566912211,23.375,11.0,11.5,10.5,0.0,50.0,100.0,0.178932815696779,65.7,A,B,MEDIUM,FAR,WATCH,51.94
TRENT.NS,2580.0,2026-10-01T23:11:23.693897+05:30,WAITING FOR 0.786,2025-10-06,4908.0,2026-03-30,2183.666748046875,,4324.992684082032,3545.833374023437,5616.326645507812,40.346719903236135,10.0,5.0,5.0,0.0,10.0,50.0,3.208041749996153,3.208041749996153,7.7,14.0,8.0,0.6,20.0,60.0,80.0,0.416628798700799,63.51,B,B,MEDIUM,FAR,WATCH,51.54
SKMEGGPROD.NS,205.2899932861328,2026-10-01T23:11:23.693897+05:30,WAITING FOR 0.786,2026-07-13,372.0,2026-10-01,201.1000061035156,,335.4274013061523,286.5500030517578,416.43399841308593,38.79748867065278,9.0,5.0,4.0,0.0,9.0,55.55555555555556,9.313176359327306,9.313176359327306,14.88888888888889,24.8,22.0,2.0,20.0,20.0,40.0,0.6255118450294459,56.22,B,B,SLOW,FAR,WATCH,51.54
INOXWIND.NS,68.75,2026-10-01T23:11:23.693897+05:30,WAITING FOR 0.786,2025-10-29,159.3000030517578,2026-10-01,67.0999984741211,,139.56920207214355,113.20000076293944,183.27200424194336,50.74128175894922,10.0,4.0,5.0,1.0,9.0,44.44444444444444,2.967820752131516,2.967820752131516,13.1,11.5,4.5,4.0,50.0,75.0,75.0,0.2265512024527874,65.41,A,A,FAST,FAR,WATCH,51.46
SHREERAMA.NS,43.15999984741211,2026-10-01T23:11:23.693897+05:30,WAITING FOR 0.786,2026-01-02,71.98999786376953,2026-07-28,37.619998931884766,,64.6348180923462,54.80499839782715,80.92619758605957,33.224845182131105,11.0,4.0,6.0,1.0,10.0,40.0,1.897310713784755,1.897310713784755,9.818181818181818,2.25,1.0,5.666666666666667,75.0,100.0,100.0,0.1932446097373361,64.46,B,B,FAST,FAR,WATCH,51.41
JWL.NS,223.92999267578125,2026-10-01T23:11:23.693897+05:30,WAITING FOR 0.786,2026-05-27,308.5,2026-09-29,218.4499969482422,,289.2292993469238,263.4749984741211,331.91300079345706,22.57700268215828,11.0,5.0,6.0,0.0,11.0,45.45454545454545,1.484146819678449,1.484146819678449,14.909090909090908,16.2,3.0,13.666666666666666,60.0,60.0,60.0,0.099546433027213,62.0,B,B,FAST,FAR,WATCH,51.29
SARDAEN.NS,494.75,2026-10-01T23:11:23.693897+05:30,WAITING FOR 0.786,2026-04-28,624.0,2026-09-28,485.1000061035156,,594.2754013061524,554.5500030517578,660.1139984130859,16.747353346176947,14.0,7.0,6.0,1.0,13.0,53.84615384615385,1.8229978084745304,1.8229978084745304,12.714285714285714,8.857142857142858,8.0,8.666666666666666,42.85714285714285,85.71428571428571,85.71428571428571,0.1433818501047383,65.46,A,A,MEDIUM,FAR,WATCH,51.11
SEMAC.NS,241.9900054931641,2026-10-01T23:11:23.693897+05:30,WAITING FOR 0.786,2025-10-07,519.25,2026-03-09,205.0,,452.0005,362.125,600.9549999999999,46.462447388185616,14.0,6.0,7.0,1.0,13.0,46.15384615384615,0.8490359414559426,0.8490359414559426,7.142857142857143,5.166666666666667,2.5,0.0,66.66666666666666,83.33333333333334,100.0,0.1188650318038319,63.62,B,B,FAST,FAR,WATCH,51.08
SHARDAMOTR.NS,928.7999877929688,2026-10-01T23:11:23.693897+05:30,WAITING FOR 0.786,2025-11-11,1189.9000244140625,2026-03-30,700.0,,1085.061419189453,944.9500122070312,1317.274030761719,14.401160029559662,11.0,5.0,5.0,1.0,10.0,50.0,1.9055067973408577,1.9055067973408577,18.818181818181817,17.4,7.0,11.4,40.0,60.0,80.0,0.1012588153176301,61.48,B,B,FAST,FAR,WATCH,50.88
BALMLAWRIE.NS,159.3000030517578,2026-10-01T23:11:23.693897+05:30,WAITING FOR 0.786,2026-06-01,189.0,2026-10-01,158.10000610351562,,182.3874013061524,173.5500030517578,197.03399841308595,12.65843917346047,10.0,5.0,5.0,0.0,10.0,50.0,1.88870365684318,1.88870365684318,7.5,11.4,7.0,3.0,40.0,60.0,60.0,0.2518271542457573,61.45,B,B,FAST,FAR,WATCH,50.84
HUDCO.NS,161.5399932861328,2026-10-01T23:11:23.693897+05:30,WAITING FOR 0.786,2026-06-18,218.0,2026-10-01,159.50999450683594,,205.48313882446288,188.754997253418,233.20740142822265,21.38528046131764,7.0,3.0,3.0,1.0,6.0,50.0,3.742958405338548,3.742958405338548,14.285714285714286,8.0,7.0,4.666666666666667,33.33333333333333,66.66666666666666,100.0,0.2620070883736983,64.02,B,B,FAST,FAR,WATCH,50.52
NORBTEAEXP.NS,69.04000091552734,2026-10-01T23:11:23.693897+05:30,WAITING FOR 0.786,2026-05-25,87.0,2026-08-13,60.0099983215332,,81.2241396408081,73.5049991607666,94.01740043640136,15.000637469552569,17.0,7.0,10.0,0.0,17.0,41.17647058823529,1.2623031575356458,1.2623031575356458,10.176470588235292,15.285714285714286,5.0,6.1,57.14285714285714,57.14285714285714,71.42857142857143,0.1240413507404969,60.66,B,B,FAST,FAR,WATCH,50.42
JKIL.NS,461.8500061035156,2026-10-01T23:11:23.693897+05:30,WAITING FOR 0.786,2025-11-03,672.0,2026-03-30,425.0,,619.142,548.5,736.22,25.404833446363583,8.0,4.0,4.0,0.0,8.0,50.0,3.920304046651256,3.920304046651256,6.625,10.25,9.5,2.25,50.0,50.0,75.0,0.591744007041699,62.63,B,B,MEDIUM,FAR,WATCH,50.3
ETHOSLTD.NS,2531.89990234375,2026-10-01T23:11:23.693897+05:30,WAITING FOR 0.786,2026-08-03,3090.39990234375,2026-09-29,2410.39990234375,,2944.87990234375,2750.39990234375,3267.19990234375,14.023661870601936,13.0,6.0,7.0,0.0,13.0,46.15384615384615,0.7073150093446128,0.7073150093446128,7.769230769230769,12.666666666666666,2.5,2.571428571428572,66.66666666666666,66.66666666666666,66.66666666666666,0.0910405457572273,61.73,B,B,FAST,FAR,WATCH,50.2
ADSL.NS,106.37999725341795,2026-10-01T23:11:23.693897+05:30,WAITING FOR 0.786,2025-10-06,204.6499938964844,2026-03-30,86.2699966430664,,179.31667448425293,145.4599952697754,235.42879318237303,40.67478801991727,10.0,4.0,5.0,1.0,9.0,44.44444444444444,2.3311978697947504,2.3311978697947504,11.8,5.75,3.5,6.2,75.0,75.0,100.0,0.1975591415080297,64.42,B,B,FAST,FAR,WATCH,50.15
WALCHANNAG.NS,196.0800018310547,2026-10-01T23:11:23.693897+05:30,WAITING FOR 0.786,2026-06-19,315.79998779296875,2026-10-01,191.52999877929688,,289.206210144043,253.6649932861328,348.1101849365234,32.20062538304608,17.0,7.0,10.0,0.0,17.0,41.17647058823529,0.3677292766608651,0.3677292766608651,6.529411764705882,8.0,2.0,5.0,71.42857142857143,71.42857142857143,85.71428571428571,0.0563188982273396,60.69,B,B,FAST,FAR,WATCH,50.09
KALYANKJIL.NS,528.5,2026-10-01T23:11:23.693897+05:30,WAITING FOR 0.786,2026-08-27,635.9500122070312,2026-10-01,522.5,,611.6717095947265,579.2250061035156,665.4470153808594,13.59744259708093,16.0,7.0,9.0,0.0,16.0,43.75,2.5211141008165963,2.5211141008165963,5.8125,10.857142857142858,9.0,1.2222222222222223,14.285714285714285,57.14285714285714,100.0,0.4337400603555434,60.65,B,B,MEDIUM,FAR,WATCH,49.95
PASHUPATI.NS,78.98999786376953,2026-10-01T23:11:23.693897+05:30,WAITING FOR 0.786,2026-04-17,118.3499984741211,2026-09-30,74.18000030517578,,108.8976188659668,96.26499938964844,129.83419799804688,27.463980676205708,11.0,6.0,5.0,0.0,11.0,54.54545454545454,3.3469183766954504,3.3469183766954504,15.0,21.33333333333333,15.0,6.8,16.666666666666664,50.0,50.0,0.2231278917796967,60.55,B,B,MEDIUM,FAR,WATCH,49.85
LEMERITE.NS,19.280000686645508,2026-10-01T23:11:23.693897+05:30,WAITING FOR 0.786,2025-12-12,107.56999969482422,2026-09-21,17.729999542236328,,88.34423966217041,62.64999961853027,130.92839973449708,78.17627865679472,6.0,3.0,3.0,0.0,6.0,50.0,3.3804477162380064,3.3804477162380064,19.33333333333333,17.333333333333332,7.0,21.0,33.33333333333333,66.66666666666666,66.66666666666666,0.1748507439433451,63.45,B,B,FAST,FAR,WATCH,49.78
NAHARPOLY.NS,225.63999938964844,2026-10-01T23:11:23.693897+05:30,WAITING FOR 0.786,2025-10-10,338.79998779296875,2026-03-30,200.0,,309.09679040527345,269.3999938964844,374.88798461914064,27.000212750899266,6.0,3.0,3.0,0.0,6.0,50.0,4.341179349894641,4.341179349894641,5.166666666666667,9.333333333333334,9.0,0.0,0.0,66.66666666666666,100.0,0.8402282612699304,64.95,B,B,MEDIUM,FAR,WATCH,49.74
BAJAJHIND.NS,19.190000534057617,2026-10-01T23:11:23.693897+05:30,WAITING FOR 0.786,2026-08-24,26.0,2026-10-01,18.799999237060547,,24.45919983673096,22.39999961853028,27.87200019836426,21.54281144864133,14.0,6.0,8.0,0.0,14.0,42.85714285714285,0.3901583823657429,0.3901583823657429,8.785714285714286,3.333333333333333,3.0,12.375,83.33333333333334,100.0,100.0,0.0444082711635804,63.25,B,B,FAST,FAR,WATCH,49.44
BBOX.NS,795.8499755859375,2026-10-01T23:11:23.693897+05:30,WAITING FOR 0.786,2026-06-05,1103.0,2026-09-02,709.1500244140625,,1018.7161052246096,906.0750122070312,1205.4009936523437,21.877157776899363,13.0,6.0,5.0,2.0,11.0,54.54545454545454,0.508343385486964,0.508343385486964,15.461538461538462,8.833333333333334,7.0,4.8,50.0,50.0,83.33333333333334,0.0328779304046295,60.11,B,B,FAST,FAR,WATCH,49.44
SUKHJITS.NS,150.92999267578125,2026-10-01T23:11:23.693897+05:30,WAITING FOR 0.786,2026-05-29,197.8000030517578,2026-10-01,150.3000030517578,,187.63500305175785,174.0500030517578,210.1500030517578,19.561920632608057,8.0,4.0,3.0,1.0,7.0,57.14285714285714,0.1963918707498599,0.1963918707498599,15.625,2.75,0.0,16.666666666666668,75.0,75.0,100.0,0.012569079727991,65.16,A,B,FAST,FAR,WATCH,49.39
HINDPETRO.NS,345.0,2026-10-01T23:11:23.693897+05:30,WAITING FOR 0.786,2026-01-05,508.4500122070313,2026-03-23,316.20001220703125,,467.3085122070312,412.3250122070313,558.4350122070313,26.1729690369614,11.0,5.0,5.0,1.0,10.0,50.0,2.100950859753562,2.100950859753562,14.0,13.6,9.0,4.4,40.0,60.0,60.0,0.1500679185538258,61.78,B,B,MEDIUM,FAR,WATCH,49.27
DECCANCE.NS,548.9500122070312,2026-10-01T23:11:23.693897+05:30,WAITING FOR 0.786,2025-09-26,1133.0999755859375,2026-08-12,525.0,,1002.9665808105468,829.0499877929688,1291.205969238281,45.26736755641473,7.0,3.0,3.0,1.0,6.0,50.0,1.625674536643997,1.625674536643997,12.714285714285714,8.0,2.0,1.0,66.66666666666666,66.66666666666666,66.66666666666666,0.1278620422079548,63.71,B,B,FAST,FAR,WATCH,49.24
KFINTECH.NS,832.0,2026-10-01T23:11:23.693897+05:30,WAITING FOR 0.786,2025-10-28,1215.0,2026-05-18,784.9500122070312,,1122.9693026123048,999.9750061035156,1326.812996826172,25.910708506050707,8.0,4.0,4.0,0.0,8.0,50.0,3.374085653635376,3.374085653635376,10.75,17.5,9.5,3.25,0.0,50.0,75.0,0.313868432896314,61.77,B,B,MEDIUM,FAR,WATCH,49.18
PATELENG.NS,25.920000076293945,2026-10-01T23:11:23.693897+05:30,WAITING FOR 0.786,2026-07-20,30.549999237060547,2026-09-16,25.3799991607666,,29.443619220733645,27.96499919891357,31.89419925689697,11.967343817428642,9.0,4.0,5.0,0.0,9.0,44.44444444444444,4.385347593430547,4.385347593430547,11.77777777777778,17.75,10.0,6.6,50.0,50.0,75.0,0.3723408334044804,61.13,B,B,MEDIUM,FAR,WATCH,49.08
RKDL.NS,17.239999771118164,2026-10-01T23:11:23.693897+05:30,WAITING FOR 0.786,2025-11-20,27.5,2026-03-05,16.299999237060547,,25.10319983673096,21.89999961853028,30.412000198364257,31.323497071107937,12.0,5.0,7.0,0.0,12.0,41.66666666666667,0.9022989178186568,0.9022989178186568,4.416666666666667,4.6,5.0,3.857142857142857,60.0,100.0,100.0,0.2042940946004506,63.58,B,B,FAST,FAR,WATCH,49.02
VEEDOL.NS,1356.5999755859375,2026-10-01T23:11:23.693897+05:30,WAITING FOR 0.786,2025-10-08,1963.800048828125,2026-03-30,1238.199951171875,,1808.521627929688,1601.0,2152.45607421875,24.98845716659132,6.0,4.0,2.0,0.0,6.0,66.66666666666666,1.0816161149033834,1.0816161149033834,8.5,9.5,8.5,5.5,50.0,50.0,75.0,0.1272489546945157,64.86,B,B,MEDIUM,FAR,WATCH,48.99
BLS.NS,216.509994506836,2026-10-01T23:11:23.693897+05:30,WAITING FOR 0.786,2025-10-08,359.0,2026-10-01,212.0,,327.54200000000003,285.5,397.22,33.89855514503913,10.0,4.0,6.0,0.0,10.0,40.0,1.122371242699981,1.122371242699981,5.4,7.75,3.0,3.1666666666666665,75.0,75.0,75.0,0.2078465264259223,60.75,B,B,FAST,FAR,WATCH,48.95
GODREJCP.NS,840.0,2026-10-01T23:11:23.693897+05:30,WAITING FOR 0.786,2026-03-02,1203.5999755859375,2026-10-01,838.0,,1125.361580810547,1020.7999877929688,1298.6559692382812,25.35732387496416,7.0,3.0,3.0,1.0,6.0,50.0,0.9091960933320582,0.9091960933320582,10.857142857142858,0.3333333333333333,0.0,4.0,100.0,100.0,100.0,0.083741745438479,65.92,A,B,FAST,FAR,WATCH,48.94
JAIBALAJI.NS,61.720001220703125,2026-10-01T23:11:23.693897+05:30,WAITING FOR 0.786,2025-10-03,102.0,2026-03-30,53.650001525878906,,91.6531003265381,77.82500076293945,114.57099960327147,32.659123367557115,8.0,4.0,4.0,0.0,8.0,50.0,0.2603773617233971,0.2603773617233971,5.75,4.25,2.0,6.5,75.0,75.0,100.0,0.045283019430156,62.41,B,B,FAST,FAR,WATCH,48.73
SENORES.NS,1349.5999755859375,2026-10-01T23:11:23.693897+05:30,WAITING FOR 0.786,2026-08-24,1599.0,2026-10-01,1319.4000244140625,,1539.1656052246094,1459.2000122070312,1671.6959936523438,12.3161295311695,8.0,4.0,4.0,0.0,8.0,50.0,2.6918682658263164,2.6918682658263164,8.125,14.5,7.5,1.0,25.0,75.0,75.0,0.3313068634863159,63.21,B,B,MEDIUM,FAR,WATCH,48.66
HNDFDS.NS,574.5999755859375,2026-10-01T23:11:23.693897+05:30,WAITING FOR 0.786,2026-08-19,677.75,2026-10-01,567.2999877929688,,654.1136973876953,622.5249938964844,706.4670031738281,12.155948135516534,6.0,3.0,3.0,0.0,6.0,50.0,1.33851870941839,1.33851870941839,5.166666666666667,6.0,3.0,3.6666666666666665,66.66666666666666,66.66666666666666,100.0,0.2590681373067852,63.26,B,B,FAST,FAR,WATCH,48.65
ADANIENT.NS,2816.800048828125,2026-10-01T23:11:23.693897+05:30,WAITING FOR 0.786,2026-07-06,3245.0,2026-10-01,2772.0,,3143.778,3008.5,3367.98,10.400796467558308,8.0,4.0,2.0,2.0,6.0,66.66666666666666,2.926999180909689,2.926999180909689,24.125,12.25,13.0,11.0,0.0,25.0,100.0,0.1213263909185363,61.24,B,B,MEDIUM,FAR,WATCH,48.49
KPITTECH.NS,492.0,2026-10-01T23:11:23.693897+05:30,WAITING FOR 0.786,2025-12-04,1284.9000244140625,2026-10-01,484.5,,1113.6144191894532,884.7000122070312,1493.0040307617187,55.81953757763812,12.0,5.0,6.0,1.0,11.0,45.45454545454545,1.5095729715923971,1.5095729715923971,11.916666666666666,11.2,7.0,3.8333333333333335,40.0,60.0,80.0,0.1266774521615997,59.04,B,B,FAST,FAR,WATCH,48.29
DODLA.NS,1006.2999877929688,2026-10-01T23:11:23.693897+05:30,WAITING FOR 0.786,2025-10-06,1400.0,2026-03-16,964.0999755859376,,1306.7173947753906,1182.0499877929688,1513.3340063476562,22.99023554622996,11.0,5.0,6.0,0.0,11.0,45.45454545454545,2.450990116940003,2.450990116940003,8.818181818181818,12.6,10.0,4.833333333333333,40.0,60.0,80.0,0.2779473328488663,60.51,B,B,MEDIUM,FAR,WATCH,48.22
TARMAT.NS,57.22999954223633,2026-10-01T23:11:23.693897+05:30,WAITING FOR 0.786,2026-08-14,69.6500015258789,2026-09-21,52.97999954223633,,66.0826211013794,61.31500053405762,73.98420204162598,13.39629302167357,7.0,3.0,4.0,0.0,7.0,42.85714285714285,2.470078172745281,2.470078172745281,8.428571428571429,6.666666666666667,1.0,9.0,66.66666666666666,66.66666666666666,100.0,0.2930601221901181,62.17,B,B,FAST,FAR,WATCH,48.18
THERMAX.NS,3360.60009765625,2026-10-01T23:11:23.693897+05:30,WAITING FOR 0.786,2026-06-29,5277.7998046875,2026-09-29,3269.10009765625,,4847.938067382813,4273.449951171875,5800.061728515625,30.67980549779405,12.0,6.0,6.0,0.0,12.0,50.0,0.4356322037008908,0.4356322037008908,11.333333333333334,14.166666666666666,6.0,7.666666666666667,50.0,66.66666666666666,66.66666666666666,0.0384381356206668,59.85,B,B,FAST,FAR,WATCH,48.1
DCAL.NS,150.35000610351562,2026-10-01T23:11:23.693897+05:30,WAITING FOR 0.786,2025-10-08,306.0,2026-03-30,128.5,,268.015,217.25,352.15,43.90239124544685,7.0,3.0,4.0,0.0,7.0,42.85714285714285,2.365236390648774,2.365236390648774,16.0,11.333333333333334,1.0,19.25,66.66666666666666,66.66666666666666,66.66666666666666,0.1478272744155483,62.01,B,B,FAST,FAR,WATCH,47.97
JAYNECOIND.NS,91.27999877929688,2026-10-01T23:11:23.693897+05:30,WAITING FOR 0.786,2026-05-08,117.0,2026-07-24,82.5199966430664,,109.6212792816162,99.7599983215332,125.96480087280273,16.73149649640626,12.0,5.0,7.0,0.0,12.0,41.66666666666667,1.6973853580321592,1.6973853580321592,7.416666666666667,11.2,7.0,4.0,40.0,80.0,80.0,0.2288609471504034,59.82,B,B,FAST,FAR,WATCH,47.9
ORIENTCEM.NS,115.91000366210938,2026-10-01T23:11:23.693897+05:30,WAITING FOR 0.786,2025-09-26,232.47999572753903,2026-10-01,114.3000030517578,,207.18947729492183,173.38999938964844,263.2067938232421,44.05603741298194,9.0,3.0,4.0,2.0,7.0,42.85714285714285,2.217251701764247,2.217251701764247,17.11111111111111,4.333333333333333,4.0,4.75,66.66666666666666,100.0,100.0,0.1295796449083001,65.11,A,B,FAST,FAR,WATCH,47.83
SHAKTIPUMP.NS,454.1000061035156,2026-10-01T23:11:23.693897+05:30,WAITING FOR 0.786,2025-12-17,770.9500122070312,2026-10-01,447.3999938964844,,701.7103082885742,609.1750030517578,855.0730169677734,35.286684442325495,8.0,3.0,4.0,1.0,7.0,42.85714285714285,2.2165850508270166,2.2165850508270166,12.0,7.666666666666667,2.0,3.0,66.66666666666666,66.66666666666666,100.0,0.1847154209022513,61.77,B,B,FAST,FAR,WATCH,47.66
UTLSOLAR.NS,401.6499938964844,2026-10-01T23:11:23.693897+05:30,WAITING FOR 0.786,2026-08-20,494.25,2026-10-01,384.1000061035156,,470.6779013061524,439.1750030517578,522.8889984130859,14.665635930242834,6.0,3.0,3.0,0.0,6.0,50.0,1.7190897749404537,1.7190897749404537,5.666666666666667,6.0,7.0,5.333333333333333,33.33333333333333,100.0,100.0,0.3033687838130212,64.19,B,B,FAST,FAR,WATCH,47.55
CELEBRITY.NS,6.260000228881836,2026-10-01T23:11:23.693897+05:30,WAITING FOR 0.786,2025-10-28,11.68000030517578,2026-03-30,5.650000095367432,,10.389580260276794,8.665000200271606,13.247800359725952,39.74732306736076,9.0,4.0,5.0,0.0,9.0,44.44444444444444,0.0901358573428131,0.0901358573428131,3.6666666666666665,2.0,1.0,4.4,100.0,100.0,100.0,0.0245825065480399,62.42,B,B,FAST,FAR,WATCH,47.09
PERSISTENT.NS,5367.0,2026-10-01T23:11:23.693897+05:30,WAITING FOR 0.786,2026-02-03,6552.5,2026-06-30,4244.5,,6058.588,5398.5,7152.58,11.415002967688178,8.0,3.0,3.0,2.0,6.0,50.0,3.0094448784707506,3.0094448784707506,27.125,24.0,9.0,8.0,0.0,66.66666666666666,66.66666666666666,0.1109472766256498,62.87,B,B,MEDIUM,FAR,WATCH,47.02
UTTAMSUGAR.NS,276.1000061035156,2026-10-01T23:11:23.693897+05:30,WAITING FOR 0.786,2026-08-24,359.29998779296875,2026-09-16,244.1000061035156,,334.64719171142576,301.6999969482422,389.2519830322266,17.495197048716538,12.0,5.0,7.0,0.0,12.0,41.66666666666667,0.2064178225078089,0.2064178225078089,7.083333333333333,5.0,5.0,8.142857142857142,60.0,80.0,100.0,0.0291413396481612,60.49,B,B,FAST,FAR,WATCH,46.9
KENNAMET.NS,4277.5,2026-10-01T23:11:23.693897+05:30,WAITING FOR 0.786,2026-09-10,5136.0,2026-09-30,3958.10009765625,,4883.9294208984375,4547.050048828125,5442.253974609375,12.4168342462836,10.0,4.0,6.0,0.0,10.0,40.0,1.604493350514342,1.604493350514342,8.6,14.25,6.5,4.166666666666667,50.0,75.0,75.0,0.1865689942458537,58.51,B,B,FAST,FAR,WATCH,46.89
NBCC.NS,77.4000015258789,2026-10-01T23:11:23.693897+05:30,WAITING FOR 0.786,2025-12-29,125.8499984741211,2026-10-01,76.06999969482422,,115.19707873535155,100.95999908447266,138.7927981567383,32.8107948781461,13.0,6.0,6.0,1.0,12.0,50.0,0.9455978160428756,0.9455978160428756,15.153846153846152,15.333333333333334,9.0,7.0,16.666666666666664,50.0,66.66666666666666,0.0623998558810019,58.98,B,B,MEDIUM,FAR,WATCH,46.56
KRISHIVAL.NS,394.5,2026-10-01T23:11:23.693897+05:30,WAITING FOR 0.786,2025-10-23,508.0,2026-03-09,282.29998779296875,,459.7001973876953,395.1499938964844,566.6820031738282,14.183199780683957,11.0,4.0,6.0,1.0,10.0,40.0,2.3836946975746205,2.3836946975746205,15.727272727272728,8.0,8.0,13.333333333333334,25.0,75.0,100.0,0.1515644027359585,59.72,B,B,MEDIUM,FAR,WATCH,46.48
BCLIND.NS,31.239999771118164,2026-10-01T23:11:23.693897+05:30,WAITING FOR 0.786,2026-08-24,39.09999847412109,2026-10-01,30.40999984741211,,37.24033876800537,34.7549991607666,41.35939811706543,16.112471570861043,8.0,4.0,3.0,1.0,7.0,57.14285714285714,3.313952937988384,3.313952937988384,22.625,15.25,10.5,19.33333333333333,50.0,50.0,75.0,0.1464730580326357,60.54,B,B,MEDIUM,FAR,WATCH,46.45
GENESYS.NS,281.3500061035156,2026-10-01T23:11:23.693897+05:30,WAITING FOR 0.786,2025-10-17,612.0,2026-08-18,168.5,,517.091,390.25,727.3100000000001,45.58984664140052,11.0,4.0,6.0,1.0,10.0,40.0,1.3864865218441509,1.3864865218441509,9.454545454545457,8.75,6.0,0.8333333333333334,50.0,75.0,75.0,0.146647612887362,58.17,B,B,FAST,FAR,WATCH,46.44
ECLERX.NS,1802.9000244140625,2026-10-01T23:11:23.693897+05:30,WAITING FOR 0.786,2026-02-03,2497.5,2026-06-30,1320.0,,2245.515,1908.75,2803.65,19.71106742043306,13.0,5.0,7.0,1.0,12.0,41.66666666666667,1.3030939334455027,1.3030939334455027,10.076923076923077,8.0,6.0,3.7142857142857135,40.0,60.0,100.0,0.1293146651510804,57.2,B,B,FAST,FAR,WATCH,46.39
DEVIT.NS,20.75,2026-10-01T23:11:23.693897+05:30,WAITING FOR 0.786,2025-12-24,42.18999862670898,2026-10-01,20.489999771118164,,37.54619887161255,31.33999919891357,47.8319983291626,44.73475178951232,16.0,7.0,9.0,0.0,16.0,43.75,0.7462873006426649,0.7462873006426649,7.75,13.285714285714286,8.0,2.555555555555556,42.85714285714285,57.14285714285714,71.42857142857143,0.0962951355667954,57.88,B,B,MEDIUM,FAR,WATCH,46.31
HEROMOTOCO.NS,5168.0,2026-10-01T23:11:23.693897+05:30,WAITING FOR 0.786,2025-12-05,6388.5,2026-06-30,4671.5,,6021.062,5530.0,6834.92,14.16796571767572,9.0,4.0,4.0,1.0,8.0,50.0,1.9358538207191185,1.9358538207191185,16.77777777777778,11.0,10.0,11.25,25.0,50.0,75.0,0.1153820158044507,59.52,B,B,MEDIUM,FAR,WATCH,46.24
INOXGREEN.NS,159.0,2026-10-01T23:11:23.693897+05:30,WAITING FOR 0.786,2025-11-03,279.0,2026-03-23,132.5800018310547,,247.6661203918457,205.7900009155273,317.0691995239258,35.80066593346007,9.0,4.0,5.0,0.0,9.0,44.44444444444444,4.603018570796082,4.603018570796082,9.77777777777778,18.25,15.0,2.4,0.0,50.0,50.0,0.4707632629223265,57.47,B,B,MEDIUM,FAR,WATCH,46.13
ASHOKLEY.NS,150.47999572753906,2026-10-01T23:11:23.693897+05:30,WAITING FOR 0.786,2026-02-11,215.4199981689453,2026-06-11,138.02999877929688,,198.85853829956056,176.7249984741211,235.54139801025389,24.328119368525204,9.0,3.0,4.0,2.0,7.0,42.85714285714285,1.3874599741505496,1.3874599741505496,19.33333333333333,13.333333333333334,3.0,2.25,66.66666666666666,66.66666666666666,66.66666666666666,0.0717651710767525,60.48,B,B,FAST,FAR,WATCH,45.96
SKFINDIA.NS,1450.199951171875,2026-10-01T23:11:23.693897+05:30,WAITING FOR 0.786,2025-10-14,5074.0,2026-03-30,1404.0,,4288.62,3239.0,6028.2,66.18492775830279,8.0,4.0,4.0,0.0,8.0,50.0,3.421463156706106,3.421463156706106,11.75,17.25,15.0,5.75,50.0,50.0,50.0,0.2911883537622218,57.85,B,B,MEDIUM,FAR,WATCH,45.88
NEWGEN.NS,456.3500061035156,2026-10-01T23:11:23.693897+05:30,WAITING FOR 0.786,2025-10-29,1041.949951171875,2026-03-30,401.0499877929688,,904.797359008789,721.4999694824219,1208.583941650391,49.56329154149501,11.0,4.0,6.0,1.0,10.0,40.0,2.437191357662074,2.437191357662074,10.909090909090908,12.5,8.5,0.3333333333333333,50.0,50.0,75.0,0.2234092077856901,57.31,B,B,MEDIUM,FAR,WATCH,45.71
RAIN.NS,208.5200042724609,2026-10-01T23:11:23.693897+05:30,WAITING FOR 0.786,2026-08-07,252.0,2026-09-16,191.0399932861328,,238.9545585632324,221.5199966430664,267.84960174560547,12.736544753013302,6.0,3.0,3.0,0.0,6.0,50.0,1.358268000039412,1.358268000039412,18.33333333333333,21.33333333333333,6.0,15.333333333333334,33.33333333333333,66.66666666666666,66.66666666666666,0.0740873454566952,60.29,B,B,FAST,FAR,WATCH,45.64
SPANDANA.NS,216.33999633789065,2026-10-01T23:11:23.693897+05:30,WAITING FOR 0.786,2026-07-06,319.3999938964844,2026-10-01,214.0,,296.84439520263675,266.6999969482422,346.8039923095703,27.12006700001558,8.0,3.0,4.0,1.0,7.0,42.85714285714285,1.230081638867648,1.230081638867648,11.25,4.333333333333333,0.0,3.0,66.66666666666666,66.66666666666666,100.0,0.1093405901215687,60.23,B,B,FAST,FAR,WATCH,45.64
SUBROS.NS,684.9000244140625,2026-10-01T23:11:23.693897+05:30,WAITING FOR 0.786,2025-09-29,1213.699951171875,2026-03-30,622.0999755859375,,1087.0975563964844,917.8999633789062,1367.5159448242189,36.99737246357429,12.0,5.0,7.0,0.0,12.0,41.66666666666667,1.9022994862963472,1.9022994862963472,11.333333333333334,14.4,8.0,8.571428571428571,40.0,60.0,60.0,0.1678499546732071,58.14,B,B,MEDIUM,FAR,WATCH,45.62
TAJGVK.NS,314.8999938964844,2026-10-01T23:11:23.693897+05:30,WAITING FOR 0.786,2026-01-16,418.9500122070313,2026-03-23,281.3500061035156,,389.5036109008789,350.15000915527344,454.7260137939453,19.1535110115782,11.0,4.0,6.0,1.0,10.0,40.0,0.9886701634282034,0.9886701634282034,15.545454545454543,15.0,5.5,8.333333333333334,50.0,75.0,75.0,0.0635986654836856,57.54,B,B,FAST,FAR,WATCH,45.62
WSI.NS,53.20000076293945,2026-10-01T23:11:23.693897+05:30,WAITING FOR 0.786,2025-12-23,95.0,2026-10-01,52.79999923706055,,85.96919983673095,73.89999961853027,105.97200019836426,38.1173712632261,6.0,3.0,3.0,0.0,6.0,50.0,0.5854295038854076,0.5854295038854076,11.666666666666666,6.0,7.0,17.0,33.33333333333333,100.0,100.0,0.0501796717616063,62.41,B,B,FAST,FAR,WATCH,45.22
MAYURUNIQ.NS,711.5499877929688,2026-10-01T23:11:23.693897+05:30,WAITING FOR 0.786,2026-07-03,907.0,2026-09-07,701.7000122070312,,863.0658026123047,804.3500061035156,960.377996826172,17.55553450973632,8.0,3.0,4.0,1.0,7.0,42.85714285714285,2.2425311420810026,2.2425311420810026,11.5,7.666666666666667,7.0,1.25,33.33333333333333,66.66666666666666,100.0,0.1950027080070437,58.81,B,B,FAST,FAR,WATCH,44.66
DBCORP.NS,172.52000427246094,2026-10-01T23:11:23.693897+05:30,WAITING FOR 0.786,2026-01-21,261.8999938964844,2026-10-01,169.80999755859375,,242.1927346801758,215.85499572753903,285.843392944336,28.767473351221785,8.0,3.0,4.0,1.0,7.0,42.85714285714285,3.003745323831775,3.003745323831775,12.25,10.333333333333334,9.0,1.0,0.0,66.66666666666666,100.0,0.2452036999046347,60.0,B,B,MEDIUM,FAR,WATCH,44.22
PARACABLES.NS,56.5099983215332,2026-10-01T23:11:23.693897+05:30,WAITING FOR 0.786,2026-07-02,75.69999694824219,2026-10-01,55.09999847412109,,71.29159727478027,65.39999771118164,81.05599655151367,20.73399884179075,7.0,3.0,4.0,0.0,7.0,42.85714285714285,0.99104440137111,0.99104440137111,10.857142857142858,6.0,4.0,14.5,66.66666666666666,66.66666666666666,100.0,0.0912804053894443,59.86,B,B,FAST,FAR,WATCH,44.15
GICRE.NS,323.8999938964844,2026-10-01T23:11:23.693897+05:30,WAITING FOR 0.786,2026-04-16,417.9500122070313,2026-10-01,316.79998779296875,,396.3039069824219,367.375,444.2490185546875,18.26979542978591,8.0,3.0,4.0,1.0,7.0,42.85714285714285,2.892018504240497,2.892018504240497,11.75,8.666666666666666,10.0,0.75,33.33333333333333,66.66666666666666,100.0,0.2461292344034465,59.83,B,B,MEDIUM,FAR,WATCH,43.99
CREATIVEYE.NS,6.170000076293945,2026-10-01T23:11:23.693897+05:30,WAITING FOR 0.786,2026-04-17,8.399999618530273,2026-09-10,5.159999847412109,,7.706639667510986,6.779999732971191,9.242399559020996,19.93916489562992,7.0,3.0,4.0,0.0,7.0,42.85714285714285,0.7073099645761073,0.7073099645761073,9.714285714285714,11.666666666666666,5.0,7.75,66.66666666666666,66.66666666666666,66.66666666666666,0.0728113198828345,59.41,B,B,FAST,FAR,WATCH,43.57
PARAGMILK.NS,264.0,2026-10-01T23:11:23.693897+05:30,WAITING FOR 0.786,2025-11-13,376.9500122070313,2026-03-30,177.83999633789062,,334.3404688110352,277.39500427246094,428.71861633300784,21.03857455879524,9.0,4.0,5.0,0.0,9.0,44.44444444444444,3.30674671227356,3.30674671227356,11.22222222222222,17.5,13.5,5.6,50.0,50.0,50.0,0.2946605981233865,55.44,B,B,MEDIUM,FAR,WATCH,43.48
BHARTIHEXA.NS,1379.199951171875,2026-10-01T23:11:23.693897+05:30,WAITING FOR 0.786,2025-10-29,1955.5999755859373,2026-10-01,1365.5999755859375,,1829.3399755859373,1660.5999755859375,2108.9999755859376,24.606690414114123,6.0,3.0,3.0,0.0,6.0,50.0,3.3261233900443323,3.3261233900443323,5.0,9.0,11.0,0.0,33.33333333333333,33.33333333333333,100.0,0.6652246780088664,56.03,B,B,MEDIUM,FAR,WATCH,43.1
MARUTI.NS,11386.0,2026-10-01T23:11:23.693897+05:30,WAITING FOR 0.786,2026-01-05,17370.0,2026-10-01,11305.0,,16072.09,14337.5,18946.9,29.15669337341939,11.0,4.0,5.0,2.0,9.0,44.44444444444444,0.8271390945647048,0.8271390945647048,18.90909090909091,11.5,10.0,7.8,50.0,50.0,75.0,0.0437429328856334,56.57,B,B,MEDIUM,FAR,WATCH,42.15
BLUEDART.NS,4496.7998046875,2026-10-01T23:11:23.693897+05:30,WAITING FOR 0.786,2025-10-30,7036.0,2026-10-01,4460.0,,6484.736,5748.0,7705.76,30.655622608422306,6.0,3.0,3.0,0.0,6.0,50.0,0.4173595501316877,0.4173595501316877,14.333333333333334,21.0,8.0,7.0,33.33333333333333,66.66666666666666,66.66666666666666,0.0291181081487224,58.82,B,B,MEDIUM,FAR,WATCH,41.71
LATTEYS.NS,20.90999984741211,2026-10-01T23:11:23.693897+05:30,WAITING FOR 0.786,2025-10-24,37.0,2026-03-30,15.789999961853027,,32.46105999183655,26.39499998092652,42.51460000991821,35.58435906692311,7.0,3.0,4.0,0.0,7.0,42.85714285714285,0.4476109264595792,0.4476109264595792,13.857142857142858,9.666666666666666,6.0,16.75,33.33333333333333,66.66666666666666,100.0,0.0323018194352273,56.01,B,B,FAST,FAR,WATCH,40.99
IVC.NS,7.809999942779541,2026-10-01T23:11:23.693897+05:30,WAITING FOR 0.786,2026-09-03,10.989999771118164,2026-09-25,7.619999885559082,,10.26881979560852,9.304999828338625,11.866199741363523,23.94452236741459,7.0,3.0,4.0,0.0,7.0,42.85714285714285,0.0223157117767698,0.0223157117767698,11.0,15.333333333333334,10.0,7.0,33.33333333333333,66.66666666666666,66.66666666666666,0.0020287010706154,55.34,B,B,MEDIUM,FAR,WATCH,38.12
AXISCADES.NS,2307.300048828125,2026-10-01T23:11:23.693897+05:30,OPEN,2026-05-11,2211.0,2026-08-14,1416.0999755859375,2026-09-29,2040.8913947753904,1813.5499877929688,2417.6740063476564,13.053543894336125,18.0,8.0,10.0,0.0,18.0,44.44444444444444,2.636377246929837,2.636377246929837,8.11111111111111,11.625,6.5,4.8,37.5,62.5,87.5,0.3250328112653224,61.65,B,B,FAST,EXTENDED,WATCH,48.64
63MOONS.NS,802.25,2026-10-01T23:11:23.693897+05:30,OPEN,2025-11-28,937.6500244140624,2026-03-30,467.0,2026-07-30,836.9309191894531,702.3250122070312,1060.0190307617188,-4.143821000548136,7.0,4.0,2.0,1.0,6.0,66.66666666666666,3.222636867450223,3.222636867450223,21.0,9.25,1.0,23.5,75.0,75.0,75.0,0.1534588984500106,73.7,A,B,FAST,BELOW ENTRY,WATCH,54.3
GEEKAYWIRE.NS,29.209999084472656,2026-10-01T23:11:23.693897+05:30,OPEN,2025-10-28,36.79999923706055,2026-03-30,18.51000022888184,2026-09-17,32.8859394493103,27.65499973297119,41.55539897918701,-11.177848121090356,14.0,7.0,7.0,0.0,14.0,50.0,1.0888943342230692,1.0888943342230692,4.0,1.8571428571428568,1.0,5.571428571428571,100.0,100.0,100.0,0.2722235835557673,67.2,A,A,FAST,BELOW ENTRY,WATCH,48.65
MCX.NS,3204.0,2026-10-01T23:11:23.693897+05:30,OPEN,2026-05-21,3480.0,2026-08-05,2565.5,2026-08-24,3284.297,3022.75,3717.77,-2.444876331220959,8.0,5.0,3.0,0.0,8.0,62.5,7.338609755258536,7.338609755258536,20.875,27.6,28.0,9.333333333333334,20.0,20.0,40.0,0.3515501679165766,57.97,B,B,SLOW,BELOW ENTRY,WATCH,45.92
GIPCL.NS,174.8300018310547,2026-10-01T23:11:23.693897+05:30,OPEN,2025-10-23,198.0,2026-03-30,119.9000015258789,2026-08-12,181.2866003265381,158.95000076293945,218.3059996032715,-3.5615420466011347,9.0,4.0,5.0,0.0,9.0,44.44444444444444,2.683156011402,2.683156011402,13.444444444444445,20.0,10.0,7.6,25.0,50.0,75.0,0.1995735876249421,58.47,B,B,MEDIUM,BELOW ENTRY,WATCH,40.6
BEML.NS,1962.300048828125,2026-10-01T23:11:23.693897+05:30,OPEN,2025-10-24,2275.75,2026-03-30,1355.0,2026-09-03,2078.7095,1815.375,2515.145,-5.600082703806133,9.0,4.0,4.0,1.0,8.0,50.0,2.654883532921841,2.654883532921841,17.333333333333332,13.0,14.0,9.75,25.0,50.0,75.0,0.1531663576685677,56.65,B,B,MEDIUM,BELOW ENTRY,WATCH,39.31
5PAISA.NS,316.3500061035156,2026-10-01T23:11:23.693897+05:30,NEAR 0.786,2026-09-15,327.8999938964844,2026-10-01,299.0,,321.7153952026367,313.4499969482422,335.4139923095703,1.6677439684668,4.0,0.0,3.0,1.0,3.0,0.0,-4.472810105148659,-4.472810105148659,15.75,,,0.0,,,,-0.2839879431840418,,INSUFFICIENT,C,UNKNOWN,NEAR ENTRY,LOW PRIORITY,5.0
ELPROINTL.NS,174.30999755859375,2026-10-01T23:11:23.693897+05:30,NEAR 0.786,2026-08-07,180.88999938964844,2026-09-22,165.0500030517578,,177.50024017333985,172.97000122070312,185.0083984375,1.7973173510247815,0.0,0.0,0.0,0.0,0.0,,,,,,,,,,,,,INSUFFICIENT,C,UNKNOWN,NEAR ENTRY,LOW PRIORITY,5.0
TEXMOPIPES.NS,53.70000076293945,2026-10-01T23:11:23.693897+05:30,OPEN,2025-10-16,59.93999862670898,2026-03-30,33.0,2026-09-07,54.17483892059326,46.46999931335449,66.94439826965332,-0.8764920526109922,6.0,3.0,3.0,0.0,6.0,50.0,-1.159480571142731,-1.159480571142731,5.5,0.6666666666666666,1.0,9.666666666666666,100.0,100.0,100.0,-0.2108146492986783,62.69,B,C,FAST,ENTRY ZONE,LOW PRIORITY,51.44
PRABHA.NS,218.3099975585937,2026-10-01T23:11:23.693897+05:30,OPEN,2025-09-29,237.6100006103516,2026-07-23,137.91000366210938,2026-08-21,216.27420126342776,187.76000213623047,263.53199981689454,0.9413033469888256,2.0,2.0,0.0,0.0,2.0,100.0,11.804178849608224,11.804178849608224,14.0,13.5,13.5,,50.0,50.0,50.0,0.8431556321148731,,INSUFFICIENT,C,MEDIUM,ENTRY ZONE,LOW PRIORITY,49.0
CASTROLIND.NS,199.0399932861328,2026-10-01T23:11:23.693897+05:30,OPEN,2025-12-24,202.3999938964844,2026-03-24,170.10000610351562,2026-09-18,195.48779650878907,186.25,210.79799072265627,1.817093875312075,6.0,2.0,3.0,1.0,5.0,40.0,1.5140071845357663,1.5140071845357663,12.166666666666666,4.5,4.5,0.0,50.0,100.0,100.0,0.1244389466741725,62.87,B,C,FAST,ENTRY ZONE,LOW PRIORITY,48.28
AGI.NS,790.7999877929688,2026-10-01T23:11:23.693897+05:30,OPEN,2025-10-14,896.1500244140625,2026-03-23,465.0,2026-08-31,803.8839191894531,680.5750122070312,1008.2490307617188,-1.6275896412602342,14.0,4.0,9.0,1.0,13.0,30.76923076923077,-0.4631695741535935,-0.4631695741535935,9.285714285714286,3.75,1.5,5.222222222222222,75.0,75.0,100.0,-0.0498798002934639,54.58,C,C,FAST,ENTRY ZONE,LOW PRIORITY,47.8
LODHA.NS,1105.5999755859375,2026-10-01T23:11:23.693897+05:30,OPEN,2025-11-04,1244.0,2026-04-02,650.7999877929688,2026-07-08,1117.0551973876954,947.3999938964844,1398.2320031738282,-1.0254839535724565,11.0,3.0,7.0,1.0,10.0,30.0,-1.8237376338923816,-1.8237376338923816,9.909090909090908,1.6666666666666667,1.0,5.571428571428571,100.0,100.0,100.0,-0.1840469171818,54.65,C,C,FAST,ENTRY ZONE,LOW PRIORITY,47.63
PRECWIRE.NS,501.3999938964844,2026-10-01T23:11:23.693897+05:30,OPEN,2026-08-31,524.9000244140625,2026-09-16,420.2999877929688,2026-09-23,502.5156165771484,472.6000061035156,552.0960339355469,-0.2220075643147243,19.0,6.0,12.0,1.0,18.0,33.33333333333333,-1.8686805799328627,-1.8686805799328627,9.157894736842104,9.0,6.5,4.25,50.0,83.33333333333334,83.33333333333334,-0.2040513276938183,52.25,C,C,FAST,ENTRY ZONE,LOW PRIORITY,47.62
STEL.NS,574.1500244140625,2026-10-01T23:11:23.693897+05:30,OPEN,2025-12-04,633.2999877929688,2026-01-21,385.1000061035156,2026-06-15,580.1851917114258,509.1999969482422,697.8319830322266,-1.040213949542694,11.0,3.0,7.0,1.0,10.0,30.0,0.9482816814683998,0.9482816814683998,11.363636363636363,4.333333333333333,6.0,6.571428571428571,33.33333333333333,100.0,100.0,0.0834487879692191,55.98,B,B,FAST,ENTRY ZONE,LOW PRIORITY,47.52
WINDMACHIN.NS,293.1499938964844,2026-10-01T23:11:23.693897+05:30,OPEN,2025-11-10,319.45001220703125,2026-03-30,200.6499938964844,2026-04-17,294.0268082885742,260.0500030517578,350.33801696777346,-0.298208995701265,19.0,5.0,14.0,0.0,19.0,26.31578947368421,-2.392376885448853,-2.392376885448853,7.473684210526316,9.0,4.0,6.357142857142857,60.0,60.0,80.0,-0.3201067663628746,49.29,C,C,FAST,ENTRY ZONE,LOW PRIORITY,45.83
CARBORUNIV.NS,1239.699951171875,2026-10-01T23:11:23.693897+05:30,OPEN,2026-06-19,1306.9000244140625,2026-09-16,1018.0999755859376,2026-09-23,1245.0968139648437,1162.5,1381.988037109375,-0.4334492492823203,11.0,2.0,9.0,0.0,11.0,18.181818181818183,-3.0466749055273605,-3.0466749055273605,2.5454545454545454,2.5,2.5,1.7777777777777777,100.0,100.0,100.0,-1.1969079986000346,48.01,C,C,FAST,ENTRY ZONE,LOW PRIORITY,42.35
IDFCFIRSTB.NS,80.38999938964844,2026-10-01T23:11:23.693897+05:30,OPEN,2026-02-19,86.19000244140625,2026-04-02,58.08000183105469,2026-06-22,80.17446231079101,72.13500213623047,93.49860260009766,0.268835078708614,7.0,3.0,4.0,0.0,7.0,42.85714285714285,3.132652117579155,3.132652117579155,12.0,23.33333333333333,18.0,3.25,0.0,33.33333333333333,66.66666666666666,0.2610543431315962,48.87,C,C,SLOW,ENTRY ZONE,LOW PRIORITY,41.52
NPST.NS,1766.5,2026-10-01T23:11:23.693897+05:30,OPEN,2025-10-21,2058.0,2026-03-16,846.5999755859375,2026-09-16,1798.7603947753903,1452.2999877929688,2372.9640063476563,-1.793479268783814,17.0,4.0,13.0,0.0,17.0,23.52941176470588,-2.563662192565141,-2.563662192565141,4.470588235294118,9.75,8.5,2.3846153846153846,50.0,50.0,75.0,-0.5734507536000975,43.91,D,C,MEDIUM,ENTRY ZONE,LOW PRIORITY,40.25
VRLLOG.NS,285.04998779296875,2026-10-01T23:11:23.693897+05:30,OPEN,2026-02-10,307.6000061035156,2026-04-02,225.0,2026-08-05,289.9236047973633,266.3000030517578,329.0760076904297,-1.6810004165755514,10.0,1.0,9.0,0.0,10.0,10.0,-3.2913478159988303,-3.2913478159988303,9.2,1.0,1.0,9.77777777777778,100.0,100.0,100.0,-0.3577551973911772,44.36,D,C,FAST,ENTRY ZONE,LOW PRIORITY,39.03
KARURVYSYA.NS,325.29998779296875,2026-10-01T23:11:23.693897+05:30,OPEN,2026-02-25,343.45001220703125,2026-03-23,255.5500030517578,2026-07-21,324.63941024780274,299.50000762939453,366.3040145874023,0.2034803921870658,17.0,6.0,11.0,0.0,17.0,35.294117647058826,0.5815266157967555,0.5815266157967555,12.411764705882351,26.5,26.0,4.2727272727272725,16.666666666666664,16.666666666666664,33.33333333333333,0.0468528553011603,38.19,D,C,SLOW,ENTRY ZONE,LOW PRIORITY,36.06
CYIENT.NS,1104.5999755859375,2026-10-01T23:11:23.693897+05:30,OPEN,2026-01-19,1208.0,2026-03-30,750.2999877929688,2026-08-28,1110.0521973876953,979.1499938964844,1327.002003173828,-0.4911680562939826,4.0,2.0,2.0,0.0,4.0,50.0,7.004180652081137,7.004180652081137,14.0,26.0,26.0,1.5,0.0,50.0,50.0,0.5002986180057956,,INSUFFICIENT,C,SLOW,ENTRY ZONE,LOW PRIORITY,28.01
SUNDROP.NS,753.1500244140625,2026-10-01T23:11:23.693897+05:30,OPEN,2025-10-29,809.9500122070312,2026-03-30,556.0,2026-09-22,755.6047095947265,682.9750061035156,875.9770153808594,-0.3248636687270765,4.0,2.0,2.0,0.0,4.0,50.0,-2.7882520814751466,-2.7882520814751466,6.0,6.0,6.0,5.5,50.0,100.0,100.0,-0.4647086802458577,,INSUFFICIENT,C,FAST,ENTRY ZONE,LOW PRIORITY,25.5
MOTILALOFS.NS,989.9000244140624,2026-10-01T23:11:23.693897+05:30,OPEN,2025-10-28,1097.0999755859375,2026-03-23,614.9000244140625,2026-08-21,993.9091860351564,856.0,1222.471962890625,-0.4033730322069844,8.0,1.0,5.0,2.0,6.0,16.666666666666664,-2.7935288844681407,-2.7935288844681407,22.875,56.0,56.0,0.0,0.0,0.0,0.0,-0.1221214812882247,18.8,D,C,SLOW,ENTRY ZONE,LOW PRIORITY,17.75
VMART.NS,746.0999755859375,2026-10-01T23:11:23.693897+05:30,OPEN,2025-11-19,843.4500122070312,2026-03-30,457.8999938964844,2026-06-17,760.9423082885742,650.6750030517578,943.6930169677736,-1.950520103950899,10.0,0.0,8.0,2.0,8.0,0.0,-4.356718453317112,-4.356718453317112,18.5,,,7.25,,,,-0.2354982947738979,8.69,D,C,UNKNOWN,ENTRY ZONE,LOW PRIORITY,12.04
SANGAMIND.NS,634.5499877929688,2026-10-01T23:11:23.693897+05:30,OPEN,2026-07-20,672.5,2026-08-24,550.5,2026-09-29,646.392,611.5,704.22,-1.832017136200835,9.0,0.0,8.0,1.0,8.0,0.0,-6.99269420746487,-6.99269420746487,8.666666666666666,,,1.5,,,,-0.806849331630562,3.57,D,C,UNKNOWN,ENTRY ZONE,LOW PRIORITY,10.25
DMCC.NS,308.70001220703125,2026-10-01T23:11:23.693897+05:30,OPEN,2026-08-10,326.0,2026-09-16,256.8999938964844,2026-09-28,311.21259869384767,291.4499969482422,343.96600158691405,-0.8073537181212093,7.0,0.0,7.0,0.0,7.0,0.0,-7.0380150129742765,-7.0380150129742765,4.0,,,3.142857142857143,,,,-1.7595037532435691,3.5,D,C,UNKNOWN,ENTRY ZONE,LOW PRIORITY,8.22
ENRIN.NS,3334.0,2026-10-01T23:11:23.693897+05:30,OPEN,2025-09-26,3608.10009765625,2026-01-23,2115.0,2026-04-23,3288.5766767578125,2861.550048828125,3996.3061230468734,1.3812456788135494,3.0,0.0,2.0,1.0,2.0,0.0,0.1366284505471645,0.1366284505471645,25.33333333333333,,,7.0,,,,0.0053932283110722,,INSUFFICIENT,C,UNKNOWN,ENTRY ZONE,LOW PRIORITY,5.2
TATVA.NS,1743.199951171875,2026-10-01T23:11:23.693897+05:30,OPEN,2026-08-03,1838.0999755859373,2026-09-16,1520.0,2026-09-18,1770.0265808105469,1679.0499877929688,1920.8059692382808,-1.515606032672525,3.0,0.0,3.0,0.0,3.0,0.0,-5.563054730551992,-5.563054730551992,22.0,,,22.0,,,,-0.2528661241159997,,INSUFFICIENT,C,UNKNOWN,ENTRY ZONE,LOW PRIORITY,5.0
MANBA.NS,139.00999450683594,2026-10-01T23:11:23.693897+05:30,OPEN,2025-11-03,151.0,2026-03-30,98.0,2026-07-01,139.65800000000002,124.5,164.78,-0.4639945389194159,2.0,0.0,2.0,0.0,2.0,0.0,-4.391718204742294,-4.391718204742294,2.0,,,1.5,,,,-2.195859102371147,,INSUFFICIENT,C,UNKNOWN,ENTRY ZONE,LOW PRIORITY,5.0
ANUHPHR.NS,85.8499984741211,2026-10-01T23:11:23.693897+05:30,OPEN,2025-10-28,93.0,2026-03-30,67.0,2026-09-07,87.436,80.0,99.76,-1.8138999106534075,1.0,0.0,1.0,0.0,1.0,0.0,-12.360737354197788,-12.360737354197788,46.0,,,46.0,,,,-0.2687116816129954,,INSUFFICIENT,C,UNKNOWN,ENTRY ZONE,LOW PRIORITY,5.0
CEIGALL.NS,380.1000061035156,2026-10-01T23:11:23.693897+05:30,OPEN,2026-06-30,405.7000122070313,2026-08-18,302.29998779296875,2026-09-10,383.57240698242185,354.0,432.58401855468753,-0.9052791117650336,1.0,0.0,1.0,0.0,1.0,0.0,-15.15637949130081,-15.15637949130081,11.0,,,11.0,,,,-1.3778526810273464,,INSUFFICIENT,C,UNKNOWN,ENTRY ZONE,LOW PRIORITY,5.0
EIMCOELECO.NS,2268.800048828125,2026-10-01T23:11:23.693897+05:30,OPEN,2025-10-09,2380.0,2026-03-30,1405.5,2026-08-17,2171.457,1892.75,2633.37,4.482844874576155,19.0,7.0,11.0,1.0,18.0,38.88888888888889,-0.1934583164842182,-0.1934583164842182,5.578947368421052,4.714285714285714,2.0,0.5454545454545454,85.71428571428571,85.71428571428571,100.0,-0.0346764906905674,60.32,B,C,FAST,ACTIVE,LOW PRIORITY,52.83
PCJEWELLER.NS,12.81999969482422,2026-10-01T23:11:23.693897+05:30,OPEN,2025-10-06,13.670000076293944,2026-03-30,7.46999979019165,2026-09-07,12.343200015068057,10.569999933242798,15.282000150680542,3.862853062205159,11.0,3.0,8.0,0.0,11.0,27.27272727272727,2.059181940947946,2.059181940947946,7.454545454545454,15.666666666666666,3.0,3.75,66.66666666666666,66.66666666666666,66.66666666666666,0.2762317237857001,56.29,B,B,FAST,ACTIVE,LOW PRIORITY,49.61
MANOMAY.NS,240.0800018310547,2026-10-01T23:11:23.693897+05:30,OPEN,2026-05-04,244.0,2026-07-07,165.0,2026-08-27,227.094,204.5,264.54,5.718337706436407,4.0,3.0,1.0,0.0,4.0,75.0,10.109224858541491,10.109224858541491,9.0,11.333333333333334,2.0,0.0,66.66666666666666,66.66666666666666,66.66666666666666,1.1232472065046104,,INSUFFICIENT,C,FAST,ACTIVE,LOW PRIORITY,47.75
LLOYDSENGG.NS,98.30999755859376,2026-10-01T23:11:23.693897+05:30,OPEN,2026-08-10,99.75,2026-09-16,77.68000030517578,2026-09-25,95.02702006530762,88.71500015258789,105.4881999206543,3.4547831669664992,12.0,6.0,6.0,0.0,12.0,50.0,0.401669489608197,0.401669489608197,11.583333333333334,15.166666666666666,13.5,7.333333333333333,50.0,50.0,50.0,0.0346765026999882,54.13,C,C,MEDIUM,ACTIVE,LOW PRIORITY,46.05
COFORGE.NS,1826.0,2026-10-01T23:11:23.693897+05:30,OPEN,2025-12-08,1989.699951171875,2026-03-17,1008.0999755859376,2026-08-05,1779.6375563964843,1498.8999633789062,2244.915944824219,2.605162126236147,9.0,3.0,4.0,2.0,7.0,42.85714285714285,-0.3733482813665547,-0.3733482813665547,26.88888888888889,15.333333333333334,8.0,17.75,33.33333333333333,66.66666666666666,66.66666666666666,-0.013884853439252,54.73,C,C,MEDIUM,ACTIVE,LOW PRIORITY,41.87
ABDL.NS,679.4500122070312,2026-10-01T23:11:23.693897+05:30,OPEN,2025-11-04,696.7999877929688,2026-03-23,382.1000061035156,2026-06-12,629.4541917114258,539.4499969482422,778.6219830322266,7.942725801804833,6.0,2.0,3.0,1.0,5.0,40.0,2.742493666991068,2.742493666991068,22.666666666666668,36.5,36.5,0.0,0.0,0.0,50.0,0.1209923676613706,36.79,D,C,SLOW,ACTIVE,LOW PRIORITY,30.99
RPTECH.NS,953.1500244140624,2026-10-01T23:11:23.693897+05:30,OPEN,2026-08-05,967.7000122070312,2026-08-25,703.7000122070312,2026-09-29,911.2040122070312,835.7000122070312,1036.3400122070311,4.603361228122076,6.0,2.0,4.0,0.0,6.0,33.33333333333333,1.924678959201066,1.924678959201066,9.5,23.0,23.0,2.5,0.0,0.0,0.0,0.2025977851790595,35.84,D,C,SLOW,ACTIVE,LOW PRIORITY,29.76
MVGJL.NS,206.69000244140625,2026-10-01T23:11:23.693897+05:30,OPEN,2025-11-12,214.7899932861328,2026-03-30,129.10000610351562,2026-09-07,196.4523360290528,171.94499969482422,237.06938995361327,5.211272423270906,2.0,1.0,1.0,0.0,2.0,50.0,1.925285929438902,1.925285929438902,1.0,0.0,0.0,1.0,100.0,100.0,100.0,1.925285929438902,,INSUFFICIENT,C,FAST,ACTIVE,LOW PRIORITY,29.39
TBOTEK.NS,1671.5,2026-10-01T23:11:23.693897+05:30,OPEN,2025-12-16,1734.4000244140625,2026-03-23,1004.2000122070312,2026-08-03,1578.1372218017575,1369.3000183105469,1924.2520275878903,5.916011415765865,5.0,1.0,3.0,1.0,4.0,25.0,-2.4826877159446825,-2.4826877159446825,16.4,1.0,1.0,6.333333333333333,100.0,100.0,100.0,-0.1513833973137001,,INSUFFICIENT,C,FAST,ACTIVE,LOW PRIORITY,20.25
ALBERTDAVD.NS,856.7000122070312,2026-10-01T23:11:23.693897+05:30,OPEN,2025-11-03,903.0,2026-03-30,579.9000244140625,2026-08-07,833.8566052246094,741.4500122070312,987.0059936523436,2.7394886410078456,6.0,1.0,5.0,0.0,6.0,16.666666666666664,-1.9542287633865336,-1.9542287633865336,4.833333333333333,24.0,24.0,0.2,0.0,0.0,0.0,-0.4043231924248001,23.11,D,C,SLOW,ACTIVE,LOW PRIORITY,18.26
SHAREINDIA.NS,205.08999633789065,2026-10-01T23:11:23.693897+05:30,OPEN,2025-10-20,211.0,2026-03-30,115.36000061035156,2026-07-08,190.53304013061523,163.18000030517578,235.86639984130852,7.640121732848133,5.0,1.0,3.0,1.0,4.0,25.0,-1.478571987353043,-1.478571987353043,20.0,22.0,22.0,5.666666666666667,0.0,0.0,0.0,-0.0739285993676521,,INSUFFICIENT,C,SLOW,ACTIVE,LOW PRIORITY,10.25
LGEINDIA.NS,1721.800048828125,2026-10-01T23:11:23.693897+05:30,OPEN,2026-06-19,1705.199951171875,2026-07-31,1484.800048828125,2026-08-14,1658.0343720703124,1595.0,1762.50392578125,3.84585976213456,3.0,0.0,3.0,0.0,3.0,0.0,-4.228434784847621,-4.228434784847621,8.333333333333334,,,7.666666666666667,,,,-0.5074121741817145,,INSUFFICIENT,C,UNKNOWN,ACTIVE,LOW PRIORITY,4.0
ALGOQUANT.NS,67.51000213623047,2026-10-01T23:11:23.693897+05:30,OPEN,2026-01-06,71.01000213623047,2026-03-23,47.79999923706055,2026-07-17,66.0430615158081,59.40500068664551,77.04460289001464,2.221188095696072,0.0,0.0,0.0,0.0,0.0,,,,,,,,,,,,,INSUFFICIENT,C,UNKNOWN,ACTIVE,LOW PRIORITY,4.0
RML.NS,1343.199951171875,2026-10-01T23:11:23.693897+05:30,WAITING FOR 0.786,2026-09-10,1440.0,2026-09-29,1298.5,,1409.719,1369.25,1476.79,4.718603411610757,12.0,3.0,9.0,0.0,12.0,25.0,-2.0122353734268184,-2.0122353734268184,6.166666666666667,4.666666666666667,1.0,5.888888888888889,66.66666666666666,66.66666666666666,100.0,-0.3263084389340786,49.02,C,C,FAST,CLOSE,LOW PRIORITY,42.41
CUB.NS,230.0399932861328,2026-10-01T23:11:23.693897+05:30,WAITING FOR 0.786,2026-09-07,248.8500061035156,2026-09-29,210.69000244140625,,240.68376531982423,229.7700042724609,258.77160705566405,4.422305766883701,8.0,2.0,5.0,1.0,7.0,28.57142857142857,-0.7349130392461034,-0.7349130392461034,21.125,21.0,21.0,12.8,0.0,0.0,50.0,-0.0347887829228924,29.78,D,C,SLOW,CLOSE,LOW PRIORITY,22.57
ZIMLAB.NS,137.02000427246094,2026-10-01T23:11:23.693897+05:30,WAITING FOR 0.786,2026-09-10,144.49000549316406,2026-09-29,132.0,,141.81714431762694,138.24500274658203,147.7374069213867,3.382623496085833,2.0,1.0,1.0,0.0,2.0,50.0,1.8186868935661968,1.8186868935661968,52.5,56.0,56.0,49.0,0.0,0.0,0.0,0.0346416551155466,,INSUFFICIENT,C,SLOW,CLOSE,LOW PRIORITY,18.23
INOXINDIA.NS,2168.300048828125,2026-10-01T23:11:23.693897+05:30,WAITING FOR 0.786,2026-09-10,2339.5,2026-10-01,2013.199951171875,,2269.6717895507813,2176.349975585937,2424.3380126953125,4.466361224092232,5.0,2.0,3.0,0.0,5.0,40.0,2.639199349624507,2.639199349624507,13.4,28.5,28.5,3.333333333333333,50.0,50.0,50.0,0.1969551753451124,,INSUFFICIENT,C,SLOW,CLOSE,LOW PRIORITY,16.96
PTL.NS,37.869998931884766,2026-10-01T23:11:23.693897+05:30,WAITING FOR 0.786,2026-08-05,40.619998931884766,2026-09-28,36.5,,39.73831916046143,38.55999946594238,41.691198654174805,4.701558264285101,10.0,0.0,10.0,0.0,10.0,0.0,-5.527397650103884,-5.527397650103884,2.1,,,1.4,,,,-2.632094119097088,6.86,D,C,UNKNOWN,CLOSE,LOW PRIORITY,11.4
IOLCP.NS,209.38999938964844,2026-10-01T23:11:23.693897+05:30,WAITING FOR 0.786,2026-09-08,219.0399932861328,2026-09-28,195.5,,214.0024347229004,207.2699966430664,225.1603915405273,2.155319092151613,4.0,1.0,3.0,0.0,4.0,25.0,-2.408432841296868,-2.408432841296868,20.25,19.0,19.0,20.0,0.0,0.0,100.0,-0.1189349551257712,,INSUFFICIENT,C,SLOW,CLOSE,LOW PRIORITY,11.25
GANDHAR.NS,282.6000061035156,2026-10-01T23:11:23.693897+05:30,WAITING FOR 0.786,2026-07-24,303.1700134277344,2026-08-10,234.759994506836,,288.5302693786621,268.9650039672852,320.956618347168,2.0553348832055214,1.0,0.0,1.0,0.0,1.0,0.0,-22.2036965451605,-22.2036965451605,6.0,,,6.0,,,,-3.700616090860084,,INSUFFICIENT,C,UNKNOWN,CLOSE,LOW PRIORITY,3.0
ELGIEQUIP.NS,584.6500244140625,2026-10-01T23:11:23.693897+05:30,WAITING FOR 0.786,2026-09-07,653.4000244140625,2026-10-01,574.7999877929688,,636.5796165771485,614.1000061035156,673.8360339355469,8.157595815321326,10.0,5.0,5.0,0.0,10.0,50.0,-0.1554536046903889,-0.1554536046903889,10.6,3.8,0.0,16.4,60.0,100.0,100.0,-0.0146654344047536,65.26,A,C,FAST,WATCH,LOW PRIORITY,53.34
GRPLTD.NS,1895.0,2026-10-01T23:11:23.693897+05:30,WAITING FOR 0.786,2026-08-03,2143.39990234375,2026-10-01,1808.800048828125,,2071.7955336914065,1976.0999755859373,2230.3958642578127,8.533445063297455,20.0,7.0,13.0,0.0,20.0,35.0,-0.0787736863248063,-0.0787736863248063,2.4,1.8571428571428568,1.0,1.6153846153846154,100.0,100.0,100.0,-0.0328223693020026,61.38,B,C,FAST,WATCH,LOW PRIORITY,52.23
RHIM.NS,384.8500061035156,2026-10-01T23:11:23.693897+05:30,WAITING FOR 0.786,2026-08-10,433.0,2026-09-16,360.5,,417.485,396.75,451.85,7.817045857092922,4.0,4.0,0.0,0.0,4.0,100.0,11.219721274522572,11.219721274522572,13.0,13.0,1.5,,75.0,75.0,75.0,0.8630554826555825,,INSUFFICIENT,C,FAST,WATCH,LOW PRIORITY,52.0
POWERICA.NS,589.1500244140625,2026-10-01T23:11:23.693897+05:30,WAITING FOR 0.786,2026-06-24,676.9500122070312,2026-09-02,490.6499938964844,,637.0818082885742,583.8000030517578,725.3880169677734,7.523646610358142,1.0,1.0,0.0,0.0,1.0,100.0,13.110133881506536,13.110133881506536,5.0,5.0,5.0,,100.0,100.0,100.0,2.622026776301307,,INSUFFICIENT,C,FAST,WATCH,LOW PRIORITY,51.0
PKTEA.NS,1037.699951171875,2026-10-01T23:11:23.693897+05:30,WAITING FOR 0.786,2026-09-10,1169.0,2026-09-25,963.0,,1124.916,1066.0,1222.56,7.753116572981888,20.0,7.0,13.0,0.0,20.0,35.0,-1.355473671141587,-1.355473671141587,11.25,13.571428571428571,3.0,9.384615384615383,57.14285714285714,71.42857142857143,71.42857142857143,-0.1204865485459188,56.52,B,C,FAST,WATCH,LOW PRIORITY,50.53
SWARAJENG.NS,3542.699951171875,2026-10-01T23:11:23.693897+05:30,WAITING FOR 0.786,2026-07-06,3939.89990234375,2026-09-02,3501.0,,3845.975323242188,3720.449951171875,4054.013876953125,7.885525688049634,17.0,6.0,11.0,0.0,17.0,35.294117647058826,0.2364794334353457,0.2364794334353457,5.411764705882353,6.833333333333333,5.0,4.181818181818182,50.0,83.33333333333334,83.33333333333334,0.043697286613053,59.32,B,B,FAST,WATCH,LOW PRIORITY,48.94
NEULANDLAB.NS,21505.0,2026-10-01T23:11:23.693897+05:30,WAITING FOR 0.786,2026-09-09,24225.0,2026-10-01,20715.0,,23473.86,22470.0,25137.6,8.387457367471734,16.0,5.0,10.0,1.0,15.0,33.33333333333333,-0.034448960020359,-0.034448960020359,8.125,8.0,4.0,2.5,60.0,80.0,100.0,-0.0042398720025057,57.78,B,C,FAST,WATCH,LOW PRIORITY,47.56
ARVIND.NS,534.0499877929688,2026-10-01T23:11:23.693897+05:30,WAITING FOR 0.786,2026-09-15,597.9000244140625,2026-10-01,522.0,,581.6574191894531,559.9500122070312,617.6340307617188,8.18478881655561,11.0,5.0,6.0,0.0,11.0,45.45454545454545,4.765481486729728,4.765481486729728,11.727272727272728,21.4,16.0,3.0,20.0,40.0,80.0,0.4063588864653256,54.13,C,C,SLOW,WATCH,LOW PRIORITY,47.46
PRICOLLTD.NS,734.5,2026-10-01T23:11:23.693897+05:30,WAITING FOR 0.786,2026-08-20,823.0,2026-10-01,692.7000122070312,,795.1158026123047,757.8500061035156,856.8779968261719,7.62351878973543,21.0,7.0,14.0,0.0,21.0,33.33333333333333,0.5325499435720926,0.5325499435720926,9.952380952380953,14.285714285714286,8.0,7.214285714285714,28.57142857142857,71.42857142857143,85.71428571428571,0.0535098029426504,55.81,B,B,MEDIUM,WATCH,LOW PRIORITY,46.67
SBCL.NS,1066.4000244140625,2026-10-01T23:11:23.693897+05:30,WAITING FOR 0.786,2026-09-04,1215.699951171875,2026-10-01,1034.0999755859375,,1176.8375563964844,1124.8999633789062,1262.9159448242187,9.384263051613113,14.0,4.0,9.0,1.0,13.0,30.76923076923077,0.7572692552627893,0.7572692552627893,7.857142857142857,6.5,0.0,1.4444444444444444,75.0,75.0,75.0,0.0963797233970822,56.49,B,B,FAST,WATCH,LOW PRIORITY,46.6
PITTIENG.NS,1123.800048828125,2026-10-01T23:11:23.693897+05:30,WAITING FOR 0.786,2026-09-07,1228.0,2026-10-01,1092.199951171875,,1198.9387895507812,1160.0999755859375,1263.3080126953123,6.267103990422161,15.0,5.0,9.0,1.0,14.0,35.714285714285715,-0.0526076807971975,-0.0526076807971975,8.866666666666667,4.6,4.0,4.666666666666667,80.0,80.0,100.0,-0.0059331970823907,58.7,B,C,FAST,WATCH,LOW PRIORITY,46.47
MANORAMA.NS,1880.300048828125,2026-10-01T23:11:23.693897+05:30,WAITING FOR 0.786,2026-09-08,2149.5,2026-10-01,1824.0,,2079.843,1986.75,2234.13,9.594135286743994,12.0,5.0,7.0,0.0,12.0,41.66666666666667,3.111316260851643,3.111316260851643,7.166666666666667,14.2,15.0,1.7142857142857142,20.0,20.0,100.0,0.4341371526769734,52.03,C,C,MEDIUM,WATCH,LOW PRIORITY,45.29
SIMPLEXINF.NS,245.009994506836,2026-10-01T23:11:23.693897+05:30,WAITING FOR 0.786,2026-08-31,282.5899963378906,2026-09-16,233.0500030517578,,271.9884377746582,257.8199996948242,295.4703945922852,9.918966956299029,13.0,4.0,8.0,1.0,12.0,33.33333333333333,0.1063597929408034,0.1063597929408034,14.461538461538462,6.25,5.0,12.375,75.0,75.0,100.0,0.0073546665331406,56.5,B,B,FAST,WATCH,LOW PRIORITY,45.27
MWL.NS,43.130001068115234,2026-10-01T23:11:23.693897+05:30,WAITING FOR 0.786,2026-09-15,48.0,2026-10-01,42.5,,46.823,45.25,49.43,7.887147196644312,8.0,3.0,5.0,0.0,8.0,37.5,0.6001927343842539,0.6001927343842539,8.75,19.666666666666668,4.0,1.4,66.66666666666666,66.66666666666666,66.66666666666666,0.0685934553582004,57.1,B,B,FAST,WATCH,LOW PRIORITY,45.26
SIEMENS.NS,3804.0,2026-10-01T23:11:23.693897+05:30,WAITING FOR 0.786,2026-08-25,4149.39990234375,2026-09-16,3682.39990234375,,4049.46190234375,3915.89990234375,4270.81990234375,6.061593077383474,13.0,4.0,9.0,0.0,13.0,30.76923076923077,-0.6275194940304034,-0.6275194940304034,5.384615384615385,4.75,2.0,5.222222222222222,75.0,75.0,100.0,-0.1165393346056463,54.33,C,C,FAST,WATCH,LOW PRIORITY,44.71
SUDEEPPHRM.NS,1199.800048828125,2026-10-01T23:11:23.693897+05:30,WAITING FOR 0.786,2026-09-07,1378.0,2026-09-28,1124.0999755859375,,1323.6653947753907,1251.0499877929688,1444.0140063476565,9.357753586077855,1.0,1.0,0.0,0.0,1.0,100.0,17.425698256409262,17.425698256409262,19.0,19.0,19.0,,0.0,0.0,100.0,0.9171420134952244,,INSUFFICIENT,C,SLOW,WATCH,LOW PRIORITY,44.0
M&MFIN.NS,319.75,2026-10-01T23:11:23.693897+05:30,WAITING FOR 0.786,2026-09-15,358.75,2026-10-01,315.45001220703125,,349.48380261230466,337.1000061035156,370.0079968261719,8.507920078141494,12.0,4.0,8.0,0.0,12.0,33.33333333333333,-2.0185101468527296,-2.0185101468527296,9.166666666666666,7.5,3.5,9.625,75.0,75.0,75.0,-0.2202011069293886,53.18,C,C,FAST,WATCH,LOW PRIORITY,43.95
MSTCLTD.NS,705.7999877929688,2026-10-01T23:11:23.693897+05:30,WAITING FOR 0.786,2026-09-08,805.0,2026-10-01,690.25,,780.4435,747.625,834.835,9.564242921752982,2.0,1.0,0.0,1.0,1.0,100.0,4.583534590669467,4.583534590669467,30.5,0.0,0.0,,100.0,100.0,100.0,0.1502798226449005,,INSUFFICIENT,C,FAST,WATCH,LOW PRIORITY,43.88
CGPOWER.NS,879.0,2026-10-01T23:11:23.693897+05:30,WAITING FOR 0.786,2026-07-02,980.9000244140624,2026-07-30,814.8499755859375,,945.3653139648436,897.875,1024.073037109375,7.020070758309176,14.0,6.0,8.0,0.0,14.0,42.85714285714285,1.865906585546138,1.865906585546138,10.857142857142858,18.0,13.0,5.0,33.33333333333333,33.33333333333333,83.33333333333334,0.1718598170897758,51.89,C,C,MEDIUM,WATCH,LOW PRIORITY,43.67
DEEPINDS.NS,749.0,2026-10-01T23:11:23.693897+05:30,WAITING FOR 0.786,2026-09-09,825.0,2026-10-01,720.7000122070312,,802.6798026123047,772.8500061035156,852.1179968261719,6.687573605017204,25.0,5.0,20.0,0.0,25.0,20.0,-2.177174790895632,-2.177174790895632,5.04,7.4,4.0,3.7,60.0,80.0,80.0,-0.4319791251777047,50.1,C,C,FAST,WATCH,LOW PRIORITY,43.53
AFSL.NS,201.0,2026-10-01T23:11:23.693897+05:30,WAITING FOR 0.786,2026-08-12,223.0,2026-09-08,201.0,,218.292,212.0,228.72,7.921499642680447,10.0,3.0,7.0,0.0,10.0,30.0,-0.0834282259873202,-0.0834282259873202,10.1,12.0,5.0,8.714285714285714,66.66666666666666,66.66666666666666,66.66666666666666,-0.0082602203947841,54.04,C,C,FAST,WATCH,LOW PRIORITY,43.41
WEWIN.NS,51.650001525878906,2026-10-01T23:11:23.693897+05:30,WAITING FOR 0.786,2026-06-03,59.58000183105469,2026-09-17,40.0,,55.389881439208985,49.790000915527344,64.67080230712891,6.7519189717613655,13.0,4.0,9.0,0.0,13.0,30.76923076923077,-3.047534896989987,-3.047534896989987,8.461538461538462,9.0,2.5,7.666666666666667,75.0,75.0,75.0,-0.3601632150988166,50.55,C,C,FAST,WATCH,LOW PRIORITY,43.38
JUBLPHARMA.NS,999.2999877929688,2026-10-01T23:11:23.693897+05:30,WAITING FOR 0.786,2025-10-21,1184.800048828125,2026-03-09,786.0499877929688,,1099.4675357666017,985.4250183105468,1288.4750646972657,9.1105507634467,7.0,2.0,3.0,2.0,5.0,40.0,0.0115993995159214,0.0115993995159214,18.571428571428573,2.0,2.0,0.3333333333333333,100.0,100.0,100.0,0.0006245830508573,60.52,B,C,FAST,WATCH,LOW PRIORITY,43.2
OBEROIRLTY.NS,1754.5999755859375,2026-10-01T23:11:23.693897+05:30,WAITING FOR 0.786,2026-08-18,1960.699951171875,2026-09-16,1660.0,,1896.350161621093,1810.3499755859373,2038.8819384765625,7.474895138247106,11.0,3.0,7.0,1.0,10.0,30.0,-1.097218675571189,-1.097218675571189,13.818181818181818,10.666666666666666,5.0,8.0,66.66666666666666,66.66666666666666,66.66666666666666,-0.0794039831005465,52.45,C,C,FAST,WATCH,LOW PRIORITY,42.86
NAVINFLUOR.NS,8136.5,2026-10-01T23:11:23.693897+05:30,WAITING FOR 0.786,2026-09-09,8949.5,2026-10-01,8035.0,,8753.797,8492.25,9187.27,7.051762795047685,14.0,5.0,8.0,1.0,13.0,38.46153846153847,-0.7957527019465481,-0.7957527019465481,14.642857142857142,9.8,10.0,11.0,40.0,80.0,80.0,-0.0543440869622032,54.64,C,C,MEDIUM,WATCH,LOW PRIORITY,42.74
RADICO.NS,4237.0,2026-10-01T23:11:23.693897+05:30,WAITING FOR 0.786,2026-08-19,4747.0,2026-10-01,4234.7998046875,,4637.389158203125,4490.89990234375,4880.17205078125,8.633934840143235,13.0,4.0,6.0,3.0,10.0,40.0,1.6196141422482018,1.6196141422482018,22.23076923076923,14.25,13.5,8.166666666666666,0.0,50.0,75.0,0.0728546153952478,52.03,C,C,MEDIUM,WATCH,LOW PRIORITY,42.64
TCPLPACK.NS,3927.10009765625,2026-10-01T23:11:23.693897+05:30,WAITING FOR 0.786,2026-08-12,4410.89990234375,2026-09-16,3655.0,,4249.137323242187,4032.949951171875,4607.433876953125,7.578884867392702,19.0,4.0,15.0,0.0,19.0,21.052631578947366,-2.1320900787257555,-2.1320900787257555,1.7894736842105263,4.25,4.0,0.2666666666666666,75.0,100.0,100.0,-1.191462102817334,51.59,C,C,FAST,WATCH,LOW PRIORITY,42.32
SHRINGARMS.NS,221.3099975585937,2026-10-01T23:11:23.693897+05:30,WAITING FOR 0.786,2026-02-19,266.5,2026-03-30,166.0,,244.993,216.25,292.63,9.666807803245907,2.0,2.0,0.0,0.0,2.0,100.0,8.868395158396197,8.868395158396197,16.0,16.0,16.0,,0.0,50.0,50.0,0.5542746973997623,,INSUFFICIENT,C,SLOW,WATCH,LOW PRIORITY,42.3
GEOJITFSL.NS,75.69999694824219,2026-10-01T23:11:23.693897+05:30,WAITING FOR 0.786,2026-09-03,86.5,2026-10-01,75.05999755859375,,84.05183947753906,80.77999877929688,89.47440063476563,9.936537476409084,6.0,2.0,3.0,1.0,5.0,40.0,-1.104865880573323,-1.104865880573323,15.0,5.0,5.0,6.333333333333333,50.0,100.0,100.0,-0.0736577253715548,58.77,B,C,FAST,WATCH,LOW PRIORITY,41.57
WENDT.NS,8116.0,2026-10-01T23:11:23.693897+05:30,WAITING FOR 0.786,2026-09-15,9100.0,2026-10-01,7950.0,,8853.9,8525.0,9399.0,8.334180417669046,13.0,3.0,10.0,0.0,13.0,23.07692307692308,-0.9775694582393304,-0.9775694582393304,5.307692307692308,10.333333333333334,0.0,2.8,66.66666666666666,66.66666666666666,66.66666666666666,-0.184179753001613,49.87,C,C,FAST,WATCH,LOW PRIORITY,41.22
BRIGADE.NS,569.5499877929688,2026-10-01T23:11:23.693897+05:30,WAITING FOR 0.786,2026-09-15,648.9500122070312,2026-10-01,552.0999755859375,,628.2241043701172,600.5249938964844,674.1310217285156,9.339679291035395,16.0,3.0,13.0,0.0,16.0,18.75,-2.2142367839683827,-2.2142367839683827,10.125,10.666666666666666,3.0,9.384615384615383,66.66666666666666,66.66666666666666,66.66666666666666,-0.218690052737618,47.21,C,C,FAST,WATCH,LOW PRIORITY,41.21
ABBOTINDIA.NS,26840.0,2026-10-01T23:11:23.693897+05:30,WAITING FOR 0.786,2025-11-25,30655.0,2026-09-11,25135.0,,29473.72,27895.0,32090.2,8.93582486364124,9.0,3.0,5.0,1.0,8.0,37.5,-1.4349575945051227,-1.4349575945051227,12.444444444444445,9.0,6.0,4.6,33.33333333333333,66.66666666666666,100.0,-0.1153090924155902,50.92,C,C,FAST,WATCH,LOW PRIORITY,41.2
KECL.NS,120.43000030517578,2026-10-01T23:11:23.693897+05:30,WAITING FOR 0.786,2026-09-11,129.39999389648438,2026-10-01,117.5,,126.85339520263672,123.4499969482422,132.4939923095703,5.063636560298722,16.0,4.0,12.0,0.0,16.0,25.0,-1.7579684415205314,-1.7579684415205314,6.6875,7.0,7.0,6.083333333333333,25.0,75.0,100.0,-0.2628737856479299,48.25,C,C,FAST,WATCH,LOW PRIORITY,41.14
SKIPPER.NS,541.2000122070312,2026-10-01T23:11:23.693897+05:30,WAITING FOR 0.786,2026-09-07,616.7999877929688,2026-10-01,526.5999755859375,,597.497185180664,571.6999816894531,640.2519909667969,9.42216538754242,15.0,3.0,12.0,0.0,15.0,20.0,-2.3563336061781546,-2.3563336061781546,6.066666666666666,20.0,5.0,2.083333333333333,66.66666666666666,66.66666666666666,66.66666666666666,-0.3884066383810145,47.48,C,C,FAST,WATCH,LOW PRIORITY,40.62
PETRONET.NS,285.5,2026-10-01T23:11:23.693897+05:30,WAITING FOR 0.786,2026-02-27,326.3999938964844,2026-03-23,235.3500061035156,,306.9152965087891,280.875,350.07299072265624,6.977591782616092,6.0,2.0,3.0,1.0,5.0,40.0,0.6956997839340407,0.6956997839340407,12.5,5.5,5.5,0.0,50.0,50.0,100.0,0.0556559827147232,53.59,C,C,FAST,WATCH,LOW PRIORITY,39.8
DLF.NS,658.4000244140625,2026-10-01T23:11:23.693897+05:30,WAITING FOR 0.786,2025-10-29,786.5,2026-04-02,489.3999938964844,,722.9205986938476,637.9499969482422,863.7460015869141,8.924987667574984,14.0,3.0,10.0,1.0,13.0,23.07692307692308,-2.2838542508290085,-2.2838542508290085,18.285714285714285,17.666666666666668,4.0,14.0,66.66666666666666,66.66666666666666,66.66666666666666,-0.1248982793422114,47.83,C,C,FAST,WATCH,LOW PRIORITY,39.51
GUFICBIO.NS,418.3999938964844,2026-10-01T23:11:23.693897+05:30,WAITING FOR 0.786,2026-09-07,467.7999877929688,2026-10-01,400.0,,453.2907904052735,433.8999938964844,485.4279846191406,7.697221573285064,16.0,2.0,13.0,1.0,15.0,13.333333333333334,-2.346205405024468,-2.346205405024468,9.75,4.0,4.0,5.923076923076923,50.0,100.0,100.0,-0.2406364517973813,48.17,C,C,FAST,WATCH,LOW PRIORITY,39.19
SUNPHARMA.NS,1801.0,2026-10-01T23:11:23.693897+05:30,WAITING FOR 0.786,2026-07-31,2046.9000244140625,2026-10-01,1792.5999755859375,,1992.479813964844,1919.75,2113.018037109375,9.610125664651893,14.0,7.0,7.0,0.0,14.0,50.0,0.5215453106747968,0.5215453106747968,18.642857142857142,18.714285714285715,18.0,18.571428571428573,0.0,0.0,57.14285714285714,0.0279756105342802,45.31,C,C,SLOW,WATCH,LOW PRIORITY,39.14
KRISHANA.NS,184.58999633789065,2026-10-01T23:11:23.693897+05:30,WAITING FOR 0.786,2026-08-27,206.38999938964844,2026-09-16,171.2100067138672,,198.8614809570313,188.8000030517578,215.5367974853516,7.176595764276908,21.0,4.0,16.0,1.0,20.0,20.0,-0.9090250349366444,-0.9090250349366444,6.380952380952381,7.75,9.0,1.75,25.0,50.0,100.0,-0.1424591472661905,46.08,C,C,MEDIUM,WATCH,LOW PRIORITY,39.13
WINDLAS.NS,1082.4000244140625,2026-10-01T23:11:23.693897+05:30,WAITING FOR 0.786,2026-09-07,1181.9000244140625,2026-10-01,1052.5999755859375,,1154.2298139648435,1117.25,1215.518037109375,6.223179186824321,11.0,2.0,8.0,1.0,10.0,20.0,-3.1865982089660743,-3.1865982089660743,8.0,3.5,3.5,1.875,100.0,100.0,100.0,-0.3983247761207593,48.52,C,C,FAST,WATCH,LOW PRIORITY,38.98
AXISBANK.NS,1217.0999755859375,2026-10-01T23:11:23.693897+05:30,WAITING FOR 0.786,2026-06-25,1400.0999755859375,2026-09-24,1175.0,,1351.928580810547,1287.5499877929688,1458.6259692382812,9.973056797406644,8.0,2.0,4.0,2.0,6.0,33.33333333333333,-1.3879687549301043,-1.3879687549301043,21.125,6.0,6.0,9.25,50.0,100.0,100.0,-0.0657026629552712,52.66,C,C,FAST,WATCH,LOW PRIORITY,38.76
NDLVENTURE.NS,125.23999786376952,2026-10-01T23:11:23.693897+05:30,WAITING FOR 0.786,2026-06-19,139.97999572753906,2026-08-18,113.9499969482422,,134.40957598876952,126.96499633789062,146.74779541015624,6.822116696332814,13.0,2.0,10.0,1.0,12.0,16.666666666666664,-3.738657888480753,-3.738657888480753,10.307692307692308,0.0,0.0,6.6,100.0,100.0,100.0,-0.3627056160466402,46.33,C,C,FAST,WATCH,LOW PRIORITY,38.38
RKFORGE.NS,695.4500122070312,2026-10-01T23:11:23.693897+05:30,WAITING FOR 0.786,2026-08-19,772.7999877929688,2026-09-16,659.0999755859375,,748.468185180664,715.9499816894531,802.3619909667968,7.083557327267736,11.0,2.0,8.0,1.0,10.0,20.0,-1.188736374139491,-1.188736374139491,13.727272727272728,5.5,5.5,9.5,50.0,100.0,100.0,-0.0865966895068503,48.64,C,C,FAST,WATCH,LOW PRIORITY,38.02
HAL.NS,4601.0,2026-10-01T23:11:23.693897+05:30,WAITING FOR 0.786,2026-09-09,5097.39990234375,2026-09-29,4549.2998046875,,4980.106481445313,4823.349853515625,5239.905927734375,7.61241718139508,12.0,4.0,7.0,1.0,11.0,36.36363636363637,-0.0961390395181075,-0.0961390395181075,15.0,12.5,11.0,9.714285714285714,50.0,50.0,75.0,-0.0064092693012071,47.9,C,C,MEDIUM,WATCH,LOW PRIORITY,37.86
MANGLMCEM.NS,984.6500244140624,2026-10-01T23:11:23.693897+05:30,WAITING FOR 0.786,2026-09-03,1120.0,2026-10-01,968.0,,1087.472,1044.0,1159.52,9.455137749379984,6.0,2.0,4.0,0.0,6.0,33.33333333333333,2.607671582240095,2.607671582240095,12.0,12.5,12.5,11.5,0.0,50.0,100.0,0.2173059651866745,49.91,C,C,MEDIUM,WATCH,LOW PRIORITY,37.71
MPSLTD.NS,2628.39990234375,2026-10-01T23:11:23.693897+05:30,WAITING FOR 0.786,2026-08-10,2979.0,2026-09-16,2473.0,,2870.716,2726.0,3110.56,8.44096377545706,13.0,2.0,10.0,1.0,12.0,16.666666666666664,-3.253934820650921,-3.253934820650921,7.0,5.0,5.0,1.5,50.0,100.0,100.0,-0.4648478315215602,47.08,C,C,FAST,WATCH,LOW PRIORITY,37.64
KIRLFER.NS,465.8500061035156,2026-10-01T23:11:23.693897+05:30,WAITING FOR 0.786,2026-06-22,513.0,2026-08-14,428.0,,494.81,470.5,535.1,5.852750327698384,13.0,2.0,11.0,0.0,13.0,15.384615384615383,-2.501743127410425,-2.501743127410425,3.692307692307693,4.0,4.0,2.8181818181818183,50.0,100.0,100.0,-0.6775554303403234,47.74,C,C,FAST,WATCH,LOW PRIORITY,37.56
PIXTRANS.NS,1809.300048828125,2026-10-01T23:11:23.693897+05:30,WAITING FOR 0.786,2026-08-11,2089.0,2026-09-11,1709.9000244140625,,2007.8726052246093,1899.4500122070312,2187.565993652344,9.889698971926116,13.0,3.0,10.0,0.0,13.0,23.07692307692308,-2.139714224428477,-2.139714224428477,5.307692307692308,7.666666666666667,6.0,4.0,33.33333333333333,66.66666666666666,100.0,-0.4031345640227565,45.05,C,C,FAST,WATCH,LOW PRIORITY,37.54
COALINDIA.NS,420.3999938964844,2026-10-01T23:11:23.693897+05:30,WAITING FOR 0.786,2026-06-09,467.5499877929688,2026-08-20,395.7999877929688,,452.1954877929688,431.6749877929688,486.2049877929687,7.031360275545587,6.0,2.0,3.0,1.0,5.0,40.0,0.4871127665417457,0.4871127665417457,15.0,9.5,9.5,3.6666666666666665,50.0,50.0,100.0,0.0324741844361163,53.26,C,C,MEDIUM,WATCH,LOW PRIORITY,37.37
GALAXYSURF.NS,2376.89990234375,2026-10-01T23:11:23.693897+05:30,WAITING FOR 0.786,2026-08-17,2648.0,2026-09-16,2078.699951171875,,2526.1697895507814,2363.349975585937,2796.0180126953123,5.908941189324232,6.0,2.0,4.0,0.0,6.0,33.33333333333333,-0.5689451462640053,-0.5689451462640053,8.0,7.5,7.5,8.0,0.0,100.0,100.0,-0.0711181432830006,53.94,C,C,MEDIUM,WATCH,LOW PRIORITY,37.21
NITINSPIN.NS,594.5999755859375,2026-10-01T23:11:23.693897+05:30,WAITING FOR 0.786,2026-09-10,665.5,2026-10-01,579.0,,646.989,622.25,687.99,8.097359369952585,14.0,4.0,10.0,0.0,14.0,28.57142857142857,-2.0731417290328227,-2.0731417290328227,14.571428571428571,10.5,9.0,15.7,25.0,50.0,100.0,-0.1422744323846055,45.69,C,C,MEDIUM,WATCH,LOW PRIORITY,37.13
PHOENIXLTD.NS,1930.0,2026-10-01T23:11:23.693897+05:30,WAITING FOR 0.786,2026-07-14,2169.800048828125,2026-09-16,1820.199951171875,,2094.985627929688,1995.0,2260.6960742187503,7.87526299608699,18.0,5.0,12.0,1.0,17.0,29.411764705882355,-0.1671397862377961,-0.1671397862377961,10.166666666666666,19.2,12.0,1.5833333333333333,20.0,40.0,60.0,-0.0164399789742094,45.0,C,C,MEDIUM,WATCH,LOW PRIORITY,37.1
BOSCHLTD.NS,45480.0,2026-10-01T23:11:23.693897+05:30,WAITING FOR 0.786,2026-08-31,50000.0,2026-10-01,44410.0,,48803.74,47205.0,51453.4,6.810420676775997,9.0,3.0,5.0,1.0,8.0,37.5,2.4342873174077946,2.4342873174077946,26.55555555555556,27.0,19.0,19.4,33.33333333333333,33.33333333333333,66.66666666666666,0.0916677232496659,45.64,C,C,SLOW,WATCH,LOW PRIORITY,37.0
UFLEX.NS,649.8499755859375,2026-10-01T23:11:23.693897+05:30,WAITING FOR 0.786,2026-09-02,723.5,2026-09-29,636.7999877929688,,704.9461973876953,680.1499938964844,746.0420031738281,7.815663380542618,4.0,2.0,0.0,2.0,2.0,100.0,5.206526957990957,5.206526957990957,38.75,17.5,17.5,,0.0,0.0,50.0,0.1343619860126698,,INSUFFICIENT,C,SLOW,WATCH,LOW PRIORITY,36.81
VISHNU.NS,658.25,2026-10-01T23:11:23.693897+05:30,WAITING FOR 0.786,2026-09-07,744.0,2026-10-01,640.0499877929688,,721.7546973876953,692.0249938964844,771.0270031738281,8.798653838699343,19.0,3.0,15.0,1.0,18.0,16.666666666666664,-2.0336676789052626,-2.0336676789052626,6.789473684210527,7.0,8.0,2.6,33.33333333333333,100.0,100.0,-0.2995324488310076,46.99,C,C,MEDIUM,WATCH,LOW PRIORITY,36.61
JAGSNPHARM.NS,231.72999572753903,2026-10-01T23:11:23.693897+05:30,WAITING FOR 0.786,2026-07-30,263.70001220703125,2026-09-16,217.8099975585937,,253.87954907226563,240.7550048828125,275.631416015625,8.724433860728894,12.0,4.0,8.0,0.0,12.0,33.33333333333333,-0.3784150933860155,-0.3784150933860155,7.5,15.5,13.5,2.625,50.0,50.0,50.0,-0.050455345784802,46.24,C,C,MEDIUM,WATCH,LOW PRIORITY,36.52
NAVA.NS,552.5,2026-10-01T23:11:23.693897+05:30,WAITING FOR 0.786,2026-07-06,628.2000122070312,2026-09-15,533.9000244140625,,608.0198148193359,581.0500183105469,652.7180090332031,9.131250901063613,12.0,4.0,7.0,1.0,11.0,36.36363636363637,0.927285290684898,0.927285290684898,15.75,16.5,16.0,8.428571428571429,50.0,50.0,50.0,0.058875256551422,45.49,C,C,SLOW,WATCH,LOW PRIORITY,36.4
MARICO.NS,781.3499755859375,2026-10-01T23:11:23.693897+05:30,WAITING FOR 0.786,2026-07-30,889.0999755859375,2026-10-01,766.25,,862.8100808105469,827.6749877929688,921.0409692382811,9.441255617700198,9.0,3.0,5.0,1.0,8.0,37.5,0.4543540612139662,0.4543540612139662,14.444444444444445,17.0,13.0,3.2,0.0,33.33333333333333,66.66666666666666,0.0314552811609668,46.54,C,C,MEDIUM,WATCH,LOW PRIORITY,36.35
MIDHANI.NS,433.6000061035156,2026-10-01T23:11:23.693897+05:30,WAITING FOR 0.786,2026-09-08,482.3999938964844,2026-09-28,397.5499877929688,,464.2420925903321,439.97499084472656,504.4609954833985,6.600454154392323,10.0,3.0,7.0,0.0,10.0,30.0,0.4989430671584259,0.4989430671584259,7.7,11.0,13.0,5.714285714285714,0.0,33.33333333333333,100.0,0.0647978009296657,44.61,D,C,MEDIUM,WATCH,LOW PRIORITY,35.86
MMP.NS,449.6000061035156,2026-10-01T23:11:23.693897+05:30,WAITING FOR 0.786,2026-09-15,498.0,2026-09-30,447.0,,487.086,472.5,511.26,7.695970300210719,15.0,1.0,13.0,1.0,14.0,7.142857142857142,-3.500966186008187,-3.500966186008187,8.333333333333334,3.0,3.0,3.8461538461538463,100.0,100.0,100.0,-0.4201159423209824,43.89,D,C,FAST,WATCH,LOW PRIORITY,35.15
JSWSTEEL.NS,1233.0,2026-10-01T23:11:23.693897+05:30,WAITING FOR 0.786,2026-08-27,1351.0,2026-10-01,1214.800048828125,,1321.8532104492188,1282.9000244140625,1386.4119873046875,6.721866675273487,11.0,3.0,5.0,3.0,8.0,37.5,0.0580591019068227,0.0580591019068227,30.181818181818183,27.33333333333333,14.0,13.6,0.0,0.0,66.66666666666666,0.0019236449426959,43.59,D,C,MEDIUM,WATCH,LOW PRIORITY,34.72
AVADHSUGAR.NS,764.5999755859375,2026-10-01T23:11:23.693897+05:30,WAITING FOR 0.786,2026-08-24,884.7999877929688,2026-09-18,708.0,,846.9647904052734,796.3999938964844,930.7679846191406,9.724703523971083,10.0,1.0,9.0,0.0,10.0,10.0,-3.923087213095248,-3.923087213095248,10.9,5.0,5.0,10.88888888888889,100.0,100.0,100.0,-0.3599162580821328,43.37,D,C,FAST,WATCH,LOW PRIORITY,34.68
MGL.NS,1045.4000244140625,2026-10-01T23:11:23.693897+05:30,WAITING FOR 0.786,2026-07-31,1179.0,2026-10-01,1024.199951171875,,1145.8727895507814,1101.5999755859375,1219.2480126953126,8.76823030033791,6.0,2.0,3.0,1.0,5.0,40.0,1.606299815089215,1.606299815089215,14.666666666666666,11.5,11.5,0.3333333333333333,0.0,0.0,100.0,0.109520441937901,46.01,C,C,MEDIUM,WATCH,LOW PRIORITY,34.51
FLUOROCHEM.NS,4341.5,2026-10-01T23:11:23.693897+05:30,WAITING FOR 0.786,2026-09-15,4830.0,2026-10-01,4225.39990234375,,4700.615579101563,4527.699951171875,4987.196025390625,7.639756390591741,12.0,1.0,10.0,1.0,11.0,9.090909090909092,-3.5840691081473914,-3.5840691081473914,12.583333333333334,5.0,5.0,8.1,100.0,100.0,100.0,-0.2848266840911834,43.54,D,C,FAST,WATCH,LOW PRIORITY,34.51
LT.NS,3693.39990234375,2026-10-01T23:11:23.693897+05:30,WAITING FOR 0.786,2026-08-25,4125.2998046875,2026-10-01,3655.89990234375,,4024.8482255859376,3890.599853515625,4247.343779296875,8.23505147685253,12.0,4.0,6.0,2.0,10.0,40.0,-0.2435453253917504,-0.2435453253917504,21.33333333333333,15.75,15.5,11.833333333333334,0.0,0.0,75.0,-0.0114161871277383,40.12,D,C,SLOW,WATCH,LOW PRIORITY,34.04
ASPINWALL.NS,240.1000061035156,2026-10-01T23:11:23.693897+05:30,WAITING FOR 0.786,2026-09-15,268.0,2026-10-01,234.6000061035156,,260.8524013061524,251.3000030517578,276.683998413086,7.955608266868292,13.0,1.0,12.0,0.0,13.0,7.6923076923076925,-5.66116773274937,-5.66116773274937,1.0,0.0,0.0,0.0833333333333333,100.0,100.0,100.0,-5.66116773274937,39.73,D,C,FAST,WATCH,LOW PRIORITY,33.83
GESHIP.NS,1530.5999755859375,2026-10-01T23:11:23.693897+05:30,WAITING FOR 0.786,2026-05-19,1798.0,2026-08-17,1261.0,,1683.082,1529.5,1937.62,9.059690758623905,13.0,4.0,8.0,1.0,12.0,33.33333333333333,1.7056427707520725,1.7056427707520725,13.615384615384617,26.75,22.0,0.5,25.0,50.0,50.0,0.1252731978518471,41.5,D,C,SLOW,WATCH,LOW PRIORITY,33.42
TMB.NS,872.0499877929688,2026-10-01T23:11:23.693897+05:30,WAITING FOR 0.786,2026-09-07,954.2000122070312,2026-09-29,845.0999755859375,,930.8526043701172,899.6499938964844,982.5660217285156,6.317070640516562,7.0,2.0,5.0,0.0,7.0,28.57142857142857,1.3459872895027047,1.3459872895027047,6.714285714285714,15.0,15.0,2.8,50.0,50.0,50.0,0.2004661920535943,46.03,C,C,MEDIUM,WATCH,LOW PRIORITY,33.27
TORNTPHARM.NS,4767.2998046875,2026-10-01T23:11:23.693897+05:30,WAITING FOR 0.786,2026-08-03,5250.0,2026-10-01,4717.2998046875,,5136.002158203125,4983.64990234375,5388.50205078125,7.178781125057368,9.0,3.0,5.0,1.0,8.0,37.5,0.5815485318929972,0.5815485318929972,18.77777777777778,22.666666666666668,19.0,8.0,0.0,33.33333333333333,66.66666666666666,0.030970040159982,42.74,D,C,SLOW,WATCH,LOW PRIORITY,33.21
MOTHERSON.NS,157.02999877929688,2026-10-01T23:11:23.693897+05:30,WAITING FOR 0.786,2026-08-19,173.27000427246094,2026-10-01,153.80999755859375,,169.10556283569335,163.54000091552734,178.3296060180664,7.140843774683719,6.0,1.0,4.0,1.0,5.0,20.0,-2.6797515327807915,-2.6797515327807915,19.33333333333333,4.0,4.0,12.25,100.0,100.0,100.0,-0.1386078379024547,48.31,C,C,FAST,WATCH,LOW PRIORITY,32.91
JLHL.NS,259.8500061035156,2026-10-01T23:11:23.693897+05:30,WAITING FOR 0.786,2026-09-09,287.0,2026-10-01,248.6000061035156,,278.78240130615234,267.8000030517578,296.98399841308594,6.791101272510239,4.0,2.0,1.0,1.0,3.0,66.66666666666666,2.7451902992861177,2.7451902992861177,18.0,2.0,2.0,7.0,100.0,100.0,100.0,0.1525105721825621,,INSUFFICIENT,C,FAST,WATCH,LOW PRIORITY,32.78
ADOR.NS,1570.4000244140625,2026-10-01T23:11:23.693897+05:30,WAITING FOR 0.786,2026-08-31,1766.4000244140625,2026-09-16,1487.0999755859375,,1706.6298139648438,1626.75,1839.018037109375,7.98238659819801,7.0,3.0,4.0,0.0,7.0,42.85714285714285,2.4959266730500564,2.4959266730500564,13.571428571428571,28.33333333333333,21.0,2.0,0.0,0.0,33.33333333333333,0.1839103864352673,40.54,D,C,SLOW,WATCH,LOW PRIORITY,32.65
INDOBORAX.NS,469.5,2026-10-01T23:11:23.693897+05:30,WAITING FOR 0.786,2026-09-07,542.7999877929688,2026-09-28,435.0,,519.7307904052734,488.8999938964844,570.8279846191406,9.664770941530069,8.0,2.0,5.0,1.0,7.0,28.57142857142857,1.872254182934236,1.872254182934236,12.75,15.0,15.0,1.4,0.0,0.0,100.0,0.1468434653281753,41.85,D,C,MEDIUM,WATCH,LOW PRIORITY,32.6
ZENITHEXPO.NS,203.0399932861328,2026-10-01T23:11:23.693897+05:30,WAITING FOR 0.786,2026-08-14,226.6000061035156,2026-09-29,193.3999938964844,,219.49520349121093,210.0,235.23200927734376,7.496842729748771,8.0,1.0,6.0,1.0,7.0,14.285714285714285,-5.094366153628255,-5.094366153628255,14.5,0.0,0.0,8.666666666666666,100.0,100.0,100.0,-0.3513355968019486,42.25,D,C,FAST,WATCH,LOW PRIORITY,32.36
ONWARDTEC.NS,291.29998779296875,2026-10-01T23:11:23.693897+05:30,WAITING FOR 0.786,2026-02-03,345.3999938964844,2026-03-30,208.25,,316.0498952026367,276.8249969482422,381.0589923095703,7.831012693043123,14.0,1.0,13.0,0.0,14.0,7.142857142857142,-4.18724808500069,-4.18724808500069,3.7142857142857135,6.0,6.0,2.8461538461538463,0.0,100.0,100.0,-1.1273360228848013,38.81,D,C,FAST,WATCH,LOW PRIORITY,31.37
INDIANB.NS,793.1500244140625,2026-10-01T23:11:23.693897+05:30,WAITING FOR 0.786,2026-09-11,859.7000122070312,2026-10-01,786.8499755859375,,844.1101043701171,823.2749938964844,878.6410217285156,6.037136588251308,18.0,4.0,13.0,1.0,17.0,23.52941176470588,-1.0661781629529603,-1.0661781629529603,9.666666666666666,18.5,15.5,2.6153846153846154,50.0,50.0,50.0,-0.1102942927192717,38.25,D,C,SLOW,WATCH,LOW PRIORITY,31.27
GRWRHITECH.NS,6925.5,2026-10-01T23:11:23.693897+05:30,WAITING FOR 0.786,2026-08-06,7990.0,2026-09-23,6240.0,,7615.5,7115.0,8445.0,9.060468780776048,14.0,3.0,10.0,1.0,13.0,23.07692307692308,-3.1778941086098484,-3.1778941086098484,14.785714285714286,11.333333333333334,11.0,10.8,33.33333333333333,33.33333333333333,100.0,-0.2149300363311008,36.1,D,C,MEDIUM,WATCH,LOW PRIORITY,30.4
ASIANPAINT.NS,2407.0,2026-10-01T23:11:23.693897+05:30,WAITING FOR 0.786,2026-09-01,2645.300048828125,2026-10-01,2377.0,,2587.883838378906,2511.1500244140625,2715.0580615234376,6.989642877178554,9.0,1.0,5.0,3.0,6.0,16.666666666666664,-1.567461366142061,-1.567461366142061,35.888888888888886,9.0,9.0,26.8,0.0,100.0,100.0,-0.0436753941030295,45.72,C,C,MEDIUM,WATCH,LOW PRIORITY,30.17
JUSTDIAL.NS,653.1500244140625,2026-10-01T23:11:23.693897+05:30,WAITING FOR 0.786,2026-08-31,734.0,2026-09-29,642.4000244140625,,714.3976052246094,688.2000122070312,757.8159936523438,8.573318326184815,4.0,2.0,1.0,1.0,3.0,66.66666666666666,0.9840037838469152,0.9840037838469152,16.0,1.5,1.5,0.0,100.0,100.0,100.0,0.0615002364904322,,INSUFFICIENT,C,FAST,WATCH,LOW PRIORITY,30.14
ICICIBANK.NS,1310.5999755859375,2026-10-01T23:11:23.693897+05:30,WAITING FOR 0.786,2026-07-20,1480.0,2026-09-29,1291.0,,1439.554,1385.5,1529.14,8.957915049665562,8.0,3.0,5.0,0.0,8.0,37.5,0.5882837158289734,0.5882837158289734,21.0,24.33333333333333,23.0,19.0,0.0,33.33333333333333,33.33333333333333,0.0280135102775701,38.75,D,C,SLOW,WATCH,LOW PRIORITY,29.82
CARERATING.NS,1602.699951171875,2026-10-01T23:11:23.693897+05:30,WAITING FOR 0.786,2026-09-10,1748.300048828125,2026-10-01,1581.0999755859375,,1712.519233154297,1664.7000122070312,1791.7720678710937,6.412732765642887,13.0,2.0,10.0,1.0,12.0,16.666666666666664,-0.9717846695255292,-0.9717846695255292,8.461538461538462,12.0,12.0,1.9,0.0,50.0,100.0,-0.1148472791257443,38.65,D,C,MEDIUM,WATCH,LOW PRIORITY,29.69
SPORTKING.NS,208.5399932861328,2026-10-01T23:11:23.693897+05:30,WAITING FOR 0.786,2026-09-04,233.9900054931641,2026-09-21,199.1000061035156,,226.52354562377928,216.54500579833984,243.06140533447265,7.938932921134116,4.0,2.0,2.0,0.0,4.0,50.0,10.845081827819872,10.845081827819872,14.75,28.5,28.5,0.0,0.0,50.0,50.0,0.7352597849369404,,INSUFFICIENT,C,SLOW,WATCH,LOW PRIORITY,29.5
BALUFORGE.NS,488.9500122070313,2026-10-01T23:11:23.693897+05:30,WAITING FOR 0.786,2026-09-15,534.9000244140625,2026-10-01,479.0,,522.9374191894531,506.9500122070313,549.4340307617188,6.499325872511075,6.0,1.0,5.0,0.0,6.0,16.666666666666664,-4.310369491890585,-4.310369491890585,7.333333333333333,8.0,8.0,7.0,0.0,100.0,100.0,-0.5877776579850797,41.43,D,C,MEDIUM,WATCH,LOW PRIORITY,28.67
KOVAI.NS,5993.5,2026-10-01T23:11:23.693897+05:30,WAITING FOR 0.786,2026-09-10,6444.0,2026-10-01,5848.0,,6316.456,6146.0,6598.96,5.112930415410162,8.0,2.0,5.0,1.0,7.0,28.57142857142857,-0.7872817334892332,-0.7872817334892332,14.625,14.0,14.0,5.2,0.0,0.0,100.0,-0.0538312296402894,37.7,D,C,MEDIUM,WATCH,LOW PRIORITY,28.34
PNBHOUSING.NS,1092.0,2026-10-01T23:11:23.693897+05:30,WAITING FOR 0.786,2026-08-26,1211.5,2026-09-28,1065.4000244140625,,1180.2346052246094,1138.4500122070312,1249.4859936523435,7.476022549586022,13.0,3.0,9.0,1.0,12.0,25.0,-2.6866081674949944,-2.6866081674949944,19.15384615384616,18.0,17.0,14.555555555555555,33.33333333333333,33.33333333333333,66.66666666666666,-0.1402646834435137,33.64,D,C,SLOW,WATCH,LOW PRIORITY,28.02
BAJAJFINSV.NS,1732.5999755859375,2026-10-01T23:11:23.693897+05:30,WAITING FOR 0.786,2026-09-15,1930.5999755859373,2026-09-30,1702.0999755859375,,1881.7009755859376,1816.3499755859373,1990.0099755859376,7.9237350638866495,11.0,2.0,8.0,1.0,10.0,20.0,-1.670867938553222,-1.670867938553222,12.909090909090908,19.5,19.5,5.0,50.0,50.0,50.0,-0.1294334318597566,34.89,D,C,SLOW,WATCH,LOW PRIORITY,27.21
ARIES.NS,477.3999938964844,2026-10-01T23:11:23.693897+05:30,WAITING FOR 0.786,2026-09-07,524.75,2026-09-22,450.0,,508.7535,487.375,544.185,6.162808924855683,11.0,3.0,8.0,0.0,11.0,27.27272727272727,-0.6377246763785248,-0.6377246763785248,15.090909090909092,24.666666666666668,29.0,10.875,33.33333333333333,33.33333333333333,33.33333333333333,-0.0422588640973721,33.75,D,C,SLOW,WATCH,LOW PRIORITY,26.63
TVSMOTOR.NS,4021.0,2026-10-01T23:11:23.693897+05:30,WAITING FOR 0.786,2026-08-26,4484.5,2026-10-01,3930.10009765625,,4365.8584208984375,4207.300048828125,4628.643974609375,7.898983147224231,11.0,3.0,7.0,1.0,10.0,30.0,0.2911054038591589,0.2911054038591589,20.90909090909091,34.666666666666664,32.0,8.857142857142858,0.0,0.0,33.33333333333333,0.0139224323584815,29.95,D,C,SLOW,WATCH,LOW PRIORITY,26.42
LUMAXIND.NS,5550.0,2026-10-01T23:11:23.693897+05:30,WAITING FOR 0.786,2026-09-10,6230.0,2026-10-01,5357.0,,6043.178,5793.5,6456.98,8.160904742504687,17.0,2.0,14.0,1.0,16.0,12.5,-2.085720736834072,-2.085720736834072,11.588235294117649,15.5,15.5,7.0,0.0,50.0,50.0,-0.1799860534323818,32.24,D,C,SLOW,WATCH,LOW PRIORITY,26.41
HTMEDIA.NS,22.3799991607666,2026-10-01T23:11:23.693897+05:30,WAITING FOR 0.786,2026-09-15,25.489999771118164,2026-10-01,22.200000762939453,,24.78593998336792,23.84500026702881,26.34539951324463,9.706877464464837,9.0,2.0,6.0,1.0,8.0,25.0,-2.4416149631847963,-2.4416149631847963,19.55555555555556,17.5,17.5,13.0,50.0,50.0,50.0,-0.1248553106174043,34.68,D,C,SLOW,WATCH,LOW PRIORITY,26.39
DHAMPURSUG.NS,171.05999755859375,2026-10-01T23:11:23.693897+05:30,WAITING FOR 0.786,2026-08-24,199.9199981689453,2026-09-18,148.61000061035156,,188.93965869140624,174.26499938964844,213.26059753417968,9.463159432300662,4.0,2.0,2.0,0.0,4.0,50.0,3.911908624017265,3.911908624017265,5.0,8.5,8.5,1.0,0.0,100.0,100.0,0.782381724803453,,INSUFFICIENT,C,MEDIUM,WATCH,LOW PRIORITY,26.37
UJJIVANSFB.NS,65.5999984741211,2026-10-01T23:11:23.693897+05:30,WAITING FOR 0.786,2026-08-20,73.94000244140625,2026-09-24,61.25,,71.22434191894531,67.59500122070312,77.23940307617187,7.896659054041991,12.0,1.0,9.0,2.0,10.0,10.0,-0.2015094286601353,-0.2015094286601353,12.25,15.0,15.0,0.5555555555555556,0.0,0.0,100.0,-0.0164497492783783,32.19,D,C,MEDIUM,WATCH,LOW PRIORITY,25.77
SAILIFE.NS,1541.199951171875,2026-10-01T23:11:23.693897+05:30,WAITING FOR 0.786,2026-09-09,1697.0,2026-10-01,1493.0999755859375,,1653.3653947753903,1595.0499877929688,1750.0140063476565,6.784068661286648,8.0,2.0,6.0,0.0,8.0,25.0,-0.4995185688418169,-0.4995185688418169,7.375,19.5,19.5,2.6666666666666665,0.0,0.0,50.0,-0.0677313313683819,32.72,D,C,SLOW,WATCH,LOW PRIORITY,25.7
LICI.NS,391.8500061035156,2026-10-01T23:11:23.693897+05:30,WAITING FOR 0.786,2026-08-25,428.1499938964844,2026-10-01,386.0,,419.1298952026367,407.0749969482422,439.1089923095704,6.50869561235475,2.0,1.0,1.0,0.0,2.0,50.0,7.030138319933554,7.030138319933554,34.0,39.0,39.0,29.0,0.0,0.0,0.0,0.2067687741156927,,INSUFFICIENT,C,SLOW,WATCH,LOW PRIORITY,25.05
TATASTEEL.NS,178.0,2026-10-01T23:11:23.693897+05:30,WAITING FOR 0.786,2026-06-10,203.3999938964844,2026-10-01,175.75,,197.4828952026367,189.5749969482422,210.5889923095703,9.86561149138783,5.0,2.0,1.0,2.0,3.0,66.66666666666666,0.0079340187598054,0.0079340187598054,37.4,9.0,9.0,49.0,50.0,50.0,100.0,0.0002121395390322,,INSUFFICIENT,C,MEDIUM,WATCH,LOW PRIORITY,24.68
CYIENTDLM.NS,893.9000244140625,2026-10-01T23:11:23.693897+05:30,WAITING FOR 0.786,2026-09-08,1009.0,2026-10-01,880.2999877929688,,981.4581973876952,944.6499938964844,1042.4620031738282,8.921233039438931,4.0,2.0,2.0,0.0,4.0,50.0,0.4408383123694077,0.4408383123694077,11.75,4.5,4.5,19.0,50.0,100.0,100.0,0.0375181542442049,,INSUFFICIENT,C,FAST,WATCH,LOW PRIORITY,24.16
BBTCL.NS,229.4900054931641,2026-10-01T23:11:23.693897+05:30,WAITING FOR 0.786,2026-08-17,262.0,2026-09-02,217.77999877929688,,252.5369197387696,239.88999938964844,273.4972003173828,9.126156393071469,4.0,2.0,2.0,0.0,4.0,50.0,-1.200551357201351,-1.200551357201351,12.5,5.0,5.0,20.0,50.0,100.0,100.0,-0.096044108576108,,INSUFFICIENT,C,FAST,WATCH,LOW PRIORITY,23.5
GREENPLY.NS,303.70001220703125,2026-10-01T23:11:23.693897+05:30,WAITING FOR 0.786,2026-07-22,334.3999938964844,2026-09-29,272.45001220703125,,321.1426978149414,303.4250030517578,350.5069891357422,5.431443942705345,6.0,1.0,4.0,1.0,5.0,20.0,-0.4409062268526847,-0.4409062268526847,13.166666666666666,12.0,12.0,0.5,0.0,0.0,100.0,-0.0334865488748874,34.81,D,C,MEDIUM,WATCH,LOW PRIORITY,23.18
SETL.NS,416.9500122070313,2026-10-01T23:11:23.693897+05:30,WAITING FOR 0.786,2026-09-11,468.1499938964844,2026-09-28,394.0,,452.2818952026368,431.0749969482422,487.42899230957033,7.811916278403247,3.0,1.0,2.0,0.0,3.0,33.33333333333333,2.949613092317505,2.949613092317505,6.333333333333333,7.0,7.0,6.0,0.0,100.0,100.0,0.4657283829975007,,INSUFFICIENT,C,FAST,WATCH,LOW PRIORITY,22.76
ALIVUS.NS,1374.199951171875,2026-10-01T23:11:23.693897+05:30,WAITING FOR 0.786,2026-08-31,1493.800048828125,2026-10-01,1317.199951171875,,1456.0076279296875,1405.5,1539.71607421875,5.618629682190311,12.0,2.0,9.0,1.0,11.0,18.181818181818183,-2.3837366521257883,-2.3837366521257883,11.5,27.0,27.0,2.0,0.0,50.0,50.0,-0.2072814480109381,29.05,D,C,SLOW,WATCH,LOW PRIORITY,22.71
SGMART.NS,742.2000122070312,2026-10-01T23:11:23.693897+05:30,WAITING FOR 0.786,2026-08-26,860.5999755859375,2026-09-16,678.0999755859375,,821.5449755859374,769.3499755859375,908.0499755859375,9.658018214074795,5.0,2.0,3.0,0.0,5.0,40.0,1.116520732915265,1.116520732915265,2.8,3.5,3.5,1.6666666666666667,100.0,100.0,100.0,0.3987574046125947,,INSUFFICIENT,C,FAST,WATCH,LOW PRIORITY,22.67
GRAPHITE.NS,786.1500244140625,2026-10-01T23:11:23.693897+05:30,WAITING FOR 0.786,2026-09-09,874.3499755859375,2026-10-01,756.9000244140625,,849.2156860351563,815.625,904.886962890625,7.426342053988269,5.0,2.0,2.0,1.0,4.0,50.0,2.083749139293714,2.083749139293714,20.0,13.5,13.5,6.5,50.0,50.0,50.0,0.1041874569646857,,INSUFFICIENT,C,MEDIUM,WATCH,LOW PRIORITY,21.63
VINDHYATEL.NS,2617.0,2026-10-01T23:11:23.693897+05:30,WAITING FOR 0.786,2026-09-07,2952.60009765625,2026-09-29,2508.10009765625,,2857.47709765625,2730.35009765625,3068.17009765625,8.4157139125802,11.0,2.0,8.0,1.0,10.0,20.0,-0.8276577705374273,-0.8276577705374273,15.818181818181818,37.5,37.5,4.25,0.0,0.0,0.0,-0.0523231923902971,24.21,D,C,SLOW,WATCH,LOW PRIORITY,21.47
ASAHIINDIA.NS,944.25,2026-10-01T23:11:23.693897+05:30,WAITING FOR 0.786,2025-11-24,1074.0,2026-03-24,775.0999755859375,,1010.0353947753906,924.5499877929688,1151.7140063476563,6.513177173362308,14.0,2.0,11.0,1.0,13.0,15.384615384615383,-0.8433072282178623,-0.8433072282178623,13.142857142857142,32.0,32.0,4.545454545454546,0.0,50.0,50.0,-0.0641646804078808,27.34,D,C,SLOW,WATCH,LOW PRIORITY,21.42
ALEMBICLTD.NS,104.11000061035156,2026-10-01T23:11:23.693897+05:30,WAITING FOR 0.786,2026-09-03,117.72000122070312,2026-10-01,101.8499984741211,,114.32382063293456,109.78499984741212,121.84620193481445,8.934113613449862,3.0,1.0,2.0,0.0,3.0,33.33333333333333,-4.746186958003046,-4.746186958003046,5.0,2.0,2.0,6.0,100.0,100.0,100.0,-0.9492373916006092,,INSUFFICIENT,C,FAST,WATCH,LOW PRIORITY,20.33
AVANTEL.NS,150.27999877929688,2026-10-01T23:11:23.693897+05:30,WAITING FOR 0.786,2026-07-22,171.77999877929688,2026-09-16,138.8000030517578,,164.72227969360353,155.29000091552734,180.35479766845705,8.767654831617456,3.0,1.0,2.0,0.0,3.0,33.33333333333333,-5.9371205026103056,-5.9371205026103056,7.0,5.0,5.0,8.0,100.0,100.0,100.0,-0.8481600718014722,,INSUFFICIENT,C,FAST,WATCH,LOW PRIORITY,19.33
PNGJL.NS,581.9500122070312,2026-10-01T23:11:23.693897+05:30,WAITING FOR 0.786,2026-08-06,662.0,2026-09-02,563.0999755859375,,640.8353947753906,612.5499877929688,687.7140063476562,9.188846784750137,3.0,1.0,2.0,0.0,3.0,33.33333333333333,-3.7308430169173774,-3.7308430169173774,4.0,5.0,5.0,3.5,100.0,100.0,100.0,-0.9327107542293444,,INSUFFICIENT,C,FAST,WATCH,LOW PRIORITY,19.33
AEROFLEX.NS,521.3499755859375,2026-10-01T23:11:23.693897+05:30,WAITING FOR 0.786,2026-09-08,584.1500244140625,2026-09-29,508.1000061035156,,567.8753204956055,546.1250152587891,603.9230291748047,8.192880238053595,6.0,1.0,4.0,1.0,5.0,20.0,1.157208444240723,1.157208444240723,16.0,32.0,32.0,0.25,0.0,0.0,0.0,0.0723255277650452,26.31,D,C,SLOW,WATCH,LOW PRIORITY,17.94
PIRAMALFIN.NS,2023.300048828125,2026-10-01T23:11:23.693897+05:30,WAITING FOR 0.786,2026-09-09,2326.39990234375,2026-09-24,1781.199951171875,,2209.727112792969,2053.7999267578125,2468.1518896484376,8.436655498570172,4.0,1.0,3.0,0.0,4.0,25.0,-1.26321988515207,-1.26321988515207,2.0,5.0,5.0,0.0,100.0,100.0,100.0,-0.631609942576035,,INSUFFICIENT,C,FAST,WATCH,LOW PRIORITY,17.25
BUILDPRO.NS,1249.199951171875,2026-10-01T23:11:23.693897+05:30,WAITING FOR 0.786,2026-09-10,1360.0,2026-10-01,1219.0,,1329.826,1289.5,1396.66,6.06290212615222,5.0,1.0,4.0,0.0,5.0,20.0,-0.9498531831386968,-0.9498531831386968,1.4,3.0,3.0,0.0,100.0,100.0,100.0,-0.6784665593847836,,INSUFFICIENT,C,FAST,WATCH,LOW PRIORITY,17.0
GENCON.NS,40.75,2026-10-01T23:11:23.693897+05:30,WAITING FOR 0.786,2026-09-03,45.58000183105469,2026-09-29,36.5,,43.636881439208985,41.040000915527344,47.940802307128905,6.615691460973743,5.0,1.0,4.0,0.0,5.0,20.0,-2.764324959673309,-2.764324959673309,5.6,2.0,2.0,6.25,100.0,100.0,100.0,-0.4936294570845195,,INSUFFICIENT,C,FAST,WATCH,LOW PRIORITY,17.0
BEPL.NS,123.76000213623048,2026-10-01T23:11:23.693897+05:30,WAITING FOR 0.786,2026-09-09,136.0,2026-10-01,120.91000366210938,,132.7707407836914,128.4550018310547,139.92339904785158,6.786690045016108,2.0,0.0,1.0,1.0,1.0,0.0,8.335317577851693,8.335317577851693,30.5,,,0.0,,,,0.2732891009131702,,INSUFFICIENT,C,UNKNOWN,WATCH,LOW PRIORITY,14.5
STYRENIX.NS,2055.0,2026-10-01T23:11:23.693897+05:30,WAITING FOR 0.786,2026-08-11,2266.0,2026-10-01,1950.300048828125,,2198.4402104492187,2108.1500244140625,2348.081987304688,6.524635501454408,4.0,1.0,3.0,0.0,4.0,25.0,-5.554381738527039,-5.554381738527039,16.0,10.0,10.0,18.0,0.0,100.0,100.0,-0.3471488586579399,,INSUFFICIENT,C,MEDIUM,WATCH,LOW PRIORITY,14.25
ENTERO.NS,1680.800048828125,2026-10-01T23:11:23.693897+05:30,WAITING FOR 0.786,2026-09-07,1920.0,2026-10-01,1622.199951171875,,1856.2707895507813,1771.0999755859375,1997.4280126953124,9.452863327398491,7.0,1.0,6.0,0.0,7.0,14.285714285714285,-4.782351771378111,-4.782351771378111,7.857142857142857,25.0,25.0,4.5,0.0,0.0,0.0,-0.6086629527208505,17.74,D,C,SLOW,WATCH,LOW PRIORITY,13.78
KANPRPLA.NS,245.5500030517578,2026-10-01T23:11:23.693897+05:30,WAITING FOR 0.786,2026-09-11,277.45001220703125,2026-10-01,241.0,,269.6497095947266,259.2250061035156,286.92701538085936,8.937412385568564,5.0,1.0,4.0,0.0,5.0,20.0,1.3834192613956993,1.3834192613956993,5.6,14.0,14.0,2.75,0.0,0.0,100.0,0.2470391538206606,,INSUFFICIENT,C,MEDIUM,WATCH,LOW PRIORITY,13.08
MANAKSTEEL.NS,108.88999938964844,2026-10-01T23:11:23.693897+05:30,WAITING FOR 0.786,2026-09-11,120.76000213623048,2026-10-01,104.81999969482422,,117.34884161376954,112.79000091552734,124.90440277099609,7.208287792019032,5.0,1.0,4.0,0.0,5.0,20.0,-1.17632516193138,-1.17632516193138,4.0,12.0,12.0,1.5,0.0,0.0,100.0,-0.294081290482845,,INSUFFICIENT,C,MEDIUM,WATCH,LOW PRIORITY,11.0
ALICON.NS,871.9500122070312,2026-10-01T23:11:23.693897+05:30,WAITING FOR 0.786,2025-10-27,1022.0,2026-03-30,580.0,,927.412,801.0,1136.92,5.9802965448979295,7.0,0.0,6.0,1.0,6.0,0.0,-2.834614506078751,-2.834614506078751,16.142857142857142,,,8.333333333333334,,,,-0.175595588872135,10.07,D,C,UNKNOWN,WATCH,LOW PRIORITY,7.52
SGFIN.NS,631.8499755859375,2026-10-01T23:11:23.693897+05:30,WAITING FOR 0.786,2026-08-05,727.4500122070312,2026-09-29,573.7000122070312,,694.5475122070312,650.5750122070312,767.4250122070313,9.02710549230285,5.0,1.0,4.0,0.0,5.0,20.0,-0.1933067998722736,-0.1933067998722736,5.4,22.0,22.0,0.5,0.0,0.0,0.0,-0.0357975555319025,,INSUFFICIENT,C,SLOW,WATCH,LOW PRIORITY,7.0
SAHYADRI.NS,355.6499938964844,2026-10-01T23:11:23.693897+05:30,WAITING FOR 0.786,2026-09-15,408.9500122070313,2026-10-01,340.70001220703125,,394.3445122070312,374.8250122070313,426.69501220703125,9.81236383739308,7.0,0.0,7.0,0.0,7.0,0.0,-5.000379082352128,-5.000379082352128,1.0,,,0.1428571428571428,,,,-5.000379082352128,6.69,D,C,UNKNOWN,WATCH,LOW PRIORITY,6.34
WHEELS.NS,2241.300048828125,2026-10-01T23:11:23.693897+05:30,WAITING FOR 0.786,2026-09-10,2498.0,2026-10-01,2104.10009765625,,2413.7054208984373,2301.050048828125,2600.413974609375,7.142767737006574,6.0,0.0,4.0,2.0,4.0,0.0,-5.597432295600373,-5.597432295600373,29.0,,,12.75,,,,-0.1930149067448404,5.75,D,C,UNKNOWN,WATCH,LOW PRIORITY,4.01
UNIPARTS.NS,819.2999877929688,2026-10-01T23:11:23.693897+05:30,WAITING FOR 0.786,2026-09-01,915.9500122070312,2026-10-01,801.7000122070312,,891.5005122070313,858.8250122070312,945.6550122070312,8.098764209940866,3.0,0.0,2.0,1.0,2.0,0.0,1.1667814612632192,1.1667814612632192,28.33333333333333,,,11.0,,,,0.0411805221622312,,INSUFFICIENT,C,UNKNOWN,WATCH,LOW PRIORITY,3.75
ARFIN.NS,87.25,2026-10-01T23:11:23.693897+05:30,WAITING FOR 0.786,2026-09-07,98.86000061035156,2026-10-01,86.05000305175781,,96.1186611328125,92.45500183105467,102.19059997558594,9.226783881808531,5.0,0.0,5.0,0.0,5.0,0.0,-5.114113440405282,-5.114113440405282,2.8,,,2.4,,,,-1.826469085859029,,INSUFFICIENT,C,UNKNOWN,WATCH,LOW PRIORITY,2.0
CAMS.NS,677.25,2026-10-01T23:11:23.693897+05:30,WAITING FOR 0.786,2026-09-15,732.5999755859375,2026-10-01,665.4500122070312,,718.2298834228516,699.0249938964844,750.0589660644531,5.705677857283616,5.0,0.0,4.0,1.0,4.0,0.0,-0.5468585278076568,-0.5468585278076568,12.8,,,0.0,,,,-0.0427233224849731,,INSUFFICIENT,C,UNKNOWN,WATCH,LOW PRIORITY,2.0
ORIENTBELL.NS,398.5499877929688,2026-10-01T23:11:23.693897+05:30,WAITING FOR 0.786,2026-09-07,434.9500122070313,2026-09-23,382.3999938964844,,423.7043082885742,408.6750030517578,448.61301696777343,5.93676297444526,4.0,0.0,4.0,0.0,4.0,0.0,-6.913726473829257,-6.913726473829257,6.25,,,5.5,,,,-1.1061962358126811,,INSUFFICIENT,C,UNKNOWN,WATCH,LOW PRIORITY,2.0
SCPL.NS,620.4500122070312,2026-10-01T23:11:23.693897+05:30,WAITING FOR 0.786,2026-08-21,690.0,2026-09-21,611.2999877929688,,673.1581973876953,650.6499938964844,710.4620031738282,7.829984895854659,5.0,0.0,4.0,1.0,4.0,0.0,-3.723290087628445,-3.723290087628445,12.8,,,0.25,,,,-0.2908820380959722,,INSUFFICIENT,C,UNKNOWN,WATCH,LOW PRIORITY,2.0
CORONA.NS,2029.4000244140625,2026-10-01T23:11:23.693897+05:30,WAITING FOR 0.786,2026-09-15,2292.39990234375,2026-10-01,1986.0999755859373,,2226.851718017578,2139.249938964844,2372.037883300781,8.866854133390351,4.0,0.0,4.0,0.0,4.0,0.0,-3.426798630598225,-3.426798630598225,1.0,,,0.25,,,,-3.426798630598225,,INSUFFICIENT,C,UNKNOWN,WATCH,LOW PRIORITY,2.0
PREMIERENE.NS,878.0499877929688,2026-10-01T23:11:23.693897+05:30,WAITING FOR 0.786,2026-09-16,944.2000122070312,2026-10-01,860.0999755859375,,926.2026043701172,902.1499938964844,966.0660217285156,5.198929084192723,3.0,0.0,3.0,0.0,3.0,0.0,-6.107390262365979,-6.107390262365979,1.0,,,0.0,,,,-6.107390262365979,,INSUFFICIENT,C,UNKNOWN,WATCH,LOW PRIORITY,2.0
PARKHOSPS.NS,270.79998779296875,2026-10-01T23:11:23.693897+05:30,WAITING FOR 0.786,2026-08-03,302.79998779296875,2026-08-20,266.5,,295.03179040527345,284.6499938964844,312.2379846191406,8.213285279873887,3.0,0.0,3.0,0.0,3.0,0.0,-3.60304587056377,-3.60304587056377,1.0,,,0.0,,,,-3.60304587056377,,INSUFFICIENT,C,UNKNOWN,WATCH,LOW PRIORITY,2.0
CANHLIFE.NS,143.85000610351562,2026-10-01T23:11:23.693897+05:30,WAITING FOR 0.786,2026-08-31,162.89999389648438,2026-09-24,135.67999267578125,,157.0749136352539,149.2899932861328,169.9771942138672,8.419490563877076,3.0,0.0,3.0,0.0,3.0,0.0,-3.832756448316058,-3.832756448316058,1.0,,,0.3333333333333333,,,,-3.832756448316058,,INSUFFICIENT,C,UNKNOWN,WATCH,LOW PRIORITY,2.0
FEDFINA.NS,149.77000427246094,2026-10-01T23:11:23.693897+05:30,WAITING FOR 0.786,2026-09-07,169.0,2026-10-01,146.2100067138672,,164.12294143676758,157.6050033569336,174.92539825439454,8.745235150343964,4.0,0.0,3.0,1.0,3.0,0.0,-2.3291544593941795,-2.3291544593941795,20.75,,,7.666666666666667,,,,-0.1122484076816472,,INSUFFICIENT,C,UNKNOWN,WATCH,LOW PRIORITY,2.0
MODIS.NS,367.8500061035156,2026-10-01T23:11:23.693897+05:30,WAITING FOR 0.786,2026-08-17,424.8999938964844,2026-09-16,339.5,,406.6243952026367,382.1999969482422,447.1039923095704,9.535677041658634,3.0,0.0,3.0,0.0,3.0,0.0,-5.194789004946736,-5.194789004946736,11.666666666666666,,,11.0,,,,-0.4452676289954345,,INSUFFICIENT,C,UNKNOWN,WATCH,LOW PRIORITY,2.0
DISAQ.NS,11249.0,2026-10-01T23:11:23.693897+05:30,WAITING FOR 0.786,2026-08-28,12400.0,2026-10-01,11000.0,,12100.4,11700.0,12764.0,7.03613103699051,2.0,0.0,2.0,0.0,2.0,0.0,-3.5323248788132147,-3.5323248788132147,4.0,,,4.0,,,,-0.8830812197033037,,INSUFFICIENT,C,UNKNOWN,WATCH,LOW PRIORITY,2.0
ALKEM.NS,5220.0,2026-10-01T23:11:23.693897+05:30,WAITING FOR 0.786,2026-07-30,5882.5,2026-09-11,5051.0,,5704.559,5466.75,6098.6900000000005,8.494241184989063,3.0,0.0,2.0,1.0,2.0,0.0,-4.897237291864887,-4.897237291864887,27.0,,,9.5,,,,-0.1813791589579587,,INSUFFICIENT,C,UNKNOWN,WATCH,LOW PRIORITY,2.0
ONESOURCE.NS,1508.0,2026-10-01T23:11:23.693897+05:30,WAITING FOR 0.786,2026-09-15,1657.5,2026-10-01,1433.5999755859375,,1609.5853947753906,1545.5499877929688,1715.7140063476563,6.311277121743906,1.0,0.0,1.0,0.0,1.0,0.0,-10.082533359390297,-10.082533359390297,15.0,,,15.0,,,,-0.6721688906260198,,INSUFFICIENT,C,UNKNOWN,WATCH,LOW PRIORITY,2.0
COCKERILL.NS,7989.0,2026-10-01T23:11:23.693897+05:30,WAITING FOR 0.786,2026-09-15,8885.0,2026-10-01,7748.5,,8641.789,8316.75,9180.49,7.553864136233836,1.0,0.0,1.0,0.0,1.0,0.0,-6.81690811854697,-6.81690811854697,1.0,,,1.0,,,,-6.81690811854697,,INSUFFICIENT,C,UNKNOWN,WATCH,LOW PRIORITY,2.0
NYKAA.NS,324.95001220703125,2026-10-01T23:11:23.693897+05:30,WAITING FOR 0.786,2026-08-31,349.54998779296875,2026-10-01,316.0,,342.3702904052734,332.7749938964844,358.27298461914063,5.088139563050661,0.0,0.0,0.0,0.0,0.0,,,,,,,,,,,,,INSUFFICIENT,C,UNKNOWN,WATCH,LOW PRIORITY,2.0
NIRLON.NS,606.7999877929688,2026-10-01T23:11:23.693897+05:30,WAITING FOR 0.786,2026-07-14,657.0,2026-09-22,580.0,,640.522,618.5,677.02,5.26477032904901,0.0,0.0,0.0,0.0,0.0,,,,,,,,,,,,,INSUFFICIENT,C,UNKNOWN,WATCH,LOW PRIORITY,2.0
SOLARA.NS,714.8499755859375,2026-10-01T23:11:23.693897+05:30,WAITING FOR 0.786,2026-09-15,774.0,2026-10-01,698.0,,757.736,736.0,793.76,5.659758070629149,0.0,0.0,0.0,0.0,0.0,,,,,,,,,,,,,INSUFFICIENT,C,UNKNOWN,WATCH,LOW PRIORITY,2.0
DIFFNKG.NS,464.3999938964844,2026-10-01T23:11:23.693897+05:30,WAITING FOR 0.786,2026-09-04,519.9000244140625,2026-09-28,420.5499877929688,,498.63911657714846,470.2250061035156,545.7310339355469,6.86651358515446,0.0,0.0,0.0,0.0,0.0,,,,,,,,,,,,,INSUFFICIENT,C,UNKNOWN,WATCH,LOW PRIORITY,2.0
TASTYBITE.NS,9453.5,2026-10-01T23:11:23.693897+05:30,WAITING FOR 0.786,2026-09-15,10386.0,2026-10-01,9292.5,,10151.991,9839.25,10670.31,6.880335098799831,1.0,0.0,0.0,1.0,0.0,,-5.913665423794888,-5.913665423794888,60.0,,,,,,,-0.0985610903965814,,INSUFFICIENT,C,UNKNOWN,WATCH,LOW PRIORITY,2.0
VENKEYS.NS,1613.0,2026-10-01T23:11:23.693897+05:30,WAITING FOR 0.786,2026-09-15,1814.9000244140625,2026-10-01,1532.199951171875,,1754.4022087402343,1673.5499877929688,1888.4020434570311,8.059851272176038,0.0,0.0,0.0,0.0,0.0,,,,,,,,,,,,,INSUFFICIENT,C,UNKNOWN,WATCH,LOW PRIORITY,2.0
PAYTM.NS,1656.0,2026-10-01T23:11:23.693897+05:30,WAITING FOR 0.786,2026-09-16,1855.5,2026-10-01,1629.0,,1807.029,1742.25,1914.39,8.357862546754923,0.0,0.0,0.0,0.0,0.0,,,,,,,,,,,,,INSUFFICIENT,C,UNKNOWN,WATCH,LOW PRIORITY,2.0
ANTHEM.NS,855.75,2026-10-01T23:11:23.693897+05:30,WAITING FOR 0.786,2026-09-09,977.5499877929688,2026-10-01,830.5999755859375,,946.102685180664,904.0749816894532,1015.7569909667968,9.549987183834132,1.0,0.0,0.0,1.0,0.0,,-7.755505817929986,-7.755505817929986,61.0,,,,,,,-0.1271394396381965,,INSUFFICIENT,C,UNKNOWN,WATCH,LOW PRIORITY,2.0
MVELECTRO.NS,836.9500122070312,2026-10-01T23:11:23.693897+05:30,WAITING FOR 0.786,2026-09-09,948.0,2026-09-29,781.2999877929688,,912.3261973876952,864.6499938964844,991.342003173828,8.26197750283748,,,,,,,,,,,,,,,,,,,INSUFFICIENT,UNKNOWN,WATCH,LOW PRIORITY,2.0
MINDTECK.NS,150.92999267578125,2026-10-01T23:11:23.693897+05:30,WAITING FOR 0.786,2025-10-20,307.67999267578125,2026-03-30,145.1300048828125,,272.8942952880859,226.40499877929688,349.9429895019531,44.69287365774751,6.0,5.0,0.0,1.0,5.0,100.0,8.81350183439847,8.81350183439847,12.833333333333334,3.0,1.0,,80.0,80.0,100.0,0.6867663767063743,95.0,A+,C,FAST,FAR,LOW PRIORITY,81.47
INDNIPPON.NS,1224.4000244140625,2026-10-01T23:11:23.693897+05:30,WAITING FOR 0.786,2026-09-10,1564.0,2026-10-01,1187.699951171875,,1483.4717895507813,1375.8499755859375,1661.8380126953125,17.463882155465175,7.0,4.0,1.0,2.0,5.0,80.0,9.23506187883759,9.23506187883759,27.285714285714285,17.25,10.0,0.0,25.0,50.0,75.0,0.3384577651930007,81.0,A+,C,MEDIUM,FAR,LOW PRIORITY,68.2
MUTHOOTFIN.NS,2697.10009765625,2026-10-01T23:11:23.693897+05:30,WAITING FOR 0.786,2026-01-29,4149.5,2026-08-03,2671.0,,3833.101,3410.25,4533.91,29.63660238391188,6.0,4.0,1.0,1.0,5.0,80.0,4.108529346867669,4.108529346867669,15.0,6.75,2.5,2.0,75.0,75.0,75.0,0.2739019564578446,80.42,A+,C,FAST,FAR,LOW PRIORITY,64.31
BECTORFOOD.NS,213.02999877929688,2026-10-01T23:11:23.693897+05:30,WAITING FOR 0.786,2026-09-10,247.7100067138672,2026-10-01,205.02999877929688,,238.5764850158692,226.37000274658203,258.80680877685546,10.707881053270198,6.0,3.0,2.0,1.0,5.0,60.0,5.7813429262599385,5.7813429262599385,18.166666666666668,15.333333333333334,5.0,0.0,66.66666666666666,66.66666666666666,66.66666666666666,0.3182390601610975,74.2,A,C,FAST,FAR,LOW PRIORITY,58.64
MKPL.NS,3.900000095367432,2026-10-01T23:11:23.693897+05:30,WAITING FOR 0.786,2025-10-31,7.079999923706055,2026-03-30,3.559999942779541,,6.3267199277877815,5.319999933242798,7.995199918746948,38.356681821205314,6.0,3.0,2.0,1.0,5.0,60.0,4.565384492213629,4.565384492213629,22.83333333333333,2.6666666666666665,1.0,33.5,66.66666666666666,100.0,100.0,0.1999438463743195,75.63,A+,C,FAST,FAR,LOW PRIORITY,58.32
VIYASH.NS,231.75,2026-10-01T23:11:23.693897+05:30,WAITING FOR 0.786,2026-07-06,298.0,2026-10-01,226.2400054931641,,282.6433611755371,262.12000274658203,316.6575985717773,18.006211419177657,6.0,3.0,1.0,2.0,4.0,75.0,2.661791687927558,2.661791687927558,28.0,14.333333333333334,5.0,5.0,66.66666666666666,66.66666666666666,66.66666666666666,0.0950639888545556,75.33,A+,C,FAST,FAR,LOW PRIORITY,58.11
ZEEMEDIA.NS,7.199999809265137,2026-10-01T23:11:23.693897+05:30,WAITING FOR 0.786,2025-10-21,11.550000190734863,2026-03-30,6.650000095367432,,10.501400170326232,9.100000143051147,12.824000215530395,31.437715995147496,6.0,3.0,2.0,1.0,5.0,60.0,4.43693013764729,4.43693013764729,14.666666666666666,7.333333333333333,6.0,2.5,33.33333333333333,66.66666666666666,100.0,0.302517963930497,69.1,A,C,FAST,FAR,LOW PRIORITY,53.84
HBLENGINE.NS,779.3499755859375,2026-10-01T23:11:23.693897+05:30,WAITING FOR 0.786,2025-11-10,1122.0,2026-03-30,613.0,,1013.074,867.5,1254.34,23.07077512739075,23.0,9.0,14.0,0.0,23.0,39.130434782608695,0.6479104720581216,0.6479104720581216,5.565217391304348,3.7777777777777777,3.0,6.071428571428571,66.66666666666666,88.88888888888889,100.0,0.1164214129479437,63.05,B,B,FAST,FAR,LOW PRIORITY,52.82
MSPL.NS,32.52000045776367,2026-10-01T23:11:23.693897+05:30,WAITING FOR 0.786,2026-06-22,46.119998931884766,2026-10-01,31.65999984741211,,43.02555912780762,38.88999938964844,49.879598693847655,24.41701835608257,8.0,3.0,5.0,0.0,8.0,37.5,4.014453041023963,4.014453041023963,8.125,18.33333333333333,3.0,1.2,66.66666666666666,66.66666666666666,66.66666666666666,0.4940865281260262,62.44,B,B,FAST,FAR,LOW PRIORITY,51.25
HERITGFOOD.NS,402.8999938964844,2026-10-01T23:11:23.693897+05:30,WAITING FOR 0.786,2025-10-28,503.7999877929688,2026-03-30,292.54998779296875,,458.5924877929688,398.1749877929688,558.7249877929687,12.144222894821324,6.0,3.0,2.0,1.0,5.0,60.0,1.1036977946597013,1.1036977946597013,14.5,5.666666666666667,2.0,4.0,66.66666666666666,66.66666666666666,100.0,0.0761170892868759,66.89,A,C,FAST,FAR,LOW PRIORITY,50.07
AJMERA.NS,119.5999984741211,2026-10-01T23:11:23.693897+05:30,WAITING FOR 0.786,2025-11-03,221.3999938964844,2026-03-30,98.02999877929688,,194.99881494140624,159.71499633789062,253.47619262695312,38.66629471053,6.0,3.0,2.0,1.0,5.0,60.0,7.464141066742442,7.464141066742442,19.0,16.666666666666668,20.0,0.0,0.0,33.33333333333333,66.66666666666666,0.3928495298285496,62.5,B,C,SLOW,FAR,LOW PRIORITY,50.07
CALSOFT.NS,36.40999984741211,2026-10-01T23:11:23.693897+05:30,WAITING FOR 0.786,2026-09-03,43.130001068115234,2026-09-30,32.06999969482422,,40.76316077423096,37.60000038146973,46.005601425170894,10.679154521233205,2.0,2.0,0.0,0.0,2.0,100.0,10.359656251193956,10.359656251193956,3.0,3.0,3.0,,100.0,100.0,100.0,3.4532187503979856,,INSUFFICIENT,C,FAST,FAR,LOW PRIORITY,50.0
TATACHEM.NS,607.7999877929688,2026-10-01T23:11:23.693897+05:30,WAITING FOR 0.786,2025-09-26,951.2000122070312,2026-03-30,580.2999877929688,,871.827406982422,765.75,1047.6340185546874,30.28436787773255,2.0,1.0,0.0,1.0,1.0,100.0,12.77540393680286,12.77540393680286,31.0,1.0,1.0,,100.0,100.0,100.0,0.4121098044129955,,INSUFFICIENT,C,FAST,FAR,LOW PRIORITY,50.0
INA.NS,87.0199966430664,2026-10-01T23:11:23.693897+05:30,WAITING FOR 0.786,2026-04-28,161.80999755859375,2026-09-16,84.19999694824219,,145.2014574279785,123.00499725341795,181.9885977172852,40.06947438097909,1.0,1.0,0.0,0.0,1.0,100.0,11.9788506184308,11.9788506184308,2.0,2.0,2.0,,100.0,100.0,100.0,5.9894253092154,,INSUFFICIENT,C,FAST,FAR,LOW PRIORITY,50.0
TRU.NS,4.21999979019165,2026-10-01T23:11:23.693897+05:30,WAITING FOR 0.786,2025-11-06,10.989999771118164,2026-09-01,3.900000095367432,,9.472739840507508,7.444999933242798,12.833399686813356,55.45111698153043,1.0,1.0,0.0,0.0,1.0,100.0,19.27531727950415,19.27531727950415,1.0,1.0,1.0,,100.0,100.0,100.0,19.27531727950415,,INSUFFICIENT,C,FAST,FAR,LOW PRIORITY,50.0
CURAA.NS,72.25,2026-10-01T23:11:23.693897+05:30,WAITING FOR 0.786,2025-09-26,235.1999969482422,2026-09-04,60.0,,197.7071976013184,147.5999984741211,280.7519961547852,63.456059831623335,1.0,1.0,0.0,0.0,1.0,100.0,11.810985798012007,11.810985798012007,2.0,2.0,2.0,,100.0,100.0,100.0,5.905492899006004,,INSUFFICIENT,C,FAST,FAR,LOW PRIORITY,50.0
KIRLOSENG.NS,2242.699951171875,2026-10-01T23:11:23.693897+05:30,WAITING FOR 0.786,2026-06-23,2720.0,2026-09-16,1934.0,,2551.7960000000003,2327.0,2924.36,12.112882410197573,16.0,5.0,10.0,1.0,15.0,33.33333333333333,1.938361156184316,1.938361156184316,8.0625,5.2,4.0,3.5,60.0,80.0,100.0,0.2404168875887524,60.86,B,B,FAST,FAR,LOW PRIORITY,49.54
DCMFINSERV.NS,5.070000171661377,2026-10-01T23:11:23.693897+05:30,WAITING FOR 0.786,2026-03-17,8.550000190734863,2026-04-06,4.449999809265137,,7.672600109100342,6.5,9.616000289916991,33.92070354809793,12.0,6.0,6.0,0.0,12.0,50.0,-1.794717161291052,-1.794717161291052,10.25,3.8333333333333335,4.5,16.666666666666668,83.33333333333334,100.0,100.0,-0.175094357199127,62.7,B,C,FAST,FAR,LOW PRIORITY,49.45
MANAKCOAT.NS,126.58999633789062,2026-10-01T23:11:23.693897+05:30,WAITING FOR 0.786,2025-10-27,182.82000732421875,2026-03-30,94.1999969482422,,163.85532510375975,138.51000213623047,205.86121002197265,22.74282434353063,9.0,3.0,5.0,1.0,8.0,37.5,2.8710057438668093,2.8710057438668093,9.0,5.333333333333333,5.0,0.0,66.66666666666666,100.0,100.0,0.3190006382074232,63.99,B,B,FAST,FAR,LOW PRIORITY,49.08
PRAKASHSTL.NS,3.559999942779541,2026-10-01T23:11:23.693897+05:30,WAITING FOR 0.786,2025-12-30,6.570000171661377,2026-09-29,3.4600000381469727,,5.904460143089295,5.015000104904175,7.378600206375122,39.70659710615135,3.0,3.0,0.0,0.0,3.0,100.0,21.50632706540955,21.50632706540955,7.666666666666667,7.666666666666667,5.0,,66.66666666666666,66.66666666666666,100.0,2.805173095488202,,INSUFFICIENT,C,FAST,FAR,LOW PRIORITY,49.0
SHAHALLOYS.NS,85.37000274658203,2026-10-01T23:11:23.693897+05:30,WAITING FOR 0.786,2026-08-31,116.8499984741211,2026-10-01,82.44000244140625,,109.48625932312012,99.64500045776369,125.79659744262696,22.026742648468108,2.0,2.0,0.0,0.0,2.0,100.0,16.648691917290442,16.648691917290442,4.0,4.0,4.0,,100.0,100.0,100.0,4.1621729793226105,,INSUFFICIENT,C,FAST,FAR,LOW PRIORITY,49.0
PARAS.NS,1276.0,2026-10-01T23:11:23.693897+05:30,WAITING FOR 0.786,2026-09-08,1563.9000244140625,2026-10-01,1255.0,,1497.7954191894532,1409.4500122070312,1644.2140307617187,14.808125084898444,2.0,1.0,0.0,1.0,1.0,100.0,19.63155202157906,19.63155202157906,32.5,5.0,5.0,,100.0,100.0,100.0,0.6040477545101249,,INSUFFICIENT,C,FAST,FAR,LOW PRIORITY,49.0
HALDER.NS,232.72999572753903,2026-10-01T23:11:23.693897+05:30,WAITING FOR 0.786,2026-08-17,319.0,2026-10-01,227.6000061035156,,299.44040130615235,273.3000030517578,342.7639984130859,22.27835832694052,1.0,1.0,0.0,0.0,1.0,100.0,14.424832623250165,14.424832623250165,5.0,5.0,5.0,,100.0,100.0,100.0,2.884966524650033,,INSUFFICIENT,C,FAST,FAR,LOW PRIORITY,49.0
TPHQ.NS,0.5,2026-10-01T23:11:23.693897+05:30,WAITING FOR 0.786,2025-12-24,0.8600000143051147,2026-07-22,0.4000000059604645,,0.7615600125193596,0.6300000101327896,0.9796000164747238,34.34529232359222,2.0,1.0,0.0,1.0,1.0,100.0,10.736619277895386,10.736619277895386,32.5,5.0,5.0,,100.0,100.0,100.0,0.3303575162429349,,INSUFFICIENT,C,FAST,FAR,LOW PRIORITY,49.0
DIGITIDE.NS,72.33999633789062,2026-10-01T23:11:23.693897+05:30,WAITING FOR 0.786,2025-10-06,185.9199981689453,2026-03-23,69.9000015258789,,161.0917188873291,127.90999984741212,216.08519729614252,55.09390747237186,1.0,1.0,0.0,0.0,1.0,100.0,13.836814976926105,13.836814976926105,5.0,5.0,5.0,,100.0,100.0,100.0,2.767362995385221,,INSUFFICIENT,C,FAST,FAR,LOW PRIORITY,49.0
NMDC.NS,74.63999938964844,2026-10-01T23:11:23.693897+05:30,WAITING FOR 0.786,2026-06-03,97.48999786376952,2026-10-01,73.70999908447266,,92.401078125,85.5999984741211,103.67279754638672,19.22172240384945,17.0,7.0,8.0,2.0,15.0,46.66666666666666,-0.0175616720236505,-0.0175616720236505,13.0,8.571428571428571,7.0,4.75,28.57142857142857,85.71428571428571,85.71428571428571,-0.0013508978479731,60.71,B,C,FAST,FAR,LOW PRIORITY,48.92
ICEMAKE.NS,623.6500244140625,2026-10-01T23:11:23.693897+05:30,WAITING FOR 0.786,2026-07-29,860.1500244140625,2026-10-01,602.0,,804.9059191894531,731.0750122070312,927.2690307617188,22.518892016338608,20.0,7.0,13.0,0.0,20.0,35.0,-0.922834077606558,-0.922834077606558,3.0,3.857142857142857,4.0,1.8461538461538465,57.14285714285714,100.0,100.0,-0.3076113592021859,60.06,B,C,FAST,FAR,LOW PRIORITY,48.77
SAMPANN.NS,24.01000022888184,2026-10-01T23:11:23.693897+05:30,WAITING FOR 0.786,2025-11-06,43.43999862670898,2026-09-25,23.06999969482422,,39.08081885528564,33.2549991607666,48.73619834899903,38.56321097623442,1.0,1.0,0.0,0.0,1.0,100.0,9.119303810044082,9.119303810044082,2.0,2.0,2.0,,100.0,100.0,100.0,4.559651905022041,,INSUFFICIENT,C,FAST,FAR,LOW PRIORITY,48.68
SARVESHWAR.NS,3.440000057220459,2026-10-01T23:11:23.693897+05:30,WAITING FOR 0.786,2025-10-08,6.639999866485596,2026-03-30,2.5,,5.754039895057678,4.569999933242798,7.71639983177185,40.215915774668495,13.0,5.0,8.0,0.0,13.0,38.46153846153847,0.8502066669034648,0.8502066669034648,5.538461538461538,3.2,3.0,6.5,100.0,100.0,100.0,0.1535095370797922,62.21,B,B,FAST,FAR,LOW PRIORITY,48.66
SILVERTUC.NS,138.67999267578125,2026-10-01T23:11:23.693897+05:30,WAITING FOR 0.786,2025-12-31,1117.449951171875,2026-03-17,100.5,,899.8226616210937,608.9749755859375,1381.8569384765626,84.5880751184973,17.0,5.0,12.0,0.0,17.0,29.411764705882355,2.243036898128153,2.243036898128153,3.647058823529412,5.8,5.0,2.0,60.0,80.0,100.0,0.6150262462609453,59.77,B,B,FAST,FAR,LOW PRIORITY,48.64
APOLSINHOT.NS,1155.9000244140625,2026-10-01T23:11:23.693897+05:30,WAITING FOR 0.786,2026-08-10,1325.0,2026-08-26,1140.4000244140625,,1285.495605224609,1232.7000122070312,1372.9959936523437,10.081370973485605,7.0,2.0,4.0,1.0,6.0,33.33333333333333,3.859788758085752,3.859788758085752,9.714285714285714,1.5,1.5,0.0,100.0,100.0,100.0,0.397331195685298,63.86,B,B,FAST,FAR,LOW PRIORITY,48.47
GMDCLTD.NS,487.6499938964844,2026-10-01T23:11:23.693897+05:30,WAITING FOR 0.786,2026-04-17,771.9000244140625,2026-10-01,479.7999877929688,,709.3906165771484,625.8500061035156,847.8460339355469,31.257901852518945,12.0,4.0,7.0,1.0,11.0,36.36363636363637,2.040153103955079,2.040153103955079,13.75,14.25,4.0,6.428571428571429,75.0,75.0,75.0,0.148374771196733,60.73,B,B,FAST,FAR,LOW PRIORITY,48.41
INDOTHAI.NS,35.189998626708984,2026-10-01T23:11:23.693897+05:30,WAITING FOR 0.786,2025-12-03,439.8999938964844,2026-09-29,29.0,,351.96739520263674,234.4499969482422,546.7339923095703,90.00191520397814,10.0,5.0,4.0,1.0,9.0,55.55555555555556,-0.3955077306146434,-0.3955077306146434,13.0,4.6,6.0,11.75,40.0,100.0,100.0,-0.0304236715857417,64.1,B,C,FAST,FAR,LOW PRIORITY,48.32
POWERINDIA.NS,31290.0,2026-10-01T23:11:23.693897+05:30,WAITING FOR 0.786,2026-06-01,38785.0,2026-09-16,29645.0,,36829.04,34215.0,41161.4,15.03987071072176,24.0,8.0,16.0,0.0,24.0,33.33333333333333,-0.8446914996268533,-0.8446914996268533,5.25,4.75,3.0,4.875,75.0,75.0,100.0,-0.1608936189765434,57.01,B,C,FAST,FAR,LOW PRIORITY,48.29
GODFRYPHLP.NS,1849.699951171875,2026-10-01T23:11:23.693897+05:30,WAITING FOR 0.786,2025-09-29,3540.0,2026-10-01,1830.0,,3174.06,2685.0,3984.6,41.72448059671604,18.0,7.0,11.0,0.0,18.0,38.88888888888889,-0.4022002874715251,-0.4022002874715251,5.388888888888889,7.285714285714286,2.0,3.636363636363636,71.42857142857143,71.42857142857143,85.71428571428571,-0.0746351048916232,58.57,B,C,FAST,FAR,LOW PRIORITY,48.22
NILASPACES.NS,11.220000267028809,2026-10-01T23:11:23.693897+05:30,WAITING FOR 0.786,2025-09-26,20.46999931335449,2026-10-01,10.850000381469728,,18.41131954193116,15.65999984741211,22.97119903564453,39.05922798485116,9.0,4.0,4.0,1.0,8.0,50.0,-1.6071887694664788,-1.6071887694664788,10.88888888888889,2.75,2.0,6.5,75.0,100.0,100.0,-0.1475989686244725,61.99,B,C,FAST,FAR,LOW PRIORITY,48.2
SOMATEX.NS,75.76000213623047,2026-10-01T23:11:23.693897+05:30,WAITING FOR 0.786,2025-11-06,161.25,2026-10-01,75.30000305175781,,142.8567006530762,118.2750015258789,183.596999206543,46.96783434736346,5.0,5.0,0.0,0.0,5.0,100.0,26.75074814348318,26.75074814348318,17.0,17.0,7.0,,20.0,80.0,80.0,1.5735734202048928,,INSUFFICIENT,C,FAST,FAR,LOW PRIORITY,48.0
JITFINFRA.NS,275.45001220703125,2026-10-01T23:11:23.693897+05:30,WAITING FOR 0.786,2026-07-27,373.9500122070313,2026-10-01,263.54998779296875,,350.32440698242186,318.75,402.65401855468747,21.37287419404597,4.0,4.0,0.0,0.0,4.0,100.0,21.94779430273972,21.94779430273972,7.0,7.0,7.0,,50.0,50.0,100.0,3.1353991861056736,,INSUFFICIENT,C,FAST,FAR,LOW PRIORITY,48.0
ZENITHSTL.NS,5.099999904632568,2026-10-01T23:11:23.693897+05:30,WAITING FOR 0.786,2025-10-23,10.329999923706056,2026-01-29,4.409999847412109,,9.06311990737915,7.369999885559082,11.86919994354248,43.72798819002524,3.0,3.0,0.0,0.0,3.0,100.0,23.915918928365283,23.915918928365283,5.666666666666667,5.666666666666667,6.0,,33.33333333333333,100.0,100.0,4.220456281476226,,INSUFFICIENT,C,FAST,FAR,LOW PRIORITY,48.0
IFBAGRO.NS,866.9500122070312,2026-10-01T23:11:23.693897+05:30,WAITING FOR 0.786,2026-01-08,1790.0,2026-03-16,679.1500244140625,,1552.2781052246094,1234.5750122070312,2078.8209936523435,44.14982667802387,4.0,3.0,0.0,1.0,3.0,100.0,13.303323847721412,13.303323847721412,18.75,5.0,6.0,,33.33333333333333,100.0,100.0,0.7095106052118086,,INSUFFICIENT,C,FAST,FAR,LOW PRIORITY,48.0
VINNY.NS,0.8999999761581421,2026-10-01T23:11:23.693897+05:30,WAITING FOR 0.786,2025-12-11,1.5299999713897705,2026-09-30,0.8799999952316284,,1.390899976491928,1.2049999833106997,1.6989999651908874,35.29369535053946,2.0,2.0,0.0,0.0,2.0,100.0,17.413229226916286,17.413229226916286,7.0,7.0,7.0,,50.0,50.0,100.0,2.487604175273755,,INSUFFICIENT,C,FAST,FAR,LOW PRIORITY,48.0
BONLON.NS,39.970001220703125,2026-10-01T23:11:23.693897+05:30,WAITING FOR 0.786,2026-05-11,57.0,2026-09-17,35.0,,52.292,46.0,62.72,23.5638315216417,1.0,1.0,0.0,0.0,1.0,100.0,14.948276928987683,14.948276928987683,7.0,7.0,7.0,,0.0,100.0,100.0,2.1354681327125262,,INSUFFICIENT,C,FAST,FAR,LOW PRIORITY,48.0
FRACTAL.NS,727.3499755859375,2026-10-01T23:11:23.693897+05:30,WAITING FOR 0.786,2026-05-12,1118.0,2026-10-01,708.2999877929688,,1030.3241973876952,913.1499938964844,1224.522003173828,29.405717401369845,1.0,1.0,0.0,0.0,1.0,100.0,10.055649285534416,10.055649285534416,7.0,7.0,7.0,,0.0,100.0,100.0,1.4365213265049164,,INSUFFICIENT,C,FAST,FAR,LOW PRIORITY,48.0
LUXIND.NS,1092.0,2026-10-01T23:11:23.693897+05:30,WAITING FOR 0.786,2026-04-24,1823.3499755859373,2026-09-16,1030.0,,1653.5730808105468,1426.6749877929688,2029.6209692382813,33.96118909575351,1.0,1.0,0.0,0.0,1.0,100.0,10.364998611750345,10.364998611750345,7.0,7.0,7.0,,0.0,100.0,100.0,1.480714087392906,,INSUFFICIENT,C,FAST,FAR,LOW PRIORITY,48.0
HINDALCO.NS,941.8499755859376,2026-10-01T23:11:23.693897+05:30,WAITING FOR 0.786,2026-05-29,1176.0,2026-10-01,923.5,,1121.965,1049.75,1241.65,16.053533257638378,6.0,4.0,1.0,1.0,5.0,80.0,4.854646275934638,4.854646275934638,34.5,33.25,30.0,14.0,0.0,0.0,25.0,0.1407143848096996,59.09,B,C,SLOW,FAR,LOW PRIORITY,47.96
INNOVANA.NS,290.20001220703125,2026-10-01T23:11:23.693897+05:30,WAITING FOR 0.786,2025-11-19,524.9500122070312,2026-10-01,279.20001220703125,,472.3595122070312,402.0750122070313,588.8450122070312,38.56374123787328,14.0,6.0,8.0,0.0,14.0,42.85714285714285,-0.2270741320152065,-0.2270741320152065,7.357142857142857,4.333333333333333,1.5,9.25,83.33333333333334,83.33333333333334,100.0,-0.0308644451282805,60.62,B,C,FAST,FAR,LOW PRIORITY,47.93
ESSARSHPNG.NS,17.18000030517578,2026-10-01T23:11:23.693897+05:30,WAITING FOR 0.786,2025-10-30,43.2599983215332,2026-09-22,15.43000030517578,,37.30437874603271,29.34499931335449,50.49579780578613,53.946424300115545,8.0,3.0,5.0,0.0,8.0,37.5,1.8162650320972256,1.8162650320972256,3.0,2.6666666666666665,3.0,2.6,100.0,100.0,100.0,0.6054216773657419,62.34,B,B,FAST,FAR,LOW PRIORITY,47.92
TCIEXP.NS,504.75,2026-10-01T23:11:23.693897+05:30,WAITING FOR 0.786,2025-09-30,746.75,2026-03-27,447.5499877929688,,682.7211973876954,597.1499938964844,824.5420031738281,26.06791733853713,2.0,2.0,0.0,0.0,2.0,100.0,8.59922794627111,8.59922794627111,1.0,0.0,0.0,,100.0,100.0,100.0,8.59922794627111,,INSUFFICIENT,C,FAST,FAR,LOW PRIORITY,47.9
DRCSYSTEMS.NS,13.020000457763672,2026-10-01T23:11:23.693897+05:30,WAITING FOR 0.786,2025-09-29,21.5,2026-03-16,11.5,,19.36,16.5,24.1,32.747931519815744,13.0,5.0,7.0,1.0,12.0,41.66666666666667,-0.623010032283116,-0.623010032283116,11.846153846153848,2.4,2.0,11.285714285714286,100.0,100.0,100.0,-0.0525917559719513,61.19,B,C,FAST,FAR,LOW PRIORITY,47.83
ZOTA.NS,1267.800048828125,2026-10-01T23:11:23.693897+05:30,WAITING FOR 0.786,2025-12-17,1667.699951171875,2026-09-02,1022.0,,1529.5201616210938,1344.8499755859375,1835.5819384765623,17.11125615471321,17.0,5.0,11.0,1.0,16.0,31.25,1.0004527809593833,1.0004527809593833,7.823529411764706,11.4,3.0,0.7272727272727273,80.0,80.0,80.0,0.1278774231301467,58.56,B,B,FAST,FAR,LOW PRIORITY,47.81
VARDMNPOLY.NS,5.699999809265137,2026-10-01T23:11:23.693897+05:30,WAITING FOR 0.786,2026-02-26,9.09000015258789,2026-09-29,5.449999809265137,,8.311040079116822,7.269999980926514,10.036400241851808,31.41652843682531,19.0,7.0,12.0,0.0,19.0,36.84210526315789,0.0750440335934124,0.0750440335934124,8.105263157894736,8.571428571428571,2.0,7.5,71.42857142857143,71.42857142857143,85.71428571428571,0.0092586794693171,58.5,B,B,FAST,FAR,LOW PRIORITY,47.8
SURANASOL.NS,24.14999961853028,2026-10-01T23:11:23.693897+05:30,WAITING FOR 0.786,2026-07-27,30.5,2026-10-01,23.61000061035156,,29.02554013061524,27.05500030517578,32.2913998413086,16.79741527683887,5.0,4.0,0.0,1.0,4.0,100.0,8.532815193414823,8.532815193414823,16.2,5.0,2.5,,75.0,75.0,100.0,0.5267169872478286,,INSUFFICIENT,C,FAST,FAR,LOW PRIORITY,47.8
TIMKEN.NS,3098.800048828125,2026-10-01T23:11:23.693897+05:30,WAITING FOR 0.786,2026-06-22,3925.0,2026-07-23,3035.10009765625,,3734.5614208984375,3480.050048828125,4156.373974609375,17.02372247816358,13.0,5.0,8.0,0.0,13.0,38.46153846153847,0.7516479078096133,0.7516479078096133,4.307692307692308,6.0,3.0,2.5,80.0,80.0,100.0,0.1744896928843745,60.06,B,B,FAST,FAR,LOW PRIORITY,47.76
ASHOKA.NS,105.30999755859376,2026-10-01T23:11:23.693897+05:30,WAITING FOR 0.786,2025-11-04,214.5,2026-03-30,101.0,,190.211,157.75,244.01,44.63516959660917,11.0,4.0,7.0,0.0,11.0,36.36363636363637,1.0654444817049915,1.0654444817049915,6.545454545454546,11.5,2.0,2.7142857142857144,75.0,75.0,75.0,0.1627762402604848,59.21,B,B,FAST,FAR,LOW PRIORITY,47.41
RAMKY.NS,274.6000061035156,2026-10-01T23:11:23.693897+05:30,WAITING FOR 0.786,2025-10-07,705.0,2026-10-01,264.5,,610.733,484.75,819.53,55.03763410467166,12.0,5.0,7.0,0.0,12.0,41.66666666666667,-0.3828244248780743,-0.3828244248780743,4.666666666666667,3.8,2.0,4.714285714285714,80.0,80.0,100.0,-0.0820338053310159,59.57,B,C,FAST,FAR,LOW PRIORITY,47.27
AGRITECH.NS,89.95999908447266,2026-10-01T23:11:23.693897+05:30,WAITING FOR 0.786,2025-12-17,187.19000244140625,2026-10-01,89.0,,166.17734191894533,138.09500122070312,212.7194030761719,45.86506316345368,12.0,5.0,7.0,0.0,12.0,41.66666666666667,-1.682027968275598,-1.682027968275598,2.5,2.4,1.0,1.7142857142857142,80.0,100.0,100.0,-0.6728111873102393,59.54,B,C,FAST,FAR,LOW PRIORITY,47.26
BASF.NS,3417.10009765625,2026-10-01T23:11:23.693897+05:30,WAITING FOR 0.786,2025-10-03,4829.89990234375,2026-03-23,3122.199951171875,,4464.452112792969,3976.049926757813,5273.901889648438,23.459810715306205,10.0,4.0,6.0,0.0,10.0,40.0,-0.6392506298593076,-0.6392506298593076,5.2,3.25,3.0,5.833333333333333,75.0,100.0,100.0,-0.1229328134344822,60.5,B,C,FAST,FAR,LOW PRIORITY,47.17
TARIL.NS,280.79998779296875,2026-10-01T23:11:23.693897+05:30,WAITING FOR 0.786,2025-09-26,507.1499938964844,2026-02-02,224.0500030517578,,446.5665958557129,365.5999984741211,580.7559915161132,37.12024356526297,20.0,7.0,13.0,0.0,20.0,35.0,0.6015652708089436,0.6015652708089436,4.95,10.285714285714286,6.0,1.3076923076923077,42.85714285714285,57.14285714285714,85.71428571428571,0.1215283375371603,55.15,B,B,FAST,FAR,LOW PRIORITY,46.95
NIRAJ.NS,27.739999771118164,2026-10-01T23:11:23.693897+05:30,WAITING FOR 0.786,2025-12-23,45.5,2026-03-30,20.14999961853028,,40.07509991836548,32.82499980926514,52.091000099182125,30.779961054056983,9.0,4.0,5.0,0.0,9.0,44.44444444444444,-0.0395829823800806,-0.0395829823800806,3.4444444444444446,0.75,1.0,5.2,100.0,100.0,100.0,-0.0114918335942169,62.22,B,C,FAST,FAR,LOW PRIORITY,46.89
OSWALAGRO.NS,33.11000061035156,2026-10-01T23:11:23.693897+05:30,WAITING FOR 0.786,2025-11-03,81.0,2026-09-16,32.36000061035156,,70.59104013061523,56.68000030517578,93.6463998413086,53.09602953988518,8.0,3.0,5.0,0.0,8.0,37.5,1.2065203047048236,1.2065203047048236,5.75,2.333333333333333,2.0,7.2,100.0,100.0,100.0,0.2098296182095345,61.39,B,B,FAST,FAR,LOW PRIORITY,46.67
A2ZINFRA.NS,14.380000114440918,2026-10-01T23:11:23.693897+05:30,WAITING FOR 0.786,2026-08-28,17.1200008392334,2026-10-01,14.1899995803833,,16.492980569839478,15.65500020980835,17.881801166534423,12.811392376600155,12.0,5.0,6.0,1.0,11.0,45.45454545454545,-0.0903108460596385,-0.0903108460596385,14.5,5.8,6.0,13.833333333333334,20.0,100.0,100.0,-0.0062283342110095,60.54,B,C,FAST,FAR,LOW PRIORITY,46.55
REPCOHOME.NS,337.75,2026-10-01T23:11:23.693897+05:30,WAITING FOR 0.786,2026-07-03,439.8999938964844,2026-10-01,332.3999938964844,,416.8949938964844,386.1499938964844,467.8499938964844,18.984395364588185,9.0,3.0,5.0,1.0,8.0,37.5,3.150112812698592,3.150112812698592,13.666666666666666,10.333333333333334,6.0,5.6,33.33333333333333,66.66666666666666,66.66666666666666,0.2304960594657506,58.09,B,B,FAST,FAR,LOW PRIORITY,46.43
RTNINDIA.NS,25.31999969482422,2026-10-01T23:11:23.693897+05:30,WAITING FOR 0.786,2025-10-06,54.5,2026-03-09,24.39999961853028,,48.05859991836548,39.44999980926514,62.32600009918213,47.31432097931709,11.0,4.0,7.0,0.0,11.0,36.36363636363637,0.557976379033379,0.557976379033379,7.272727272727272,6.5,2.0,7.285714285714286,75.0,75.0,75.0,0.0767217521170896,58.42,B,B,FAST,FAR,LOW PRIORITY,46.37
SALZERELEC.NS,530.9000244140625,2026-10-01T23:11:23.693897+05:30,WAITING FOR 0.786,2025-10-10,952.5,2026-03-30,488.7999877929688,,853.2681973876954,720.6499938964844,1073.062003173828,37.78040409341074,18.0,5.0,12.0,1.0,17.0,29.411764705882355,0.5836439868348446,0.5836439868348446,7.333333333333333,8.8,3.0,1.6666666666666667,60.0,80.0,80.0,0.0795878163865697,57.18,B,B,FAST,FAR,LOW PRIORITY,46.24
SANDUMA.NS,177.6699981689453,2026-10-01T23:11:23.693897+05:30,WAITING FOR 0.786,2026-05-27,245.69000244140625,2026-10-01,175.0,,230.5623419189453,210.34500122070312,264.06940307617185,22.94058227800029,10.0,4.0,6.0,0.0,10.0,40.0,-2.404486441556159,-2.404486441556159,7.4,0.5,0.5,11.5,100.0,100.0,100.0,-0.3249306002102917,57.74,B,C,FAST,FAR,LOW PRIORITY,46.21
OMAXAUTO.NS,201.13999938964844,2026-10-01T23:11:23.693897+05:30,WAITING FOR 0.786,2026-07-15,250.0,2026-09-16,161.2100067138672,,230.9989414367676,205.6050033569336,273.08539825439453,12.92600817190003,16.0,5.0,10.0,1.0,15.0,33.33333333333333,1.6287354228550444,1.6287354228550444,10.4375,15.8,6.0,1.9,40.0,60.0,60.0,0.1560465075789264,55.38,B,B,FAST,FAR,LOW PRIORITY,46.16
MAHSCOOTER.NS,12380.0,2026-10-01T23:11:23.693897+05:30,WAITING FOR 0.786,2025-09-29,18098.0,2026-04-02,10901.0,,16557.842,14499.5,19969.22,25.231802550114928,9.0,3.0,5.0,1.0,8.0,37.5,1.4402787058567508,1.4402787058567508,11.22222222222222,3.6666666666666665,4.0,4.8,66.66666666666666,100.0,100.0,0.1283416668585223,61.75,B,B,FAST,FAR,LOW PRIORITY,46.15
PURVA.NS,204.63999938964844,2026-10-01T23:11:23.693897+05:30,WAITING FOR 0.786,2026-07-13,261.79998779296875,2026-10-01,197.41000366210932,,248.02053118896484,229.60499572753903,278.5413836669922,17.49070191542535,9.0,3.0,6.0,0.0,9.0,33.33333333333333,2.8002871624096857,2.8002871624096857,8.444444444444445,21.0,4.0,1.1666666666666667,66.66666666666666,66.66666666666666,66.66666666666666,0.3316129534432522,58.88,B,B,FAST,FAR,LOW PRIORITY,46.14
KAYA.NS,298.1499938964844,2026-10-01T23:11:23.693897+05:30,WAITING FOR 0.786,2025-11-04,474.8999938964844,2026-06-04,224.009994506836,,421.2095340270996,349.45499420166016,540.1313937377929,29.2157537257212,2.0,2.0,0.0,0.0,2.0,100.0,18.998768084164418,18.998768084164418,9.5,9.5,9.5,,50.0,50.0,100.0,1.999870324648886,,INSUFFICIENT,C,MEDIUM,FAR,LOW PRIORITY,46.0
MRPL.NS,164.75999450683594,2026-10-01T23:11:23.693897+05:30,WAITING FOR 0.786,2026-03-06,212.3099975585937,2026-05-20,143.1199951171875,,197.5033370361328,177.71499633789062,230.29939819335937,16.578627490889712,2.0,1.0,0.0,1.0,1.0,100.0,16.669692676440413,16.669692676440413,35.0,8.0,8.0,,0.0,100.0,100.0,0.4762769336125832,,INSUFFICIENT,C,MEDIUM,FAR,LOW PRIORITY,46.0
GOPAL.NS,254.75,2026-10-01T23:11:23.693897+05:30,WAITING FOR 0.786,2026-05-13,330.95001220703125,2026-09-29,247.6000061035156,,313.1131109008789,289.27500915527344,352.6210137939453,18.63962538424483,1.0,1.0,0.0,0.0,1.0,100.0,11.659337828569145,11.659337828569145,8.0,8.0,8.0,,0.0,100.0,100.0,1.457417228571143,,INSUFFICIENT,C,MEDIUM,FAR,LOW PRIORITY,46.0
AKASH.NS,24.950000762939453,2026-10-01T23:11:23.693897+05:30,WAITING FOR 0.786,2026-01-09,34.7400016784668,2026-03-30,22.799999237060547,,32.18484115600586,28.770000457763672,37.84440231323242,22.47903091395667,1.0,1.0,0.0,0.0,1.0,100.0,12.325889238303152,12.325889238303152,8.0,8.0,8.0,,0.0,100.0,100.0,1.540736154787894,,INSUFFICIENT,C,MEDIUM,FAR,LOW PRIORITY,46.0
KSHITIJPOL.NS,3.940000057220459,2026-10-01T23:11:23.693897+05:30,WAITING FOR 0.786,2026-06-11,7.199999809265137,2026-07-21,2.2699999809265137,,6.144979846000672,4.734999895095825,8.481799764633179,35.882620350907686,1.0,1.0,0.0,0.0,1.0,100.0,23.23163957867126,23.23163957867126,8.0,8.0,8.0,,0.0,100.0,100.0,2.9039549473339075,,INSUFFICIENT,C,MEDIUM,FAR,LOW PRIORITY,46.0
TEJASNET.NS,464.7999877929688,2026-10-01T23:11:23.693897+05:30,WAITING FOR 0.786,2026-09-10,592.0499877929688,2026-10-01,461.1000061035156,,564.0266917114258,526.5749969482422,626.0969830322266,17.592554639102893,12.0,4.0,8.0,0.0,12.0,33.33333333333333,1.4273698624534912,1.4273698624534912,4.916666666666667,12.25,5.0,0.375,75.0,75.0,75.0,0.2903125143973202,58.56,B,B,FAST,FAR,LOW PRIORITY,45.97
ANGELONE.NS,276.79998779296875,2026-10-01T23:11:23.693897+05:30,WAITING FOR 0.786,2026-07-16,355.29998779296875,2026-10-01,267.79998779296875,,336.5749877929687,311.54998779296875,378.0499877929688,17.75978672448717,10.0,4.0,5.0,1.0,9.0,44.44444444444444,-0.8009596409981491,-0.8009596409981491,15.4,10.0,2.5,10.0,75.0,75.0,75.0,-0.0520103662985811,59.53,B,C,FAST,FAR,LOW PRIORITY,45.95
ALPA.NS,59.2599983215332,2026-10-01T23:11:23.693897+05:30,WAITING FOR 0.786,2025-10-13,93.8499984741211,2026-03-30,46.09999847412109,,83.63149847412109,69.9749984741211,106.26499847412109,29.14153231408307,9.0,3.0,5.0,1.0,8.0,37.5,2.889178923281938,2.889178923281938,10.555555555555555,8.666666666666666,6.0,0.8,33.33333333333333,66.66666666666666,100.0,0.2737116874688152,57.68,B,B,FAST,FAR,LOW PRIORITY,45.9
FORCEMOT.NS,16800.0,2026-10-01T23:11:23.693897+05:30,WAITING FOR 0.786,2026-02-18,26450.0,2026-10-01,16531.0,,24327.334000000003,21490.5,29028.94,30.94187797150317,11.0,4.0,7.0,0.0,11.0,36.36363636363637,0.2350668024904659,0.2350668024904659,9.727272727272728,11.25,1.5,8.0,75.0,75.0,75.0,0.0241657460504217,57.91,B,B,FAST,FAR,LOW PRIORITY,45.71
DSSL.NS,948.75,2026-10-01T23:11:23.693897+05:30,WAITING FOR 0.786,2026-05-25,1924.800048828125,2026-10-01,941.0499877929688,,1714.2775357666014,1432.9250183105469,2180.5750646972656,44.655985964622005,18.0,5.0,12.0,1.0,17.0,29.411764705882355,0.7745507154574803,0.7745507154574803,6.5,5.8,5.0,1.3333333333333333,60.0,80.0,100.0,0.11916164853192,57.47,B,B,FAST,FAR,LOW PRIORITY,45.63
VSTTILLERS.NS,4339.7998046875,2026-10-01T23:11:23.693897+05:30,WAITING FOR 0.786,2026-02-20,6350.0,2026-09-16,3950.0,,5836.4,5150.0,6974.0,25.64252270770509,11.0,3.0,6.0,2.0,9.0,33.33333333333333,1.8798848586195704,1.8798848586195704,17.181818181818183,14.0,2.0,3.5,66.66666666666666,66.66666666666666,66.66666666666666,0.1094112880678056,58.44,B,B,FAST,FAR,LOW PRIORITY,45.61
BHAGCHEM.NS,236.1499938964844,2026-10-01T23:11:23.693897+05:30,WAITING FOR 0.786,2026-08-18,299.0,2026-10-01,228.0,,283.806,263.5,317.46,16.791754262952725,14.0,5.0,9.0,0.0,14.0,35.714285714285715,0.2248297651110913,0.2248297651110913,6.214285714285714,4.2,2.0,6.222222222222222,80.0,80.0,100.0,0.0361795024316698,58.14,B,B,FAST,FAR,LOW PRIORITY,45.61
SANDHAR.NS,563.8499755859375,2026-10-01T23:11:23.693897+05:30,WAITING FOR 0.786,2026-06-12,763.2000122070312,2026-10-01,550.0,,717.5752095947266,656.6000061035156,818.6320153808595,21.422874139647373,9.0,3.0,5.0,1.0,8.0,37.5,1.2241696173247698,1.2241696173247698,11.11111111111111,9.0,0.0,1.6,66.66666666666666,66.66666666666666,66.66666666666666,0.1101752655592292,58.08,B,B,FAST,FAR,LOW PRIORITY,45.54
TTKPRESTIG.NS,506.3999938964844,2026-10-01T23:11:23.693897+05:30,WAITING FOR 0.786,2026-08-26,614.7000122070312,2026-10-01,497.0,,589.5122095947265,555.8500061035156,645.3020153808594,14.098472320934544,2.0,2.0,0.0,0.0,2.0,100.0,6.904599498577257,6.904599498577257,2.5,2.0,2.0,,100.0,100.0,100.0,2.761839799430903,,INSUFFICIENT,C,FAST,FAR,LOW PRIORITY,45.36
SHYAMTEL.NS,10.31999969482422,2026-10-01T23:11:23.693897+05:30,WAITING FOR 0.786,2026-05-06,25.420000076293945,2026-10-01,10.239999771118164,,22.17148001098633,17.829999923706055,29.36680015563965,53.45371761510512,8.0,3.0,5.0,0.0,8.0,37.5,3.5217303922125875,3.5217303922125875,5.125,7.333333333333333,9.0,3.4,33.33333333333333,66.66666666666666,100.0,0.6871669057975781,58.67,B,B,MEDIUM,FAR,LOW PRIORITY,45.19
TFL.NS,11.81999969482422,2026-10-01T23:11:23.693897+05:30,WAITING FOR 0.786,2025-12-24,18.5,2026-07-24,10.210000038146973,,16.72594000816345,14.355000019073486,20.655399990081783,29.331327931014844,9.0,3.0,6.0,0.0,9.0,33.33333333333333,1.2076987234562002,1.2076987234562002,5.222222222222222,3.6666666666666665,3.0,5.666666666666667,66.66666666666666,100.0,100.0,0.2312614576831021,59.72,B,B,FAST,FAR,LOW PRIORITY,45.05
UNIINFO.NS,10.850000381469728,2026-10-01T23:11:23.693897+05:30,WAITING FOR 0.786,2025-10-14,18.979999542236328,2026-03-27,9.359999656677246,,16.921319566726684,14.169999599456789,21.481199512481687,35.87970288791971,9.0,4.0,5.0,0.0,9.0,44.44444444444444,-1.879313212890728,-1.879313212890728,3.6666666666666665,4.5,2.0,2.6,75.0,75.0,100.0,-0.5125399671520167,56.84,B,C,FAST,FAR,LOW PRIORITY,45.01
DHRUV.NS,19.739999771118164,2026-10-01T23:11:23.693897+05:30,WAITING FOR 0.786,2025-12-18,56.9900016784668,2026-10-01,19.459999084472656,,48.95858112335205,38.22500038146973,66.74780235290527,59.68020453578328,5.0,4.0,1.0,0.0,5.0,80.0,10.796314319325834,10.796314319325834,16.4,15.0,2.5,22.0,75.0,75.0,75.0,0.6583118487393802,,INSUFFICIENT,C,FAST,FAR,LOW PRIORITY,45.0
JKTYRE.NS,340.3500061035156,2026-10-01T23:11:23.693897+05:30,WAITING FOR 0.786,2026-02-11,611.9000244140625,2026-09-29,333.1000061035156,,552.2368204956055,472.50001525878906,684.3880291748046,38.36883136512553,6.0,2.0,3.0,1.0,5.0,40.0,4.329153773906205,4.329153773906205,15.5,8.0,8.0,5.0,0.0,100.0,100.0,0.2793002434778197,64.26,B,C,MEDIUM,FAR,LOW PRIORITY,44.98
SANGHVIMOV.NS,429.5,2026-10-01T23:11:23.693897+05:30,WAITING FOR 0.786,2026-08-10,528.0,2026-09-16,395.2999877929688,,499.6021973876953,461.6499938964844,562.5020031738281,14.031603094270508,13.0,4.0,8.0,1.0,12.0,33.33333333333333,0.42034954307697,0.42034954307697,7.769230769230769,7.0,2.0,0.75,75.0,75.0,75.0,0.0541043966336694,56.99,B,B,FAST,FAR,LOW PRIORITY,44.91
OMINFRAL.NS,76.08000183105469,2026-10-01T23:11:23.693897+05:30,WAITING FOR 0.786,2025-09-26,137.5,2026-01-27,71.5,,123.376,104.5,154.66,38.33484483930855,14.0,5.0,9.0,0.0,14.0,35.714285714285715,0.2833323155815569,0.2833323155815569,5.5,11.8,4.0,1.5555555555555556,80.0,80.0,80.0,0.0515149664693739,58.23,B,B,FAST,FAR,LOW PRIORITY,44.73
ANDHRAPAP.NS,71.36000061035156,2026-10-01T23:11:23.693897+05:30,WAITING FOR 0.786,2025-10-06,86.88999938964844,2026-03-30,58.0,,80.70753952026368,72.44499969482422,94.40139923095704,11.581989694488431,12.0,4.0,8.0,0.0,12.0,33.33333333333333,-0.4933823350787381,-0.4933823350787381,5.25,2.25,1.0,6.125,75.0,100.0,100.0,-0.0939775876340453,58.06,B,C,FAST,FAR,LOW PRIORITY,44.65
TSFINV.NS,409.1499938964844,2026-10-01T23:11:23.693897+05:30,WAITING FOR 0.786,2025-10-14,701.5,2026-03-30,331.70001220703125,,622.3628026123047,516.6000061035156,797.647996826172,34.258604116582994,16.0,5.0,11.0,0.0,16.0,31.25,1.9141592387697384,1.9141592387697384,5.9375,13.6,9.0,1.818181818181818,20.0,80.0,80.0,0.3223847138980612,56.99,B,B,MEDIUM,FAR,LOW PRIORITY,44.63
BTML.NS,7.090000152587891,2026-10-01T23:11:23.693897+05:30,WAITING FOR 0.786,2026-09-08,8.489999771118164,2026-10-01,6.309999942779541,,8.023479807853699,7.399999856948851,9.056799726486206,11.634349155488389,11.0,3.0,7.0,1.0,10.0,30.0,0.454920444250537,0.454920444250537,9.363636363636363,2.6666666666666665,3.0,4.571428571428571,100.0,100.0,100.0,0.0485837367646204,58.21,B,B,FAST,FAR,LOW PRIORITY,44.56
GRAVITA.NS,1412.5999755859375,2026-10-01T23:11:23.693897+05:30,WAITING FOR 0.786,2026-09-03,1769.9000244140625,2026-10-01,1388.0,,1688.1734191894532,1578.9500122070312,1869.1940307617188,16.323763925617747,11.0,4.0,7.0,0.0,11.0,36.36363636363637,0.1547487771235894,0.1547487771235894,10.636363636363637,17.0,4.0,6.428571428571429,75.0,75.0,75.0,0.0145490303278588,57.79,B,B,FAST,FAR,LOW PRIORITY,44.55
NITIRAJ.NS,200.8999938964844,2026-10-01T23:11:23.693897+05:30,WAITING FOR 0.786,2026-09-04,241.0,2026-10-01,200.0,,232.226,220.5,251.66,13.489448254508806,14.0,5.0,9.0,0.0,14.0,35.714285714285715,-1.1601035341103072,-1.1601035341103072,2.7142857142857144,4.8,3.0,0.5555555555555556,60.0,80.0,100.0,-0.4274065651985342,55.97,B,C,FAST,FAR,LOW PRIORITY,44.52
FORTIS.NS,785.0,2026-10-01T23:11:23.693897+05:30,WAITING FOR 0.786,2025-10-17,1104.300048828125,2026-10-01,745.3499755859375,,1027.484733154297,924.8250122070312,1197.6270678710937,23.59983806376256,14.0,5.0,9.0,0.0,14.0,35.714285714285715,-1.1998455745818024,-1.1998455745818024,9.571428571428571,6.8,2.0,10.555555555555555,80.0,80.0,80.0,-0.125357000329442,55.91,B,C,FAST,FAR,LOW PRIORITY,44.5
DHUNINV.NS,967.2999877929688,2026-10-01T23:11:23.693897+05:30,WAITING FOR 0.786,2025-10-17,1573.0999755859375,2026-03-30,667.0999755859375,,1379.2159755859377,1120.0999755859375,1808.6599755859368,29.8659524747727,11.0,4.0,7.0,0.0,11.0,36.36363636363637,-1.3992831740532046,-1.3992831740532046,4.454545454545454,10.0,0.5,0.0,75.0,75.0,75.0,-0.3141247941752092,55.36,B,C,FAST,FAR,LOW PRIORITY,44.47
SDBL.NS,74.94000244140625,2026-10-01T23:11:23.693897+05:30,WAITING FOR 0.786,2025-10-17,136.0,2026-03-30,61.79999923706055,,120.12119983673097,98.89999961853027,155.29200019836426,37.6130087417834,14.0,5.0,9.0,0.0,14.0,35.714285714285715,-1.311800986541032,-1.311800986541032,5.928571428571429,7.0,3.0,4.777777777777778,80.0,80.0,80.0,-0.2212676362840294,55.74,B,C,FAST,FAR,LOW PRIORITY,44.44
POKARNA.NS,699.0999755859375,2026-10-01T23:11:23.693897+05:30,WAITING FOR 0.786,2026-08-10,1079.0,2026-10-01,684.5499877929688,,994.5876973876952,881.7749938964844,1181.5570031738282,29.709569360033534,10.0,3.0,6.0,1.0,9.0,33.33333333333333,1.2977267677892437,1.2977267677892437,9.2,5.333333333333333,0.0,1.6666666666666667,66.66666666666666,66.66666666666666,100.0,0.141057257368396,57.53,B,B,FAST,FAR,LOW PRIORITY,44.42
WEL.NS,71.69999694824219,2026-10-01T23:11:23.693897+05:30,WAITING FOR 0.786,2026-08-27,179.1999969482422,2026-09-18,68.01000213623047,,155.40533805847167,123.60499954223631,208.10939559936523,53.86259066515149,17.0,5.0,12.0,0.0,17.0,29.411764705882355,-1.149943677580966,-1.149943677580966,7.764705882352941,7.4,2.0,7.416666666666667,60.0,80.0,80.0,-0.148098806961185,54.47,C,C,FAST,FAR,LOW PRIORITY,44.42
MEGASTAR.NS,267.17999267578125,2026-10-01T23:11:23.693897+05:30,WAITING FOR 0.786,2026-07-13,392.0,2026-09-28,235.0,,358.402,313.5,432.82,25.452426974240865,18.0,6.0,12.0,0.0,18.0,33.33333333333333,-1.3134938996515169,-1.3134938996515169,6.166666666666667,9.166666666666666,4.0,4.166666666666667,66.66666666666666,66.66666666666666,83.33333333333334,-0.2129990107543,54.45,C,C,FAST,FAR,LOW PRIORITY,44.39
ADANIGREEN.NS,1276.0999755859375,2026-10-01T23:11:23.693897+05:30,WAITING FOR 0.786,2026-07-14,1631.5,2026-08-31,1214.9000244140625,,1542.3476052246094,1423.2000122070312,1739.815993652344,17.262491849228677,4.0,4.0,0.0,0.0,4.0,100.0,6.25580148227695,6.25580148227695,2.75,2.75,1.5,,75.0,100.0,100.0,2.274836902646164,,INSUFFICIENT,C,FAST,FAR,LOW PRIORITY,44.38
ASIANHOTNR.NS,348.1000061035156,2026-10-01T23:11:23.693897+05:30,WAITING FOR 0.786,2026-09-08,423.7999877929688,2026-09-30,339.29998779296875,,405.7169877929688,381.5499877929688,445.7699877929688,14.201274145033883,12.0,4.0,8.0,0.0,12.0,33.33333333333333,-1.0120589819613854,-1.0120589819613854,4.75,2.75,2.0,5.25,75.0,100.0,100.0,-0.2130650488339759,57.25,B,C,FAST,FAR,LOW PRIORITY,44.37
HIRECT.NS,1123.800048828125,2026-10-01T23:11:23.693897+05:30,WAITING FOR 0.786,2026-07-16,1399.0,2026-10-01,1102.5,,1335.549,1250.75,1476.09,15.85482458313959,16.0,5.0,11.0,0.0,16.0,31.25,-0.723817814260425,-0.723817814260425,6.6875,7.8,5.0,5.727272727272728,80.0,80.0,80.0,-0.1082344395155775,55.87,B,C,FAST,FAR,LOW PRIORITY,44.37
JSLL.NS,480.7999877929688,2026-10-01T23:11:23.693897+05:30,WAITING FOR 0.786,2026-06-04,749.6500244140625,2026-10-01,474.0,,690.6609191894531,611.8250122070312,821.3190307617188,30.385522847126385,14.0,5.0,9.0,0.0,14.0,35.714285714285715,0.0270526575855379,0.0270526575855379,6.357142857142857,12.2,4.0,2.555555555555556,60.0,80.0,80.0,0.0042554742269385,57.83,B,B,FAST,FAR,LOW PRIORITY,44.21
KUANTUM.NS,76.70999908447266,2026-10-01T23:11:23.693897+05:30,WAITING FOR 0.786,2025-09-26,116.0,2026-03-30,65.01000213623047,,105.08814045715332,90.50500106811523,129.25739944458007,27.00413314883141,9.0,3.0,6.0,0.0,9.0,33.33333333333333,1.8440142083461903,1.8440142083461903,6.444444444444445,17.333333333333332,5.0,0.1666666666666666,66.66666666666666,66.66666666666666,66.66666666666666,0.2861401357778571,57.38,B,B,FAST,FAR,LOW PRIORITY,44.18
RECLTD.NS,287.75,2026-10-01T23:11:23.693897+05:30,WAITING FOR 0.786,2026-07-29,378.7000122070313,2026-10-01,286.20001220703125,,358.90501220703123,332.45001220703125,402.75001220703126,19.825583312273743,8.0,3.0,4.0,1.0,7.0,42.85714285714285,-0.2387544518414585,-0.2387544518414585,10.125,2.6666666666666665,3.0,2.75,100.0,100.0,100.0,-0.0235806866016255,61.27,B,C,FAST,FAR,LOW PRIORITY,44.16
UNIVCABLES.NS,1451.300048828125,2026-10-01T23:11:23.693897+05:30,WAITING FOR 0.786,2026-08-31,1735.0,2026-09-16,1338.4000244140625,,1650.1276052246094,1536.7000122070312,1838.115993652344,12.049223088381744,26.0,6.0,19.0,1.0,25.0,24.0,-0.5747908493421908,-0.5747908493421908,5.846153846153846,5.166666666666667,4.5,2.421052631578948,50.0,83.33333333333334,100.0,-0.09831948738748,54.54,C,C,FAST,FAR,LOW PRIORITY,44.09
STYLAMIND.NS,3219.89990234375,2026-10-01T23:11:23.693897+05:30,WAITING FOR 0.786,2026-07-22,4150.0,2026-09-17,3152.199951171875,,3936.470789550781,3651.0999755859375,4409.428012695313,18.203383830743583,14.0,5.0,7.0,2.0,12.0,41.66666666666667,-0.6979761411054168,-0.6979761411054168,15.214285714285714,7.4,7.0,7.571428571428571,20.0,80.0,100.0,-0.0458763660820461,56.08,B,C,FAST,FAR,LOW PRIORITY,44.04
DREAMFOLKS.NS,61.5,2026-10-01T23:11:23.693897+05:30,WAITING FOR 0.786,2025-10-14,160.0,2026-03-30,56.0,,137.744,108.0,187.04,55.35195725403648,2.0,2.0,0.0,0.0,2.0,100.0,12.936871547138884,12.936871547138884,12.5,12.5,12.5,,50.0,50.0,100.0,1.0349497237711107,,INSUFFICIENT,C,MEDIUM,FAR,LOW PRIORITY,44.0
ATLANTAELE.NS,1716.5,2026-10-01T23:11:23.693897+05:30,WAITING FOR 0.786,2026-06-04,2152.60009765625,2026-07-29,1493.0,,2011.4456767578129,1822.800048828125,2324.096123046875,14.663367754143202,1.0,1.0,0.0,0.0,1.0,100.0,18.2364042358968,18.2364042358968,13.0,13.0,13.0,,0.0,0.0,100.0,1.4028003258382151,,INSUFFICIENT,C,MEDIUM,FAR,LOW PRIORITY,44.0
DIGJAMLMTD.NS,47.959999084472656,2026-10-01T23:11:23.693897+05:30,WAITING FOR 0.786,2026-09-11,73.19000244140625,2026-10-01,47.93999862670898,,67.78650162506104,60.56500053405762,79.75500343322754,29.24845222173025,1.0,1.0,0.0,0.0,1.0,100.0,51.89821102185637,51.89821102185637,13.0,13.0,13.0,,0.0,0.0,100.0,3.992170078604336,,INSUFFICIENT,C,MEDIUM,FAR,LOW PRIORITY,44.0
VISHWARAJ.NS,5.179999828338623,2026-10-01T23:11:23.693897+05:30,WAITING FOR 0.786,2025-10-09,8.5,2026-03-30,4.139999866485596,,7.566959971427917,6.319999933242798,9.633600034713744,31.544506011690515,1.0,1.0,0.0,0.0,1.0,100.0,10.401265320431348,10.401265320431348,13.0,13.0,13.0,,0.0,0.0,100.0,0.8000973323408729,,INSUFFICIENT,C,MEDIUM,FAR,LOW PRIORITY,44.0
CAMLINFINE.NS,91.01000213623048,2026-10-01T23:11:23.693897+05:30,WAITING FOR 0.786,2025-09-26,217.5800018310547,2026-10-01,89.12000274658203,,190.08956202697755,153.35000228881836,250.9796015930176,52.12256729629673,1.0,1.0,0.0,0.0,1.0,100.0,34.1768950554928,34.1768950554928,12.0,12.0,12.0,,0.0,0.0,100.0,2.848074587957733,,INSUFFICIENT,C,MEDIUM,FAR,LOW PRIORITY,44.0
JSL.NS,732.7000122070312,2026-10-01T23:11:23.693897+05:30,WAITING FOR 0.786,2026-01-07,884.0,2026-06-11,652.25,,834.4055000000001,768.125,944.255,12.188976198379423,14.0,7.0,6.0,1.0,13.0,53.84615384615385,4.05849287302516,4.05849287302516,18.214285714285715,20.857142857142858,27.0,7.833333333333333,28.57142857142857,42.85714285714285,42.85714285714285,0.222819216558244,52.67,C,C,SLOW,FAR,LOW PRIORITY,43.98
EIHAHOTELS.NS,296.1000061035156,2026-10-01T23:11:23.693897+05:30,WAITING FOR 0.786,2025-10-15,403.4500122070313,2026-03-30,266.6499938964844,,374.17480828857424,335.0500030517578,439.0180169677734,20.865862814806366,10.0,3.0,5.0,2.0,8.0,37.5,1.180668581348937,1.180668581348937,15.8,5.0,6.0,3.6,33.33333333333333,100.0,100.0,0.0747258595790466,59.34,B,B,FAST,FAR,LOW PRIORITY,43.92
ARCHIES.NS,12.369999885559082,2026-10-01T23:11:23.693897+05:30,WAITING FOR 0.786,2025-09-26,21.989999771118164,2026-03-30,10.859999656677246,,19.60817974662781,16.424999713897705,24.8837998008728,36.91408358449764,9.0,3.0,5.0,1.0,8.0,37.5,-0.5769994052702507,-0.5769994052702507,8.333333333333334,1.3333333333333333,1.0,1.4,100.0,100.0,100.0,-0.06923992863243,58.6,B,C,FAST,FAR,LOW PRIORITY,43.88
JINDALPHOT.NS,1031.800048828125,2026-10-01T23:11:23.693897+05:30,WAITING FOR 0.786,2026-02-12,1532.0,2026-06-03,971.0999755859376,,1411.9673947753906,1251.5499877929688,1677.8340063476562,26.92465473027024,18.0,5.0,12.0,1.0,17.0,29.411764705882355,-2.274751662858446,-2.274751662858446,6.944444444444445,3.4,0.0,2.75,80.0,80.0,100.0,-0.3275642394516162,52.71,C,C,FAST,FAR,LOW PRIORITY,43.8
TIINDIA.NS,2340.0,2026-10-01T23:11:23.693897+05:30,WAITING FOR 0.786,2026-08-18,2989.0,2026-10-01,2307.300048828125,,2843.1162104492187,2648.1500244140625,3166.2419873046874,17.69594252250861,16.0,5.0,11.0,0.0,16.0,31.25,-0.5122086648838471,-0.5122086648838471,6.25,8.2,4.0,4.727272727272728,60.0,60.0,80.0,-0.0819533863814155,54.2,C,C,FAST,FAR,LOW PRIORITY,43.78
GKWLIMITED.NS,1530.0,2026-10-01T23:11:23.693897+05:30,WAITING FOR 0.786,2026-06-09,1930.0,2026-09-29,1501.800048828125,,1838.3652104492187,1715.9000244140625,2041.331987304688,16.773881962978795,8.0,3.0,5.0,0.0,8.0,37.5,1.833297207215565,1.833297207215565,9.625,22.666666666666668,6.0,1.2,33.33333333333333,66.66666666666666,66.66666666666666,0.1904724371133054,56.03,B,B,FAST,FAR,LOW PRIORITY,43.74
AHLUCONT.NS,555.9000244140625,2026-10-01T23:11:23.693897+05:30,WAITING FOR 0.786,2025-11-18,1077.949951171875,2026-10-01,540.5499877929688,,962.9463590087892,809.2499694824219,1217.6739416503906,42.27092514412959,12.0,4.0,8.0,0.0,12.0,33.33333333333333,-0.5694297129290108,-0.5694297129290108,9.25,3.25,0.5,11.625,75.0,75.0,100.0,-0.0615599689652984,55.44,B,C,FAST,FAR,LOW PRIORITY,43.74
COHANCE.NS,451.2999877929688,2026-10-01T23:11:23.693897+05:30,WAITING FOR 0.786,2025-10-21,917.8499755859376,2026-03-09,266.70001220703125,,778.5038834228516,592.2749938964844,1087.1489660644531,42.02983473778756,16.0,4.0,11.0,1.0,15.0,26.666666666666668,-1.7948041017422969,-1.7948041017422969,6.125,2.75,2.5,2.0,100.0,100.0,100.0,-0.2930292411007831,54.36,C,C,FAST,FAR,LOW PRIORITY,43.69
ASALCBR.NS,611.0999755859375,2026-10-01T23:11:23.693897+05:30,WAITING FOR 0.786,2025-11-03,1277.0,2026-10-01,596.0499877929688,,1131.276697387695,936.5249938964844,1454.0470031738282,45.9813874892793,8.0,3.0,5.0,0.0,8.0,37.5,-1.2143571975087966,-1.2143571975087966,6.0,2.333333333333333,3.0,7.6,100.0,100.0,100.0,-0.2023928662514661,57.6,B,C,FAST,FAR,LOW PRIORITY,43.53
ARIHANTCAP.NS,88.58999633789062,2026-10-01T23:11:23.693897+05:30,WAITING FOR 0.786,2025-10-24,120.0,2026-03-30,56.970001220703125,,106.51158026123048,88.48500061035156,136.3877996826172,16.825948764805993,14.0,4.0,8.0,2.0,12.0,33.33333333333333,-0.9709645320010386,-0.9709645320010386,14.071428571428571,13.5,3.0,2.25,75.0,75.0,75.0,-0.0690025555736778,54.82,C,C,FAST,FAR,LOW PRIORITY,43.52
GOACARBON.NS,402.8999938964844,2026-10-01T23:11:23.693897+05:30,WAITING FOR 0.786,2026-09-10,484.0,2026-10-01,392.0499877929688,,464.3226973876953,438.0249938964844,507.9070031738281,13.228451642958314,11.0,3.0,7.0,1.0,10.0,30.0,-0.2628586081999499,-0.2628586081999499,14.090909090909092,1.0,1.0,12.428571428571429,100.0,100.0,100.0,-0.0186544818722545,57.09,B,C,FAST,FAR,LOW PRIORITY,43.48
CINEVISTA.NS,13.630000114440918,2026-10-01T23:11:23.693897+05:30,WAITING FOR 0.786,2025-10-17,20.89999961853028,2026-03-30,12.15999984741211,,19.029639667510985,16.52999973297119,23.172399559020995,28.37489120873261,7.0,3.0,4.0,0.0,7.0,42.85714285714285,-1.5442438843866273,-1.5442438843866273,5.0,3.333333333333333,3.0,6.0,100.0,100.0,100.0,-0.3088487768773255,59.23,B,C,FAST,FAR,LOW PRIORITY,43.44
KIMS.NS,736.25,2026-10-01T23:11:23.693897+05:30,WAITING FOR 0.786,2026-07-06,858.0,2026-10-01,722.4000244140625,,828.9816052246094,790.2000122070312,893.2559936523437,11.18620782900052,18.0,7.0,11.0,0.0,18.0,38.88888888888889,0.1905513370512966,0.1905513370512966,8.38888888888889,13.857142857142858,8.0,4.454545454545454,42.85714285714285,57.14285714285714,71.42857142857143,0.0227147289200221,55.07,B,B,MEDIUM,FAR,LOW PRIORITY,43.28
RSYSTEMS.NS,263.6000061035156,2026-10-01T23:11:23.693897+05:30,WAITING FOR 0.786,2025-11-19,430.0,2026-07-06,213.5200042724609,,383.6732809143066,321.76000213623047,486.2847988891602,31.29570934015845,8.0,3.0,5.0,0.0,8.0,37.5,2.58037937226826,2.58037937226826,3.75,8.333333333333334,8.0,0.0,33.33333333333333,66.66666666666666,100.0,0.6881011659382027,57.2,B,B,MEDIUM,FAR,LOW PRIORITY,43.27
AUSOMENT.NS,139.0,2026-10-01T23:11:23.693897+05:30,WAITING FOR 0.786,2026-09-04,166.58999633789062,2026-09-28,136.0,,160.04373712158204,151.2949981689453,174.5433953857422,13.148741400355789,9.0,4.0,5.0,0.0,9.0,44.44444444444444,-1.298089479804637,-1.298089479804637,7.888888888888889,6.25,6.0,9.0,50.0,100.0,100.0,-0.1645465537780525,57.25,B,C,FAST,FAR,LOW PRIORITY,43.15
KRISHNADEF.NS,1000.9000244140624,2026-10-01T23:11:23.693897+05:30,WAITING FOR 0.786,2026-06-22,1400.0,2026-08-31,965.2999877929688,,1306.9741973876953,1182.6499938964844,1513.022003173828,23.41853217801822,21.0,7.0,14.0,0.0,21.0,33.33333333333333,0.0288545527704648,0.0288545527704648,8.523809523809524,13.571428571428571,8.0,5.214285714285714,42.85714285714285,57.14285714285714,71.42857142857143,0.0033851709954176,53.59,C,C,MEDIUM,FAR,LOW PRIORITY,43.13
UNITDSPR.NS,1335.0999755859375,2026-10-01T23:11:23.693897+05:30,WAITING FOR 0.786,2026-08-21,1563.4000244140625,2026-10-01,1316.5,,1510.563419189453,1439.9500122070312,1627.5940307617188,11.615761468503372,11.0,3.0,6.0,2.0,9.0,33.33333333333333,0.0830427645070608,0.0830427645070608,21.181818181818183,2.6666666666666665,1.0,16.833333333333332,66.66666666666666,100.0,100.0,0.0039204738608483,58.96,B,B,FAST,FAR,LOW PRIORITY,43.09
NLCINDIA.NS,253.1999969482422,2026-10-01T23:11:23.693897+05:30,WAITING FOR 0.786,2026-05-14,387.7999877929688,2026-09-29,251.1999969482422,,358.56758975219725,319.49999237060547,423.3159854125977,29.38569904680276,12.0,5.0,7.0,0.0,12.0,41.66666666666667,-1.427748054834117,-1.427748054834117,15.75,8.0,7.0,21.0,40.0,60.0,80.0,-0.0906506701481979,52.94,C,C,FAST,FAR,LOW PRIORITY,42.95
ASIANTILES.NS,47.95000076293945,2026-10-01T23:11:23.693897+05:30,WAITING FOR 0.786,2026-04-21,79.05999755859375,2026-07-22,42.5,,71.2361580810547,60.77999877929688,88.56559692382812,32.68867657295546,1.0,1.0,0.0,0.0,1.0,100.0,5.291789277446761,5.291789277446761,1.0,1.0,1.0,,100.0,100.0,100.0,5.291789277446761,,INSUFFICIENT,C,FAST,FAR,LOW PRIORITY,42.94
RAJTV.NS,10.800000190734863,2026-10-01T23:11:23.693897+05:30,WAITING FOR 0.786,2025-12-17,46.900001525878906,2026-09-11,7.699999809265137,,38.51120115852356,27.30000066757202,57.09200197219849,71.95621048982905,9.0,3.0,6.0,0.0,9.0,33.33333333333333,1.212024432776686,1.212024432776686,6.111111111111111,10.333333333333334,4.0,3.5,66.66666666666666,66.66666666666666,66.66666666666666,0.1983312708180031,56.39,B,B,FAST,FAR,LOW PRIORITY,42.89
HLVLTD.NS,6.309999942779541,2026-10-01T23:11:23.693897+05:30,WAITING FOR 0.786,2025-11-07,11.279999732971191,2026-03-30,5.599999904632568,,10.064479769706724,8.43999981880188,12.756799688339234,37.30426125181221,9.0,3.0,5.0,1.0,8.0,37.5,-2.3916285084682265,-2.3916285084682265,8.333333333333334,0.3333333333333333,0.0,1.6,100.0,100.0,100.0,-0.2869954210161871,55.76,B,C,FAST,FAR,LOW PRIORITY,42.89
POCL.NS,437.0,2026-10-01T23:11:23.693897+05:30,WAITING FOR 0.786,2026-07-09,612.0399780273438,2026-09-16,427.6000061035156,,572.5698240356445,519.8199920654297,659.994370727539,23.67743082932796,14.0,5.0,9.0,0.0,14.0,35.714285714285715,1.68448975858844,1.68448975858844,8.571428571428571,15.6,10.0,4.222222222222222,20.0,60.0,60.0,0.1965238051686513,55.42,B,B,MEDIUM,FAR,LOW PRIORITY,42.85
BIL.NS,987.5499877929688,2026-10-01T23:11:23.693897+05:30,WAITING FOR 0.786,2026-09-10,1150.0,2026-09-30,952.9500122070312,,1107.8313026123046,1051.4750061035156,1201.232996826172,10.85736741105874,17.0,4.0,12.0,1.0,16.0,25.0,-0.7652569911918663,-0.7652569911918663,8.823529411764707,11.75,1.5,2.833333333333333,75.0,75.0,75.0,-0.0867291256684115,52.8,C,C,FAST,FAR,LOW PRIORITY,42.73
KPRMILL.NS,1071.0,2026-10-01T23:11:23.693897+05:30,WAITING FOR 0.786,2026-06-24,1334.0,2026-07-24,1015.0,,1265.734,1174.5,1416.94,15.385065108466703,12.0,4.0,7.0,1.0,11.0,36.36363636363637,1.6240063039488977,1.6240063039488977,11.166666666666666,8.25,8.5,5.285714285714286,50.0,50.0,100.0,0.1454334003536326,54.58,C,C,MEDIUM,FAR,LOW PRIORITY,42.63
BAJAJHLDNG.NS,10666.0,2026-10-01T23:11:23.693897+05:30,WAITING FOR 0.786,2025-11-06,13250.0,2026-04-02,8588.0,,12252.332,10919.0,14462.12,12.947184258474223,16.0,5.0,11.0,0.0,16.0,31.25,-0.3419451220752932,-0.3419451220752932,6.1875,6.4,6.0,5.363636363636363,40.0,80.0,100.0,-0.0552638581131787,53.47,C,C,FAST,FAR,LOW PRIORITY,42.53
AARON.NS,123.11000061035156,2026-10-01T23:11:23.693897+05:30,WAITING FOR 0.786,2025-10-28,228.0,2026-03-30,106.8000030517578,,202.0632006530762,167.4000015258789,259.511999206543,39.07351748737266,16.0,4.0,12.0,0.0,16.0,25.0,-2.8221272237590416,-2.8221272237590416,5.5625,0.75,1.0,6.666666666666667,100.0,100.0,100.0,-0.5073487143836479,52.09,C,C,FAST,FAR,LOW PRIORITY,42.48
PAVNAIND.NS,15.359999656677246,2026-10-01T23:11:23.693897+05:30,WAITING FOR 0.786,2025-10-13,42.29999923706055,2026-03-30,14.109999656677246,,36.26733932685852,28.204999446868896,49.629399127960205,57.64784530167593,12.0,3.0,8.0,1.0,11.0,27.27272727272727,-0.1734070487125114,-0.1734070487125114,6.5,3.333333333333333,2.0,0.125,66.66666666666666,100.0,100.0,-0.0266780074942325,56.14,B,C,FAST,FAR,LOW PRIORITY,42.47
SAKUMA.NS,1.5399999618530271,2026-10-01T23:11:23.693897+05:30,WAITING FOR 0.786,2025-10-29,3.0999999046325684,2026-03-30,1.100000023841858,,2.671999930143357,2.099999964237213,3.619999873638153,42.3652693819343,15.0,4.0,11.0,0.0,15.0,26.666666666666668,-2.267139570666236,-2.267139570666236,7.866666666666666,4.0,4.0,8.545454545454545,75.0,100.0,100.0,-0.2881957081355384,53.62,C,C,FAST,FAR,LOW PRIORITY,42.43
INTELLECT.NS,610.9500122070312,2026-10-01T23:11:23.693897+05:30,WAITING FOR 0.786,2025-11-03,1244.5999755859375,2026-10-01,593.2000122070312,,1105.2003834228517,918.8999938964844,1413.963966064453,44.72043066842833,9.0,4.0,5.0,0.0,9.0,44.44444444444444,4.852186925567186,4.852186925567186,19.22222222222222,26.0,19.5,13.6,0.0,25.0,75.0,0.2524259094225703,51.36,C,C,SLOW,FAR,LOW PRIORITY,42.37
M&M.NS,2860.0,2026-10-01T23:11:23.693897+05:30,WAITING FOR 0.786,2026-08-10,3534.60009765625,2026-10-01,2812.0,,3379.9636767578127,3173.300048828125,3722.476123046875,15.383706053805325,21.0,8.0,12.0,1.0,20.0,40.0,0.3824857863009536,0.3824857863009536,12.523809523809524,15.75,15.0,6.25,37.5,37.5,75.0,0.0305406901609126,50.85,C,C,MEDIUM,FAR,LOW PRIORITY,42.37
MAZDOCK.NS,2064.0,2026-10-01T23:11:23.693897+05:30,WAITING FOR 0.786,2026-08-26,2656.800048828125,2026-10-01,2031.199951171875,,2522.9216279296875,2344.0,2819.45607421875,18.190086558744163,9.0,3.0,6.0,0.0,9.0,33.33333333333333,-0.3994779505865546,-0.3994779505865546,11.11111111111111,3.0,1.0,14.666666666666666,66.66666666666666,100.0,100.0,-0.0359530155527899,57.21,B,C,FAST,FAR,LOW PRIORITY,42.36
RITCO.NS,276.70001220703125,2026-10-01T23:11:23.693897+05:30,WAITING FOR 0.786,2026-09-07,331.1499938964844,2026-10-01,267.1000061035156,,317.44329650878905,299.125,347.80299072265626,12.834822706873489,9.0,3.0,6.0,0.0,9.0,33.33333333333333,0.9430935921108422,0.9430935921108422,5.0,7.666666666666667,4.0,3.0,66.66666666666666,66.66666666666666,100.0,0.1886187184221684,55.97,B,B,FAST,FAR,LOW PRIORITY,42.34
BBL.NS,2069.60009765625,2026-10-01T23:11:23.693897+05:30,WAITING FOR 0.786,2026-06-23,3006.0,2026-10-01,2050.10009765625,,2801.4374208984373,2528.050048828125,3254.533974609375,26.12363630837353,15.0,4.0,10.0,1.0,14.0,28.57142857142857,-0.4399475472263947,-0.4399475472263947,6.8,5.0,2.0,1.5,75.0,75.0,100.0,-0.0646981687097639,54.74,C,C,FAST,FAR,LOW PRIORITY,42.3
DIXON.NS,12700.0,2026-10-01T23:11:23.693897+05:30,WAITING FOR 0.786,2025-09-26,18229.0,2026-03-30,9600.0,,16382.394,13914.5,20472.54,22.47775264103647,6.0,2.0,3.0,1.0,5.0,40.0,0.5250112181064251,0.5250112181064251,20.0,0.0,0.0,18.666666666666668,100.0,100.0,100.0,0.0262505609053212,61.32,B,C,FAST,FAR,LOW PRIORITY,42.25
KRITINUT.NS,66.52999877929688,2026-10-01T23:11:23.693897+05:30,WAITING FOR 0.786,2026-08-06,95.6999969482422,2026-10-01,66.31999969482422,,89.41267753601075,81.0099983215332,103.33879623413084,25.59220838398216,10.0,3.0,7.0,0.0,10.0,30.0,-0.3976429882840888,-0.3976429882840888,4.5,11.666666666666666,1.0,0.4285714285714285,66.66666666666666,66.66666666666666,66.66666666666666,-0.0883651085075752,53.55,C,C,FAST,FAR,LOW PRIORITY,42.24
XCHANGING.NS,59.72999954223633,2026-10-01T23:11:23.693897+05:30,WAITING FOR 0.786,2025-10-30,103.0,2026-03-30,47.5,,91.123,75.25,117.43,34.451236743482625,7.0,3.0,4.0,0.0,7.0,42.85714285714285,-3.90598303530412,-3.90598303530412,1.8571428571428568,0.0,0.0,2.0,100.0,100.0,100.0,-2.1032216343945263,55.54,B,C,FAST,FAR,LOW PRIORITY,42.15
POLYCAB.NS,7990.0,2026-10-01T23:11:23.693897+05:30,WAITING FOR 0.786,2026-06-22,10126.0,2026-10-01,7883.0,,9645.998,9004.5,10709.18,17.167720748024205,15.0,7.0,7.0,1.0,14.0,50.0,2.297613710458555,2.297613710458555,21.53333333333333,20.714285714285715,16.0,16.428571428571427,14.285714285714285,28.57142857142857,57.14285714285714,0.1067003271110784,51.95,C,C,SLOW,FAR,LOW PRIORITY,42.13
NSIL.NS,5163.5,2026-10-01T23:11:23.693897+05:30,WAITING FOR 0.786,2025-10-17,8730.0,2026-03-30,4700.0,,7867.58,6715.0,9777.8,34.36990790052341,13.0,4.0,8.0,1.0,12.0,33.33333333333333,1.5203752983541747,1.5203752983541747,9.307692307692308,6.75,7.5,3.625,25.0,75.0,100.0,0.163346106434746,55.71,B,B,MEDIUM,FAR,LOW PRIORITY,42.11
THANGAMAYL.NS,4861.0,2026-10-01T23:11:23.693897+05:30,WAITING FOR 0.786,2026-07-28,7430.0,2026-09-16,4783.5,,6863.648999999999,6106.75,8118.09,29.17761383194274,17.0,5.0,12.0,0.0,17.0,29.411764705882355,0.3864784663735354,0.3864784663735354,6.882352941176471,11.0,6.0,4.416666666666667,40.0,60.0,80.0,0.0561549908405991,51.87,C,C,FAST,FAR,LOW PRIORITY,42.09
TRIVENI.NS,230.9199981689453,2026-10-01T23:11:23.693897+05:30,WAITING FOR 0.786,2026-07-14,490.1000061035156,2026-07-31,220.0500030517578,,432.30930545043947,355.0750045776367,560.3130068969726,46.58454137869158,16.0,4.0,10.0,2.0,14.0,28.57142857142857,-0.6387715526161192,-0.6387715526161192,12.25,4.5,4.0,5.2,50.0,100.0,100.0,-0.0521446165400913,56.93,B,C,FAST,FAR,LOW PRIORITY,42.07
LOTUSEYE.NS,115.68000030517578,2026-10-01T23:11:23.693897+05:30,WAITING FOR 0.786,2026-06-15,143.1999969482422,2026-09-02,105.0,,135.02519760131835,124.0999984741211,153.13199615478516,14.327101637178934,12.0,4.0,7.0,1.0,11.0,36.36363636363637,0.9184915073565588,0.9184915073565588,9.916666666666666,9.5,7.5,2.142857142857143,50.0,75.0,75.0,0.0926209923384765,55.98,B,B,MEDIUM,FAR,LOW PRIORITY,42.06
PILANIINVS.NS,3892.300048828125,2026-10-01T23:11:23.693897+05:30,WAITING FOR 0.786,2025-10-23,5980.0,2026-10-01,3865.0,,5527.39,4922.5,6529.9,29.5815918755846,10.0,3.0,7.0,0.0,10.0,30.0,-0.7834315347335084,-0.7834315347335084,12.3,16.0,3.0,10.142857142857142,66.66666666666666,66.66666666666666,66.66666666666666,-0.0636936207100413,52.94,C,C,FAST,FAR,LOW PRIORITY,42.03
SELMC.NS,25.09000015258789,2026-10-01T23:11:23.693897+05:30,WAITING FOR 0.786,2025-12-23,40.2400016784668,2026-09-28,25.09000015258789,,36.99790135192871,32.665000915527344,44.179002075195314,32.18534231461228,1.0,1.0,0.0,0.0,1.0,100.0,60.02430145034822,60.02430145034822,17.0,17.0,17.0,,0.0,0.0,100.0,3.530841261785189,,INSUFFICIENT,C,SLOW,FAR,LOW PRIORITY,42.0
MBEL.NS,251.75,2026-10-01T23:11:23.693897+05:30,WAITING FOR 0.786,2025-11-10,535.9000244140625,2026-03-30,223.0500030517578,,468.9501198425293,379.47501373291016,617.2410299682617,46.3162521240988,1.0,1.0,0.0,0.0,1.0,100.0,13.218070273284985,13.218070273284985,17.0,17.0,17.0,,0.0,0.0,100.0,0.7775335454873521,,INSUFFICIENT,C,SLOW,FAR,LOW PRIORITY,42.0
ZENTEC.NS,1576.0999755859375,2026-10-01T23:11:23.693897+05:30,WAITING FOR 0.786,2026-09-03,1866.4000244140625,2026-10-01,1550.0,,1798.6904191894532,1708.2000122070312,1948.6640307617188,12.375139225115904,19.0,5.0,14.0,0.0,19.0,26.31578947368421,-2.8325953384334204,-2.8325953384334204,6.947368421052632,4.2,4.0,7.5,80.0,100.0,100.0,-0.4077220562896589,52.6,C,C,FAST,FAR,LOW PRIORITY,41.99
BANARISUG.NS,3300.5,2026-10-01T23:11:23.693897+05:30,WAITING FOR 0.786,2026-08-20,4338.0,2026-09-16,3196.5,,4093.719,3767.25,4634.79,19.37648871356339,9.0,3.0,5.0,1.0,8.0,37.5,-0.1149805356092839,-0.1149805356092839,13.11111111111111,10.333333333333334,4.0,4.4,66.66666666666666,66.66666666666666,66.66666666666666,-0.0087697018685047,55.99,B,C,FAST,FAR,LOW PRIORITY,41.97
GLFL.NS,5.489999771118164,2026-10-01T23:11:23.693897+05:30,WAITING FOR 0.786,2025-11-03,9.34000015258789,2026-04-06,3.660000085830689,,8.124480138301848,6.5000001192092896,10.816800169944765,32.42644849070103,8.0,3.0,5.0,0.0,8.0,37.5,-0.4058993056821194,-0.4058993056821194,13.375,21.0,4.0,8.2,66.66666666666666,66.66666666666666,66.66666666666666,-0.0303476116397846,55.53,B,C,FAST,FAR,LOW PRIORITY,41.81
BANCOINDIA.NS,589.8499755859375,2026-10-01T23:11:23.693897+05:30,WAITING FOR 0.786,2025-11-14,865.0,2026-03-30,502.0,,787.318,683.5,959.38,25.081101208668223,11.0,5.0,6.0,0.0,11.0,45.45454545454545,4.645602443007098,4.645602443007098,11.090909090909092,21.0,23.0,2.0,40.0,40.0,40.0,0.4188657940416235,49.94,C,C,SLOW,FAR,LOW PRIORITY,41.81
MONARCH.NS,342.70001220703125,2026-10-01T23:11:23.693897+05:30,WAITING FOR 0.786,2026-09-03,398.8999938964844,2026-10-01,325.0,,383.08539520263673,361.9499969482422,418.1139923095704,10.542135905296844,15.0,5.0,10.0,0.0,15.0,33.33333333333333,0.4761154250484977,0.4761154250484977,7.733333333333333,16.0,9.0,2.9,40.0,60.0,80.0,0.061566649790754,53.58,C,C,MEDIUM,FAR,LOW PRIORITY,41.8
HAPPYFORGE.NS,2003.699951171875,2026-10-01T23:11:23.693897+05:30,WAITING FOR 0.786,2026-09-01,2470.0,2026-09-29,1961.0,,2361.074,2215.5,2602.34,15.136079971577557,7.0,2.0,4.0,1.0,6.0,33.33333333333333,2.0834054587664053,2.0834054587664053,11.714285714285714,5.5,5.5,1.75,50.0,100.0,100.0,0.1778516855044492,58.09,B,B,FAST,FAR,LOW PRIORITY,41.79
JINDRILL.NS,587.6500244140625,2026-10-01T23:11:23.693897+05:30,WAITING FOR 0.786,2026-09-10,704.4000244140625,2026-10-01,575.6500244140625,,676.8475244140625,640.0250244140625,737.8750244140625,13.178374269332968,11.0,3.0,7.0,1.0,10.0,30.0,-1.2256856046262803,-1.2256856046262803,12.454545454545457,16.666666666666668,3.0,2.857142857142857,66.66666666666666,66.66666666666666,66.66666666666666,-0.0984127127802123,52.25,C,C,FAST,FAR,LOW PRIORITY,41.79
ARIHANT.NS,894.0999755859375,2026-10-01T23:11:23.693897+05:30,WAITING FOR 0.786,2026-07-29,1225.0,2026-09-16,841.0,,1142.824,1033.0,1324.84,21.763983291745934,4.0,3.0,1.0,0.0,4.0,75.0,12.425010405122087,12.425010405122087,4.0,4.666666666666667,6.0,0.0,33.33333333333333,100.0,100.0,3.106252601280522,,INSUFFICIENT,C,FAST,FAR,LOW PRIORITY,41.75
TEAMLEASE.NS,1179.4000244140625,2026-10-01T23:11:23.693897+05:30,WAITING FOR 0.786,2025-09-26,1849.0,2026-03-16,1065.199951171875,,1681.2667895507811,1457.0999755859375,2052.7880126953123,29.85051321157737,1.0,1.0,0.0,0.0,1.0,100.0,4.487031154679517,4.487031154679517,3.0,3.0,3.0,,100.0,100.0,100.0,1.495677051559839,,INSUFFICIENT,C,FAST,FAR,LOW PRIORITY,41.73
DATAMATICS.NS,790.2999877929688,2026-10-01T23:11:23.693897+05:30,WAITING FOR 0.786,2025-10-31,1010.0,2026-03-30,632.0,,929.108,821.0,1108.28,14.939922184184317,17.0,4.0,13.0,0.0,17.0,23.52941176470588,-3.189553669108725,-3.189553669108725,5.882352941176471,1.75,0.5,6.538461538461538,75.0,100.0,100.0,-0.5422241237484832,50.93,C,C,FAST,FAR,LOW PRIORITY,41.71
JINDWORLD.NS,45.81999969482422,2026-10-01T23:11:23.693897+05:30,WAITING FOR 0.786,2026-09-07,61.9900016784668,2026-10-01,44.31999969482422,,58.20862125396729,53.15500068664551,66.58420219421387,21.28313863523903,9.0,3.0,6.0,0.0,9.0,33.33333333333333,0.1387463806306345,0.1387463806306345,7.111111111111111,15.666666666666666,3.0,1.8333333333333333,66.66666666666666,66.66666666666666,66.66666666666666,0.0195112097761829,54.72,C,C,FAST,FAR,LOW PRIORITY,41.69
SONAMLTD.NS,68.94999694824219,2026-10-01T23:11:23.693897+05:30,WAITING FOR 0.786,2026-09-01,80.31999969482422,2026-09-25,65.83999633789062,,77.22127897644043,73.07999801635742,84.08480056762696,10.711143531722316,14.0,4.0,10.0,0.0,14.0,28.57142857142857,-0.9131766472855214,-0.9131766472855214,4.214285714285714,6.75,2.0,2.4,75.0,75.0,75.0,-0.2166859841016491,53.0,C,C,FAST,FAR,LOW PRIORITY,41.69
MANAKSIA.NS,59.560001373291016,2026-10-01T23:11:23.693897+05:30,WAITING FOR 0.786,2026-09-11,73.4000015258789,2026-10-01,58.220001220703125,,70.15148146057129,65.81000137329102,77.34680160522461,15.098013422900022,6.0,3.0,3.0,0.0,6.0,50.0,4.290772772824592,4.290772772824592,7.5,12.666666666666666,16.0,1.6666666666666667,33.33333333333333,33.33333333333333,66.66666666666666,0.5721030363766123,53.54,C,C,SLOW,FAR,LOW PRIORITY,41.68
KARMAENG.NS,36.33000183105469,2026-10-01T23:11:23.693897+05:30,WAITING FOR 0.786,2025-09-26,66.91000366210938,2026-03-30,34.380001068115234,,59.94858310699463,50.64500236511231,75.36780433654785,39.39806422744993,14.0,4.0,10.0,0.0,14.0,28.57142857142857,-2.571312257623312,-2.571312257623312,7.5,2.25,2.0,9.4,100.0,100.0,100.0,-0.3428416343497749,52.91,C,C,FAST,FAR,LOW PRIORITY,41.66
CEMPRO.NS,1178.9000244140625,2026-10-01T23:11:23.693897+05:30,WAITING FOR 0.786,2026-07-21,1649.199951171875,2026-08-10,1153.800048828125,,1543.1843720703123,1401.5,1778.00392578125,23.606015862351672,14.0,6.0,8.0,0.0,14.0,42.85714285714285,5.148184408117619,5.148184408117619,11.0,19.5,23.0,3.875,33.33333333333333,33.33333333333333,50.0,0.468016764374329,49.02,C,C,SLOW,FAR,LOW PRIORITY,41.59
NHPC.NS,71.75,2026-10-01T23:11:23.693897+05:30,WAITING FOR 0.786,2026-07-21,83.0,2026-10-01,70.25,,80.2715,76.625,86.315,10.615847467656645,9.0,3.0,5.0,1.0,8.0,37.5,-0.8310195974140563,-0.8310195974140563,13.0,8.333333333333334,4.0,5.6,66.66666666666666,66.66666666666666,100.0,-0.0639245844164658,54.87,C,C,FAST,FAR,LOW PRIORITY,41.58
DELTAMAGNT.NS,54.08000183105469,2026-10-01T23:11:23.693897+05:30,WAITING FOR 0.786,2025-12-01,84.5999984741211,2026-03-30,45.5099983215332,,76.23473844146729,65.05499839782715,94.76339851379394,29.061208923046166,8.0,3.0,5.0,0.0,8.0,37.5,-4.787023466546543,-4.787023466546543,5.625,2.0,2.0,7.6,100.0,100.0,100.0,-0.8510263940527187,52.02,C,C,FAST,FAR,LOW PRIORITY,41.58
WILLAMAGOR.NS,21.190000534057617,2026-10-01T23:11:23.693897+05:30,WAITING FOR 0.786,2025-10-03,37.0,2026-10-01,20.530000686645508,,33.47542014694214,28.76500034332276,41.28219982147217,36.69982201554759,17.0,4.0,13.0,0.0,17.0,23.52941176470588,-3.5082116053430354,-3.5082116053430354,5.588235294117647,0.5,0.5,6.307692307692308,100.0,100.0,100.0,-0.6277852346403326,50.43,C,C,FAST,FAR,LOW PRIORITY,41.53
CRIZAC.NS,166.88999938964844,2026-10-01T23:11:23.693897+05:30,WAITING FOR 0.786,2025-10-27,333.0,2026-09-04,159.9499969482422,,295.9672993469238,246.4749984741211,377.993000793457,43.61201397657615,1.0,1.0,0.0,0.0,1.0,100.0,9.672749437197618,9.672749437197618,17.0,17.0,17.0,,0.0,0.0,100.0,0.5689852610116246,,INSUFFICIENT,C,SLOW,FAR,LOW PRIORITY,41.51
DBREALTY.NS,91.6999969482422,2026-10-01T23:11:23.693897+05:30,WAITING FOR 0.786,2025-09-26,171.67999267578125,2026-03-30,83.5,,152.80947424316406,127.58999633789062,194.6067907714844,39.99063382528168,10.0,3.0,6.0,1.0,9.0,33.33333333333333,-1.0981057708620916,-1.0981057708620916,9.8,5.666666666666667,5.0,2.6666666666666665,66.66666666666666,100.0,100.0,-0.112051609271642,57.12,B,C,FAST,FAR,LOW PRIORITY,41.33
IMFA.NS,1176.800048828125,2026-10-01T23:11:23.693897+05:30,WAITING FOR 0.786,2026-04-29,1679.9000244140625,2026-10-01,1148.0,,1566.073419189453,1413.9500122070312,1818.1940307617188,24.856648838520154,12.0,4.0,7.0,1.0,11.0,36.36363636363637,2.646942856300543,2.646942856300543,13.666666666666666,10.5,10.5,8.285714285714286,25.0,50.0,100.0,0.1936787455829665,52.18,C,C,MEDIUM,FAR,LOW PRIORITY,41.32
TARACHAND.NS,46.34999847412109,2026-10-01T23:11:23.693897+05:30,WAITING FOR 0.786,2025-10-14,103.66999816894533,2026-09-23,45.15999984741211,,91.1488585281372,74.41499900817871,118.88259773254394,49.14911802234685,15.0,4.0,11.0,0.0,15.0,26.666666666666668,-2.782548674214613,-2.782548674214613,10.066666666666666,9.5,3.5,9.636363636363637,75.0,75.0,75.0,-0.276412119955094,50.32,C,C,FAST,FAR,LOW PRIORITY,41.28
MCLEODRUSS.NS,42.5099983215332,2026-10-01T23:11:23.693897+05:30,WAITING FOR 0.786,2026-08-26,51.93999862670898,2026-09-16,40.36000061035156,,49.4618790512085,46.14999961853027,54.95079811096191,14.055027554610142,11.0,3.0,7.0,1.0,10.0,30.0,-2.243113054954744,-2.243113054954744,12.363636363636363,5.0,1.0,8.0,66.66666666666666,66.66666666666666,100.0,-0.1814282617978101,50.66,C,C,FAST,FAR,LOW PRIORITY,41.23
NACLIND.NS,130.41000366210938,2026-10-01T23:11:23.693897+05:30,WAITING FOR 0.786,2026-08-25,185.41000366210932,2026-10-01,126.51000213623048,,172.8054033355713,155.96000289916992,200.7240040588379,24.5336076622177,11.0,3.0,8.0,0.0,11.0,27.27272727272727,-2.449367268048241,-2.449367268048241,1.9090909090909087,1.0,1.0,1.5,100.0,100.0,100.0,-1.283001902310983,52.58,C,C,FAST,FAR,LOW PRIORITY,41.22
DNAMEDIA.NS,2.4200000762939453,2026-10-01T23:11:23.693897+05:30,WAITING FOR 0.786,2026-02-05,4.119999885559082,2026-09-17,2.1700000762939453,,3.702699926376343,3.1449999809265137,4.626999835968018,34.64228470001119,12.0,4.0,8.0,0.0,12.0,33.33333333333333,-1.267813996931288,-1.267813996931288,10.0,4.75,5.5,12.5,50.0,100.0,100.0,-0.1267813996931288,53.85,C,C,FAST,FAR,LOW PRIORITY,41.18
AIAENG.NS,3824.39990234375,2026-10-01T23:11:23.693897+05:30,WAITING FOR 0.786,2026-06-30,5180.0,2026-10-01,3756.89990234375,,4875.456579101563,4468.449951171875,5550.006025390625,21.558117885063783,9.0,4.0,3.0,2.0,7.0,57.14285714285714,4.0665196301393856,4.0665196301393856,24.22222222222222,21.75,21.0,2.6666666666666665,0.0,50.0,50.0,0.1678838379415342,53.71,C,C,SLOW,FAR,LOW PRIORITY,41.18
ONIDA.NS,31.34000015258789,2026-10-01T23:11:23.693897+05:30,WAITING FOR 0.786,2026-05-11,49.22999954223633,2026-10-01,30.6299991607666,,45.24959946060181,39.929999351501465,54.06599964141846,30.73971808330549,10.0,4.0,5.0,1.0,9.0,44.44444444444444,-0.330430486693357,-0.330430486693357,13.2,9.25,9.0,6.2,25.0,75.0,100.0,-0.0250326126282846,57.26,B,C,MEDIUM,FAR,LOW PRIORITY,41.15
PNB.NS,109.56999969482422,2026-10-01T23:11:23.693897+05:30,WAITING FOR 0.786,2026-03-02,128.6999969482422,2026-05-18,98.5,,122.23719760131836,113.5999984741211,136.55199615478517,10.362801303584138,6.0,3.0,2.0,1.0,5.0,60.0,5.826866424492889,5.826866424492889,29.83333333333333,38.333333333333336,31.0,0.0,0.0,0.0,0.0,0.1953139583628901,49.6,C,C,SLOW,FAR,LOW PRIORITY,41.1
SHARDACROP.NS,709.2000122070312,2026-10-01T23:11:23.693897+05:30,WAITING FOR 0.786,2026-05-14,1238.800048828125,2026-10-01,697.5999755859375,,1122.9832331542968,968.2000122070312,1379.5120678710937,36.84678530640289,9.0,3.0,5.0,1.0,8.0,37.5,3.7372329284730657,3.7372329284730657,18.33333333333333,22.666666666666668,11.0,6.4,0.0,33.33333333333333,66.66666666666666,0.2038490688258036,51.67,C,C,MEDIUM,FAR,LOW PRIORITY,41.07
SCHNEIDER.NS,1275.4000244140625,2026-10-01T23:11:23.693897+05:30,WAITING FOR 0.786,2026-07-08,1548.0,2026-08-25,1134.9000244140625,,1459.5966052246094,1341.4500122070312,1655.4059936523438,12.619690957845297,20.0,7.0,12.0,1.0,19.0,36.84210526315789,1.2225632167470155,1.2225632167470155,11.7,16.571428571428573,14.0,4.0,28.57142857142857,42.85714285714285,71.42857142857143,0.10449258262795,51.43,C,C,MEDIUM,FAR,LOW PRIORITY,41.04
TEMBO.NS,57.15999984741211,2026-10-01T23:11:23.693897+05:30,WAITING FOR 0.786,2025-11-11,83.69999694824219,2026-03-30,43.334999084472656,,75.06188740539551,63.51749801635742,94.19489639282229,23.849503625319976,6.0,2.0,3.0,1.0,5.0,40.0,-0.3083200862449328,-0.3083200862449328,26.0,2.5,2.5,30.33333333333333,100.0,100.0,100.0,-0.0118584648555743,60.02,B,C,FAST,FAR,LOW PRIORITY,41.01
DCI.NS,342.95001220703125,2026-10-01T23:11:23.693897+05:30,WAITING FOR 0.786,2026-08-31,424.3999938964844,2026-09-15,251.1499938964844,,387.32449389648434,337.7749938964844,469.44499389648433,11.45666808805346,14.0,4.0,10.0,0.0,14.0,28.57142857142857,-3.878800719504251,-3.878800719504251,5.214285714285714,1.75,1.0,6.2,100.0,100.0,100.0,-0.7438795900419111,50.87,C,C,FAST,FAR,LOW PRIORITY,40.95
ARCHIDPLY.NS,101.79000091552734,2026-10-01T23:11:23.693897+05:30,WAITING FOR 0.786,2026-08-25,124.77999877929688,2026-09-16,97.0500030517578,,118.84577969360352,110.91500091552734,131.98979766845702,14.351185899951773,11.0,3.0,8.0,0.0,11.0,27.27272727272727,-2.98633388610072,-2.98633388610072,4.636363636363637,2.0,1.0,5.0,100.0,100.0,100.0,-0.6441112303354493,51.74,C,C,FAST,FAR,LOW PRIORITY,40.93
KICL.NS,4693.2001953125,2026-10-01T23:11:23.693897+05:30,WAITING FOR 0.786,2025-10-28,6554.89990234375,2026-03-30,4011.0,,6010.505323242188,5282.949951171875,7216.313876953125,21.91671177522736,11.0,3.0,8.0,0.0,11.0,27.27272727272727,-1.2030501357617005,-1.2030501357617005,8.727272727272727,5.0,5.0,9.5,66.66666666666666,100.0,100.0,-0.1378494947226948,54.53,C,C,FAST,FAR,LOW PRIORITY,40.9
COCHINSHIP.NS,1287.0,2026-10-01T23:11:23.693897+05:30,WAITING FOR 0.786,2026-08-27,1577.9000244140625,2026-10-01,1265.5999755859375,,1511.0678139648437,1421.75,1659.0980371093751,14.828441972893271,6.0,3.0,3.0,0.0,6.0,50.0,6.137590558427912,6.137590558427912,15.166666666666666,29.33333333333333,27.0,0.0,0.0,0.0,0.0,0.4046763005556865,49.09,C,C,SLOW,FAR,LOW PRIORITY,40.89
RAJSREESUG.NS,27.729999542236328,2026-10-01T23:11:23.693897+05:30,WAITING FOR 0.786,2026-08-24,42.0,2026-10-01,27.049999237060547,,38.80069983673096,34.52499961853027,45.88700019836426,28.53221808132046,9.0,3.0,6.0,0.0,9.0,33.33333333333333,-3.1342523629484083,-3.1342523629484083,4.777777777777778,0.6666666666666666,1.0,6.333333333333333,100.0,100.0,100.0,-0.6560063085240855,52.94,C,C,FAST,FAR,LOW PRIORITY,40.86
ICICIGI.NS,1563.0,2026-10-01T23:11:23.693897+05:30,WAITING FOR 0.786,2025-11-13,2064.89990234375,2026-09-15,1423.0999755859375,,1927.554718017578,1743.9999389648438,2231.767883300781,18.912807745997984,2.0,1.0,0.0,1.0,1.0,100.0,9.24185705198808,9.24185705198808,39.5,17.0,17.0,,0.0,0.0,100.0,0.2339710646072932,,INSUFFICIENT,C,SLOW,FAR,LOW PRIORITY,40.86
EMKAY.NS,286.79998779296875,2026-10-01T23:11:23.693897+05:30,WAITING FOR 0.786,2025-10-20,370.8999938964844,2026-03-30,186.0,,331.3313952026367,278.4499969482422,418.9739923095704,13.440141216449865,11.0,3.0,6.0,2.0,9.0,33.33333333333333,-1.7097129084520766,-1.7097129084520766,15.454545454545457,4.333333333333333,1.0,4.833333333333333,66.66666666666666,66.66666666666666,100.0,-0.1106284823116049,52.83,C,C,FAST,FAR,LOW PRIORITY,40.82
KHAITANLTD.NS,147.19000244140625,2026-10-01T23:11:23.693897+05:30,WAITING FOR 0.786,2026-09-03,178.0,2026-09-29,135.39999389648438,,168.88359869384766,156.6999969482422,189.0760015869141,12.84529487778596,13.0,4.0,9.0,0.0,13.0,30.76923076923077,1.337604326796352,1.337604326796352,4.230769230769231,7.0,8.0,2.333333333333333,25.0,75.0,100.0,0.3161610226973195,54.4,C,C,MEDIUM,FAR,LOW PRIORITY,40.74
BOHRAIND.NS,14.739999771118164,2026-10-01T23:11:23.693897+05:30,WAITING FOR 0.786,2025-09-26,25.38999938964844,2026-09-03,11.600000381469728,,22.43893960189819,18.49499988555908,28.975399131774903,34.31062237062551,3.0,2.0,1.0,0.0,3.0,66.66666666666666,13.323580945554172,13.323580945554172,4.0,5.0,5.0,2.0,50.0,100.0,100.0,3.330895236388543,,INSUFFICIENT,C,FAST,FAR,LOW PRIORITY,40.67
BLUECHIP.NS,1.9800000190734863,2026-10-01T23:11:23.693897+05:30,WAITING FOR 0.786,2025-09-25,4.139999866485596,2026-08-06,1.649999976158142,,3.607139889955521,2.894999921321869,4.787399837970733,45.1088652096079,11.0,5.0,6.0,0.0,11.0,45.45454545454545,2.3866558688229875,2.3866558688229875,21.454545454545453,22.8,20.0,20.0,0.0,40.0,60.0,0.1112424345637833,50.41,C,C,SLOW,FAR,LOW PRIORITY,40.59
BETA.NS,2073.300048828125,2026-10-01T23:11:23.693897+05:30,WAITING FOR 0.786,2026-08-12,2807.89990234375,2026-09-16,2002.5999755859373,,2635.565718017578,2405.249938964844,3017.277883300781,21.333775338843704,13.0,3.0,9.0,1.0,12.0,25.0,0.508860350839764,0.508860350839764,9.538461538461538,12.0,4.0,2.333333333333333,66.66666666666666,66.66666666666666,66.66666666666666,0.0533482625880397,52.96,C,C,FAST,FAR,LOW PRIORITY,40.55
SWANCORP.NS,272.79998779296875,2026-10-01T23:11:23.693897+05:30,WAITING FOR 0.786,2026-01-08,470.5,2026-10-01,267.95001220703125,,427.1543026123047,369.2250061035156,523.1629968261718,36.13549339790488,11.0,3.0,8.0,0.0,11.0,27.27272727272727,-1.5429750815148446,-1.5429750815148446,8.727272727272727,8.0,0.0,8.0,66.66666666666666,66.66666666666666,66.66666666666666,-0.1767992280902426,50.66,C,C,FAST,FAR,LOW PRIORITY,40.55
INDRAMEDCO.NS,338.6000061035156,2026-10-01T23:11:23.693897+05:30,WAITING FOR 0.786,2025-11-06,640.8499755859375,2026-10-01,335.5,,575.5050808105468,488.1749877929688,720.2409692382812,41.164723406676416,19.0,5.0,14.0,0.0,19.0,26.31578947368421,-0.4553855811540138,-0.4553855811540138,5.842105263157895,6.4,7.0,5.142857142857143,40.0,80.0,100.0,-0.0779488832605969,51.31,C,C,FAST,FAR,LOW PRIORITY,40.54
GOKULAGRO.NS,210.1000061035156,2026-10-01T23:11:23.693897+05:30,WAITING FOR 0.786,2026-08-26,259.79998779296875,2026-10-01,207.0,,248.50079040527345,233.3999938964844,273.5279846191406,15.45298276079162,15.0,4.0,10.0,1.0,14.0,28.57142857142857,0.5078384938917673,0.5078384938917673,10.666666666666666,12.5,7.0,4.6,25.0,75.0,75.0,0.0476098588023531,53.22,C,C,FAST,FAR,LOW PRIORITY,40.53
HINDCOPPER.NS,462.1499938964844,2026-10-01T23:11:23.693897+05:30,WAITING FOR 0.786,2026-01-29,760.0499877929688,2026-03-23,445.7000122070313,,692.7790930175781,602.875,841.7809814453125,33.290424241373856,6.0,2.0,3.0,1.0,5.0,40.0,7.177536694746258,7.177536694746258,16.166666666666668,17.0,17.0,0.0,0.0,0.0,50.0,0.4439713419430675,50.71,C,C,SLOW,FAR,LOW PRIORITY,40.51
BHARATFORG.NS,1875.0,2026-10-01T23:11:23.693897+05:30,WAITING FOR 0.786,2026-08-10,2295.0,2026-10-01,1845.199951171875,,2198.7427895507813,2070.099975585937,2411.9480126953126,14.723995507310986,11.0,5.0,6.0,0.0,11.0,45.45454545454545,3.0131330883320246,3.0131330883320246,10.454545454545457,19.2,20.0,2.6666666666666665,0.0,0.0,60.0,0.2882127301882806,47.39,C,C,SLOW,FAR,LOW PRIORITY,40.47
VIMTALABS.NS,584.3499755859375,2026-10-01T23:11:23.693897+05:30,WAITING FOR 0.786,2025-10-07,774.7000122070312,2026-03-30,376.0499877929688,,689.3889069824219,575.375,878.3490185546875,15.236527645369067,17.0,4.0,13.0,0.0,17.0,23.52941176470588,-2.0478147683031787,-2.0478147683031787,8.117647058823529,10.75,3.5,6.6923076923076925,50.0,75.0,75.0,-0.2522670366750292,50.21,C,C,FAST,FAR,LOW PRIORITY,40.46
INDUSTOWER.NS,376.25,2026-10-01T23:11:23.693897+05:30,WAITING FOR 0.786,2026-02-19,481.5,2026-09-28,355.54998779296875,,454.5466973876953,418.5249938964844,514.2470031738281,17.225226327167416,6.0,1.0,3.0,2.0,4.0,25.0,2.9731267626247253,2.9731267626247253,25.166666666666668,5.0,5.0,7.666666666666667,100.0,100.0,100.0,0.1181374872566115,59.15,B,C,FAST,FAR,LOW PRIORITY,40.41
GANGESSECU.NS,113.98999786376952,2026-10-01T23:11:23.693897+05:30,WAITING FOR 0.786,2025-10-17,178.14999389648438,2026-03-30,103.30999755859376,,162.13423468017578,140.72999572753906,197.60839294433595,29.694059932114303,18.0,4.0,14.0,0.0,18.0,22.22222222222222,-2.832596585094302,-2.832596585094302,1.9444444444444444,3.75,3.5,0.5714285714285714,75.0,100.0,100.0,-1.456763958048498,50.96,C,C,FAST,FAR,LOW PRIORITY,40.39
BEDMUTHA.NS,110.33000183105467,2026-10-01T23:11:23.693897+05:30,WAITING FOR 0.786,2026-02-16,144.0,2026-04-01,94.5500030517578,,133.41770065307617,119.2750015258789,156.85699920654298,17.304824404114143,9.0,3.0,6.0,0.0,9.0,33.33333333333333,-1.9165317394730537,-1.9165317394730537,9.333333333333334,12.666666666666666,2.0,7.0,66.66666666666666,66.66666666666666,66.66666666666666,-0.2053426863721129,51.51,C,C,FAST,FAR,LOW PRIORITY,40.36
MOHITIND.NS,22.780000686645508,2026-10-01T23:11:23.693897+05:30,WAITING FOR 0.786,2025-11-10,34.79999923706055,2026-03-30,18.600000381469727,,31.33319948196411,26.699999809265137,39.01199893951416,27.29755957492296,8.0,3.0,5.0,0.0,8.0,37.5,-1.613241718285447,-1.613241718285447,8.5,5.333333333333333,7.0,9.8,33.33333333333333,100.0,100.0,-0.1897931433276996,53.98,C,C,FAST,FAR,LOW PRIORITY,40.27
CERA.NS,5096.5,2026-10-01T23:11:23.693897+05:30,WAITING FOR 0.786,2026-06-22,6740.0,2026-10-01,5008.5,,6369.459,5874.25,7190.1900000000005,19.98535511414705,7.0,3.0,3.0,1.0,6.0,50.0,1.937805297442633,1.937805297442633,18.428571428571427,20.33333333333333,12.0,1.6666666666666667,33.33333333333333,33.33333333333333,66.66666666666666,0.1051522254426235,53.86,C,C,MEDIUM,FAR,LOW PRIORITY,40.26
CONCOR.NS,442.0,2026-10-01T23:11:23.693897+05:30,WAITING FOR 0.786,2026-08-14,543.7000122070312,2026-10-01,436.3500061035156,,520.7271109008789,490.02500915527344,571.6110137939453,15.118688705237144,8.0,3.0,5.0,0.0,8.0,37.5,1.0668460358416163,1.0668460358416163,9.875,16.333333333333332,9.0,5.6,33.33333333333333,66.66666666666666,66.66666666666666,0.1080350416042143,54.83,C,C,MEDIUM,FAR,LOW PRIORITY,40.17
KOTHARIPRO.NS,63.77000045776367,2026-10-01T23:11:23.693897+05:30,WAITING FOR 0.786,2025-10-14,100.41999816894533,2026-03-30,58.0,,91.34211856079102,79.20999908447266,111.4491976928711,30.18554697160571,11.0,3.0,8.0,0.0,11.0,27.27272727272727,-4.374754742855461,-4.374754742855461,7.818181818181818,0.6666666666666666,1.0,9.875,100.0,100.0,100.0,-0.5595616531559311,49.57,C,C,FAST,FAR,LOW PRIORITY,40.17
LEXUS.NS,10.5600004196167,2026-10-01T23:11:23.693897+05:30,WAITING FOR 0.786,2026-03-05,39.25,2026-10-01,9.579999923706056,,32.900619983673096,24.414999961853027,46.964200019836426,67.90333913203736,9.0,3.0,6.0,0.0,9.0,33.33333333333333,0.3034223583464428,0.3034223583464428,2.888888888888889,4.666666666666667,6.0,1.5,33.33333333333333,100.0,100.0,0.1050308163506917,55.31,B,B,FAST,FAR,LOW PRIORITY,40.15
BLUESTARCO.NS,1459.5999755859375,2026-10-01T23:11:23.693897+05:30,WAITING FOR 0.786,2026-07-15,1763.199951171875,2026-09-09,1432.300048828125,,1692.3873720703125,1597.75,1849.23392578125,13.754971251032448,18.0,4.0,13.0,1.0,17.0,23.52941176470588,-2.5999536384173005,-2.5999536384173005,14.333333333333334,5.0,4.0,13.461538461538462,75.0,75.0,100.0,-0.1813921143081837,49.35,C,C,FAST,FAR,LOW PRIORITY,40.15
VAISHALI.NS,8.380000114440918,2026-10-01T23:11:23.693897+05:30,WAITING FOR 0.786,2025-09-26,12.100000381469728,2026-03-30,4.75,,10.527100299835205,8.425000190734863,14.011000480651855,20.39593168337057,12.0,3.0,9.0,0.0,12.0,25.0,-2.8174315722142147,-2.8174315722142147,8.333333333333334,1.6666666666666667,1.0,9.88888888888889,100.0,100.0,100.0,-0.3380917886657057,51.1,C,C,FAST,FAR,LOW PRIORITY,40.13
STARCEMENT.NS,178.38999938964844,2026-10-01T23:11:23.693897+05:30,WAITING FOR 0.786,2025-10-15,273.0,2026-09-29,175.1999969482422,,252.07079934692385,224.0999984741211,298.42800079345704,29.23020046279492,13.0,3.0,10.0,0.0,13.0,23.07692307692308,-1.587377956395592,-1.587377956395592,4.461538461538462,2.6666666666666665,2.0,4.3,66.66666666666666,100.0,100.0,-0.3557916109162534,52.25,C,C,FAST,FAR,LOW PRIORITY,40.06
TRANSRAILL.NS,474.8999938964844,2026-10-01T23:11:23.693897+05:30,WAITING FOR 0.786,2025-10-08,766.7999877929688,2026-09-16,400.6499938964844,,688.4438890991212,583.7249908447266,861.9989862060547,31.018344208425543,2.0,2.0,0.0,0.0,2.0,100.0,15.424386247231697,15.424386247231697,27.5,27.5,27.5,,0.0,50.0,50.0,0.5608867726266071,,INSUFFICIENT,C,SLOW,FAR,LOW PRIORITY,40.0
SUNTECK.NS,279.45001220703125,2026-10-01T23:11:23.693897+05:30,WAITING FOR 0.786,2025-11-03,472.5,2026-09-29,268.54998779296875,,428.8546973876953,370.5249938964844,525.5270031738281,34.838066620405584,2.0,2.0,0.0,0.0,2.0,100.0,19.906666580364305,19.906666580364305,23.0,23.0,23.0,,0.0,50.0,50.0,0.865507242624535,,INSUFFICIENT,C,SLOW,FAR,LOW PRIORITY,40.0
PAUSHAKLTD.NS,650.2999877929688,2026-10-01T23:11:23.693897+05:30,WAITING FOR 0.786,2026-09-03,826.75,2026-10-01,634.0,,785.5015,730.375,876.865,17.21212654680242,1.0,1.0,0.0,0.0,1.0,100.0,24.124606593901515,24.124606593901515,32.0,32.0,32.0,,0.0,0.0,0.0,0.7538939560594223,,INSUFFICIENT,C,SLOW,FAR,LOW PRIORITY,40.0
AMAGI.NS,554.0499877929688,2026-10-01T23:11:23.693897+05:30,WAITING FOR 0.786,2026-08-13,727.4000244140625,2026-10-01,531.2000122070312,,685.4132218017578,629.3000183105469,778.4120275878906,19.165552958472585,1.0,1.0,0.0,0.0,1.0,100.0,14.786359439653626,14.786359439653626,50.0,50.0,50.0,,0.0,0.0,0.0,0.2957271887930725,,INSUFFICIENT,C,SLOW,FAR,LOW PRIORITY,40.0
GVPTECH.NS,7.75,2026-10-01T23:11:23.693897+05:30,WAITING FOR 0.786,2025-12-19,11.1899995803833,2026-03-18,5.21999979019165,,9.912419625282288,8.204999685287476,12.74219952583313,21.81525507421913,1.0,1.0,0.0,0.0,1.0,100.0,47.431620249194935,47.431620249194935,57.0,57.0,57.0,,0.0,0.0,0.0,0.8321336885823672,,INSUFFICIENT,C,SLOW,FAR,LOW PRIORITY,40.0
SAGARDEEP.NS,22.520000457763672,2026-10-01T23:11:23.693897+05:30,WAITING FOR 0.786,2025-10-28,31.0,2026-03-30,20.809999465942383,,28.81933988571167,25.90499973297119,33.64940013885498,21.85802816070449,1.0,1.0,0.0,0.0,1.0,100.0,30.16229364949285,30.16229364949285,44.0,44.0,44.0,,0.0,0.0,0.0,0.6855066738521102,,INSUFFICIENT,C,SLOW,FAR,LOW PRIORITY,40.0
JIOFIN.NS,212.5,2026-10-01T23:11:23.693897+05:30,WAITING FOR 0.786,2025-11-17,316.8500061035156,2026-10-01,208.5,,293.6631047973633,262.6750030517578,345.02100769042966,27.638168864750096,1.0,1.0,0.0,0.0,1.0,100.0,11.72229983466012,11.72229983466012,24.0,24.0,24.0,,0.0,0.0,0.0,0.488429159777505,,INSUFFICIENT,C,SLOW,FAR,LOW PRIORITY,40.0
ANTGRAPHIC.NS,0.6899999976158142,2026-10-01T23:11:23.693897+05:30,WAITING FOR 0.786,2026-01-01,1.1699999570846558,2026-03-30,0.6399999856948853,,1.0565799632072448,0.9049999713897704,1.3077999496459962,34.69495715957724,1.0,1.0,0.0,0.0,1.0,100.0,27.83868319842776,27.83868319842776,28.0,28.0,28.0,,0.0,0.0,0.0,0.9942386856581342,,INSUFFICIENT,C,SLOW,FAR,LOW PRIORITY,40.0
KANANIIND.NS,1.340000033378601,2026-10-01T23:11:23.693897+05:30,WAITING FOR 0.786,2026-07-13,1.7999999523162842,2026-09-28,1.2200000286102295,,1.6758799686431884,1.5099999904632568,1.9507999324798584,20.04200429321436,4.0,3.0,1.0,0.0,4.0,75.0,8.168002651960949,8.168002651960949,4.25,5.333333333333333,5.0,0.0,66.66666666666666,100.0,100.0,1.921882976931988,,INSUFFICIENT,C,FAST,FAR,LOW PRIORITY,40.0
AUBANK.NS,987.0,2026-10-01T23:11:23.693897+05:30,WAITING FOR 0.786,2026-08-25,1144.0999755859375,2026-10-01,974.2000122070312,,1107.7413834228516,1059.1499938964844,1188.2739660644531,10.89978087211731,9.0,3.0,5.0,1.0,8.0,37.5,-0.0888504196781648,-0.0888504196781648,32.0,17.0,7.0,35.0,33.33333333333333,66.66666666666666,66.66666666666666,-0.0027765756149426,53.03,C,C,FAST,FAR,LOW PRIORITY,39.94
ADANIPOWER.NS,196.2100067138672,2026-10-01T23:11:23.693897+05:30,WAITING FOR 0.786,2026-05-29,254.1999969482422,2026-09-29,192.4499969482422,,240.9854969482422,223.3249969482422,270.2549969482422,18.58015971973272,13.0,3.0,8.0,2.0,11.0,27.27272727272727,-0.8575427571582778,-0.8575427571582778,12.923076923076923,8.666666666666666,5.0,1.875,66.66666666666666,66.66666666666666,100.0,-0.0663574752562953,51.74,C,C,FAST,FAR,LOW PRIORITY,39.93
KOLTEPATIL.NS,418.7999877929688,2026-10-01T23:11:23.693897+05:30,WAITING FOR 0.786,2026-08-11,554.5999755859375,2026-09-16,413.2000122070313,,524.3403834228516,483.8999938964844,591.3639660644532,20.12822185102808,12.0,3.0,8.0,1.0,11.0,27.27272727272727,-0.9628271248338732,-0.9628271248338732,11.916666666666666,12.333333333333334,5.0,5.125,66.66666666666666,66.66666666666666,66.66666666666666,-0.0807966818042411,51.57,C,C,FAST,FAR,LOW PRIORITY,39.87
VESUVIUS.NS,404.1000061035156,2026-10-01T23:11:23.693897+05:30,WAITING FOR 0.786,2026-02-20,607.9000244140625,2026-09-28,383.0,,559.7714191894531,495.4500122070313,666.3740307617188,27.809818034537937,18.0,5.0,12.0,1.0,17.0,29.411764705882355,0.2716328128602314,0.2716328128602314,9.22222222222222,15.6,10.0,1.75,20.0,60.0,80.0,0.0294541604306275,51.69,C,C,MEDIUM,FAR,LOW PRIORITY,39.85
GRSE.NS,2111.10009765625,2026-10-01T23:11:23.693897+05:30,WAITING FOR 0.786,2026-04-29,3339.0,2026-10-01,2077.0,,3068.932,2708.0,3667.12,31.210593859484337,19.0,4.0,15.0,0.0,19.0,21.052631578947366,-1.3815884702598924,-1.3815884702598924,6.526315789473684,7.75,4.5,5.6,75.0,75.0,100.0,-0.2116950075398222,50.26,C,C,FAST,FAR,LOW PRIORITY,39.85
PENIND.NS,173.6199951171875,2026-10-01T23:11:23.693897+05:30,WAITING FOR 0.786,2025-11-07,279.8999938964844,2026-03-30,129.10000610351562,,247.6287965087891,204.5,319.10799072265627,29.88699312641322,23.0,6.0,17.0,0.0,23.0,26.08695652173913,-0.2738392058939632,-0.2738392058939632,6.608695652173913,15.0,9.0,2.9411764705882355,16.666666666666664,50.0,83.33333333333334,-0.0414361956286918,49.51,C,C,MEDIUM,FAR,LOW PRIORITY,39.85
ARIHANTSUP.NS,216.6300048828125,2026-10-01T23:11:23.693897+05:30,WAITING FOR 0.786,2025-10-07,465.0,2026-03-30,188.8000030517578,,405.8932006530762,326.9000015258789,536.811999206543,46.628816512753104,11.0,4.0,7.0,0.0,11.0,36.36363636363637,1.885779509226878,1.885779509226878,8.909090909090908,14.75,13.5,5.0,0.0,50.0,75.0,0.2116691285866904,50.99,C,C,MEDIUM,FAR,LOW PRIORITY,39.77
BAJAJ-AUTO.NS,10045.0,2026-10-01T23:11:23.693897+05:30,WAITING FOR 0.786,2026-09-01,12470.0,2026-10-01,9900.0,,11920.02,11185.0,13138.2,15.730007164417511,6.0,2.0,4.0,0.0,6.0,33.33333333333333,-1.6194779300229154,-1.6194779300229154,7.166666666666667,3.0,3.0,9.0,50.0,100.0,100.0,-0.2259736646543602,55.3,B,C,FAST,FAR,LOW PRIORITY,39.69
INFOMEDIA.NS,5.320000171661377,2026-10-01T23:11:23.693897+05:30,WAITING FOR 0.786,2025-11-10,7.900000095367432,2026-02-16,4.5,,7.1724000749588015,6.200000047683716,8.784000120162965,25.826778817940728,17.0,4.0,13.0,0.0,17.0,23.52941176470588,-3.466186242941516,-3.466186242941516,15.647058823529411,5.25,4.0,18.53846153846154,75.0,75.0,100.0,-0.2215231809398713,48.0,C,C,FAST,FAR,LOW PRIORITY,39.68
CNL.NS,1079.199951171875,2026-10-01T23:11:23.693897+05:30,WAITING FOR 0.786,2026-08-31,1328.0,2026-09-29,1049.0,,1268.294,1188.5,1400.54,14.909322982535995,15.0,5.0,9.0,1.0,14.0,35.714285714285715,-0.1642161906221237,-0.1642161906221237,10.533333333333331,13.0,10.0,3.111111111111111,40.0,60.0,80.0,-0.0155901446793155,53.53,C,C,MEDIUM,FAR,LOW PRIORITY,39.66
GICL.NS,22.270000457763672,2026-10-01T23:11:23.693897+05:30,WAITING FOR 0.786,2025-09-29,169.0,2026-07-09,15.609999656677246,,136.17453992652895,92.30499982833862,208.8814000892639,83.64598810484021,16.0,4.0,11.0,1.0,15.0,26.666666666666668,-2.0490477548210304,-2.0490477548210304,10.125,7.75,7.0,6.363636363636363,0.0,75.0,100.0,-0.2023750868959042,48.47,C,C,FAST,FAR,LOW PRIORITY,39.63
MODIRUBBER.NS,119.72000122070312,2026-10-01T23:11:23.693897+05:30,WAITING FOR 0.786,2025-12-26,167.5,2026-03-30,105.01000213623048,,154.12714045715333,136.25500106811523,183.74739944458008,22.32386790178284,6.0,2.0,4.0,0.0,6.0,33.33333333333333,-1.7648932464582252,-1.7648932464582252,8.5,1.5,1.5,11.5,100.0,100.0,100.0,-0.2076344995833206,55.08,B,C,FAST,FAR,LOW PRIORITY,39.61
NAHARCAP.NS,237.3099975585937,2026-10-01T23:11:23.693897+05:30,WAITING FOR 0.786,2026-08-06,293.0,2026-09-29,230.0,,279.51800000000003,261.5,309.38,15.1002806407481,6.0,2.0,4.0,0.0,6.0,33.33333333333333,0.0138431664497797,0.0138431664497797,2.0,4.0,4.0,0.0,100.0,100.0,100.0,0.0069215832248898,57.85,B,B,FAST,FAR,LOW PRIORITY,39.6
DYCL.NS,428.0,2026-10-01T23:11:23.693897+05:30,WAITING FOR 0.786,2026-09-01,560.0,2026-09-16,416.6499938964844,,529.3230986938477,488.3249969482422,597.271001586914,19.142013440159992,16.0,3.0,11.0,2.0,14.0,21.428571428571427,-1.896341079117895,-1.896341079117895,10.3125,3.0,3.0,2.1818181818181817,100.0,100.0,100.0,-0.1838876197932504,52.11,C,C,FAST,FAR,LOW PRIORITY,39.6
GAYAHWS.NS,1.7200000286102295,2026-10-01T23:11:23.693897+05:30,WAITING FOR 0.786,2025-11-13,4.199999809265137,2026-10-01,1.7100000381469729,,3.6671398582458496,2.9549999237060547,4.847399749755859,53.09696125325912,12.0,4.0,8.0,0.0,12.0,33.33333333333333,-4.220119259804532,-4.220119259804532,21.416666666666668,5.5,6.0,29.25,25.0,100.0,100.0,-0.1970483701076046,49.24,C,C,FAST,FAR,LOW PRIORITY,39.57
EIDPARRY.NS,674.5499877929688,2026-10-01T23:11:23.693897+05:30,WAITING FOR 0.786,2025-10-28,1118.0,2026-10-01,672.2999877929688,,1022.6201973876952,895.1499938964844,1233.8820031738285,34.03709514870518,12.0,3.0,9.0,0.0,12.0,25.0,-1.7380891238575644,-1.7380891238575644,11.833333333333334,15.666666666666666,0.0,9.77777777777778,66.66666666666666,66.66666666666666,66.66666666666666,-0.1468807710302167,49.45,C,C,FAST,FAR,LOW PRIORITY,39.56
PATANJALI.NS,355.1499938964844,2026-10-01T23:11:23.693897+05:30,WAITING FOR 0.786,2025-10-31,614.0499877929688,2026-07-15,328.20001220703125,,552.8780930175781,471.125,688.3709814453125,35.763417219500354,13.0,3.0,9.0,1.0,12.0,25.0,-1.961315272166804,-1.961315272166804,15.384615384615383,14.0,1.0,10.666666666666666,66.66666666666666,66.66666666666666,66.66666666666666,-0.1274854926908422,49.1,C,C,FAST,FAR,LOW PRIORITY,39.44
KHANDSE.NS,16.760000228881836,2026-10-01T23:11:23.693897+05:30,WAITING FOR 0.786,2025-11-13,25.5,2026-03-30,12.199999809265137,,22.65379995918274,18.84999990463257,28.958000049591064,26.01682605532079,9.0,3.0,6.0,0.0,9.0,33.33333333333333,-0.1881051767323289,-0.1881051767323289,6.444444444444445,5.0,7.0,6.5,33.33333333333333,100.0,100.0,-0.0291887343205337,54.54,C,C,FAST,FAR,LOW PRIORITY,39.42
MAGNUM.NS,18.6200008392334,2026-10-01T23:11:23.693897+05:30,WAITING FOR 0.786,2025-12-05,28.0,2026-03-24,16.25,,25.4855,22.125,31.055,26.938844287012625,10.0,3.0,7.0,0.0,10.0,30.0,-0.0012478618190923,-0.0012478618190923,6.0,8.0,6.0,4.571428571428571,33.33333333333333,66.66666666666666,100.0,-0.0002079769698487,51.16,C,C,FAST,FAR,LOW PRIORITY,39.41
DONEAR.NS,80.29000091552734,2026-10-01T23:11:23.693897+05:30,WAITING FOR 0.786,2025-11-27,116.51000213623048,2026-01-27,77.5999984741211,,108.18326135253906,97.05500030517578,126.62660308837891,25.783342162439865,13.0,3.0,10.0,0.0,13.0,23.07692307692308,-0.643214918287216,-0.643214918287216,5.6923076923076925,5.0,3.0,5.4,66.66666666666666,66.66666666666666,100.0,-0.1129972153747811,50.39,C,C,FAST,FAR,LOW PRIORITY,39.41
TATACAP.NS,319.29998779296875,2026-10-01T23:11:23.693897+05:30,WAITING FOR 0.786,2026-08-06,390.2000122070313,2026-10-01,313.54998779296875,,373.7969069824219,351.875,410.1290185546875,14.579285748882857,1.0,1.0,0.0,0.0,1.0,100.0,9.600051793555735,9.600051793555735,48.0,48.0,48.0,,0.0,0.0,0.0,0.2000010790324111,,INSUFFICIENT,C,SLOW,FAR,LOW PRIORITY,39.4
GREENLAM.NS,213.6199951171875,2026-10-01T23:11:23.693897+05:30,WAITING FOR 0.786,2026-08-06,278.54998779296875,2026-10-01,207.3999938964844,,263.3238890991211,242.97499084472656,297.0489862060547,18.87557340580821,7.0,2.0,5.0,0.0,7.0,28.57142857142857,0.2990805106436901,0.2990805106436901,7.428571428571429,1.5,1.5,9.4,100.0,100.0,100.0,0.0402608379712659,56.4,B,B,FAST,FAR,LOW PRIORITY,39.33
DUCON.NS,1.2999999523162842,2026-10-01T23:11:23.693897+05:30,WAITING FOR 0.786,2025-10-29,5.5,2026-09-18,1.149999976158142,,4.569099994897842,3.324999988079071,6.631000006198883,71.54800827804273,4.0,3.0,1.0,0.0,4.0,75.0,7.674641439943938,7.674641439943938,5.0,5.0,5.0,5.0,66.66666666666666,100.0,100.0,1.5349282879887878,,INSUFFICIENT,C,FAST,FAR,LOW PRIORITY,39.26
CUMMINSIND.NS,4860.0,2026-10-01T23:11:23.693897+05:30,WAITING FOR 0.786,2026-05-29,6100.0,2026-09-30,4741.0,,5809.174,5420.5,6453.34,16.33922481922559,10.0,4.0,5.0,1.0,9.0,44.44444444444444,1.4941986588045115,1.4941986588045115,14.4,17.0,13.5,3.0,25.0,25.0,75.0,0.1037637957503133,51.11,C,C,MEDIUM,FAR,LOW PRIORITY,39.24
JISLDVREQS.NS,18.709999084472656,2026-10-01T23:11:23.693897+05:30,WAITING FOR 0.786,2025-10-03,34.22999954223633,2026-10-01,18.39999961853028,,30.84237955856323,26.3149995803833,38.3457995223999,39.33671995396374,9.0,3.0,6.0,0.0,9.0,33.33333333333333,1.397223834218003,1.397223834218003,6.0,10.666666666666666,10.0,3.0,33.33333333333333,66.66666666666666,66.66666666666666,0.2328706390363338,53.68,C,C,MEDIUM,FAR,LOW PRIORITY,39.22
HUHTAMAKI.NS,232.72000122070312,2026-10-01T23:11:23.693897+05:30,WAITING FOR 0.786,2026-07-27,330.0,2026-10-01,227.8099975585937,,308.1313394775391,278.9049987792969,356.56940063476566,24.473764461836893,7.0,2.0,4.0,1.0,6.0,33.33333333333333,2.6570306318297563,2.6570306318297563,13.857142857142858,7.5,7.5,5.0,50.0,50.0,100.0,0.1917444785856525,53.98,C,C,MEDIUM,FAR,LOW PRIORITY,39.21
YESBANK.NS,20.75,2026-10-01T23:11:23.693897+05:30,WAITING FOR 0.786,2026-06-18,25.780000686645508,2026-10-01,20.51000022888184,,24.65222058868408,23.145000457763672,27.150200805664063,15.829083528788832,9.0,3.0,6.0,0.0,9.0,33.33333333333333,1.3875706995331654,1.3875706995331654,8.333333333333334,20.666666666666668,10.0,1.3333333333333333,33.33333333333333,66.66666666666666,66.66666666666666,0.1665084839439798,53.67,C,C,MEDIUM,FAR,LOW PRIORITY,39.2
REGENCERAM.NS,31.979999542236328,2026-10-01T23:11:23.693897+05:30,WAITING FOR 0.786,2026-05-04,53.29999923706055,2026-07-31,30.0,,48.31379940032959,41.64999961853027,59.35799903869629,33.80773207826382,5.0,3.0,1.0,1.0,4.0,75.0,6.949984786035431,6.949984786035431,14.0,3.0,1.0,0.0,66.66666666666666,100.0,100.0,0.4964274847168165,,INSUFFICIENT,C,FAST,FAR,LOW PRIORITY,39.17
CREDITACC.NS,1239.0,2026-10-01T23:11:23.693897+05:30,WAITING FOR 0.786,2026-09-04,1468.0,2026-09-29,1209.0999755859375,,1412.5953947753906,1338.5499877929688,1535.3140063476562,12.289109494300249,13.0,3.0,10.0,0.0,13.0,23.07692307692308,-3.2231026072464126,-3.2231026072464126,4.769230769230769,0.6666666666666666,0.0,5.2,100.0,100.0,100.0,-0.6758118370032801,49.69,C,C,FAST,FAR,LOW PRIORITY,39.16
RAINBOW.NS,1279.800048828125,2026-10-01T23:11:23.693897+05:30,WAITING FOR 0.786,2026-08-05,1610.0,2026-10-01,1266.199951171875,,1536.4267895507812,1438.0999755859375,1699.3880126953125,16.702829088113496,13.0,3.0,9.0,1.0,12.0,25.0,-0.696991089936252,-0.696991089936252,9.384615384615383,5.333333333333333,4.0,4.444444444444445,66.66666666666666,66.66666666666666,100.0,-0.0742695423702563,51.08,C,C,FAST,FAR,LOW PRIORITY,39.13
CDSL.NS,1242.5,2026-10-01T23:11:23.693897+05:30,WAITING FOR 0.786,2025-12-01,1638.9000244140625,2026-03-30,1116.300048828125,,1527.063629638672,1377.6000366210938,1774.7760180664063,18.63469367717208,13.0,4.0,9.0,0.0,13.0,30.76923076923077,0.0026161291660983,0.0026161291660983,11.076923076923077,13.5,6.5,9.444444444444445,50.0,50.0,75.0,0.0002361783274949,49.81,C,C,FAST,FAR,LOW PRIORITY,39.13
JPOLYINVST.NS,911.0,2026-10-01T23:11:23.693897+05:30,WAITING FOR 0.786,2026-03-10,1487.699951171875,2026-10-01,902.5499877929688,,1362.477859008789,1195.124969482422,1639.8389416503906,33.136528129509706,18.0,4.0,14.0,0.0,18.0,22.22222222222222,-3.566957275319387,-3.566957275319387,4.5,5.75,3.5,3.571428571428572,50.0,75.0,100.0,-0.7926571722931972,47.32,C,C,FAST,FAR,LOW PRIORITY,39.12
JSWENERGY.NS,485.0,2026-10-01T23:11:23.693897+05:30,WAITING FOR 0.786,2026-05-29,617.3499755859375,2026-10-01,475.1000061035156,,586.9084821166992,546.2249908447266,654.3349676513672,17.3636069714249,9.0,4.0,5.0,0.0,9.0,44.44444444444444,1.1758120522741018,1.1758120522741018,15.555555555555555,22.75,11.5,9.8,0.0,50.0,75.0,0.0755879176461922,52.11,C,C,MEDIUM,FAR,LOW PRIORITY,39.11
ALLDIGI.NS,756.3499755859375,2026-10-01T23:11:23.693897+05:30,WAITING FOR 0.786,2026-02-03,1000.0,2026-03-30,700.0,,935.8,850.0,1078.0,19.176108614454208,15.0,3.0,11.0,1.0,14.0,21.428571428571427,-2.7862523556249594,-2.7862523556249594,8.2,0.0,0.0,5.0,100.0,100.0,100.0,-0.3397868726371902,50.72,C,C,FAST,FAR,LOW PRIORITY,39.11
XPROINDIA.NS,1136.199951171875,2026-10-01T23:11:23.693897+05:30,WAITING FOR 0.786,2026-07-03,1574.800048828125,2026-08-10,995.4000244140624,,1450.8084436035156,1285.1000366210938,1725.4440551757812,21.685046969413584,12.0,3.0,8.0,1.0,11.0,27.27272727272727,-0.7838357259493351,-0.7838357259493351,13.5,5.333333333333333,7.0,10.125,33.33333333333333,100.0,100.0,-0.0580619056258766,52.18,C,C,FAST,FAR,LOW PRIORITY,39.08
ADFFOODS.NS,281.3999938964844,2026-10-01T23:11:23.693897+05:30,WAITING FOR 0.786,2026-07-02,346.95001220703125,2026-09-16,248.8000030517578,,325.9459102478028,297.87500762939453,372.4690145874024,13.666659083849844,15.0,3.0,11.0,1.0,14.0,21.428571428571427,-2.942461835064776,-2.942461835064776,7.0,2.0,1.0,3.0,100.0,100.0,100.0,-0.4203516907235394,50.47,C,C,FAST,FAR,LOW PRIORITY,39.02
VOLTAMP.NS,10426.0,2026-10-01T23:11:23.693897+05:30,WAITING FOR 0.786,2026-05-04,12863.0,2026-05-19,8950.0,,12025.618,10906.5,13880.38,13.301752974358577,13.0,3.0,10.0,0.0,13.0,23.07692307692308,-1.6632363915271542,-1.6632363915271542,3.8461538461538463,5.0,5.0,2.8,66.66666666666666,100.0,100.0,-0.43244146179706,52.13,C,C,FAST,FAR,LOW PRIORITY,39.01
SOMICONVEY.NS,83.7300033569336,2026-10-01T23:11:23.693897+05:30,WAITING FOR 0.786,2025-10-06,169.39999389648438,2026-08-18,80.16000366210938,,150.30263598632814,124.77999877929688,192.60239135742188,44.29239194144948,13.0,3.0,10.0,0.0,13.0,23.07692307692308,-3.5009919323937586,-3.5009919323937586,6.538461538461538,1.0,1.0,7.8,100.0,100.0,100.0,-0.5354458249543396,49.26,C,C,FAST,FAR,LOW PRIORITY,39.01
WABAG.NS,2004.9000244140625,2026-10-01T23:11:23.693897+05:30,WAITING FOR 0.786,2026-09-11,2319.0,2026-09-29,1956.800048828125,,2241.4892104492187,2137.9000244140625,2413.171987304688,10.554999994300273,11.0,3.0,7.0,1.0,10.0,30.0,0.7471449974412462,0.7471449974412462,10.909090909090908,11.0,9.0,3.0,33.33333333333333,66.66666666666666,100.0,0.0684882914321142,52.33,C,C,MEDIUM,FAR,LOW PRIORITY,38.94
SIL.NS,15.829999923706056,2026-10-01T23:11:23.693897+05:30,WAITING FOR 0.786,2026-08-21,22.299999237060547,2026-09-30,15.5,,20.844799400329592,18.89999961853028,24.06799903869629,24.0577967689353,6.0,2.0,4.0,0.0,6.0,33.33333333333333,-3.192438319105941,-3.192438319105941,4.833333333333333,2.5,2.5,5.75,100.0,100.0,100.0,-0.6605044798150222,52.85,C,C,FAST,FAR,LOW PRIORITY,38.83
TIIL.NS,2893.800048828125,2026-10-01T23:11:23.693897+05:30,WAITING FOR 0.786,2026-08-25,3565.300048828125,2026-10-01,2822.0,,3406.2338383789065,3193.6500244140625,3758.5580615234376,15.043999145832537,16.0,4.0,12.0,0.0,16.0,25.0,0.7763957903504322,0.7763957903504322,6.3125,17.25,9.5,1.8333333333333333,50.0,50.0,75.0,0.1229933925307615,49.71,C,C,MEDIUM,FAR,LOW PRIORITY,38.81
MADRASFERT.NS,57.459999084472656,2026-10-01T23:11:23.693897+05:30,WAITING FOR 0.786,2026-01-08,85.4800033569336,2026-03-30,52.560001373291016,,78.43512293243408,69.0200023651123,94.03920387268067,26.74200417334708,13.0,3.0,9.0,1.0,12.0,25.0,-3.1177106717198244,-3.1177106717198244,9.23076923076923,4.666666666666667,3.0,4.222222222222222,66.66666666666666,66.66666666666666,100.0,-0.3377519894363143,47.3,C,C,FAST,FAR,LOW PRIORITY,38.8
PGHL.NS,5360.0,2026-10-01T23:11:23.693897+05:30,WAITING FOR 0.786,2026-07-15,6975.0,2026-09-28,5300.0,,6616.55,6137.5,7410.5,18.99101495492364,9.0,2.0,6.0,1.0,8.0,25.0,-0.9818995205089962,-0.9818995205089962,11.555555555555555,1.0,1.0,6.5,100.0,100.0,100.0,-0.0849720738902016,52.97,C,C,FAST,FAR,LOW PRIORITY,38.79
ACUTAAS.NS,3196.5,2026-10-01T23:11:23.693897+05:30,WAITING FOR 0.786,2026-07-06,3740.0,2026-08-03,3025.0,,3586.99,3382.5,3925.9,10.88628627344932,13.0,3.0,8.0,2.0,11.0,27.27272727272727,-1.464607990857046,-1.464607990857046,12.923076923076923,6.0,6.0,3.0,33.33333333333333,100.0,100.0,-0.1133327611972714,51.12,C,C,FAST,FAR,LOW PRIORITY,38.71
LMW.NS,16548.0,2026-10-01T23:11:23.693897+05:30,WAITING FOR 0.786,2026-08-17,20151.0,2026-10-01,16257.0,,19317.684,18204.0,21163.44,14.337557235121976,11.0,5.0,5.0,1.0,10.0,50.0,2.265868727258798,2.265868727258798,20.727272727272727,27.4,28.0,5.4,20.0,40.0,40.0,0.1093182280695034,48.04,C,C,SLOW,FAR,LOW PRIORITY,38.71
RALLIS.NS,199.69000244140625,2026-10-01T23:11:23.693897+05:30,WAITING FOR 0.786,2026-05-26,260.20001220703125,2026-09-29,196.759994506836,,246.62384841918947,228.4800033569336,276.69441680908204,19.03053831923392,8.0,2.0,5.0,1.0,7.0,28.57142857142857,-0.1393543941673074,-0.1393543941673074,10.5,2.0,2.0,3.4,100.0,100.0,100.0,-0.013271847063553,55.71,B,C,FAST,FAR,LOW PRIORITY,38.64
SHRIRAMFIN.NS,945.0,2026-10-01T23:11:23.693897+05:30,WAITING FOR 0.786,2026-08-06,1153.699951171875,2026-10-01,936.0,,1107.1121616210935,1044.8499755859375,1210.3019384765626,14.64279476288295,13.0,5.0,8.0,0.0,13.0,38.46153846153847,1.0942491751974175,1.0942491751974175,9.846153846153848,16.2,15.0,5.5,20.0,40.0,80.0,0.1111346818559877,49.59,C,C,MEDIUM,FAR,LOW PRIORITY,38.61
AUTOAXLES.NS,1683.0,2026-10-01T23:11:23.693897+05:30,WAITING FOR 0.786,2026-02-04,2115.0,2026-03-30,1540.199951171875,,1991.9927895507813,1827.5999755859373,2264.4480126953126,15.511742370335732,10.0,2.0,8.0,0.0,10.0,20.0,-2.063732411159489,-2.063732411159489,1.5,0.5,0.5,1.0,100.0,100.0,100.0,-1.3758216074396596,50.28,C,C,FAST,FAR,LOW PRIORITY,38.6
SINTERCOM.NS,75.87000274658203,2026-10-01T23:11:23.693897+05:30,WAITING FOR 0.786,2025-12-01,126.9800033569336,2026-03-30,62.9900016784668,,113.2861429977417,94.9850025177002,143.61740379333497,33.02799376964008,14.0,3.0,11.0,0.0,14.0,21.428571428571427,-0.9529513146344504,-0.9529513146344504,2.4285714285714284,6.666666666666667,1.0,0.2727272727272727,66.66666666666666,66.66666666666666,100.0,-0.392391717790656,49.25,C,C,FAST,FAR,LOW PRIORITY,38.59
LTTS.NS,3267.800048828125,2026-10-01T23:11:23.693897+05:30,WAITING FOR 0.786,2025-12-04,4726.0,2026-03-13,3010.0,,4358.776,3868.0,5172.16,25.02941080642536,8.0,2.0,5.0,1.0,7.0,28.57142857142857,-0.2729279125675703,-0.2729279125675703,19.25,2.0,2.0,17.8,100.0,100.0,100.0,-0.0141780733801335,55.5,B,C,FAST,FAR,LOW PRIORITY,38.57
TOUCHWOOD.NS,57.13999938964844,2026-10-01T23:11:23.693897+05:30,WAITING FOR 0.786,2026-01-06,113.0,2026-09-30,57.0,,101.016,85.0,127.56,43.43470401753343,13.0,3.0,10.0,0.0,13.0,23.07692307692308,-4.310414498715206,-4.310414498715206,5.538461538461538,1.6666666666666667,2.0,6.5,100.0,100.0,100.0,-0.7782692844902455,48.0,C,C,FAST,FAR,LOW PRIORITY,38.57
SYMPHONY.NS,571.7000122070312,2026-10-01T23:11:23.693897+05:30,WAITING FOR 0.786,2026-02-03,970.4500122070312,2026-09-16,562.0999755859375,,883.0631043701171,766.2749938964844,1076.6210217285156,35.25943849564172,6.0,2.0,4.0,0.0,6.0,33.33333333333333,-1.8983245604686525,-1.8983245604686525,12.833333333333334,5.0,5.0,16.5,50.0,100.0,100.0,-0.1479213943222326,54.87,C,C,FAST,FAR,LOW PRIORITY,38.54
FIEMIND.NS,1794.800048828125,2026-10-01T23:11:23.693897+05:30,WAITING FOR 0.786,2026-08-12,2674.800048828125,2026-10-01,1785.0999755859375,,2484.404233154297,2229.9500122070312,2906.122067871094,27.757326087414665,18.0,5.0,13.0,0.0,18.0,27.77777777777778,-0.294139292152714,-0.294139292152714,6.166666666666667,12.6,9.0,3.076923076923077,40.0,60.0,80.0,-0.047698263592332,50.15,C,C,MEDIUM,FAR,LOW PRIORITY,38.5
SUMEETINDS.NS,10.380000114440918,2026-10-01T23:11:23.693897+05:30,WAITING FOR 0.786,2025-10-23,40.5,2026-09-17,9.260000228881836,,33.81464004898071,24.88000011444092,48.62239994049072,69.30323641060374,5.0,3.0,2.0,0.0,5.0,60.0,8.952942697806462,8.952942697806462,2.4,1.3333333333333333,1.0,3.0,100.0,100.0,100.0,3.730392790752693,,INSUFFICIENT,C,FAST,FAR,LOW PRIORITY,38.43
CENTEXT.NS,18.18000030517578,2026-10-01T23:11:23.693897+05:30,WAITING FOR 0.786,2025-10-10,34.75,2026-03-30,15.670000076293944,,30.666880016326907,25.210000038146973,39.71079998016357,40.71780273866519,13.0,4.0,9.0,0.0,13.0,30.76923076923077,-1.2829314852320306,-1.2829314852320306,5.153846153846154,8.0,7.0,3.2222222222222223,50.0,50.0,100.0,-0.2489270045972596,47.8,C,C,FAST,FAR,LOW PRIORITY,38.42
VIKASLIFE.NS,1.2000000476837158,2026-10-01T23:11:23.693897+05:30,WAITING FOR 0.786,2025-09-26,2.2300000190734863,2026-03-30,1.0499999523162842,,1.977480004787445,1.6399999856948853,2.5368000364303587,39.31670384638346,6.0,2.0,4.0,0.0,6.0,33.33333333333333,-3.9828312431260513,-3.9828312431260513,1.6666666666666667,3.0,3.0,0.5,100.0,100.0,100.0,-2.3896987458756307,51.61,C,C,FAST,FAR,LOW PRIORITY,38.4
CANTABIL.NS,224.66000366210932,2026-10-01T23:11:23.693897+05:30,WAITING FOR 0.786,2026-02-06,321.5,2026-05-29,208.5,,297.318,265.0,350.88,24.437806099156663,11.0,4.0,7.0,0.0,11.0,36.36363636363637,-1.7208075322085454,-1.7208075322085454,12.363636363636363,10.5,10.0,13.0,0.0,50.0,100.0,-0.1391829621639264,49.36,C,C,MEDIUM,FAR,LOW PRIORITY,38.37
ELECTCAST.NS,74.54000091552734,2026-10-01T23:11:23.693897+05:30,WAITING FOR 0.786,2026-09-03,87.77999877929688,2026-09-28,70.0999984741211,,83.99647871398926,78.93999862670898,92.37679885864256,11.258183608698088,9.0,2.0,6.0,1.0,8.0,25.0,-0.032510396457255,-0.032510396457255,13.77777777777778,4.0,4.0,8.5,50.0,100.0,100.0,-0.0023596255493168,54.45,C,C,FAST,FAR,LOW PRIORITY,38.31
FOODSIN.NS,49.38999938964844,2026-10-01T23:11:23.693897+05:30,WAITING FOR 0.786,2025-09-29,91.54000091552734,2026-03-30,44.0,,81.3664407196045,67.77000045776367,103.90040115356445,39.299299621756255,8.0,3.0,5.0,0.0,8.0,37.5,2.3778153342551067,2.3778153342551067,4.875,11.333333333333334,12.0,0.0,33.33333333333333,33.33333333333333,100.0,0.4877569916420731,49.55,C,C,MEDIUM,FAR,LOW PRIORITY,38.28
WEALTH.NS,889.9500122070312,2026-10-01T23:11:23.693897+05:30,WAITING FOR 0.786,2025-11-10,1219.0,2026-02-05,774.9500122070312,,1123.973302612305,996.9750061035156,1334.4529968261718,20.82107198288105,17.0,3.0,14.0,0.0,17.0,17.647058823529413,-3.120277308396976,-3.120277308396976,3.4705882352941178,11.0,3.0,1.2142857142857142,66.66666666666666,66.66666666666666,66.66666666666666,-0.8990629532669253,45.35,C,C,FAST,FAR,LOW PRIORITY,38.28
WIPL.NS,161.0,2026-10-01T23:11:23.693897+05:30,WAITING FOR 0.786,2025-10-30,193.1999969482422,2026-01-20,133.10000610351562,,180.3385989074707,163.1500015258789,208.82599456787108,10.723494041002876,11.0,2.0,8.0,1.0,10.0,20.0,-1.1123424528907175,-1.1123424528907175,10.545454545454543,5.0,5.0,5.125,50.0,100.0,100.0,-0.1054807498430853,51.76,C,C,FAST,FAR,LOW PRIORITY,38.12
HPL.NS,267.20001220703125,2026-10-01T23:11:23.693897+05:30,WAITING FOR 0.786,2025-11-17,479.8999938964844,2026-03-30,255.5500030517578,,431.88909585571287,367.7249984741211,538.2309915161134,38.132262478722446,14.0,3.0,10.0,1.0,13.0,23.07692307692308,-1.1656084539777165,-1.1656084539777165,11.428571428571429,6.666666666666667,5.0,7.5,66.66666666666666,66.66666666666666,100.0,-0.1019907397230501,49.58,C,C,FAST,FAR,LOW PRIORITY,38.12
UFO.NS,56.4900016784668,2026-10-01T23:11:23.693897+05:30,WAITING FOR 0.786,2026-07-13,71.58999633789062,2026-10-01,55.34999847412109,,68.11463679504395,63.46999740600586,75.8123957824707,17.0662807049174,5.0,3.0,1.0,1.0,4.0,75.0,7.529092924592163,7.529092924592163,21.8,6.0,6.0,30.0,0.0,100.0,100.0,0.345371235073035,,INSUFFICIENT,C,FAST,FAR,LOW PRIORITY,38.04
HINDCOMPOS.NS,380.7999877929688,2026-10-01T23:11:23.693897+05:30,WAITING FOR 0.786,2026-04-16,550.0,2026-09-17,365.1000061035156,,510.43140130615234,457.5500030517578,598.073998413086,25.39644175132395,13.0,3.0,10.0,0.0,13.0,23.07692307692308,-3.350565530811099,-3.350565530811099,8.692307692307692,15.0,0.0,6.3,66.66666666666666,66.66666666666666,66.66666666666666,-0.3854632911552592,46.16,C,C,FAST,FAR,LOW PRIORITY,37.93
BSL.NS,118.1999969482422,2026-10-01T23:11:23.693897+05:30,WAITING FOR 0.786,2025-11-11,205.0,2026-03-30,98.0,,182.102,151.5,232.82,35.09132412151312,12.0,3.0,8.0,1.0,11.0,27.27272727272727,-2.9482558678108064,-2.9482558678108064,8.416666666666666,4.333333333333333,6.0,2.5,33.33333333333333,100.0,100.0,-0.3502878258785116,48.8,C,C,FAST,FAR,LOW PRIORITY,37.9
SAKSOFT.NS,139.3300018310547,2026-10-01T23:11:23.693897+05:30,WAITING FOR 0.786,2026-07-15,189.9900054931641,2026-10-01,135.08999633789062,,178.24140353393554,162.54000091552734,204.26400787353515,21.830731205767503,14.0,4.0,9.0,1.0,13.0,30.76923076923077,-2.2357013175448706,-2.2357013175448706,12.5,14.25,7.0,5.888888888888889,50.0,50.0,75.0,-0.1788561054035896,46.31,C,C,FAST,FAR,LOW PRIORITY,37.9
INCREDIBLE.NS,31.3700008392334,2026-10-01T23:11:23.693897+05:30,WAITING FOR 0.786,2025-12-09,45.59999847412109,2026-03-30,28.100000381469727,,41.8549988822937,36.84999942779541,50.14999797821045,25.050766510701937,7.0,2.0,5.0,0.0,7.0,28.57142857142857,1.9289170254138028,1.9289170254138028,4.142857142857143,7.0,7.0,2.6,50.0,50.0,100.0,0.4656006613067799,50.94,C,C,FAST,FAR,LOW PRIORITY,37.87
PNBGILTS.NS,71.62999725341797,2026-10-01T23:11:23.693897+05:30,WAITING FOR 0.786,2026-09-04,85.5,2026-10-01,70.80000305175781,,82.35420065307618,78.1500015258789,89.32199920654297,13.022047830729116,16.0,2.0,14.0,0.0,16.0,12.5,-2.3589749608889368,-2.3589749608889368,1.625,3.0,3.0,0.5,100.0,100.0,100.0,-1.4516768990085764,47.81,C,C,FAST,FAR,LOW PRIORITY,37.86
UPL.NS,516.7999877929688,2026-10-01T23:11:23.693897+05:30,WAITING FOR 0.786,2026-01-02,812.2000122070312,2026-10-01,511.2000122070313,,747.7860122070313,661.7000122070312,890.4600122070312,30.88932136244773,6.0,2.0,2.0,2.0,4.0,50.0,-0.8289930880424466,-0.8289930880424466,31.666666666666668,8.5,8.5,25.5,50.0,50.0,100.0,-0.0261787290960772,55.2,B,C,MEDIUM,FAR,LOW PRIORITY,37.82
REMSONSIND.NS,112.5500030517578,2026-10-01T23:11:23.693897+05:30,WAITING FOR 0.786,2025-11-04,152.4499969482422,2026-07-15,75.2300033569336,,135.92491831970216,113.84000015258788,172.52719528198242,17.19693162733075,13.0,3.0,10.0,0.0,13.0,23.07692307692308,-3.5767794624449443,-3.5767794624449443,5.230769230769231,5.666666666666667,2.0,4.4,66.66666666666666,66.66666666666666,100.0,-0.6837960737027099,45.81,C,C,FAST,FAR,LOW PRIORITY,37.8
OSWALSEEDS.NS,12.390000343322754,2026-10-01T23:11:23.693897+05:30,WAITING FOR 0.786,2025-12-26,20.280000686645508,2026-08-12,9.65999984741211,,18.007320507049563,14.970000267028809,23.0412009048462,31.1946475408583,8.0,2.0,6.0,0.0,8.0,25.0,-0.978104694704918,-0.978104694704918,6.125,4.0,4.0,6.5,100.0,100.0,100.0,-0.1596905624008029,52.97,C,C,FAST,FAR,LOW PRIORITY,37.79
HONDAPOWER.NS,1886.300048828125,2026-10-01T23:11:23.693897+05:30,WAITING FOR 0.786,2025-09-26,2848.0,2026-03-30,1816.5999755859373,,2627.2803947753905,2332.2999877929688,3116.164006347656,28.20332186167792,12.0,3.0,8.0,1.0,11.0,27.27272727272727,0.6995385031363567,0.6995385031363567,8.166666666666666,9.666666666666666,9.0,0.25,33.33333333333333,66.66666666666666,100.0,0.0856577758942477,51.17,C,C,MEDIUM,FAR,LOW PRIORITY,37.78
UCOBANK.NS,22.93000030517578,2026-10-01T23:11:23.693897+05:30,WAITING FOR 0.786,2025-10-31,34.20000076293945,2026-03-30,22.21999931335449,,31.636280452728272,28.210000038146973,37.314801139831545,27.519923401114216,4.0,3.0,1.0,0.0,4.0,75.0,12.017768438581008,12.017768438581008,9.25,12.0,13.0,0.0,33.33333333333333,33.33333333333333,100.0,1.2992182095763252,,INSUFFICIENT,C,MEDIUM,FAR,LOW PRIORITY,37.75
IITL.NS,132.55999755859375,2026-10-01T23:11:23.693897+05:30,WAITING FOR 0.786,2025-09-30,216.0,2026-03-02,108.0,,192.888,162.0,244.08,31.27618226193763,5.0,3.0,1.0,1.0,4.0,75.0,14.185765899171187,14.185765899171187,21.6,12.333333333333334,13.0,10.0,0.0,33.33333333333333,100.0,0.6567484212579253,,INSUFFICIENT,C,MEDIUM,FAR,LOW PRIORITY,37.75
RTNPOWER.NS,6.739999771118164,2026-10-01T23:11:23.693897+05:30,WAITING FOR 0.786,2025-10-10,11.9399995803833,2026-10-01,6.659999847412109,,10.810079637527464,9.299999713897703,13.31279951095581,37.65078521974913,4.0,3.0,1.0,0.0,4.0,75.0,16.85780200801576,16.85780200801576,15.0,14.666666666666666,12.0,16.0,33.33333333333333,33.33333333333333,66.66666666666666,1.1238534672010507,,INSUFFICIENT,C,MEDIUM,FAR,LOW PRIORITY,37.75
VLSFINANCE.NS,230.8699951171875,2026-10-01T23:11:23.693897+05:30,WAITING FOR 0.786,2025-12-05,339.0,2026-03-30,205.0,,310.324,272.0,373.84,25.60356430144381,8.0,2.0,5.0,1.0,7.0,28.57142857142857,-1.941848214744465,-1.941848214744465,8.5,1.5,1.5,0.2,100.0,100.0,100.0,-0.2284527311464076,52.89,C,C,FAST,FAR,LOW PRIORITY,37.65
BSHSL.NS,83.94999694824219,2026-10-01T23:11:23.693897+05:30,WAITING FOR 0.786,2026-04-15,107.9800033569336,2026-09-29,81.52999877929688,,102.31970237731936,94.75500106811523,114.85700454711916,17.953243610244385,7.0,2.0,5.0,0.0,7.0,28.57142857142857,-1.9670336947305225,-1.9670336947305225,2.2857142857142856,2.5,2.5,1.4,100.0,100.0,100.0,-0.8605772414446037,52.86,C,C,FAST,FAR,LOW PRIORITY,37.64
SIYSIL.NS,531.5499877929688,2026-10-01T23:11:23.693897+05:30,WAITING FOR 0.786,2025-11-04,848.7999877929688,2026-03-30,433.3500061035156,,759.8936917114258,641.0749969482422,956.8169830322264,30.049427493493653,8.0,2.0,6.0,0.0,8.0,25.0,-3.214340812831109,-3.214340812831109,9.375,1.0,1.0,12.166666666666666,100.0,100.0,100.0,-0.3428630200353183,49.48,C,C,FAST,FAR,LOW PRIORITY,37.57
NUCLEUS.NS,646.9500122070312,2026-10-01T23:11:23.693897+05:30,WAITING FOR 0.786,2025-11-06,1064.800048828125,2026-10-01,638.0499877929688,,973.4755357666016,851.4250183105469,1175.7550646972657,33.54224236384481,10.0,2.0,8.0,0.0,10.0,20.0,-3.9750267301291258,-3.9750267301291258,5.7,1.5,1.5,6.0,100.0,100.0,100.0,-0.6973731105489694,47.29,C,C,FAST,FAR,LOW PRIORITY,37.55
DJML.NS,72.61000061035156,2026-10-01T23:11:23.693897+05:30,WAITING FOR 0.786,2026-07-03,124.8000030517578,2026-08-28,67.56999969482422,,112.55278233337404,96.18500137329102,139.67980392456053,35.4880447155136,8.0,2.0,6.0,0.0,8.0,25.0,-1.6981004545086749,-1.6981004545086749,8.5,4.5,4.5,9.5,50.0,100.0,100.0,-0.1997765240598441,51.85,C,C,FAST,FAR,LOW PRIORITY,37.4
CCHHL.NS,12.989999771118164,2026-10-01T23:11:23.693897+05:30,WAITING FOR 0.786,2026-05-04,15.6899995803833,2026-06-12,11.029999732971191,,14.69275961303711,13.359999656677246,16.90159954071045,11.589108423226776,14.0,3.0,11.0,0.0,14.0,21.428571428571427,-3.171271706617326,-3.171271706617326,5.5,9.0,1.0,4.0,66.66666666666666,66.66666666666666,66.66666666666666,-0.5765948557486047,45.78,C,C,FAST,FAR,LOW PRIORITY,37.38
ARMANFIN.NS,1764.4000244140625,2026-10-01T23:11:23.693897+05:30,WAITING FOR 0.786,2026-08-13,2158.60009765625,2026-09-28,1666.199951171875,,2053.226466308594,1912.4000244140625,2286.624135742188,14.066954943056029,14.0,3.0,11.0,0.0,14.0,21.428571428571427,-1.3531948131337532,-1.3531948131337532,4.785714285714286,7.0,5.0,3.636363636363636,66.66666666666666,66.66666666666666,100.0,-0.282757125132426,48.62,C,C,FAST,FAR,LOW PRIORITY,37.37
SHANTIGEAR.NS,573.6500244140625,2026-10-01T23:11:23.693897+05:30,WAITING FOR 0.786,2026-09-10,743.0,2026-10-01,568.5999755859375,,705.6783947753906,655.7999877929688,788.3440063476562,18.70942504954417,11.0,3.0,7.0,1.0,10.0,30.0,-0.1200204746272132,-0.1200204746272132,13.181818181818182,14.0,10.0,5.285714285714286,33.33333333333333,66.66666666666666,66.66666666666666,-0.0091050015234437,50.98,C,C,MEDIUM,FAR,LOW PRIORITY,37.34
ANNAPURNA.NS,128.60000610351562,2026-10-01T23:11:23.693897+05:30,WAITING FOR 0.786,2025-10-20,281.5,2026-07-29,120.75,,247.0995,201.125,323.295,47.95618521951051,9.0,3.0,6.0,0.0,9.0,33.33333333333333,-0.4113379019701024,-0.4113379019701024,3.888888888888889,7.666666666666667,8.0,1.1666666666666667,0.0,100.0,100.0,-0.1057726033637406,54.19,C,C,MEDIUM,FAR,LOW PRIORITY,37.3
CSLFINANCE.NS,208.33999633789065,2026-10-01T23:11:23.693897+05:30,WAITING FOR 0.786,2025-12-23,324.70001220703125,2026-10-01,205.0,,299.0842095947266,264.8500061035156,355.8220153808594,30.340690128642606,10.0,2.0,8.0,0.0,10.0,20.0,-2.616989147704212,-2.616989147704212,3.0,4.0,4.0,1.875,50.0,100.0,100.0,-0.8723297159014037,49.41,C,C,FAST,FAR,LOW PRIORITY,37.29
GRAUWEIL.NS,81.80000305175781,2026-10-01T23:11:23.693897+05:30,WAITING FOR 0.786,2026-04-13,115.5999984741211,2026-05-20,62.09000015258789,,104.148858833313,88.84499931335449,129.51259803771973,21.458570004423983,8.0,3.0,5.0,0.0,8.0,37.5,1.8869202045186064,1.8869202045186064,11.625,14.0,13.0,9.6,33.33333333333333,33.33333333333333,66.66666666666666,0.1623157165177296,48.78,C,C,MEDIUM,FAR,LOW PRIORITY,37.28
LGBBROSLTD.NS,1711.0999755859375,2026-10-01T23:11:23.693897+05:30,WAITING FOR 0.786,2026-02-12,2048.0,2026-06-11,1445.0,,1918.958,1746.5,2204.78,10.831817289073683,13.0,4.0,9.0,0.0,13.0,30.76923076923077,0.0714631430499686,0.0714631430499686,7.230769230769231,17.25,9.0,2.2222222222222223,25.0,50.0,75.0,0.0098832006345701,49.92,C,C,MEDIUM,FAR,LOW PRIORITY,37.27
NESCO.NS,1028.199951171875,2026-10-01T23:11:23.693897+05:30,WAITING FOR 0.786,2025-10-08,1422.800048828125,2026-03-30,996.0,,1331.4648383789065,1209.4000244140625,1533.7680615234376,22.77678527179616,13.0,3.0,9.0,1.0,12.0,25.0,-0.4139550901536843,-0.4139550901536843,10.23076923076923,8.0,6.0,4.777777777777778,33.33333333333333,66.66666666666666,100.0,-0.0404617757293074,48.52,C,C,FAST,FAR,LOW PRIORITY,37.23
TGBHOTELS.NS,9.420000076293944,2026-10-01T23:11:23.693897+05:30,WAITING FOR 0.786,2025-10-03,12.800000190734863,2026-03-30,7.5,,11.665800149917605,10.150000095367432,14.178000240325929,19.25114475443436,8.0,2.0,6.0,0.0,8.0,25.0,-3.842635096498937,-3.842635096498937,6.25,2.5,2.5,7.166666666666667,100.0,100.0,100.0,-0.6148216154398299,48.5,C,C,FAST,FAR,LOW PRIORITY,37.22
AIRAN.NS,15.600000381469728,2026-10-01T23:11:23.693897+05:30,WAITING FOR 0.786,2025-10-01,26.59000015258789,2026-03-30,12.630000114440918,,23.60256014442444,19.610000133514404,30.219600162506104,33.90547344858745,4.0,3.0,1.0,0.0,4.0,75.0,5.638649868424841,5.638649868424841,9.5,2.6666666666666665,3.0,30.0,100.0,100.0,100.0,0.5935420914131412,,INSUFFICIENT,C,FAST,FAR,LOW PRIORITY,37.21
GOLDIAM.NS,310.79998779296875,2026-10-01T23:11:23.693897+05:30,WAITING FOR 0.786,2026-08-11,398.2000122070313,2026-10-01,302.3999938964844,,377.69880828857424,350.3000030517578,423.10801696777344,17.7122138136302,8.0,2.0,5.0,1.0,7.0,28.57142857142857,-2.791807312049071,-2.791807312049071,15.375,0.0,0.0,12.0,100.0,100.0,100.0,-0.1815809633853054,51.57,C,C,FAST,FAR,LOW PRIORITY,37.19
RELTD.NS,146.97999572753906,2026-10-01T23:11:23.693897+05:30,WAITING FOR 0.786,2026-07-09,196.4499969482422,2026-09-21,140.8800048828125,,184.55801864624024,168.66500091552734,210.8981948852539,20.361089263062865,11.0,2.0,9.0,0.0,11.0,18.181818181818183,-3.3367396236929747,-3.3367396236929747,5.454545454545454,1.5,1.5,6.111111111111111,100.0,100.0,100.0,-0.6117355976770454,47.56,C,C,FAST,FAR,LOW PRIORITY,37.19
INSECTICID.NS,568.7000122070312,2026-10-01T23:11:23.693897+05:30,WAITING FOR 0.786,2026-08-04,669.9000244140625,2026-10-01,561.0499877929688,,646.6061165771484,615.4750061035156,698.2010339355469,12.048463875120486,8.0,3.0,4.0,1.0,7.0,42.85714285714285,-1.702616810638051,-1.702616810638051,19.0,13.0,8.0,12.25,33.33333333333333,66.66666666666666,66.66666666666666,-0.0896114110862132,52.65,C,C,MEDIUM,FAR,LOW PRIORITY,37.14
ELDEHSG.NS,782.25,2026-10-01T23:11:23.693897+05:30,WAITING FOR 0.786,2026-02-11,1008.7999877929688,2026-08-06,701.5499877929688,,943.0484877929688,855.1749877929688,1088.6849877929687,17.050924727029468,14.0,3.0,11.0,0.0,14.0,21.428571428571427,-3.623915472240905,-3.623915472240905,5.428571428571429,8.666666666666666,0.0,3.636363636363636,66.66666666666666,66.66666666666666,66.66666666666666,-0.6675633764654298,45.08,C,C,FAST,FAR,LOW PRIORITY,37.14
NELCO.NS,889.2000122070312,2026-10-01T23:11:23.693897+05:30,WAITING FOR 0.786,2026-08-17,1120.0,2026-10-01,884.5,,1069.603,1002.25,1181.23,16.866350205914607,6.0,2.0,4.0,0.0,6.0,33.33333333333333,-0.7665838929915818,-0.7665838929915818,6.5,5.5,5.5,6.75,50.0,100.0,100.0,-0.1179359835371664,53.64,C,C,FAST,FAR,LOW PRIORITY,37.11
KITEX.NS,116.68000030517578,2026-10-01T23:11:23.693897+05:30,WAITING FOR 0.786,2026-07-01,162.89999389648438,2026-09-29,114.36000061035156,,152.51243533325197,138.62999725341797,175.5203921508789,23.49476286951909,10.0,2.0,7.0,1.0,9.0,22.22222222222222,-2.7921874993687794,-2.7921874993687794,11.2,1.5,1.5,6.285714285714286,100.0,100.0,100.0,-0.2493024553007839,50.03,C,C,FAST,FAR,LOW PRIORITY,37.07
TIRUMALCHM.NS,146.25999450683594,2026-10-01T23:11:23.693897+05:30,WAITING FOR 0.786,2025-09-26,300.0,2026-10-01,143.1199951171875,,266.42767895507814,221.5599975585937,340.7888012695313,45.10330342535598,11.0,2.0,9.0,0.0,11.0,18.181818181818183,-3.5855700254503504,-3.5855700254503504,7.909090909090909,2.5,2.5,8.777777777777779,100.0,100.0,100.0,-0.4533479342523431,47.17,C,C,FAST,FAR,LOW PRIORITY,37.05
MAHABANK.NS,80.5,2026-10-01T23:11:23.693897+05:30,WAITING FOR 0.786,2026-06-29,94.5,2026-08-07,77.19999694824219,,90.79779934692382,85.8499984741211,98.99800079345704,11.34146358280952,9.0,3.0,5.0,1.0,8.0,37.5,2.291741545422909,2.291741545422909,15.666666666666666,21.0,14.0,3.0,0.0,0.0,66.66666666666666,0.1462813752397601,46.08,C,C,MEDIUM,FAR,LOW PRIORITY,36.94
AMDIND.NS,52.09000015258789,2026-10-01T23:11:23.693897+05:30,WAITING FOR 0.786,2026-09-15,74.38999938964844,2026-10-01,51.11000061035156,,69.4080796508789,62.75,80.44279907226563,24.95110019669261,7.0,2.0,5.0,0.0,7.0,28.57142857142857,-3.2844543426738,-3.2844543426738,13.0,3.0,3.0,16.4,100.0,100.0,100.0,-0.2526503340518308,50.8,C,C,FAST,FAR,LOW PRIORITY,36.92
DHANUKA.NS,935.0499877929688,2026-10-01T23:11:23.693897+05:30,WAITING FOR 0.786,2025-09-29,1620.4000244140625,2026-03-30,889.5999755859375,,1464.0088139648435,1255.0,1810.408037109375,36.13084983684922,8.0,2.0,5.0,1.0,7.0,28.57142857142857,-1.4906145548621934,-1.4906145548621934,9.875,5.0,5.0,1.0,50.0,100.0,100.0,-0.1509483093531335,53.6,C,C,FAST,FAR,LOW PRIORITY,36.9
UGROCAP.NS,82.3499984741211,2026-10-01T23:11:23.693897+05:30,WAITING FOR 0.786,2025-11-18,189.9199981689453,2026-09-29,79.19999694824219,,166.22591790771486,134.55999755859375,218.7071984863281,50.45899008370037,11.0,2.0,9.0,0.0,11.0,18.181818181818183,-3.9223064358707633,-3.9223064358707633,3.1818181818181817,0.5,0.5,3.111111111111111,100.0,100.0,100.0,-1.2327248798450972,46.64,C,C,FAST,FAR,LOW PRIORITY,36.87
MIRZAINT.NS,27.64999961853028,2026-10-01T23:11:23.693897+05:30,WAITING FOR 0.786,2026-08-05,34.5,2026-10-01,27.5,,33.002,31.0,36.32,16.21720011353775,9.0,2.0,7.0,0.0,9.0,22.22222222222222,-2.530471314082484,-2.530471314082484,1.5555555555555556,0.0,0.0,1.0,100.0,100.0,100.0,-1.6267315590530254,49.44,C,C,FAST,FAR,LOW PRIORITY,36.86
PDMJEPAPER.NS,95.55999755859376,2026-10-01T23:11:23.693897+05:30,WAITING FOR 0.786,2025-10-03,127.18000030517578,2026-03-30,65.0,,113.87348023986816,96.09000015258788,143.3468003845215,16.0823069978173,13.0,2.0,10.0,1.0,12.0,16.666666666666664,-2.883528139248926,-2.883528139248926,10.846153846153848,1.0,1.0,7.3,100.0,100.0,100.0,-0.2658572043279151,47.66,C,C,FAST,FAR,LOW PRIORITY,36.85
MARATHON.NS,388.1000061035156,2026-10-01T23:11:23.693897+05:30,WAITING FOR 0.786,2025-10-21,678.0499877929688,2026-08-18,344.04998779296875,,606.5739877929688,511.0499877929688,764.8899877929687,36.01769711298945,22.0,6.0,16.0,0.0,22.0,27.27272727272727,0.1713744023033528,0.1713744023033528,8.590909090909092,13.0,11.0,6.375,33.33333333333333,33.33333333333333,83.33333333333334,0.0199483431252579,45.01,C,C,MEDIUM,FAR,LOW PRIORITY,36.83
UNICHEMLAB.NS,535.0499877929688,2026-10-01T23:11:23.693897+05:30,WAITING FOR 0.786,2026-07-09,687.2000122070312,2026-08-07,482.2999877929688,,643.3514069824218,584.75,740.4740185546875,16.833944561873352,9.0,2.0,6.0,1.0,8.0,25.0,-2.766113043040311,-2.766113043040311,13.444444444444445,3.5,3.5,8.166666666666666,50.0,100.0,100.0,-0.2057439453501058,50.18,C,C,FAST,FAR,LOW PRIORITY,36.81
JISLJALEQS.NS,27.299999237060547,2026-10-01T23:11:23.693897+05:30,WAITING FOR 0.786,2025-10-30,55.790000915527344,2026-08-17,26.11000061035156,,49.438480850219726,40.95000076293945,63.506800994873046,44.779858184216,11.0,2.0,8.0,1.0,10.0,20.0,-5.361270897680743,-5.361270897680743,12.727272727272728,0.5,0.5,9.5,100.0,100.0,100.0,-0.4212427133892013,45.12,C,C,FAST,FAR,LOW PRIORITY,36.79
CCL.NS,1056.5999755859375,2026-10-01T23:11:23.693897+05:30,WAITING FOR 0.786,2026-07-13,1242.199951171875,2026-09-30,991.4000244140624,,1188.528766845703,1116.7999877929688,1307.4079321289062,11.100176532529217,15.0,4.0,10.0,1.0,14.0,28.57142857142857,0.0413733340086596,0.0413733340086596,10.2,8.25,8.5,5.3,50.0,50.0,100.0,0.0040562092165352,49.99,C,C,MEDIUM,FAR,LOW PRIORITY,36.7
VENTIVE.NS,552.2000122070312,2026-10-01T23:11:23.693897+05:30,WAITING FOR 0.786,2026-02-03,793.9500122070312,2026-03-30,542.5999755859375,,740.1611043701172,668.2749938964844,859.3010217285157,25.39461896245444,9.0,2.0,7.0,0.0,9.0,22.22222222222222,-2.8192749011174136,-2.8192749011174136,8.333333333333334,0.5,0.5,10.142857142857142,100.0,100.0,100.0,-0.3383129881340896,48.98,C,C,FAST,FAR,LOW PRIORITY,36.7
MAHAPEXLTD.NS,50.18000030517578,2026-10-01T23:11:23.693897+05:30,WAITING FOR 0.786,2026-03-09,117.88999938964844,2026-07-24,42.0,,101.64953952026367,79.94499969482422,137.62139923095702,50.63430632150333,9.0,2.0,6.0,1.0,8.0,25.0,-4.80498167130933,-4.80498167130933,10.22222222222222,2.0,2.0,4.333333333333333,100.0,100.0,100.0,-0.4700525548019997,46.99,C,C,FAST,FAR,LOW PRIORITY,36.7
NAGREEKEXP.NS,21.290000915527344,2026-10-01T23:11:23.693897+05:30,WAITING FOR 0.786,2025-10-10,35.900001525878906,2026-03-30,17.5,,31.96240119934082,26.700000762939453,40.68400192260742,33.39048345351969,8.0,2.0,6.0,0.0,8.0,25.0,-2.9920038879210287,-2.9920038879210287,8.625,4.5,4.5,9.666666666666666,50.0,100.0,100.0,-0.3468990014980903,49.82,C,C,FAST,FAR,LOW PRIORITY,36.69
NIBL.NS,31.31999969482422,2026-10-01T23:11:23.693897+05:30,WAITING FOR 0.786,2026-09-11,36.68999862670898,2026-10-01,30.64999961853028,,35.39743883895874,33.66999912261963,38.26039836883545,11.519023064592051,14.0,4.0,10.0,0.0,14.0,28.57142857142857,-4.489353275182819,-4.489353275182819,6.0,6.0,6.0,5.6,50.0,75.0,100.0,-0.7482255458638032,44.41,D,C,FAST,FAR,LOW PRIORITY,36.69
DCBBANK.NS,199.7100067138672,2026-10-01T23:11:23.693897+05:30,WAITING FOR 0.786,2026-09-08,234.8000030517578,2026-10-01,196.8099975585937,,226.6701418762207,215.80500030517572,244.67740447998045,11.893994921076024,12.0,3.0,9.0,0.0,12.0,25.0,-1.4319107597329594,-1.4319107597329594,12.333333333333334,9.666666666666666,7.0,12.88888888888889,33.33333333333333,66.66666666666666,66.66666666666666,-0.1161008724107804,46.93,C,C,FAST,FAR,LOW PRIORITY,36.68
PRECAM.NS,109.9000015258789,2026-10-01T23:11:23.693897+05:30,WAITING FOR 0.786,2025-10-06,205.8999938964844,2026-03-30,103.9800033569336,,184.0891159210205,154.93999862670898,232.3991914367676,40.30065222702837,8.0,3.0,5.0,0.0,8.0,37.5,5.425389187959588,5.425389187959588,15.25,39.0,56.0,0.0,33.33333333333333,33.33333333333333,33.33333333333333,0.3557632254399729,43.31,D,C,SLOW,FAR,LOW PRIORITY,36.67
SBIN.NS,954.0999755859376,2026-10-01T23:11:23.693897+05:30,WAITING FOR 0.786,2026-02-24,1234.699951171875,2026-05-18,933.9000244140624,,1170.328766845703,1084.2999877929688,1312.9079321289062,18.47590159152888,9.0,4.0,5.0,0.0,9.0,44.44444444444444,-0.2162317133904402,-0.2162317133904402,13.666666666666666,11.0,12.0,15.8,0.0,50.0,100.0,-0.0158218326871053,49.94,C,C,MEDIUM,FAR,LOW PRIORITY,36.59
EIHOTEL.NS,297.8500061035156,2026-10-01T23:11:23.693897+05:30,WAITING FOR 0.786,2025-10-03,413.9500122070313,2026-04-02,271.1499938964844,,383.3908082885743,342.5500030517578,451.0780169677735,22.31164658508792,17.0,4.0,12.0,1.0,16.0,25.0,-1.2281077826923763,-1.2281077826923763,12.117647058823527,13.0,9.5,7.333333333333333,50.0,50.0,75.0,-0.1013487005134485,46.58,C,C,MEDIUM,FAR,LOW PRIORITY,36.55
HECPROJECT.NS,111.86000061035156,2026-10-01T23:11:23.693897+05:30,WAITING FOR 0.786,2026-07-22,149.89999389648438,2026-09-29,110.5,,141.4683952026367,130.1999969482422,160.1439923095703,20.929335170498423,11.0,2.0,8.0,1.0,10.0,20.0,-5.807928785646514,-5.807928785646514,11.090909090909092,3.0,3.0,6.75,100.0,100.0,100.0,-0.523665710181243,44.43,D,C,FAST,FAR,LOW PRIORITY,36.55
INDIACEM.NS,295.1499938964844,2026-10-01T23:11:23.693897+05:30,WAITING FOR 0.786,2026-07-22,416.3999938964844,2026-10-01,290.25,,389.4038952026367,353.3249969482422,449.1989923095703,24.204663196064025,13.0,3.0,10.0,0.0,13.0,23.07692307692308,-0.4280962958068354,-0.4280962958068354,10.846153846153848,8.666666666666666,6.0,11.1,33.33333333333333,66.66666666666666,100.0,-0.0394698712446018,47.73,C,C,FAST,FAR,LOW PRIORITY,36.47
BFUTILITIE.NS,504.75,2026-10-01T23:11:23.693897+05:30,WAITING FOR 0.786,2025-09-26,834.0,2026-03-30,368.7000122070313,,734.4258026123048,601.3500061035156,954.977996826172,31.27283951562743,8.0,2.0,5.0,1.0,7.0,28.57142857142857,-2.5008667549819297,-2.5008667549819297,12.5,4.5,4.5,5.6,50.0,100.0,100.0,-0.2000693403985543,52.02,C,C,FAST,FAR,LOW PRIORITY,36.35
HINDZINC.NS,555.0499877929688,2026-10-01T23:11:23.693897+05:30,WAITING FOR 0.786,2026-01-27,733.0,2026-03-23,484.0,,679.7139999999999,608.5,797.74,18.34065683611507,7.0,2.0,5.0,0.0,7.0,28.57142857142857,-4.468560690443856,-4.468560690443856,9.857142857142858,2.5,2.5,12.2,100.0,100.0,100.0,-0.4533322439580723,48.95,C,C,FAST,FAR,LOW PRIORITY,36.28
SAREGAMA.NS,494.75,2026-10-01T23:11:23.693897+05:30,WAITING FOR 0.786,2026-08-05,574.5,2026-09-29,473.0,,552.779,523.75,600.89,10.497685331751024,9.0,2.0,6.0,1.0,8.0,25.0,-3.828713738353131,-3.828713738353131,13.0,4.5,4.5,7.0,50.0,100.0,100.0,-0.2945164414117793,48.52,C,C,FAST,FAR,LOW PRIORITY,36.23
KAYNES.NS,3399.0,2026-10-01T23:11:23.693897+05:30,WAITING FOR 0.786,2025-10-07,7705.0,2026-05-20,2995.0,,6697.06,5350.0,8929.6,49.246385727468464,13.0,3.0,9.0,1.0,12.0,25.0,-2.250455627589218,-2.250455627589218,10.0,13.333333333333334,7.0,2.6666666666666665,0.0,66.66666666666666,66.66666666666666,-0.2250455627589218,45.65,C,C,FAST,FAR,LOW PRIORITY,36.23
ABSLAMC.NS,991.7000122070312,2026-10-01T23:11:23.693897+05:30,WAITING FOR 0.786,2026-06-22,1224.9000244140625,2026-10-01,942.5,,1164.466419189453,1083.7000122070312,1298.3240307617189,14.836529773239734,8.0,2.0,4.0,2.0,6.0,33.33333333333333,1.180464659295562,1.180464659295562,19.25,8.5,8.5,3.0,50.0,50.0,100.0,0.0613228394439252,51.68,C,C,MEDIUM,FAR,LOW PRIORITY,36.19
CONTROLPR.NS,618.0,2026-10-01T23:11:23.693897+05:30,WAITING FOR 0.786,2025-10-03,829.7000122070312,2026-03-30,517.0,,762.7822095947265,673.3500061035156,911.0020153808592,18.98080576258467,15.0,3.0,12.0,0.0,15.0,20.0,-3.081683304400216,-3.081683304400216,6.2,19.0,6.0,2.4166666666666665,33.33333333333333,66.66666666666666,66.66666666666666,-0.4970456942580993,43.35,D,C,FAST,FAR,LOW PRIORITY,36.17
MMFL.NS,571.9500122070312,2026-10-01T23:11:23.693897+05:30,WAITING FOR 0.786,2026-08-18,687.9500122070312,2026-10-01,564.0,,661.4247095947266,625.9750061035156,720.1770153808594,13.527571028079516,9.0,2.0,7.0,0.0,9.0,22.22222222222222,-2.0389415870290666,-2.0389415870290666,6.888888888888889,3.5,3.5,7.285714285714286,50.0,100.0,100.0,-0.2959753916655096,50.2,C,C,FAST,FAR,LOW PRIORITY,36.13
ANUP.NS,1566.699951171875,2026-10-01T23:11:23.693897+05:30,WAITING FOR 0.786,2026-06-29,2398.800048828125,2026-10-01,1535.0,,2213.9468383789062,1966.9000244140625,2623.388061523437,29.23497872609072,12.0,3.0,8.0,1.0,11.0,27.27272727272727,-0.5068474616063077,-0.5068474616063077,8.666666666666666,9.0,10.0,1.125,33.33333333333333,66.66666666666666,100.0,-0.0584823994161124,49.28,C,C,MEDIUM,FAR,LOW PRIORITY,36.07
TITAN.NS,4515.7001953125,2026-10-01T23:11:23.693897+05:30,WAITING FOR 0.786,2026-08-27,5186.7001953125,2026-10-01,4491.0,,5037.820353515625,4838.85009765625,5367.58224609375,10.364009066714052,12.0,5.0,5.0,2.0,10.0,50.0,1.3107962592706546,1.3107962592706546,29.75,24.2,27.0,22.8,0.0,20.0,40.0,0.0440603784628791,44.55,D,C,SLOW,FAR,LOW PRIORITY,36.06
MONTECARLO.NS,522.8499755859375,2026-10-01T23:11:23.693897+05:30,WAITING FOR 0.786,2025-11-20,860.9500122070312,2026-03-30,464.0,,776.0027095947266,662.4750061035156,964.1570153808592,32.62266109109337,7.0,2.0,4.0,1.0,6.0,33.33333333333333,1.0616019395888294,1.0616019395888294,21.142857142857142,10.0,10.0,15.75,0.0,50.0,100.0,0.0502109025481203,51.49,C,C,MEDIUM,FAR,LOW PRIORITY,35.95
STEELCITY.NS,80.11000061035156,2026-10-01T23:11:23.693897+05:30,WAITING FOR 0.786,2025-09-26,105.3000030517578,2026-03-30,71.26000213623047,,98.01544285583496,88.28000259399414,114.15040328979492,18.267980762806367,13.0,2.0,11.0,0.0,13.0,15.384615384615383,-3.6678706804197647,-3.6678706804197647,2.1538461538461537,0.5,0.5,1.6363636363636365,100.0,100.0,100.0,-1.7029399587663194,45.92,C,C,FAST,FAR,LOW PRIORITY,35.92
KSOLVES.NS,241.13999938964844,2026-10-01T23:11:23.693897+05:30,WAITING FOR 0.786,2026-07-15,345.0,2026-10-01,237.5,,321.995,291.25,372.95,25.110638553502863,16.0,2.0,14.0,0.0,16.0,12.5,-4.463856463732726,-4.463856463732726,5.9375,4.5,4.5,5.5,50.0,100.0,100.0,-0.7518074044181433,44.53,D,C,FAST,FAR,LOW PRIORITY,35.71
INDIANCARD.NS,188.3699951171875,2026-10-01T23:11:23.693897+05:30,WAITING FOR 0.786,2026-07-24,234.6999969482422,2026-09-30,180.0,,222.9941976013184,207.3499984741211,248.9219961547852,15.52695220618878,6.0,2.0,4.0,0.0,6.0,33.33333333333333,0.0807512160384137,0.0807512160384137,5.666666666666667,8.0,8.0,4.0,0.0,100.0,100.0,0.0142502145950141,54.96,C,C,MEDIUM,FAR,LOW PRIORITY,35.69
RVNL.NS,197.0,2026-10-01T23:11:23.693897+05:30,WAITING FOR 0.786,2025-12-29,400.7000122070313,2026-10-01,194.0500030517578,,356.4769102478027,297.37500762939453,454.4290145874023,44.73695368851333,9.0,3.0,6.0,0.0,9.0,33.33333333333333,1.881505942377232,1.881505942377232,7.333333333333333,11.666666666666666,11.0,4.833333333333333,33.33333333333333,33.33333333333333,66.66666666666666,0.2565689921423498,47.11,C,C,MEDIUM,FAR,LOW PRIORITY,35.64
APCOTEXIND.NS,593.25,2026-10-01T23:11:23.693897+05:30,WAITING FOR 0.786,2026-07-30,712.0,2026-09-16,560.8499755859375,,679.6538947753907,636.4249877929688,751.2990063476562,12.712925716984977,8.0,2.0,5.0,1.0,7.0,28.57142857142857,-0.2870420609715838,-0.2870420609715838,16.375,5.5,5.5,11.6,50.0,100.0,100.0,-0.0175292861662035,52.48,C,C,FAST,FAR,LOW PRIORITY,35.51
SAMBHAAV.NS,5.420000076293945,2026-10-01T23:11:23.693897+05:30,WAITING FOR 0.786,2025-11-24,11.529999732971191,2026-03-30,5.070000171661377,,10.147559826850893,8.299999952316284,13.209599618911744,46.588143664328186,7.0,2.0,5.0,0.0,7.0,28.57142857142857,-5.931730526387873,-5.931730526387873,9.285714285714286,2.0,2.0,11.8,100.0,100.0,100.0,-0.638801748995617,46.66,C,C,FAST,FAR,LOW PRIORITY,35.47
RUCHINFRA.NS,4.840000152587891,2026-10-01T23:11:23.693897+05:30,WAITING FOR 0.786,2026-09-03,6.630000114440918,2026-09-21,4.420000076293945,,6.157060106277466,5.525000095367432,7.20460012435913,21.391052400913864,3.0,2.0,1.0,0.0,3.0,66.66666666666666,7.198059309664686,7.198059309664686,7.333333333333333,6.0,6.0,10.0,50.0,100.0,100.0,0.9815535422270026,,INSUFFICIENT,C,FAST,FAR,LOW PRIORITY,35.46
TMPV.NS,279.3999938964844,2026-10-01T23:11:23.693897+05:30,WAITING FOR 0.786,2025-10-03,739.7000122070312,2026-09-29,272.20001220703125,,639.6550122070313,505.9500122070313,861.2500122070312,56.32020564765722,10.0,2.0,8.0,0.0,10.0,20.0,-2.23336651386717,-2.23336651386717,10.2,6.5,6.5,11.125,50.0,100.0,100.0,-0.2189575013595264,47.01,C,C,FAST,FAR,LOW PRIORITY,35.45
GHCL.NS,401.75,2026-10-01T23:11:23.693897+05:30,WAITING FOR 0.786,2025-10-30,667.2000122070312,2026-09-29,396.0,,609.1632095947266,531.6000061035156,737.7120153808594,34.048873327842244,9.0,4.0,5.0,0.0,9.0,44.44444444444444,1.4694708998693222,1.4694708998693222,19.33333333333333,23.0,17.0,16.4,25.0,25.0,75.0,0.0760071155104821,46.07,C,C,SLOW,FAR,LOW PRIORITY,35.44
AGARIND.NS,386.0,2026-10-01T23:11:23.693897+05:30,WAITING FOR 0.786,2025-09-26,971.0,2026-04-30,360.0,,840.2460000000001,665.5,1129.86,54.06107259064608,14.0,3.0,11.0,0.0,14.0,21.428571428571427,-3.324928195500146,-3.324928195500146,13.5,5.666666666666667,6.0,15.363636363636363,33.33333333333333,100.0,100.0,-0.2462909774444552,45.88,C,C,FAST,FAR,LOW PRIORITY,35.42
TVSHLTD.NS,11886.0,2026-10-01T23:11:23.693897+05:30,WAITING FOR 0.786,2026-08-10,14985.0,2026-10-01,11661.0,,14273.664,13323.0,15849.24,16.727758198595684,11.0,3.0,6.0,2.0,9.0,33.33333333333333,1.5904885358230345,1.5904885358230345,19.727272727272727,19.0,13.0,6.0,33.33333333333333,33.33333333333333,66.66666666666666,0.080623842829739,47.65,C,C,MEDIUM,FAR,LOW PRIORITY,35.4
VBL.NS,425.2999877929688,2026-10-01T23:11:23.693897+05:30,WAITING FOR 0.786,2026-06-17,555.7999877929688,2026-09-09,396.2000122070313,,521.6455930175781,476.0,597.2959814453125,18.469552223622976,16.0,2.0,13.0,1.0,15.0,13.333333333333334,-1.948577814816888,-1.948577814816888,7.75,6.5,6.5,3.4615384615384617,50.0,100.0,100.0,-0.2514293954602436,45.79,C,C,FAST,FAR,LOW PRIORITY,35.36
HCC.NS,20.229999542236328,2026-10-01T23:11:23.693897+05:30,WAITING FOR 0.786,2026-08-27,26.030000686645508,2026-10-01,19.8799991607666,,24.713900360107424,22.95499992370605,27.629001083374025,18.143234182124075,12.0,4.0,8.0,0.0,12.0,33.33333333333333,2.3817140017675387,2.3817140017675387,8.916666666666666,22.5,20.0,1.375,25.0,25.0,50.0,0.2671081123477614,44.05,D,C,SLOW,FAR,LOW PRIORITY,35.32
TATACONSUM.NS,957.0,2026-10-01T23:11:23.693897+05:30,WAITING FOR 0.786,2026-05-12,1282.699951171875,2026-10-01,945.0,,1210.4321616210937,1113.8499755859375,1370.5019384765624,20.93732880343165,7.0,3.0,2.0,2.0,5.0,60.0,0.810784924643434,0.810784924643434,30.571428571428573,22.0,19.0,12.5,0.0,0.0,66.66666666666666,0.0265210022079627,48.77,C,C,SLOW,FAR,LOW PRIORITY,35.29
SBGLP.NS,22.75,2026-10-01T23:11:23.693897+05:30,WAITING FOR 0.786,2026-01-29,40.0,2026-03-30,18.350000381469727,,35.366900081634526,29.175000190734863,45.628999900817874,35.67431709454876,8.0,2.0,6.0,0.0,8.0,25.0,-1.829314993971848,-1.829314993971848,6.5,5.5,5.5,6.5,50.0,100.0,100.0,-0.2814330759956688,48.64,C,C,FAST,FAR,LOW PRIORITY,35.27
JYOTHYLAB.NS,182.91000366210932,2026-10-01T23:11:23.693897+05:30,WAITING FOR 0.786,2025-10-21,325.0,2026-10-01,180.00999450683594,,293.9721388244629,252.504997253418,362.6974014282226,37.77981668823082,7.0,3.0,3.0,1.0,6.0,50.0,3.3183016114888773,3.3183016114888773,22.142857142857142,28.0,37.0,3.0,33.33333333333333,33.33333333333333,33.33333333333333,0.1498587824543364,45.02,C,C,SLOW,FAR,LOW PRIORITY,35.23
WAAREEINDO.NS,203.38999938964844,2026-10-01T23:11:23.693897+05:30,WAITING FOR 0.786,2025-10-13,725.0,2026-10-01,199.4600067138672,,612.5344414367676,462.2300033569336,861.6403982543945,66.79533661608079,7.0,2.0,4.0,1.0,6.0,33.33333333333333,-4.235211222510523,-4.235211222510523,12.428571428571429,5.5,5.5,3.25,50.0,100.0,100.0,-0.3407641213514214,48.22,C,C,FAST,FAR,LOW PRIORITY,35.21
CARYSIL.NS,1044.800048828125,2026-10-01T23:11:23.693897+05:30,WAITING FOR 0.786,2026-08-10,1273.0,2026-10-01,995.7000122070312,,1213.6578026123047,1134.3500061035156,1345.0979968261718,13.913127194562296,8.0,2.0,5.0,1.0,7.0,28.57142857142857,-0.8518915316053585,-0.8518915316053585,17.375,6.5,6.5,12.8,50.0,100.0,100.0,-0.0490297284377184,51.6,C,C,FAST,FAR,LOW PRIORITY,35.2
DOMS.NS,2097.5,2026-10-01T23:11:23.693897+05:30,WAITING FOR 0.786,2026-02-05,2755.0,2026-09-29,2020.0,,2597.71,2387.5,2946.1,19.255806075350986,6.0,2.0,4.0,0.0,6.0,33.33333333333333,-1.300205999350268,-1.300205999350268,6.666666666666667,7.0,7.0,5.75,50.0,50.0,100.0,-0.1950308999025402,47.8,C,C,FAST,FAR,LOW PRIORITY,35.06
CHAMBLFERT.NS,399.2999877929688,2026-10-01T23:11:23.693897+05:30,WAITING FOR 0.786,2025-09-26,528.4000244140625,2026-10-01,396.5,,500.1734191894531,462.4500122070313,562.6940307617188,20.167691349922784,11.0,3.0,8.0,0.0,11.0,27.27272727272727,-2.386205859016353,-2.386205859016353,10.181818181818182,10.666666666666666,9.0,9.625,33.33333333333333,66.66666666666666,100.0,-0.2343595040105346,46.35,C,C,MEDIUM,FAR,LOW PRIORITY,35.04
HGINFRA.NS,419.8999938964844,2026-10-01T23:11:23.693897+05:30,WAITING FOR 0.786,2025-10-03,976.4500122070312,2026-10-01,409.0,,855.0157095947266,692.7250061035156,1123.9870153808592,50.88979194364569,7.0,1.0,5.0,1.0,6.0,16.666666666666664,0.4604336145469243,0.4604336145469243,12.571428571428571,0.0,0.0,4.2,100.0,100.0,100.0,0.0366254011571417,51.89,C,C,FAST,FAR,LOW PRIORITY,35.02
LIKHITHA.NS,225.6199951171875,2026-10-01T23:11:23.693897+05:30,WAITING FOR 0.786,2026-06-30,272.0,2026-09-02,200.0,,256.592,236.0,290.72,12.070526315244624,8.0,3.0,5.0,0.0,8.0,37.5,2.422449498075315,2.422449498075315,9.125,20.0,18.0,2.2,0.0,33.33333333333333,66.66666666666666,0.2654739175972948,45.62,C,C,SLOW,FAR,LOW PRIORITY,34.98
KEEPLEARN.NS,1.840000033378601,2026-10-01T23:11:23.693897+05:30,WAITING FOR 0.786,2026-01-06,2.9800000190734863,2026-07-22,1.5099999904632568,,2.6654200129508974,2.245000004768372,3.362200026512146,30.96772649570041,6.0,2.0,4.0,0.0,6.0,33.33333333333333,-4.761959109516241,-4.761959109516241,10.0,6.5,6.5,11.5,50.0,100.0,100.0,-0.476195910951624,47.39,C,C,FAST,FAR,LOW PRIORITY,34.92
SJVN.NS,57.90999984741211,2026-10-01T23:11:23.693897+05:30,WAITING FOR 0.786,2026-04-29,83.0,2026-10-01,56.72999954223633,,77.37821990203858,69.86499977111816,89.83020011901856,25.15981897654584,9.0,4.0,5.0,0.0,9.0,44.44444444444444,1.214394503373389,1.214394503373389,8.88888888888889,13.5,16.5,4.4,25.0,25.0,75.0,0.1366193816295062,45.68,C,C,SLOW,FAR,LOW PRIORITY,34.92
MRF.NS,123715.0,2026-10-01T23:11:23.693897+05:30,WAITING FOR 0.786,2025-10-24,163600.0,2026-05-29,122000.0,,154697.6,142800.0,174416.0,20.02784787870013,6.0,1.0,3.0,2.0,4.0,25.0,-0.8250539384553791,-0.8250539384553791,22.0,2.0,2.0,2.6666666666666665,100.0,100.0,100.0,-0.0375024517479717,53.21,C,C,FAST,FAR,LOW PRIORITY,34.87
OLECTRA.NS,1096.199951171875,2026-10-01T23:11:23.693897+05:30,WAITING FOR 0.786,2026-07-02,1556.0,2026-10-01,1076.199951171875,,1453.3227895507812,1316.0999755859375,1680.7480126953124,24.572850639003057,6.0,2.0,4.0,0.0,6.0,33.33333333333333,-1.817524413656956,-1.817524413656956,5.333333333333333,6.5,6.5,4.5,50.0,50.0,100.0,-0.3407858275606792,46.99,C,C,FAST,FAR,LOW PRIORITY,34.78
DGCONTENT.NS,25.43000030517578,2026-10-01T23:11:23.693897+05:30,WAITING FOR 0.786,2025-12-02,38.79999923706055,2026-03-30,21.61000061035156,,35.12133953094482,30.20499992370605,43.269398880004886,27.593876985330144,14.0,3.0,11.0,0.0,14.0,21.428571428571427,-2.3720329783849468,-2.3720329783849468,4.642857142857143,14.333333333333334,7.0,1.3636363636363635,33.33333333333333,66.66666666666666,66.66666666666666,-0.5108994107290654,44.03,D,C,FAST,FAR,LOW PRIORITY,34.77
RAMCOSYS.NS,546.25,2026-10-01T23:11:23.693897+05:30,WAITING FOR 0.786,2026-07-07,967.5,2026-10-01,526.9000244140625,,873.2116052246095,747.2000122070312,1082.0559936523437,37.44357075287698,10.0,2.0,8.0,0.0,10.0,20.0,-3.7025598414628007,-3.7025598414628007,5.2,5.5,5.5,4.75,50.0,100.0,100.0,-0.7120307387428463,44.71,D,C,FAST,FAR,LOW PRIORITY,34.65
CAPACITE.NS,180.3300018310547,2026-10-01T23:11:23.693897+05:30,WAITING FOR 0.786,2026-07-06,253.1999969482422,2026-10-01,176.16000366210938,,236.71343838500977,214.68000030517572,273.2303952026367,23.8192799439838,14.0,3.0,11.0,0.0,14.0,21.428571428571427,-2.6234974009114973,-2.6234974009114973,7.928571428571429,12.333333333333334,7.0,6.363636363636363,33.33333333333333,66.66666666666666,66.66666666666666,-0.3308915640789275,43.64,D,C,FAST,FAR,LOW PRIORITY,34.63
TRITURBINE.NS,530.0,2026-10-01T23:11:23.693897+05:30,WAITING FOR 0.786,2026-05-29,787.5999755859375,2026-10-01,526.0,,731.6175808105469,656.7999877929688,855.6159692382812,27.55778238505124,20.0,3.0,16.0,1.0,19.0,15.789473684210526,-3.702866401976479,-3.702866401976479,7.6,13.666666666666666,6.0,2.4375,33.33333333333333,66.66666666666666,66.66666666666666,-0.4872192634179578,41.7,D,C,FAST,FAR,LOW PRIORITY,34.54
KELLTONTEC.NS,12.420000076293944,2026-10-01T23:11:23.693897+05:30,WAITING FOR 0.786,2025-10-03,26.13999938964844,2026-10-01,12.199999809265137,,23.15683947944641,19.169999599456787,29.76439928054809,46.36573748625018,6.0,2.0,3.0,1.0,5.0,40.0,-3.404795053270265,-3.404795053270265,13.833333333333334,6.5,6.5,2.333333333333333,50.0,50.0,100.0,-0.2461297628870071,47.18,C,C,FAST,FAR,LOW PRIORITY,34.51
MSUMI.NS,33.529998779296875,2026-10-01T23:11:23.693897+05:30,WAITING FOR 0.786,2026-01-06,53.59000015258789,2026-10-01,33.06999969482422,,49.19872005462646,43.329999923706055,58.92520027160644,31.847822987940027,10.0,2.0,6.0,2.0,8.0,25.0,-0.6676987091764052,-0.6676987091764052,16.7,6.5,6.5,4.333333333333333,50.0,50.0,100.0,-0.0399819586333176,46.46,C,C,FAST,FAR,LOW PRIORITY,34.51
THOMASCOOK.NS,100.6999969482422,2026-10-01T23:11:23.693897+05:30,WAITING FOR 0.786,2025-11-04,165.47999572753906,2026-03-17,86.3499984741211,,148.5461763153076,125.91499710083008,186.05379501342773,32.2096337676885,10.0,4.0,6.0,0.0,10.0,40.0,2.8651001693792644,2.8651001693792644,16.5,29.5,31.5,7.333333333333333,0.0,25.0,50.0,0.1736424345078342,40.48,D,C,SLOW,FAR,LOW PRIORITY,34.47
MEDICAMEQ.NS,318.6000061035156,2026-10-01T23:11:23.693897+05:30,WAITING FOR 0.786,2025-11-25,447.6499938964844,2026-06-29,212.3999938964844,,397.3064938964844,330.0249938964844,508.8149938964844,19.81001795895015,2.0,1.0,1.0,0.0,2.0,50.0,8.612827265719904,8.612827265719904,2.5,4.0,4.0,0.0,100.0,100.0,100.0,3.445130906287962,,INSUFFICIENT,C,FAST,FAR,LOW PRIORITY,34.42
VIPCLOTHNG.NS,20.11000061035156,2026-10-01T23:11:23.693897+05:30,WAITING FOR 0.786,2025-12-05,37.54999923706055,2026-03-30,14.050000190734863,,32.520999441146856,25.799999713897705,43.659998989105226,38.16303017764087,12.0,4.0,7.0,1.0,11.0,36.36363636363637,-1.1337094643674697,-1.1337094643674697,15.0,13.75,12.0,8.857142857142858,25.0,25.0,75.0,-0.0755806309578313,43.77,D,C,MEDIUM,FAR,LOW PRIORITY,34.41
UMESLTD.NS,4.570000171661377,2026-10-01T23:11:23.693897+05:30,WAITING FOR 0.786,2026-08-12,6.510000228881836,2026-09-18,3.759999990463257,,5.92150017786026,5.135000109672546,7.225000290870666,22.8236083020308,7.0,2.0,5.0,0.0,7.0,28.57142857142857,-2.374240784563012,-2.374240784563012,14.857142857142858,6.0,6.0,18.2,0.0,100.0,100.0,-0.1598046681917411,49.22,C,C,FAST,FAR,LOW PRIORITY,34.37
SANDESH.NS,990.0499877929688,2026-10-01T23:11:23.693897+05:30,WAITING FOR 0.786,2026-08-07,1270.0,2026-08-31,980.0,,1207.94,1125.0,1345.4,18.038148600678124,11.0,1.0,9.0,1.0,10.0,10.0,-2.8030258949043927,-2.8030258949043927,10.636363636363637,0.0,0.0,5.333333333333333,100.0,100.0,100.0,-0.2635323490935753,45.12,C,C,FAST,FAR,LOW PRIORITY,34.29
COROMANDEL.NS,1763.5999755859375,2026-10-01T23:11:23.693897+05:30,WAITING FOR 0.786,2025-12-19,2499.0,2026-10-01,1701.0,,2328.228,2100.0,2706.48,24.251405979743502,11.0,4.0,7.0,0.0,11.0,36.36363636363637,0.8661369520371971,0.8661369520371971,11.636363636363637,24.75,17.0,3.857142857142857,25.0,50.0,50.0,0.0744336443156966,45.4,C,C,SLOW,FAR,LOW PRIORITY,34.28
RPPINFRA.NS,52.59999847412109,2026-10-01T23:11:23.693897+05:30,WAITING FOR 0.786,2025-09-26,134.0,2026-09-30,50.20000076293945,,116.06680016326904,92.10000038146973,155.78799980163575,54.68127112996169,6.0,2.0,3.0,1.0,5.0,40.0,-0.2107524074099324,-0.2107524074099324,17.5,9.5,9.5,8.333333333333334,50.0,50.0,100.0,-0.0120429947091389,52.17,C,C,MEDIUM,FAR,LOW PRIORITY,34.26
OFSS.NS,10420.0,2026-10-01T23:11:23.693897+05:30,WAITING FOR 0.786,2026-08-31,12540.0,2026-10-01,10263.0,,12052.722,11401.5,13132.02,13.54650011839649,5.0,3.0,2.0,0.0,5.0,60.0,7.49550943499722,7.49550943499722,7.8,11.666666666666666,6.0,1.5,33.33333333333333,66.66666666666666,66.66666666666666,0.9609627480765668,,INSUFFICIENT,C,FAST,FAR,LOW PRIORITY,34.24
AMBUJACEM.NS,362.25,2026-10-01T23:11:23.693897+05:30,WAITING FOR 0.786,2025-11-04,588.75,2026-10-01,356.29998779296875,,539.0056973876954,472.5249938964844,649.1870031738281,32.79291819072531,7.0,2.0,3.0,2.0,5.0,40.0,-0.2866790109894971,-0.2866790109894971,29.428571428571427,9.5,9.5,21.666666666666668,0.0,50.0,100.0,-0.0097415197909052,52.05,C,C,MEDIUM,FAR,LOW PRIORITY,34.22
EASEMYTRIP.NS,5.760000228881836,2026-10-01T23:11:23.693897+05:30,WAITING FOR 0.786,2026-02-18,10.600000381469728,2026-09-17,5.710000038146973,,9.553540307998658,8.15500020980835,11.871400470733644,39.70821241985757,3.0,2.0,1.0,0.0,3.0,66.66666666666666,7.688120616161402,7.688120616161402,6.666666666666667,9.5,9.5,0.0,50.0,50.0,100.0,1.1532180924242104,,INSUFFICIENT,C,MEDIUM,FAR,LOW PRIORITY,34.2
ARE&M.NS,747.4000244140625,2026-10-01T23:11:23.693897+05:30,WAITING FOR 0.786,2026-08-12,1017.2999877929688,2026-10-01,734.6500244140625,,956.8128956298827,875.9750061035156,1090.7889782714844,21.886501757270008,6.0,2.0,4.0,0.0,6.0,33.33333333333333,-2.4512738347550416,-2.4512738347550416,6.166666666666667,8.5,8.5,4.5,0.0,100.0,100.0,-0.3975038650954121,51.0,C,C,MEDIUM,FAR,LOW PRIORITY,34.18
CHEMBOND.NS,177.63999938964844,2026-10-01T23:11:23.693897+05:30,WAITING FOR 0.786,2026-09-09,236.8000030517578,2026-10-01,176.0,,223.78880239868164,206.4000015258789,252.60800384521485,20.62158719041658,9.0,2.0,6.0,1.0,8.0,25.0,-0.6482840882376525,-0.6482840882376525,10.88888888888889,7.0,7.0,3.333333333333333,50.0,50.0,100.0,-0.0595362938177435,45.49,C,C,FAST,FAR,LOW PRIORITY,34.17
CHEMFAB.NS,328.3500061035156,2026-10-01T23:11:23.693897+05:30,WAITING FOR 0.786,2025-09-30,703.0,2026-03-30,290.3500061035156,,614.6929013061524,496.6750030517578,810.2889984130859,46.58308150202984,9.0,3.0,6.0,0.0,9.0,33.33333333333333,1.1322440306587191,1.1322440306587191,10.0,20.666666666666668,13.0,4.333333333333333,33.33333333333333,33.33333333333333,66.66666666666666,0.1132244030658719,45.94,C,C,MEDIUM,FAR,LOW PRIORITY,34.11
BFINVEST.NS,428.7000122070313,2026-10-01T23:11:23.693897+05:30,WAITING FOR 0.786,2026-07-13,584.7000122070312,2026-10-01,424.9500122070313,,550.5135122070312,504.8250122070313,626.2350122070312,22.12724979476792,12.0,2.0,10.0,0.0,12.0,16.666666666666664,-2.3640561185526106,-2.3640561185526106,6.416666666666667,5.5,5.5,6.0,50.0,100.0,100.0,-0.3684243301640432,45.47,C,C,FAST,FAR,LOW PRIORITY,34.08
SILGO.NS,70.16999816894531,2026-10-01T23:11:23.693897+05:30,WAITING FOR 0.786,2026-05-29,86.19999694824219,2026-08-11,66.55000305175781,,81.99489825439453,76.375,91.30899536132812,14.421507114700832,17.0,1.0,15.0,1.0,16.0,6.25,-4.978699438051027,-4.978699438051027,8.470588235294118,3.0,3.0,4.866666666666666,100.0,100.0,100.0,-0.5877631281032463,41.22,D,C,FAST,FAR,LOW PRIORITY,33.99
INFOBEAN.NS,143.5800018310547,2026-10-01T23:11:23.693897+05:30,WAITING FOR 0.786,2026-01-07,257.5,2026-03-13,120.33000183105467,,228.1456203918457,188.9150009155273,293.1641995239258,37.06650972109282,6.0,1.0,4.0,1.0,5.0,20.0,0.7712130831093796,0.7712130831093796,11.666666666666666,4.0,4.0,1.0,100.0,100.0,100.0,0.0661039785522325,53.71,C,C,FAST,FAR,LOW PRIORITY,33.96
BLAL.NS,157.8300018310547,2026-10-01T23:11:23.693897+05:30,WAITING FOR 0.786,2026-07-03,215.0,2026-10-01,156.05999755859375,,202.38683947753907,185.52999877929688,230.3244006347656,22.01567936013414,2.0,1.0,1.0,0.0,2.0,50.0,7.635316622171249,7.635316622171249,7.0,3.0,3.0,11.0,100.0,100.0,100.0,1.0907595174530356,,INSUFFICIENT,C,FAST,FAR,LOW PRIORITY,33.95
INDUSINDBK.NS,886.8499755859375,2026-10-01T23:11:23.693897+05:30,WAITING FOR 0.786,2026-07-22,1077.8499755859375,2026-09-29,878.0,,1035.0820808105468,977.9249877929688,1129.8109692382814,14.320806820318294,2.0,1.0,0.0,1.0,1.0,100.0,5.955909249926237,5.955909249926237,55.0,49.0,49.0,,0.0,0.0,0.0,0.1082892590895679,,INSUFFICIENT,C,SLOW,FAR,LOW PRIORITY,33.93
BANSWRAS.NS,105.0999984741211,2026-10-01T23:11:23.693897+05:30,WAITING FOR 0.786,2026-06-19,144.0,2026-10-01,104.41000366210938,,135.5277407836914,124.20500183105467,154.29339904785155,22.451301950155283,16.0,2.0,14.0,0.0,16.0,12.5,-4.135474803374097,-4.135474803374097,10.1875,5.5,5.5,10.428571428571429,50.0,100.0,100.0,-0.4059361770183163,42.04,D,C,FAST,FAR,LOW PRIORITY,33.84
GILLETTE.NS,6899.0,2026-10-01T23:11:23.693897+05:30,WAITING FOR 0.786,2025-10-01,9933.0,2026-10-01,6860.0,,9275.378,8396.5,10731.98,25.62028199821076,8.0,1.0,5.0,2.0,6.0,16.666666666666664,-0.5207780253279991,-0.5207780253279991,17.375,2.0,2.0,2.8,100.0,100.0,100.0,-0.0299728359901006,50.35,C,C,FAST,FAR,LOW PRIORITY,33.79
FSL.NS,250.3999938964844,2026-10-01T23:11:23.693897+05:30,WAITING FOR 0.786,2026-08-06,339.0,2026-09-11,246.6499938964844,,319.23709869384766,292.8249969482422,363.01100158691406,21.563002883752844,12.0,1.0,10.0,1.0,11.0,9.090909090909092,-3.223037300058099,-3.223037300058099,13.166666666666666,3.0,3.0,9.1,100.0,100.0,100.0,-0.2447876430423873,44.1,D,C,FAST,FAR,LOW PRIORITY,33.71
TOKYOPLAST.NS,71.01000213623047,2026-10-01T23:11:23.693897+05:30,WAITING FOR 0.786,2025-10-14,135.0,2026-03-30,53.86000061035156,,117.63604013061524,94.43000030517578,156.0963998413086,39.6358445444222,17.0,1.0,16.0,0.0,17.0,5.88235294117647,-5.467587872188922,-5.467587872188922,3.3529411764705883,3.0,3.0,2.6875,100.0,100.0,100.0,-1.6306841022317835,40.31,D,C,FAST,FAR,LOW PRIORITY,33.58
NH.NS,1741.4000244140625,2026-10-01T23:11:23.693897+05:30,WAITING FOR 0.786,2026-07-29,2092.89990234375,2026-10-01,1714.0999755859375,,2011.8367180175785,1903.499938964844,2191.387883300781,13.442278450410154,14.0,1.0,12.0,1.0,13.0,7.6923076923076925,-2.496022798891971,-2.496022798891971,9.5,0.0,0.0,5.5,100.0,100.0,100.0,-0.2627392419886285,44.68,D,C,FAST,FAR,LOW PRIORITY,33.56
UCAL.NS,140.39999389648438,2026-10-01T23:11:23.693897+05:30,WAITING FOR 0.786,2026-08-28,163.8000030517578,2026-09-16,130.6699981689453,,156.71018200683594,147.23500061035156,172.41380432128906,10.407867505150422,10.0,1.0,9.0,0.0,10.0,10.0,-4.173087981717121,-4.173087981717121,3.2,1.0,1.0,2.888888888888889,100.0,100.0,100.0,-1.3040899942866002,42.98,D,C,FAST,FAR,LOW PRIORITY,33.54
ADL.NS,72.5199966430664,2026-10-01T23:11:23.693897+05:30,WAITING FOR 0.786,2025-10-10,109.9000015258789,2026-03-30,50.2599983215332,,97.13704084014891,80.07999992370605,125.4064023590088,25.342592263638057,12.0,1.0,9.0,2.0,10.0,10.0,-2.364873635331236,-2.364873635331236,11.416666666666666,4.0,4.0,0.2222222222222222,100.0,100.0,100.0,-0.2071422162333929,45.8,C,C,FAST,FAR,LOW PRIORITY,33.53
SAFARI.NS,1378.800048828125,2026-10-01T23:11:23.693897+05:30,WAITING FOR 0.786,2025-11-26,2507.10009765625,2026-05-06,1363.0999755859375,,2262.284071533203,1935.1000366210933,2804.5401293945315,39.0527446938315,18.0,2.0,16.0,0.0,18.0,11.11111111111111,-3.725564706762592,-3.725564706762592,8.666666666666666,6.5,6.5,8.375,50.0,100.0,100.0,-0.4298728507802991,42.12,D,C,FAST,FAR,LOW PRIORITY,33.52
DENORA.NS,723.9000244140625,2026-10-01T23:11:23.693897+05:30,WAITING FOR 0.786,2026-07-31,959.0,2026-10-01,711.0,,905.928,835.0,1023.48,20.092984827264143,8.0,2.0,5.0,1.0,7.0,28.57142857142857,-0.7469667772991202,-0.7469667772991202,14.0,7.0,7.0,6.4,50.0,50.0,100.0,-0.05335476980708,46.76,C,C,FAST,FAR,LOW PRIORITY,33.51
THYROCARE.NS,533.5999755859375,2026-10-01T23:11:23.693897+05:30,WAITING FOR 0.786,2026-08-12,662.0,2026-10-01,519.2999877929688,,631.4621973876954,590.6499938964844,699.1020031738282,15.497716602293126,5.0,2.0,1.0,2.0,3.0,66.66666666666666,5.228563723688987,5.228563723688987,26.0,4.0,4.0,0.0,50.0,100.0,100.0,0.2010986047572687,,INSUFFICIENT,C,FAST,FAR,LOW PRIORITY,33.51
SPARC.NS,194.1300048828125,2026-10-01T23:11:23.693897+05:30,WAITING FOR 0.786,2026-07-08,289.0,2026-09-16,182.0,,266.102,235.5,316.82,27.04676970379309,4.0,2.0,2.0,0.0,4.0,50.0,7.329300833249062,7.329300833249062,2.25,3.0,3.0,1.0,100.0,100.0,100.0,3.257467036999583,,INSUFFICIENT,C,FAST,FAR,LOW PRIORITY,33.49
DEVYANI.NS,127.06999969482422,2026-10-01T23:11:23.693897+05:30,WAITING FOR 0.786,2025-09-26,174.39999389648438,2026-04-02,91.5500030517578,,156.67009585571287,132.9749984741211,195.9409915161133,18.8932648564594,8.0,2.0,5.0,1.0,7.0,28.57142857142857,-0.8455978766489998,-0.8455978766489998,11.875,7.0,7.0,2.8,50.0,50.0,100.0,-0.0712082422441263,46.61,C,C,FAST,FAR,LOW PRIORITY,33.46
PARADEEP.NS,151.22000122070312,2026-10-01T23:11:23.693897+05:30,WAITING FOR 0.786,2025-09-30,201.9900054931641,2026-03-09,99.6999969482422,,180.09994366455078,150.84500122070312,228.5854077148437,16.03550887147341,14.0,3.0,11.0,0.0,14.0,21.428571428571427,-1.137868892242872,-1.137868892242872,3.7857142857142856,8.0,8.0,2.090909090909091,33.33333333333333,66.66666666666666,100.0,-0.3005691413471738,45.96,C,C,MEDIUM,FAR,LOW PRIORITY,33.44
JSWHL.NS,11258.0,2026-10-01T23:11:23.693897+05:30,WAITING FOR 0.786,2025-12-03,22790.0,2026-07-24,10530.0,,20166.36,16660.0,25977.6,44.17435769271202,13.0,3.0,10.0,0.0,13.0,23.07692307692308,-2.346895689554998,-2.346895689554998,5.307692307692308,7.666666666666667,10.0,3.9,33.33333333333333,66.66666666666666,100.0,-0.4421687531045648,44.73,D,C,MEDIUM,FAR,LOW PRIORITY,33.42
LANDSMILL.NS,1.0499999523162842,2026-10-01T23:11:23.693897+05:30,WAITING FOR 0.786,2026-01-02,1.4800000190734863,2026-09-24,0.5199999809265137,,1.2745600109100343,1.0,1.7296000289916993,17.618633620351428,5.0,2.0,1.0,2.0,3.0,66.66666666666666,4.499720049679951,4.499720049679951,25.8,1.5,1.5,5.0,100.0,100.0,100.0,0.1744077538635639,,INSUFFICIENT,C,FAST,FAR,LOW PRIORITY,33.42
ISGEC.NS,919.7000122070312,2026-10-01T23:11:23.693897+05:30,WAITING FOR 0.786,2026-05-21,1113.9000244140625,2026-08-17,722.5,,1030.140419189453,918.2000122070312,1215.6640307617188,10.720908035947156,6.0,2.0,3.0,1.0,5.0,40.0,-1.8443497408722505,-1.8443497408722505,21.0,10.0,10.0,15.0,0.0,50.0,100.0,-0.0878261781367738,49.62,C,C,MEDIUM,FAR,LOW PRIORITY,33.37
MAGADSUGAR.NS,511.75,2026-10-01T23:11:23.693897+05:30,WAITING FOR 0.786,2026-08-24,634.9500122070312,2026-09-21,487.2000122070313,,603.3315122070312,561.0750122070312,673.3650122070312,15.179301984744551,8.0,1.0,5.0,2.0,6.0,16.666666666666664,-1.3597121443057985,-1.3597121443057985,18.125,0.0,0.0,3.6,100.0,100.0,100.0,-0.0750186010651475,49.04,C,C,FAST,FAR,LOW PRIORITY,33.33
SHRIRAMPPS.NS,67.36000061035156,2026-10-01T23:11:23.693897+05:30,WAITING FOR 0.786,2026-08-31,80.5,2026-10-01,65.58999633789062,,77.30925921630859,73.04499816894531,84.37660095214844,12.869426905410322,6.0,1.0,4.0,1.0,5.0,20.0,-0.105262756525562,-0.105262756525562,20.666666666666668,0.0,0.0,15.25,100.0,100.0,100.0,-0.0050933591867207,52.34,C,C,FAST,FAR,LOW PRIORITY,33.32
KIRIINDUS.NS,544.5999755859375,2026-10-01T23:11:23.693897+05:30,WAITING FOR 0.786,2026-01-01,779.0,2026-03-30,333.79998779296875,,683.7271973876952,556.3999938964844,894.7520031738281,20.34835272508081,8.0,3.0,5.0,0.0,8.0,37.5,1.595075408647151,1.595075408647151,8.25,14.666666666666666,18.0,3.8,33.33333333333333,33.33333333333333,66.66666666666666,0.1933424737754122,44.33,D,C,SLOW,FAR,LOW PRIORITY,33.28
GODREJIND.NS,1019.5999755859376,2026-10-01T23:11:23.693897+05:30,WAITING FOR 0.786,2026-07-10,1443.0,2026-10-01,985.2000122070312,,1345.0308026123048,1214.1000061035156,1562.0279968261718,24.19504641784552,12.0,5.0,7.0,0.0,12.0,41.66666666666667,1.1919809104437535,1.1919809104437535,15.416666666666666,18.4,28.0,12.857142857142858,40.0,40.0,40.0,0.0773176806774326,43.03,D,C,SLOW,FAR,LOW PRIORITY,33.27
IOB.NS,30.3799991607666,2026-10-01T23:11:23.693897+05:30,WAITING FOR 0.786,2025-10-23,41.79999923706055,2026-10-01,30.06999969482422,,39.289779335021976,35.93499946594238,44.84979911804199,22.67709395433893,3.0,2.0,1.0,0.0,3.0,66.66666666666666,8.358594494484723,8.358594494484723,12.333333333333334,14.5,14.5,8.0,50.0,50.0,50.0,0.6777238779311937,,INSUFFICIENT,C,MEDIUM,FAR,LOW PRIORITY,33.2
ANANTRAJ.NS,577.8499755859375,2026-10-01T23:11:23.693897+05:30,WAITING FOR 0.786,2025-10-07,743.6500244140625,2026-03-30,403.0,,670.7509191894532,573.3250122070312,832.2190307617187,13.85028942126218,12.0,2.0,10.0,0.0,12.0,16.666666666666664,-4.007783547074578,-4.007783547074578,7.916666666666667,6.5,6.5,7.7,0.0,100.0,100.0,-0.5062463427883678,42.9,D,C,FAST,FAR,LOW PRIORITY,33.18
TATAELXSI.NS,3092.800048828125,2026-10-01T23:11:23.693897+05:30,WAITING FOR 0.786,2026-01-08,5950.0,2026-10-01,3046.199951171875,,5328.586789550782,4498.0999755859375,6704.988012695312,41.95834334737638,4.0,3.0,1.0,0.0,4.0,75.0,4.2874681917116,4.2874681917116,9.0,6.666666666666667,6.0,16.0,0.0,100.0,100.0,0.4763853546346222,,INSUFFICIENT,C,FAST,FAR,LOW PRIORITY,33.18
GENUSPOWER.NS,280.0,2026-10-01T23:11:23.693897+05:30,WAITING FOR 0.786,2026-08-28,353.5,2026-10-01,272.6000061035156,,336.1874013061524,313.0500030517578,374.533998413086,16.71311925665672,14.0,3.0,10.0,1.0,13.0,23.07692307692308,-2.814207296362199,-2.814207296362199,10.642857142857142,11.333333333333334,9.0,5.0,33.33333333333333,66.66666666666666,66.66666666666666,-0.2644221620743006,44.0,D,C,MEDIUM,FAR,LOW PRIORITY,33.17
ERIS.NS,1189.800048828125,2026-10-01T23:11:23.693897+05:30,WAITING FOR 0.786,2025-12-09,1740.0,2026-10-01,1162.9000244140625,,1616.5006052246094,1451.4500122070312,1890.045993652344,26.396560262171707,10.0,1.0,8.0,1.0,9.0,11.11111111111111,-2.081817180677354,-2.081817180677354,9.3,1.0,1.0,3.25,100.0,100.0,100.0,-0.2238513097502531,46.69,C,C,FAST,FAR,LOW PRIORITY,33.12
AADHARHFC.NS,448.3999938964844,2026-10-01T23:11:23.693897+05:30,WAITING FOR 0.786,2026-07-06,563.0,2026-09-29,427.2999877929688,,533.9601973876953,495.1499938964844,598.2820031738281,16.02370437156157,8.0,3.0,5.0,0.0,8.0,37.5,-0.5574065893650919,-0.5574065893650919,9.875,11.0,11.0,8.8,33.33333333333333,33.33333333333333,100.0,-0.0564462368977308,44.96,D,C,MEDIUM,FAR,LOW PRIORITY,33.11
SHANKARA.NS,124.4000015258789,2026-10-01T23:11:23.693897+05:30,WAITING FOR 0.786,2025-09-26,218.6499938964844,2026-02-25,98.25,,192.8843952026367,158.4499969482422,249.9539923095703,35.50540913629162,8.0,2.0,5.0,1.0,7.0,28.57142857142857,2.22852447136328,2.22852447136328,13.25,14.5,14.5,2.8,0.0,50.0,50.0,0.1681905261406249,47.41,C,C,MEDIUM,FAR,LOW PRIORITY,33.08
SUPRAJIT.NS,481.0499877929688,2026-10-01T23:11:23.693897+05:30,WAITING FOR 0.786,2026-08-10,559.25,2026-09-09,465.0,,539.0805,512.125,583.755,10.764721077284612,7.0,1.0,5.0,1.0,6.0,16.666666666666664,-1.832322161651594,-1.832322161651594,13.571428571428571,0.0,0.0,6.2,100.0,100.0,100.0,-0.1350132119111701,48.3,C,C,FAST,FAR,LOW PRIORITY,33.07
SFL.NS,616.6500244140625,2026-10-01T23:11:23.693897+05:30,WAITING FOR 0.786,2026-08-05,830.0,2026-10-01,613.9000244140625,,783.7546052246093,721.9500122070312,886.1859936523438,21.3210333561814,4.0,3.0,1.0,0.0,4.0,75.0,2.8655443491728287,2.8655443491728287,2.25,2.0,0.0,0.0,66.66666666666666,100.0,100.0,1.273575266299035,,INSUFFICIENT,C,FAST,FAR,LOW PRIORITY,33.05
PTC.NS,154.7899932861328,2026-10-01T23:11:23.693897+05:30,WAITING FOR 0.786,2026-05-07,229.509994506836,2026-08-31,150.25,,212.54835568237303,189.879997253418,250.11759307861328,27.17422217208441,9.0,1.0,7.0,1.0,8.0,12.5,-2.666126652148264,-2.666126652148264,11.333333333333334,3.0,3.0,5.142857142857143,100.0,100.0,100.0,-0.2352464693071997,45.33,C,C,FAST,FAR,LOW PRIORITY,32.99
ROTO.NS,62.65999984741211,2026-10-01T23:11:23.693897+05:30,WAITING FOR 0.786,2026-06-24,78.87000274658203,2026-09-16,60.150001525878906,,74.86392248535157,69.51000213623047,83.73720306396484,16.301473704276408,12.0,1.0,11.0,0.0,12.0,8.333333333333332,-4.017681564525901,-4.017681564525901,7.0,0.0,0.0,6.909090909090909,100.0,100.0,100.0,-0.5739545092179859,42.56,D,C,FAST,FAR,LOW PRIORITY,32.98
JAICORPLTD.NS,89.54000091552734,2026-10-01T23:11:23.693897+05:30,WAITING FOR 0.786,2025-10-29,173.39999389648438,2026-10-01,87.5999984741211,,155.03879487609862,130.4999961853027,195.7079927062988,42.24671251664174,9.0,3.0,6.0,0.0,9.0,33.33333333333333,0.5608490079904844,0.5608490079904844,12.444444444444445,11.333333333333334,12.0,12.666666666666666,0.0,33.33333333333333,100.0,0.0450682238563782,45.04,C,C,MEDIUM,FAR,LOW PRIORITY,32.94
VTL.NS,529.25,2026-10-01T23:11:23.693897+05:30,WAITING FOR 0.786,2026-07-06,688.0,2026-10-01,516.5499877929688,,651.3096973876953,602.2749938964844,732.5770031738282,18.740654081653982,11.0,1.0,8.0,2.0,9.0,11.11111111111111,-2.4212997547020247,-2.4212997547020247,15.727272727272728,3.0,3.0,5.375,100.0,100.0,100.0,-0.1539554757324986,46.16,C,C,FAST,FAR,LOW PRIORITY,32.93
BEL.NS,383.1000061035156,2026-10-01T23:11:23.693897+05:30,WAITING FOR 0.786,2026-04-27,448.2999877929688,2026-10-01,378.6499938964844,,433.3948890991211,413.47499084472656,466.4089862060547,11.604862969231416,14.0,5.0,9.0,0.0,14.0,35.714285714285715,0.4470320179219512,0.4470320179219512,12.071428571428571,15.6,17.0,9.666666666666666,40.0,40.0,60.0,0.0370322381710492,43.48,D,C,SLOW,FAR,LOW PRIORITY,32.82
DCXINDIA.NS,158.99000549316406,2026-10-01T23:11:23.693897+05:30,WAITING FOR 0.786,2025-09-26,262.6000061035156,2026-03-30,153.3000030517578,,239.20980545043943,207.95000457763672,291.0180068969727,33.535330964472394,4.0,2.0,1.0,1.0,3.0,66.66666666666666,8.088818412408642,8.088818412408642,21.5,12.5,12.5,0.0,0.0,50.0,100.0,0.3762241122050531,,INSUFFICIENT,C,MEDIUM,FAR,LOW PRIORITY,32.8
PNC.NS,18.09000015258789,2026-10-01T23:11:23.693897+05:30,WAITING FOR 0.786,2025-09-26,33.0,2026-09-29,15.699999809265137,,29.29779995918274,24.34999990463257,37.49800004959106,38.25474889653622,9.0,1.0,7.0,1.0,8.0,12.5,-3.0356304508559973,-3.0356304508559973,8.555555555555555,0.0,0.0,1.5714285714285714,100.0,100.0,100.0,-0.3548139488013503,44.76,D,C,FAST,FAR,LOW PRIORITY,32.79
BOROLTD.NS,280.20001220703125,2026-10-01T23:11:23.693897+05:30,WAITING FOR 0.786,2025-11-04,363.3999938964844,2026-03-23,213.72999572753903,,331.3706142883301,288.5649948120117,402.31419342041016,15.44210617202605,8.0,1.0,4.0,3.0,5.0,20.0,-1.1437688912167596,-1.1437688912167596,23.25,0.0,0.0,0.0,100.0,100.0,100.0,-0.0491943609125488,50.71,C,C,FAST,FAR,LOW PRIORITY,32.75
CLSEL.NS,281.95001220703125,2026-10-01T23:11:23.693897+05:30,WAITING FOR 0.786,2026-08-25,324.79998779296875,2026-09-16,274.1000061035156,,313.95019171142576,299.4499969482422,337.9819830322266,10.192756796851452,13.0,1.0,11.0,1.0,12.0,8.333333333333332,-4.43175332194367,-4.43175332194367,12.846153846153848,0.0,0.0,9.0,100.0,100.0,100.0,-0.3449867855405252,41.91,D,C,FAST,FAR,LOW PRIORITY,32.75
HARRMALAYA.NS,179.6699981689453,2026-10-01T23:11:23.693897+05:30,WAITING FOR 0.786,2026-08-06,228.0,2026-09-29,165.5500030517578,,214.63570065307616,196.7750015258789,244.23699920654292,16.290720685207567,14.0,1.0,11.0,2.0,12.0,8.333333333333332,-4.43720974704226,-4.43720974704226,10.857142857142858,3.0,3.0,2.090909090909091,100.0,100.0,100.0,-0.4086903714381029,41.9,D,C,FAST,FAR,LOW PRIORITY,32.75
AHLEAST.NS,136.0,2026-10-01T23:11:23.693897+05:30,WAITING FOR 0.786,2026-05-21,172.89999389648438,2026-09-18,132.00999450683594,,164.1495340270996,152.45499420166016,183.53139373779297,17.148713941796736,10.0,1.0,9.0,0.0,10.0,10.0,-5.645728890741673,-5.645728890741673,7.6,3.0,3.0,7.777777777777778,100.0,100.0,100.0,-0.7428590645712728,40.68,D,C,FAST,FAR,LOW PRIORITY,32.74
ANIKINDS.NS,44.0,2026-10-01T23:11:23.693897+05:30,WAITING FOR 0.786,2025-10-17,83.4000015258789,2026-03-30,32.5,,72.50740119934082,57.95000076293945,96.63400192260742,39.316539729464175,17.0,2.0,15.0,0.0,17.0,11.76470588235294,-5.684909375862151,-5.684909375862151,2.5294117647058822,5.5,5.5,1.6,50.0,100.0,100.0,-2.247522311387362,39.32,D,C,FAST,FAR,LOW PRIORITY,32.7
LFIC.NS,133.82000732421875,2026-10-01T23:11:23.693897+05:30,WAITING FOR 0.786,2025-10-29,224.8500061035156,2026-03-30,111.0,,200.48610479736328,167.9250030517578,254.4510076904297,33.25222839783623,10.0,1.0,9.0,0.0,10.0,10.0,-5.7652711666451095,-5.7652711666451095,1.3,0.0,0.0,0.4444444444444444,100.0,100.0,100.0,-4.434823974342391,40.49,D,C,FAST,FAR,LOW PRIORITY,32.67
GANGAFORGE.NS,1.4800000190734863,2026-10-01T23:11:23.693897+05:30,WAITING FOR 0.786,2025-12-29,4.099999904632568,2026-09-29,1.350000023841858,,3.5114999301433563,2.724999964237213,4.814999873638153,57.85276809010031,3.0,2.0,1.0,0.0,3.0,66.66666666666666,4.634034099329707,4.634034099329707,3.6666666666666665,5.0,5.0,0.0,50.0,100.0,100.0,1.2638274816353747,,INSUFFICIENT,C,FAST,FAR,LOW PRIORITY,32.62
SREEL.NS,292.6000061035156,2026-10-01T23:11:23.693897+05:30,WAITING FOR 0.786,2026-09-10,400.0,2026-09-30,282.0,,374.748,341.0,430.68,21.920862525346195,8.0,1.0,6.0,1.0,7.0,14.285714285714285,-1.027977600434396,-1.027977600434396,9.0,2.0,2.0,0.8333333333333334,100.0,100.0,100.0,-0.1142197333815995,48.61,C,C,FAST,FAR,LOW PRIORITY,32.58
LAXMICOT.NS,13.300000190734863,2026-10-01T23:11:23.693897+05:30,WAITING FOR 0.786,2026-02-24,19.0,2026-09-02,11.359999656677246,,17.36503992652893,15.179999828338625,20.98640008926392,23.409331351918294,17.0,1.0,16.0,0.0,17.0,5.88235294117647,-7.389227307003004,-7.389227307003004,2.235294117647059,0.0,0.0,1.5625,100.0,100.0,100.0,-3.305706953132923,37.31,D,C,FAST,FAR,LOW PRIORITY,32.53
BVCL.NS,41.38999938964844,2026-10-01T23:11:23.693897+05:30,WAITING FOR 0.786,2026-09-09,48.0,2026-09-29,40.060001373291016,,46.30084029388428,44.03000068664551,50.06439964294434,10.606375333720448,11.0,2.0,9.0,0.0,11.0,18.181818181818183,-6.299754989491334,-6.299754989491334,6.181818181818182,6.5,6.5,5.777777777777778,50.0,100.0,100.0,-1.0190780130059511,39.93,D,C,FAST,FAR,LOW PRIORITY,32.52
GUJALKALI.NS,603.5999755859375,2026-10-01T23:11:23.693897+05:30,WAITING FOR 0.786,2026-05-05,815.0,2026-07-17,578.0499877929688,,764.2926973876953,696.5249938964844,876.6070031738282,21.02502383589369,12.0,2.0,10.0,0.0,12.0,16.666666666666664,-5.274865153833022,-5.274865153833022,12.666666666666666,6.0,6.0,13.5,50.0,100.0,100.0,-0.416436722671028,40.92,D,C,FAST,FAR,LOW PRIORITY,32.49
RAMANEWS.NS,29.3799991607666,2026-10-01T23:11:23.693897+05:30,WAITING FOR 0.786,2026-03-11,42.0,2026-07-22,27.1200008392334,,38.81568017959594,34.5600004196167,45.86879978179932,24.308941580236308,12.0,3.0,8.0,1.0,11.0,27.27272727272727,0.3381709658943757,0.3381709658943757,9.416666666666666,12.333333333333334,15.0,0.875,0.0,33.33333333333333,100.0,0.0359119609799337,43.27,D,C,MEDIUM,FAR,LOW PRIORITY,32.47
SULA.NS,130.94000244140625,2026-10-01T23:11:23.693897+05:30,WAITING FOR 0.786,2025-09-26,271.8900146484375,2026-10-01,130.0,,241.52555151367187,200.94500732421875,308.78141845703124,45.78627328628863,7.0,3.0,4.0,0.0,7.0,42.85714285714285,1.1510174699609126,1.1510174699609126,7.428571428571429,14.333333333333334,17.0,1.5,33.33333333333333,33.33333333333333,66.66666666666666,0.1549446594178151,45.77,C,C,SLOW,FAR,LOW PRIORITY,32.46
PRAENG.NS,20.09000015258789,2026-10-01T23:11:23.693897+05:30,WAITING FOR 0.786,2025-10-31,33.880001068115234,2026-03-30,17.0,,30.26768083953857,25.440000534057617,38.2688013458252,33.62557158213328,12.0,1.0,10.0,1.0,11.0,9.090909090909092,-5.51042254260286,-5.51042254260286,13.916666666666666,0.0,0.0,10.1,100.0,100.0,100.0,-0.3959585060552953,40.53,D,C,FAST,FAR,LOW PRIORITY,32.46
TATAPOWER.NS,350.1499938964844,2026-10-01T23:11:23.693897+05:30,WAITING FOR 0.786,2026-04-28,464.8999938964844,2026-10-01,346.3999938964844,,439.5409938964844,405.6499938964844,495.7099938964844,20.33735220179539,8.0,3.0,5.0,0.0,8.0,37.5,-1.923225194509253,-1.923225194509253,13.625,10.333333333333334,11.0,15.4,33.33333333333333,33.33333333333333,100.0,-0.1411541427162754,42.83,D,C,MEDIUM,FAR,LOW PRIORITY,32.37
ABREL.NS,1100.5,2026-10-01T23:11:23.693897+05:30,WAITING FOR 0.786,2025-11-03,1914.0,2026-10-01,1072.4000244140625,,1733.8976052246094,1493.2000122070312,2132.8159936523434,36.53027741177132,14.0,4.0,10.0,0.0,14.0,28.57142857142857,-0.9203220797980948,-0.9203220797980948,8.571428571428571,12.25,10.5,6.5,50.0,50.0,75.0,-0.1073709093097777,43.49,D,C,MEDIUM,FAR,LOW PRIORITY,32.36
ZYDUSWELL.NS,493.25,2026-10-01T23:11:23.693897+05:30,WAITING FOR 0.786,2026-07-20,611.8499755859375,2026-08-24,490.0,,585.7740808105468,550.9249877929688,643.5309692382813,15.79518176743489,7.0,1.0,4.0,2.0,5.0,20.0,-1.9556351798892704,-1.9556351798892704,20.857142857142858,0.0,0.0,5.0,100.0,100.0,100.0,-0.0937633305426362,49.44,C,C,FAST,FAR,LOW PRIORITY,32.3
SALASAR.NS,4.130000114440918,2026-10-01T23:11:23.693897+05:30,WAITING FOR 0.786,2025-11-27,10.789999961853027,2026-09-30,3.799999952316284,,9.294139959812163,7.294999957084656,12.60739996433258,55.5633965886136,9.0,1.0,7.0,1.0,8.0,12.5,-3.935142939932256,-3.935142939932256,13.333333333333334,0.0,0.0,7.714285714285714,100.0,100.0,100.0,-0.2951357204949192,43.35,D,C,FAST,FAR,LOW PRIORITY,32.3
RELIGARE.NS,224.58999633789065,2026-10-01T23:11:23.693897+05:30,WAITING FOR 0.786,2026-06-25,280.0,2026-10-01,223.1000061035156,,267.82340130615233,251.5500030517578,294.79399841308594,16.142504634552473,13.0,1.0,10.0,2.0,11.0,9.090909090909092,-3.9716861860592,-3.9716861860592,13.0,4.0,4.0,3.7,100.0,100.0,100.0,-0.3055143220045538,42.93,D,C,FAST,FAR,LOW PRIORITY,32.3
BHARTIARTL.NS,1741.0999755859375,2026-10-01T23:11:23.693897+05:30,WAITING FOR 0.786,2025-11-21,2174.5,2026-10-01,1726.300048828125,,2078.5852104492187,1950.4000244140625,2291.0319873046874,16.23629539778861,9.0,4.0,5.0,0.0,9.0,44.44444444444444,0.3570063743102343,0.3570063743102343,15.444444444444445,21.0,16.0,10.4,0.0,0.0,75.0,0.0231155206387921,41.84,D,C,SLOW,FAR,LOW PRIORITY,32.29
PGEL.NS,481.1000061035156,2026-10-01T23:11:23.693897+05:30,WAITING FOR 0.786,2026-08-07,643.9500122070312,2026-10-01,476.1000061035156,,608.030110900879,560.0250091552734,687.5910137939453,20.8756281180383,14.0,4.0,10.0,0.0,14.0,28.57142857142857,-1.1366829547596882,-1.1366829547596882,7.357142857142857,10.75,11.0,5.4,50.0,50.0,75.0,-0.154500595792579,43.15,D,C,MEDIUM,FAR,LOW PRIORITY,32.25
GMBREW.NS,952.0,2026-10-01T23:11:23.693897+05:30,WAITING FOR 0.786,2026-01-08,1222.0,2026-08-31,852.5499877929688,,1142.9376973876954,1037.2749938964844,1318.0570031738282,16.705871004526635,9.0,2.0,7.0,0.0,9.0,22.22222222222222,-2.1928759735039067,-2.1928759735039067,4.333333333333333,6.5,6.5,3.2857142857142856,50.0,50.0,100.0,-0.5060483015778247,41.96,D,C,FAST,FAR,LOW PRIORITY,32.24
ZUARIIND.NS,281.8500061035156,2026-10-01T23:11:23.693897+05:30,WAITING FOR 0.786,2025-09-26,395.9500122070313,2026-03-30,210.0,,356.1567095947266,302.9750061035156,444.29701538085936,20.863485507760085,15.0,1.0,13.0,1.0,14.0,7.142857142857142,-5.154363016972902,-5.154363016972902,6.0,0.0,0.0,1.3076923076923077,100.0,100.0,100.0,-0.8590605028288171,41.3,D,C,FAST,FAR,LOW PRIORITY,32.24
SCI.NS,267.04998779296875,2026-10-01T23:11:23.693897+05:30,WAITING FOR 0.786,2026-05-11,368.75,2026-07-24,260.20001220703125,,345.5203026123047,314.4750061035156,396.9729968261719,22.71076814475488,9.0,3.0,5.0,1.0,8.0,37.5,-2.218883942538632,-2.218883942538632,17.22222222222222,11.0,15.0,11.8,33.33333333333333,33.33333333333333,100.0,-0.1288384224699851,42.37,D,C,MEDIUM,FAR,LOW PRIORITY,32.2
SURYAROSNI.NS,220.6699981689453,2026-10-01T23:11:23.693897+05:30,WAITING FOR 0.786,2025-11-11,314.5,2026-03-30,187.3500061035156,,287.2899013061524,250.9250030517578,347.558998413086,23.18908629726357,4.0,2.0,1.0,1.0,3.0,66.66666666666666,5.015462079671172,5.015462079671172,20.25,6.5,6.5,8.0,0.0,100.0,100.0,0.247677139736848,,INSUFFICIENT,C,FAST,FAR,LOW PRIORITY,32.19
SUMICHEM.NS,417.6000061035156,2026-10-01T23:11:23.693897+05:30,WAITING FOR 0.786,2026-08-17,572.0499877929688,2026-10-01,408.2000122070313,,536.9860930175781,490.125,614.6509814453125,22.23262175062593,10.0,1.0,8.0,1.0,9.0,11.11111111111111,-3.819502142280672,-3.819502142280672,10.2,0.0,0.0,4.625,100.0,100.0,100.0,-0.3744609943412423,43.98,D,C,FAST,FAR,LOW PRIORITY,32.17
POWERGRID.NS,254.5500030517578,2026-10-01T23:11:23.693897+05:30,WAITING FOR 0.786,2026-04-27,324.95001220703125,2026-10-01,252.3500061035156,,309.4136109008789,288.65000915527344,343.8260137939453,17.731478485830642,11.0,3.0,7.0,1.0,10.0,30.0,-1.2269054225555154,-1.2269054225555154,19.27272727272728,25.666666666666668,12.0,10.571428571428571,0.0,33.33333333333333,66.66666666666666,-0.0636601870193899,41.92,D,C,MEDIUM,FAR,LOW PRIORITY,32.17
SAMHI.NS,154.3699951171875,2026-10-01T23:11:23.693897+05:30,WAITING FOR 0.786,2025-10-29,217.3000030517578,2026-03-30,127.0,,197.97580239868165,172.1500015258789,240.77800384521484,22.025826769314577,8.0,1.0,6.0,1.0,7.0,14.285714285714285,-1.8453410333753424,-1.8453410333753424,12.75,2.0,2.0,6.0,100.0,100.0,100.0,-0.1447326300686543,47.33,C,C,FAST,FAR,LOW PRIORITY,32.14
SBILIFE.NS,1721.5999755859375,2026-10-01T23:11:23.693897+05:30,WAITING FOR 0.786,2026-02-23,2132.0,2026-09-15,1652.9000244140625,,2029.4726052246087,1892.4500122070312,2256.565993652344,15.170080583797704,11.0,3.0,6.0,2.0,9.0,33.33333333333333,-0.0053867540223712,-0.0053867540223712,17.545454545454547,10.666666666666666,12.0,6.333333333333333,33.33333333333333,33.33333333333333,100.0,-0.0003070170686325,45.16,C,C,MEDIUM,FAR,LOW PRIORITY,32.14
DALMIASUG.NS,396.7000122070313,2026-10-01T23:11:23.693897+05:30,WAITING FOR 0.786,2026-08-24,520.0,2026-09-21,377.6000061035156,,489.5264013061524,448.8000030517578,557.0239984130859,18.96248881601526,11.0,1.0,9.0,1.0,10.0,10.0,-4.941013454893345,-4.941013454893345,17.545454545454547,5.0,5.0,13.444444444444445,100.0,100.0,100.0,-0.2816121658229367,41.78,D,C,FAST,FAR,LOW PRIORITY,32.12
LINDEINDIA.NS,6247.5,2026-10-01T23:11:23.693897+05:30,WAITING FOR 0.786,2026-05-07,8049.0,2026-09-16,6024.5,,7615.757,7036.75,8575.369999999999,17.96613258537529,6.0,1.0,4.0,1.0,5.0,20.0,-2.336424637535544,-2.336424637535544,10.833333333333334,1.0,1.0,0.25,100.0,100.0,100.0,-0.2156699665417425,48.85,C,C,FAST,FAR,LOW PRIORITY,32.1
INDTERRAIN.NS,29.21999931335449,2026-10-01T23:11:23.693897+05:30,WAITING FOR 0.786,2026-08-04,38.29999923706055,2026-09-15,28.0,,36.09579940032959,33.14999961853027,40.97799903869629,19.048754152020013,9.0,1.0,6.0,2.0,7.0,14.285714285714285,-1.9917289607868,-1.9917289607868,19.0,3.0,3.0,7.333333333333333,100.0,100.0,100.0,-0.1048278400414105,47.1,C,C,FAST,FAR,LOW PRIORITY,32.06
SUZLON.NS,38.90999984741211,2026-10-01T23:11:23.693897+05:30,WAITING FOR 0.786,2026-07-28,53.20000076293945,2026-10-01,38.400001525878906,,50.032800926208495,45.80000114440918,57.04800056457519,22.231018197843827,12.0,4.0,8.0,0.0,12.0,33.33333333333333,0.3609220689261502,0.3609220689261502,8.5,17.0,15.5,4.0,25.0,50.0,50.0,0.0424614198736647,43.4,D,C,SLOW,FAR,LOW PRIORITY,32.06
FAZE3Q.NS,433.0499877929688,2026-10-01T23:11:23.693897+05:30,WAITING FOR 0.786,2026-06-25,650.0499877929688,2026-09-22,416.2000122070313,,600.0060930175781,533.125,710.8509814453125,27.8257349662811,9.0,1.0,7.0,1.0,8.0,12.5,-4.4233263123484186,-4.4233263123484186,8.444444444444445,3.0,3.0,1.1428571428571428,100.0,100.0,100.0,-0.5238149580412601,42.59,D,C,FAST,FAR,LOW PRIORITY,32.03
BALAXI.NS,22.34000015258789,2026-10-01T23:11:23.693897+05:30,WAITING FOR 0.786,2025-10-03,45.34000015258789,2026-03-27,15.199999809265137,,38.89004007911682,30.26999998092652,53.17640024185181,42.55598578160369,6.0,1.0,4.0,1.0,5.0,20.0,-2.5148171472260805,-2.5148171472260805,15.833333333333334,3.0,3.0,7.0,100.0,100.0,100.0,-0.1588305566669103,48.57,C,C,FAST,FAR,LOW PRIORITY,32.0
MALUPAPER.NS,31.040000915527344,2026-10-01T23:11:23.693897+05:30,WAITING FOR 0.786,2026-09-10,35.95000076293945,2026-10-01,30.46999931335449,,34.77728045272827,33.21000003814697,37.37480113983155,10.746324866548724,10.0,1.0,9.0,0.0,10.0,10.0,-5.186347757626463,-5.186347757626463,3.2,5.0,5.0,2.333333333333333,100.0,100.0,100.0,-1.6207336742582696,41.4,D,C,FAST,FAR,LOW PRIORITY,31.99
VSTIND.NS,201.13999938964844,2026-10-01T23:11:23.693897+05:30,WAITING FOR 0.786,2026-07-13,245.4499969482422,2026-10-01,200.1000061035156,,235.74509890747072,222.7750015258789,257.2409945678711,14.6790324287525,6.0,1.0,4.0,1.0,5.0,20.0,-2.589373274890713,-2.589373274890713,21.166666666666668,0.0,0.0,16.25,100.0,100.0,100.0,-0.1223325956641281,48.45,C,C,FAST,FAR,LOW PRIORITY,31.96
LLOYDSME.NS,1776.800048828125,2026-10-01T23:11:23.693897+05:30,WAITING FOR 0.786,2026-08-10,2125.0,2026-09-15,1741.0,,2042.824,1933.0,2224.84,13.022362727864714,12.0,2.0,9.0,1.0,11.0,18.181818181818183,-0.4759997491364067,-0.4759997491364067,8.333333333333334,9.0,9.0,1.4444444444444444,50.0,50.0,100.0,-0.0571199698963688,44.03,D,C,MEDIUM,FAR,LOW PRIORITY,31.96
KNRCON.NS,113.29000091552734,2026-10-01T23:11:23.693897+05:30,WAITING FOR 0.786,2025-09-29,204.9499969482422,2026-03-27,108.6500015258789,,184.34179792785645,156.79999923706055,229.98799575805663,38.543508748968456,6.0,1.0,5.0,0.0,6.0,16.666666666666664,-3.889871157650038,-3.889871157650038,7.5,2.0,2.0,8.0,100.0,100.0,100.0,-0.5186494876866717,45.09,C,C,FAST,FAR,LOW PRIORITY,31.95
APEX.NS,326.29998779296875,2026-10-01T23:11:23.693897+05:30,WAITING FOR 0.786,2026-08-18,427.7999877929688,2026-10-01,320.29998779296875,,404.7949877929688,374.0499877929688,455.7499877929688,19.39129741402481,12.0,1.0,11.0,0.0,12.0,8.333333333333332,-5.902146677783594,-5.902146677783594,16.583333333333332,1.0,1.0,17.818181818181817,100.0,100.0,100.0,-0.3559083423789102,39.61,D,C,FAST,FAR,LOW PRIORITY,31.95
AAATECH.NS,92.73999786376952,2026-10-01T23:11:23.693897+05:30,WAITING FOR 0.786,2026-02-13,116.9000015258789,2026-09-17,83.80000305175781,,109.816601852417,100.35000228881836,125.5060011291504,15.550111459100496,9.0,1.0,7.0,1.0,8.0,12.5,-4.621086064188391,-4.621086064188391,14.11111111111111,0.0,0.0,8.857142857142858,100.0,100.0,100.0,-0.3274785399818544,42.28,D,C,FAST,FAR,LOW PRIORITY,31.92
PNCINFRA.NS,138.16000366210938,2026-10-01T23:11:23.693897+05:30,WAITING FOR 0.786,2025-09-29,311.0,2026-09-16,116.4000015258789,,269.3556003265381,213.70000076293945,361.5959996032715,48.70720954210015,6.0,1.0,4.0,1.0,5.0,20.0,-2.7338885361781333,-2.7338885361781333,10.833333333333334,1.0,1.0,0.0,100.0,100.0,100.0,-0.2523589418010584,48.23,C,C,FAST,FAR,LOW PRIORITY,31.88
MHRIL.NS,194.8500061035156,2026-10-01T23:11:23.693897+05:30,WAITING FOR 0.786,2025-09-29,363.9500122070313,2026-09-16,188.2100067138672,,326.34165103149417,276.0800094604492,409.6424136352539,40.29263335291783,12.0,2.0,10.0,0.0,12.0,16.666666666666664,-2.7569275086304645,-2.7569275086304645,5.916666666666667,8.5,8.5,4.9,0.0,100.0,100.0,-0.4659595789234588,44.86,D,C,MEDIUM,FAR,LOW PRIORITY,31.87
SATIA.NS,68.33999633789062,2026-10-01T23:11:23.693897+05:30,WAITING FOR 0.786,2025-10-06,83.80000305175781,2026-03-30,50.79999923706055,,76.7380022354126,67.30000114440918,92.3800040435791,10.943737982335051,8.0,1.0,7.0,0.0,8.0,12.5,-4.827690725412368,-4.827690725412368,12.125,3.0,3.0,12.857142857142858,100.0,100.0,100.0,-0.3981600598278241,41.96,D,C,FAST,FAR,LOW PRIORITY,31.81
MANYAVAR.NS,519.2000122070312,2026-10-01T23:11:23.693897+05:30,WAITING FOR 0.786,2025-09-26,712.4500122070312,2026-03-16,329.20001220703125,,630.4345122070313,520.8250122070312,812.0950122070312,17.644100671232163,7.0,1.0,5.0,1.0,6.0,16.666666666666664,-2.4206087030085395,-2.4206087030085395,13.714285714285714,4.0,4.0,5.6,100.0,100.0,100.0,-0.176502717927706,47.38,C,C,FAST,FAR,LOW PRIORITY,31.75
HDFCAMC.NS,2308.10009765625,2026-10-01T23:11:23.693897+05:30,WAITING FOR 0.786,2026-07-06,2838.39990234375,2026-09-29,2223.300048828125,,2706.7685336914064,2530.849975585937,2998.325864257813,14.728575091401144,8.0,1.0,6.0,1.0,7.0,14.285714285714285,-0.756163064542628,-0.756163064542628,18.0,5.0,5.0,12.833333333333334,100.0,100.0,100.0,-0.0420090591412571,49.03,C,C,FAST,FAR,LOW PRIORITY,31.73
OMAXE.NS,108.77999877929688,2026-10-01T23:11:23.693897+05:30,WAITING FOR 0.786,2026-09-04,138.88999938964844,2026-10-01,105.3499984741211,,131.71243919372557,122.11999893188477,147.61039962768555,17.410990605601917,8.0,1.0,5.0,2.0,6.0,16.666666666666664,-4.297410244192012,-4.297410244192012,16.75,2.0,2.0,1.2,100.0,100.0,100.0,-0.2565618056234037,44.45,D,C,FAST,FAR,LOW PRIORITY,31.72
GPTINFRA.NS,118.66000366210938,2026-10-01T23:11:23.693897+05:30,WAITING FOR 0.786,2026-06-23,150.0,2026-09-02,106.41000366210938,,140.6717407836914,128.2050018310547,161.33339904785157,15.647589913193093,11.0,3.0,8.0,0.0,11.0,27.27272727272727,-0.1047479119717873,-0.1047479119717873,4.909090909090909,14.0,12.0,0.875,33.33333333333333,33.33333333333333,66.66666666666666,-0.0213375376238826,42.58,D,C,MEDIUM,FAR,LOW PRIORITY,31.72
DATAPATTNS.NS,4251.2998046875,2026-10-01T23:11:23.693897+05:30,WAITING FOR 0.786,2026-09-09,4999.89990234375,2026-10-01,4155.2998046875,,4819.155481445312,4577.599853515625,5219.495927734375,11.783302675005343,19.0,4.0,14.0,1.0,18.0,22.22222222222222,-1.8961683612324245,-1.8961683612324245,11.052631578947368,11.5,10.5,6.928571428571429,25.0,50.0,75.0,-0.1715580898257907,40.43,D,C,MEDIUM,FAR,LOW PRIORITY,31.71
SPLIL.NS,28.5,2026-10-01T23:11:23.693897+05:30,WAITING FOR 0.786,2025-11-03,45.20000076293945,2026-03-30,20.200000762939453,,39.85000076293946,32.70000076293945,51.70000076293945,28.48180814464368,14.0,1.0,13.0,0.0,14.0,7.142857142857142,-5.486742432830496,-5.486742432830496,3.928571428571429,1.0,1.0,3.4615384615384617,100.0,100.0,100.0,-1.3966253465386715,39.78,D,C,FAST,FAR,LOW PRIORITY,31.71
ZENSARTECH.NS,434.3500061035156,2026-10-01T23:11:23.693897+05:30,WAITING FOR 0.786,2025-10-23,822.0,2026-09-25,416.1499938964844,,735.1480986938477,619.0749969482422,927.521001586914,40.91666606018108,9.0,1.0,6.0,2.0,7.0,14.285714285714285,-2.665938088312293,-2.665938088312293,19.0,0.0,0.0,7.5,100.0,100.0,100.0,-0.1403125309638049,46.05,C,C,FAST,FAR,LOW PRIORITY,31.69
MASKINVEST.NS,143.41000366210938,2026-10-01T23:11:23.693897+05:30,WAITING FOR 0.786,2025-10-17,246.08999633789065,2026-03-30,114.94000244140624,,218.02389764404296,180.51499938964844,280.1889947509766,34.22280529254278,3.0,2.0,1.0,0.0,3.0,66.66666666666666,20.351324297071542,20.351324297071542,33.0,49.0,49.0,0.0,0.0,0.0,0.0,0.616706796880956,,INSUFFICIENT,C,SLOW,FAR,LOW PRIORITY,31.67
PANACEABIO.NS,359.04998779296875,2026-10-01T23:11:23.693897+05:30,WAITING FOR 0.786,2026-06-09,647.0,2026-10-01,350.04998779296875,,583.4526973876953,498.5249938964844,724.2070031738281,38.46116584933952,3.0,2.0,1.0,0.0,3.0,66.66666666666666,14.46902409037954,14.46902409037954,30.0,44.5,44.5,0.0,0.0,0.0,0.0,0.4823008030126513,,INSUFFICIENT,C,SLOW,FAR,LOW PRIORITY,31.67
BBTC.NS,1334.199951171875,2026-10-01T23:11:23.693897+05:30,WAITING FOR 0.786,2025-10-23,2135.0,2026-10-01,1307.0,,1957.808,1721.0,2350.28,31.85235982425881,7.0,1.0,6.0,0.0,7.0,14.285714285714285,-2.712162337674149,-2.712162337674149,6.428571428571429,3.0,3.0,6.333333333333333,100.0,100.0,100.0,-0.4218919191937564,45.98,C,C,FAST,FAR,LOW PRIORITY,31.66
CANBK.NS,118.36000061035156,2026-10-01T23:11:23.693897+05:30,WAITING FOR 0.786,2026-03-02,156.25,2026-10-01,116.51000213623048,,147.7456404571533,136.38000106811523,166.58239944458006,19.88934479276475,10.0,1.0,8.0,1.0,9.0,11.11111111111111,-4.749271348679573,-4.749271348679573,8.8,0.0,0.0,2.875,100.0,100.0,100.0,-0.539689925986315,42.52,D,C,FAST,FAR,LOW PRIORITY,31.66
ORISSAMINE.NS,3538.60009765625,2026-10-01T23:11:23.693897+05:30,WAITING FOR 0.786,2025-10-06,6138.89990234375,2026-03-30,3100.5,,5488.682323242188,4619.699951171875,6928.883876953125,35.529150909831046,8.0,2.0,5.0,1.0,7.0,28.57142857142857,-0.4958984541963245,-0.4958984541963245,13.25,9.5,9.5,4.2,50.0,50.0,100.0,-0.0374262984299112,47.15,C,C,MEDIUM,FAR,LOW PRIORITY,31.65
ESSENTIA.NS,1.0,2026-10-01T23:11:23.693897+05:30,WAITING FOR 0.786,2025-10-30,2.0799999237060547,2026-09-29,1.0,,1.848879940032959,1.5399999618530271,2.360799903869629,45.91319975151153,6.0,2.0,4.0,0.0,6.0,33.33333333333333,-3.891834323660932,-3.891834323660932,12.166666666666666,10.0,10.0,12.75,0.0,50.0,100.0,-0.319876793725556,43.75,D,C,MEDIUM,FAR,LOW PRIORITY,31.65
FMGOETZE.NS,444.25,2026-10-01T23:11:23.693897+05:30,WAITING FOR 0.786,2026-08-31,641.0999755859375,2026-09-16,432.5,,596.4595808105469,536.7999877929688,695.3359692382812,25.518842467699937,10.0,2.0,7.0,1.0,9.0,22.22222222222222,-0.431926184209169,-0.431926184209169,9.9,9.5,9.5,2.142857142857143,50.0,50.0,100.0,-0.0436289074958756,45.71,C,C,MEDIUM,FAR,LOW PRIORITY,31.55
BALPHARMA.NS,105.73999786376952,2026-10-01T23:11:23.693897+05:30,WAITING FOR 0.786,2026-09-10,124.5999984741211,2026-09-28,103.8000030517578,,120.14879945373536,114.20000076293944,130.00799728393554,11.992464057465751,6.0,1.0,5.0,0.0,6.0,16.666666666666664,-4.668551639407739,-4.668551639407739,6.5,0.0,0.0,6.8,100.0,100.0,100.0,-0.7182387137550368,43.87,D,C,FAST,FAR,LOW PRIORITY,31.52
NGLFINE.NS,2924.0,2026-10-01T23:11:23.693897+05:30,WAITING FOR 0.786,2026-08-12,3602.0,2026-09-16,2505.10009765625,,3367.2634208984373,3053.550048828125,3887.193974609375,13.16390687308235,10.0,1.0,8.0,1.0,9.0,11.11111111111111,-5.049741220994926,-5.049741220994926,7.8,0.0,0.0,1.375,100.0,100.0,100.0,-0.6474027206403752,42.05,D,C,FAST,FAR,LOW PRIORITY,31.5
LCCINFOTEC.NS,3.900000095367432,2026-10-01T23:11:23.693897+05:30,WAITING FOR 0.786,2026-07-07,4.980000019073486,2026-09-11,2.880000114440918,,4.530600039482117,3.930000066757202,5.525999994277955,13.918684911916609,3.0,1.0,1.0,1.0,2.0,50.0,17.24485790182023,17.24485790182023,27.666666666666668,13.0,13.0,9.0,0.0,0.0,100.0,0.6233081169332613,,INSUFFICIENT,C,MEDIUM,FAR,LOW PRIORITY,31.5
RHL.NS,162.9199981689453,2026-10-01T23:11:23.693897+05:30,WAITING FOR 0.786,2025-10-15,273.8999938964844,2026-10-01,160.3000030517578,,249.5895958557129,217.0999984741211,303.4359915161133,34.72484395418111,8.0,1.0,6.0,1.0,7.0,14.285714285714285,-3.027349202955397,-3.027349202955397,9.125,0.0,0.0,1.1666666666666667,100.0,100.0,100.0,-0.33176429621429,45.48,C,C,FAST,FAR,LOW PRIORITY,31.49
ORIENTALTL.NS,4.809999942779541,2026-10-01T23:11:23.693897+05:30,WAITING FOR 0.786,2025-10-30,10.84000015258789,2026-03-30,4.400000095367432,,9.461840140342712,7.620000123977661,12.51440016746521,49.164223116907145,8.0,1.0,7.0,0.0,8.0,12.5,-5.434948065574649,-5.434948065574649,10.375,3.0,3.0,11.142857142857142,100.0,100.0,100.0,-0.5238504159590023,41.01,D,C,FAST,FAR,LOW PRIORITY,31.48
IFCI.NS,65.13999938964844,2026-10-01T23:11:23.693897+05:30,WAITING FOR 0.786,2026-09-04,107.5,2026-10-01,64.25,,98.2445,85.875,118.745,33.69603449592758,9.0,3.0,5.0,1.0,8.0,37.5,2.8808266076409166,2.8808266076409166,16.88888888888889,26.33333333333333,32.0,1.8,33.33333333333333,33.33333333333333,33.33333333333333,0.170575259662949,39.33,D,C,SLOW,FAR,LOW PRIORITY,31.46
SAKHTISUG.NS,17.579999923706055,2026-10-01T23:11:23.693897+05:30,WAITING FOR 0.786,2026-08-24,23.290000915527344,2026-10-01,17.360000610351562,,22.02098085021973,20.325000762939453,24.83180099487305,20.16704413268385,9.0,1.0,7.0,1.0,8.0,12.5,-5.487487647866938,-5.487487647866938,10.444444444444445,1.0,1.0,4.285714285714286,100.0,100.0,100.0,-0.5253977535191748,40.93,D,C,FAST,FAR,LOW PRIORITY,31.45
JPPOWER.NS,14.800000190734863,2026-10-01T23:11:23.693897+05:30,WAITING FOR 0.786,2026-05-29,24.5,2026-10-01,14.609999656677246,,22.383539926528933,19.554999828338623,27.07140008926392,33.879983955558664,8.0,3.0,5.0,0.0,8.0,37.5,2.3499742577821534,2.3499742577821534,15.125,28.666666666666668,26.0,6.6,33.33333333333333,33.33333333333333,33.33333333333333,0.1553701988616299,41.51,D,C,SLOW,FAR,LOW PRIORITY,31.43
BESTAGRO.NS,17.469999313354492,2026-10-01T23:11:23.693897+05:30,WAITING FOR 0.786,2026-01-16,34.400001525878906,2026-03-30,12.300000190734863,,29.67060124015808,23.350000858306885,40.14600187301636,41.12017086559917,3.0,2.0,1.0,0.0,3.0,66.66666666666666,9.837334826866032,9.837334826866032,18.33333333333333,27.0,27.0,0.0,50.0,50.0,50.0,0.5365818996472381,,INSUFFICIENT,C,SLOW,FAR,LOW PRIORITY,31.42
KOTHARIPET.NS,126.58000183105467,2026-10-01T23:11:23.693897+05:30,WAITING FOR 0.786,2026-09-09,150.75,2026-10-01,125.05999755859376,,145.25233947753907,137.90499877929688,157.4294006347656,12.855102860062198,7.0,2.0,4.0,1.0,6.0,33.33333333333333,0.4810600737568486,0.4810600737568486,13.428571428571429,12.0,12.0,1.5,50.0,50.0,50.0,0.0358236225138078,46.58,C,C,MEDIUM,FAR,LOW PRIORITY,31.36
KRN.NS,1414.699951171875,2026-10-01T23:11:23.693897+05:30,WAITING FOR 0.786,2026-09-09,1687.0,2026-09-29,1362.0999755859375,,1617.4713947753908,1524.5499877929688,1771.4740063476563,12.536323316658931,8.0,1.0,7.0,0.0,8.0,12.5,-5.65518704902051,-5.65518704902051,3.5,2.0,2.0,3.2857142857142856,100.0,100.0,100.0,-1.6157677282915743,40.66,D,C,FAST,FAR,LOW PRIORITY,31.36
URJA.NS,8.609999656677246,2026-10-01T23:11:23.693897+05:30,WAITING FOR 0.786,2026-05-29,11.300000190734863,2026-10-01,8.510000228881836,,10.702940198898316,9.90500020980835,12.02540018081665,19.55481861364133,3.0,1.0,2.0,0.0,3.0,33.33333333333333,12.198662249588828,12.198662249588828,4.333333333333333,7.0,7.0,2.5,0.0,100.0,100.0,2.8150759037512683,,INSUFFICIENT,C,FAST,FAR,LOW PRIORITY,31.33
TVSSRICHAK.NS,4349.2998046875,2026-10-01T23:11:23.693897+05:30,WAITING FOR 0.786,2026-09-01,5760.0,2026-10-01,4255.0,,5437.93,5007.5,6151.3,20.01920207344523,9.0,2.0,5.0,2.0,7.0,28.57142857142857,-1.0958402726326162,-1.0958402726326162,16.11111111111111,9.5,9.5,0.0,0.0,50.0,100.0,-0.0680176720944382,46.22,C,C,MEDIUM,FAR,LOW PRIORITY,31.32
NESTLEIND.NS,1307.699951171875,2026-10-01T23:11:23.693897+05:30,WAITING FOR 0.786,2026-08-07,1553.0,2026-10-01,1295.0,,1497.788,1424.0,1620.08,12.691251954757616,9.0,3.0,6.0,0.0,9.0,33.33333333333333,-0.8569887579034119,-0.8569887579034119,17.22222222222222,15.333333333333334,15.0,18.0,33.33333333333333,33.33333333333333,66.66666666666666,-0.0497606375556819,42.83,D,C,MEDIUM,FAR,LOW PRIORITY,31.32
ANURAS.NS,1163.699951171875,2026-10-01T23:11:23.693897+05:30,WAITING FOR 0.786,2026-05-07,1415.0,2026-09-15,1115.800048828125,,1350.9712104492187,1265.4000244140625,1492.7919873046876,13.861972618578092,9.0,2.0,6.0,1.0,8.0,25.0,1.0661265089503686,1.0661265089503686,12.333333333333334,14.0,14.0,3.1666666666666665,50.0,50.0,50.0,0.0864426899148947,44.17,D,C,MEDIUM,FAR,LOW PRIORITY,31.31
VASWANI.NS,44.36000061035156,2026-10-01T23:11:23.693897+05:30,WAITING FOR 0.786,2026-06-09,63.400001525878906,2026-09-17,43.2599983215332,,59.09004084014893,53.329999923706055,68.63640235900878,24.92812666967898,14.0,2.0,12.0,0.0,14.0,14.285714285714285,-5.749245936486546,-5.749245936486546,3.7142857142857135,7.0,7.0,2.6666666666666665,50.0,100.0,100.0,-1.547873905977147,39.23,D,C,FAST,FAR,LOW PRIORITY,31.3
AMJLAND.NS,37.02000045776367,2026-10-01T23:11:23.693897+05:30,WAITING FOR 0.786,2025-10-29,57.38999938964844,2026-03-30,30.299999237060547,,51.59273935699463,43.84499931335449,64.4333994293213,28.24571651137821,9.0,1.0,7.0,1.0,8.0,12.5,-5.831131759108156,-5.831131759108156,9.11111111111111,0.0,0.0,2.2857142857142856,100.0,100.0,100.0,-0.6400022662435781,40.39,D,C,FAST,FAR,LOW PRIORITY,31.26
AARVI.NS,137.1199951171875,2026-10-01T23:11:23.693897+05:30,WAITING FOR 0.786,2026-07-31,164.89999389648438,2026-10-01,130.0,,157.4313952026367,147.4499969482422,173.97399230957032,12.901746858881314,9.0,1.0,8.0,0.0,9.0,11.11111111111111,-4.85226540151373,-4.85226540151373,3.888888888888889,3.0,3.0,3.625,100.0,100.0,100.0,-1.2477253889606734,41.36,D,C,FAST,FAR,LOW PRIORITY,31.25
TREEHOUSE.NS,5.679999828338623,2026-10-01T23:11:23.693897+05:30,WAITING FOR 0.786,2026-02-26,11.0,2026-09-29,5.460000038146973,,9.814440008163452,8.230000019073486,12.440399990081788,42.1260935558818,8.0,2.0,6.0,0.0,8.0,25.0,-2.402219061160411,-2.402219061160411,5.125,8.5,8.5,3.5,50.0,50.0,100.0,-0.4687256704703241,42.75,D,C,MEDIUM,FAR,LOW PRIORITY,31.21
ALLCARGO.NS,10.119999885559082,2026-10-01T23:11:23.693897+05:30,WAITING FOR 0.786,2025-11-10,36.13999938964844,2026-03-30,7.110000133514404,,29.927579548835755,21.62499976158142,43.68779919624328,66.1850372194474,7.0,1.0,6.0,0.0,7.0,14.285714285714285,-3.5849162154869267,-3.5849162154869267,11.714285714285714,1.0,1.0,13.333333333333334,100.0,100.0,100.0,-0.3060294330293718,44.61,D,C,FAST,FAR,LOW PRIORITY,31.18
BLACKBUCK.NS,606.1500244140625,2026-10-01T23:11:23.693897+05:30,WAITING FOR 0.786,2025-10-21,748.0,2026-05-22,496.0,,694.072,622.0,813.52,12.667558349268882,7.0,1.0,6.0,0.0,7.0,14.285714285714285,-3.608475833377246,-3.608475833377246,2.142857142857143,2.0,2.0,1.3333333333333333,100.0,100.0,100.0,-1.6839553889093817,44.58,D,C,FAST,FAR,LOW PRIORITY,31.17
SHAH.NS,3.0299999713897705,2026-10-01T23:11:23.693897+05:30,WAITING FOR 0.786,2026-07-27,4.800000190734863,2026-08-26,2.559999942779541,,4.320640137672425,3.680000066757202,5.382400255203248,29.87150341518458,9.0,1.0,7.0,1.0,8.0,12.5,-6.007357355619886,-6.007357355619886,12.666666666666666,1.0,1.0,7.285714285714286,100.0,100.0,100.0,-0.4742650543910436,40.11,D,C,FAST,FAR,LOW PRIORITY,31.16
PANSARI.NS,260.0,2026-10-01T23:11:23.693897+05:30,WAITING FOR 0.786,2026-08-19,377.0,2026-10-01,260.0,,351.962,318.5,407.42,26.12838886016104,7.0,1.0,4.0,2.0,5.0,20.0,-2.2419336670097594,-2.2419336670097594,18.571428571428573,4.0,4.0,0.0,100.0,100.0,100.0,-0.1207195051466793,49.0,C,C,FAST,FAR,LOW PRIORITY,31.15
RRKABEL.NS,2518.199951171875,2026-10-01T23:11:23.693897+05:30,WAITING FOR 0.786,2026-08-24,2983.800048828125,2026-09-16,2340.199951171875,,2846.069627929688,2662.0,3151.13607421875,11.520086281104598,6.0,1.0,5.0,0.0,6.0,16.666666666666664,-5.38672449297701,-5.38672449297701,15.0,1.0,1.0,17.6,100.0,100.0,100.0,-0.3591149661984673,42.75,D,C,FAST,FAR,LOW PRIORITY,31.13
KIOCL.NS,323.8500061035156,2026-10-01T23:11:23.693897+05:30,WAITING FOR 0.786,2025-10-06,634.5499877929688,2026-03-16,290.6499938964844,,560.955389099121,462.59999084472656,723.9639862060546,42.26813532826383,13.0,1.0,12.0,0.0,13.0,7.6923076923076925,-6.9728249666649535,-6.9728249666649535,5.230769230769231,0.0,0.0,4.916666666666667,100.0,100.0,100.0,-1.3330400671565352,37.68,D,C,FAST,FAR,LOW PRIORITY,31.11
SRM.NS,398.75,2026-10-01T23:11:23.693897+05:30,WAITING FOR 0.786,2025-11-17,649.9500122070312,2026-03-12,361.3500061035156,,588.189610900879,505.65000915527344,724.9860137939453,32.20723511432491,9.0,2.0,7.0,0.0,9.0,22.22222222222222,-0.7691839567013053,-0.7691839567013053,2.7777777777777777,9.0,9.0,0.2857142857142857,50.0,50.0,100.0,-0.2769062244124699,44.19,D,C,MEDIUM,FAR,LOW PRIORITY,31.02
PALASHSECU.NS,84.5,2026-10-01T23:11:23.693897+05:30,WAITING FOR 0.786,2025-09-30,132.6999969482422,2026-03-30,79.01000213623047,,121.21033805847168,105.85499954223631,146.65939559936524,30.286474443097973,13.0,1.0,12.0,0.0,13.0,7.6923076923076925,-7.234656586533787,-7.234656586533787,3.769230769230769,1.0,1.0,3.25,100.0,100.0,100.0,-1.9193986862232493,37.27,D,C,FAST,FAR,LOW PRIORITY,30.97
WONDERLA.NS,495.1000061035156,2026-10-01T23:11:23.693897+05:30,WAITING FOR 0.786,2025-09-26,623.4000244140625,2026-03-02,455.0,,587.3624191894531,539.2000122070312,667.1840307617188,15.707919007357935,10.0,1.0,9.0,0.0,10.0,10.0,-3.3785081278212274,-3.3785081278212274,6.5,6.0,6.0,5.888888888888889,0.0,100.0,100.0,-0.5197704812032657,41.22,D,C,FAST,FAR,LOW PRIORITY,30.93
STEELXIND.NS,11.220000267028809,2026-10-01T23:11:23.693897+05:30,WAITING FOR 0.786,2026-06-22,13.949999809265137,2026-08-11,10.0600004196167,,13.117539939880372,12.005000114440918,14.96139965057373,14.465667202450067,12.0,1.0,11.0,0.0,12.0,8.333333333333332,-7.821141698995412,-7.821141698995412,12.083333333333334,1.0,1.0,12.818181818181818,100.0,100.0,100.0,-0.6472668992272065,36.61,D,C,FAST,FAR,LOW PRIORITY,30.9
GFLLIMITED.NS,55.22999954223633,2026-10-01T23:11:23.693897+05:30,WAITING FOR 0.786,2025-10-21,81.0,2026-03-30,37.25,,71.6375,59.125,92.375,22.90350788031921,7.0,2.0,5.0,0.0,7.0,28.57142857142857,-1.8785503438848783,-1.8785503438848783,5.428571428571429,9.5,9.5,3.2,50.0,50.0,100.0,-0.3460487475577408,44.99,D,C,MEDIUM,FAR,LOW PRIORITY,30.89
UNITEDTEA.NS,416.9500122070313,2026-10-01T23:11:23.693897+05:30,WAITING FOR 0.786,2026-04-13,590.0,2026-09-30,405.2000122070313,,550.4528026123047,497.6000061035156,638.0479968261718,24.25326745030713,16.0,1.0,15.0,0.0,16.0,6.25,-5.239906263876055,-5.239906263876055,2.5,7.0,7.0,1.4,0.0,100.0,100.0,-2.095962505550422,37.81,D,C,FAST,FAR,LOW PRIORITY,30.8
NIACL.NS,160.2100067138672,2026-10-01T23:11:23.693897+05:30,WAITING FOR 0.786,2026-09-07,242.6000061035156,2026-10-01,158.2899932861328,,224.5576633605957,200.44499969482425,264.5206094360352,28.65529311435645,4.0,2.0,2.0,0.0,4.0,50.0,6.188829842683909,6.188829842683909,4.25,4.5,4.5,3.5,50.0,100.0,100.0,1.4561952571020962,,INSUFFICIENT,C,FAST,FAR,LOW PRIORITY,30.78
PEARLPOLY.NS,17.09000015258789,2026-10-01T23:11:23.693897+05:30,WAITING FOR 0.786,2025-10-01,31.5,2026-03-30,12.75,,27.4875,22.125,36.375,37.82628411973483,10.0,1.0,8.0,1.0,9.0,11.11111111111111,-6.37014309718119,-6.37014309718119,8.8,0.0,0.0,2.625,100.0,100.0,100.0,-0.7238798974069534,39.99,D,C,FAST,FAR,LOW PRIORITY,30.77
BRITANNIA.NS,4778.0,2026-10-01T23:11:23.693897+05:30,WAITING FOR 0.786,2026-02-25,6208.5,2026-10-01,4737.0,,5893.599,5472.75,6591.09,18.92899398143648,6.0,1.0,3.0,2.0,4.0,25.0,-2.78952800547419,-2.78952800547419,27.83333333333333,7.0,7.0,12.666666666666666,0.0,100.0,100.0,-0.100222563070929,47.14,C,C,FAST,FAR,LOW PRIORITY,30.75
SUNDARMFIN.NS,4395.89990234375,2026-10-01T23:11:23.693897+05:30,WAITING FOR 0.786,2026-03-04,5642.0,2026-06-08,4000.0,,5290.612,4821.0,6068.92,16.91131569762156,15.0,2.0,11.0,2.0,13.0,15.384615384615383,-1.395671936184789,-1.395671936184789,10.8,8.5,8.5,1.2727272727272727,50.0,50.0,100.0,-0.129228882980073,42.47,D,C,MEDIUM,FAR,LOW PRIORITY,30.71
ASIANENE.NS,466.75,2026-10-01T23:11:23.693897+05:30,WAITING FOR 0.786,2026-09-08,565.7000122070312,2026-10-01,451.25,,541.2077095947266,508.4750061035156,595.4570153808594,13.757695663737469,11.0,1.0,8.0,2.0,9.0,11.11111111111111,-4.692903779467286,-4.692903779467286,13.454545454545457,4.0,4.0,2.75,100.0,100.0,100.0,-0.3487969025279739,42.61,D,C,FAST,FAR,LOW PRIORITY,30.69
ZAGGLE.NS,171.72999572753906,2026-10-01T23:11:23.693897+05:30,WAITING FOR 0.786,2025-11-17,405.3999938964844,2026-08-18,154.36000061035156,,351.677435333252,279.879997253418,470.6703921508789,51.16832117340525,5.0,3.0,2.0,0.0,5.0,60.0,6.437883989694358,6.437883989694358,11.4,17.666666666666668,10.0,1.5,33.33333333333333,66.66666666666666,66.66666666666666,0.564726665762663,,INSUFFICIENT,C,MEDIUM,FAR,LOW PRIORITY,30.66
COLPAL.NS,1735.0,2026-10-01T23:11:23.693897+05:30,WAITING FOR 0.786,2026-07-29,2213.39990234375,2026-10-01,1716.0999755859375,,2106.977718017578,1964.749938964844,2342.697883300781,17.65456344586149,4.0,3.0,1.0,0.0,4.0,75.0,2.6016030011439844,2.6016030011439844,20.0,20.666666666666668,7.0,17.0,33.33333333333333,66.66666666666666,66.66666666666666,0.1300801500571992,,INSUFFICIENT,C,FAST,FAR,LOW PRIORITY,30.65
GRINDWELL.NS,1975.800048828125,2026-10-01T23:11:23.693897+05:30,WAITING FOR 0.786,2026-07-16,2455.0,2026-09-15,1813.5999755859373,,2317.7403947753905,2134.2999877929688,2621.7640063476565,14.753177133990564,7.0,3.0,4.0,0.0,7.0,42.85714285714285,2.488151551582262,2.488151551582262,16.0,25.33333333333333,21.0,8.75,0.0,0.0,33.33333333333333,0.1555094719738913,40.53,D,C,SLOW,FAR,LOW PRIORITY,30.63
BHANDARI.NS,2.819999933242798,2026-10-01T23:11:23.693897+05:30,WAITING FOR 0.786,2025-10-24,5.130000114440918,2026-03-30,2.0,,4.460180089950562,3.565000057220459,5.943800144195556,36.77385494821902,8.0,1.0,7.0,0.0,8.0,12.5,-6.974221413354389,-6.974221413354389,8.375,1.0,1.0,8.857142857142858,100.0,100.0,100.0,-0.8327428553258972,38.6,D,C,FAST,FAR,LOW PRIORITY,30.63
HEG.NS,237.6499938964844,2026-10-01T23:11:23.693897+05:30,WAITING FOR 0.786,2026-09-01,753.9000244140625,2026-09-16,214.1000061035156,,638.3828204956055,484.00001525878906,894.2480291748047,62.77312197844142,8.0,1.0,6.0,1.0,7.0,14.285714285714285,-4.640813927703034,-4.640813927703034,18.875,2.0,2.0,14.0,100.0,100.0,100.0,-0.2458709365670481,42.96,D,C,FAST,FAR,LOW PRIORITY,30.61
APLLTD.NS,815.25,2026-10-01T23:11:23.693897+05:30,WAITING FOR 0.786,2025-11-04,998.0,2026-03-23,635.7999877929688,,920.4891973876952,816.8999938964844,1092.1720031738282,11.432963872510308,7.0,1.0,5.0,1.0,6.0,16.666666666666664,-0.788228575493328,-0.788228575493328,14.857142857142858,6.0,6.0,7.2,0.0,100.0,100.0,-0.0530538464274355,46.94,C,C,FAST,FAR,LOW PRIORITY,30.6
ZFCVINDIA.NS,2241.0,2026-10-01T23:11:23.693897+05:30,WAITING FOR 0.786,2026-06-24,3044.0,2026-10-01,2230.0,,2869.804,2637.0,3255.6400000000003,21.9110434022672,12.0,1.0,10.0,1.0,11.0,9.090909090909092,-3.335977985031659,-3.335977985031659,15.083333333333334,6.0,6.0,11.0,0.0,100.0,100.0,-0.2211698111623199,40.92,D,C,FAST,FAR,LOW PRIORITY,30.59
GODREJPROP.NS,1595.800048828125,2026-10-01T23:11:23.693897+05:30,WAITING FOR 0.786,2026-09-07,1984.0,2026-10-01,1566.5999755859375,,1894.6763947753907,1775.2999877929688,2092.5240063476563,15.774532620526829,4.0,2.0,1.0,1.0,3.0,66.66666666666666,3.2808642127061,3.2808642127061,19.5,3.5,3.5,8.0,50.0,100.0,100.0,0.168249446805441,,INSUFFICIENT,C,FAST,FAR,LOW PRIORITY,30.59
GRASIM.NS,2962.0,2026-10-01T23:11:23.693897+05:30,WAITING FOR 0.786,2026-08-10,3411.10009765625,2026-10-01,2944.39990234375,,3311.2262558593748,3177.75,3532.4421484375,10.546734921583871,11.0,4.0,7.0,0.0,11.0,36.36363636363637,-0.3667848768489473,-0.3667848768489473,20.181818181818183,22.75,20.0,18.714285714285715,0.0,0.0,50.0,-0.0181740254294523,38.47,D,C,SLOW,FAR,LOW PRIORITY,30.56
ORIENTTECH.NS,229.25,2026-10-01T23:11:23.693897+05:30,WAITING FOR 0.786,2026-01-08,412.9500122070313,2026-03-30,220.8000030517578,,371.82991024780273,316.87500762939453,462.9090145874024,38.34546557935095,2.0,1.0,1.0,0.0,2.0,50.0,5.358090631718262,5.358090631718262,1.0,1.0,1.0,0.0,100.0,100.0,100.0,5.358090631718262,,INSUFFICIENT,C,FAST,FAR,LOW PRIORITY,30.54
KCP.NS,154.1699981689453,2026-10-01T23:11:23.693897+05:30,WAITING FOR 0.786,2025-11-10,207.8000030517578,2026-03-30,125.0,,190.08080239868164,166.4000015258789,229.3280038452148,18.892388803376285,7.0,1.0,6.0,0.0,7.0,14.285714285714285,-3.0717127487762004,-3.0717127487762004,2.142857142857143,4.0,4.0,1.3333333333333333,100.0,100.0,100.0,-1.4334659494288935,45.41,C,C,FAST,FAR,LOW PRIORITY,30.46
ALANKIT.NS,7.650000095367432,2026-10-01T23:11:23.693897+05:30,WAITING FOR 0.786,2025-10-29,12.989999771118164,2026-03-30,6.800000190734863,,11.665339860916138,9.894999980926514,14.599399662017822,34.42111257299761,6.0,1.0,4.0,1.0,5.0,20.0,0.0625002294202512,0.0625002294202512,11.666666666666666,6.0,6.0,0.0,0.0,100.0,100.0,0.0053571625217358,49.6,C,C,FAST,FAR,LOW PRIORITY,30.45
AURUS.NS,4.400000095367432,2026-10-01T23:11:23.693897+05:30,WAITING FOR 0.786,2026-04-30,6.320000171661377,2026-09-29,4.210000038146973,,5.868460143089294,5.265000104904175,6.868600206375122,25.022919333466422,10.0,1.0,8.0,1.0,9.0,11.11111111111111,-6.982487506033145,-6.982487506033145,8.7,1.0,1.0,2.5,100.0,100.0,100.0,-0.8025847708084075,39.03,D,C,FAST,FAR,LOW PRIORITY,30.44
MCL.NS,54.63999938964844,2026-10-01T23:11:23.693897+05:30,WAITING FOR 0.786,2026-01-21,93.1999969482422,2026-07-20,51.150001525878906,,84.20129792785644,72.17499923706055,104.13299575805664,35.10788938614235,7.0,1.0,6.0,0.0,7.0,14.285714285714285,-4.969228605929439,-4.969228605929439,12.857142857142858,2.0,2.0,14.333333333333334,100.0,100.0,100.0,-0.3864955582389563,42.45,D,C,FAST,FAR,LOW PRIORITY,30.43
IDBI.NS,86.56999969482422,2026-10-01T23:11:23.693897+05:30,WAITING FOR 0.786,2026-02-27,117.5500030517578,2026-03-30,61.0099983215332,,105.45044203948976,89.28000068664551,132.25040428161623,17.90456443757255,9.0,1.0,6.0,2.0,7.0,14.285714285714285,-4.989746546955508,-4.989746546955508,16.88888888888889,2.0,2.0,4.666666666666667,100.0,100.0,100.0,-0.2954455192276287,42.42,D,C,FAST,FAR,LOW PRIORITY,30.42
TRIDENT.NS,22.15999984741211,2026-10-01T23:11:23.693897+05:30,WAITING FOR 0.786,2026-07-03,27.34000015258789,2026-10-01,22.0,,26.197240119934083,24.670000076293945,28.728400192260743,15.410937388973064,3.0,2.0,1.0,0.0,3.0,66.66666666666666,2.4772303245943466,2.4772303245943466,1.0,1.0,1.0,0.0,100.0,100.0,100.0,2.4772303245943466,,INSUFFICIENT,C,FAST,FAR,LOW PRIORITY,30.38
SESHAPAPER.NS,236.3500061035156,2026-10-01T23:11:23.693897+05:30,WAITING FOR 0.786,2026-02-18,293.1099853515625,2026-06-24,209.9600067138672,,275.3158899230957,251.53499603271484,314.7289797973633,14.153154701846113,5.0,3.0,2.0,0.0,5.0,60.0,8.921183912612847,8.921183912612847,12.0,19.33333333333333,16.0,0.0,0.0,33.33333333333333,66.66666666666666,0.7434319927177372,,INSUFFICIENT,C,SLOW,FAR,LOW PRIORITY,30.38
EXCELINDUS.NS,921.7999877929688,2026-10-01T23:11:23.693897+05:30,WAITING FOR 0.786,2026-08-19,1148.550048828125,2026-10-01,906.0999755859376,,1096.665733154297,1027.3250122070312,1211.5870678710935,15.945218317195769,3.0,1.0,1.0,1.0,2.0,50.0,5.253160506243743,5.253160506243743,22.33333333333333,1.0,1.0,6.0,100.0,100.0,100.0,0.2352161420706154,,INSUFFICIENT,C,FAST,FAR,LOW PRIORITY,30.38
CENTURYPLY.NS,666.4500122070312,2026-10-01T23:11:23.693897+05:30,WAITING FOR 0.786,2026-07-31,828.0,2026-09-29,655.0499877929688,,790.9886973876953,741.5249938964844,872.9670031738281,15.744685808022696,15.0,4.0,11.0,0.0,15.0,26.666666666666668,-1.33153929224895,-1.33153929224895,12.266666666666667,16.5,16.0,10.272727272727272,0.0,50.0,50.0,-0.1085493988246426,39.09,D,C,SLOW,FAR,LOW PRIORITY,30.35
PONNIERODE.NS,372.3500061035156,2026-10-01T23:11:23.693897+05:30,WAITING FOR 0.786,2026-08-24,455.0,2026-09-16,343.1000061035156,,431.0534013061524,399.0500030517578,484.093998413086,13.618589953067808,7.0,2.0,4.0,1.0,6.0,33.33333333333333,-0.087438992673635,-0.087438992673635,17.428571428571427,12.5,12.5,9.0,50.0,50.0,50.0,-0.0050169913829134,45.7,C,C,MEDIUM,FAR,LOW PRIORITY,30.33
MAXIND.NS,162.77999877929688,2026-10-01T23:11:23.693897+05:30,WAITING FOR 0.786,2025-10-01,228.8000030517578,2026-03-30,120.0,,205.51680239868165,174.4000015258789,257.08800384521487,20.79479785622576,9.0,3.0,6.0,0.0,9.0,33.33333333333333,0.9249505900113074,0.9249505900113074,5.777777777777778,11.666666666666666,16.0,2.333333333333333,33.33333333333333,33.33333333333333,100.0,0.1600876021173416,41.61,D,C,SLOW,FAR,LOW PRIORITY,30.28
PFS.NS,28.809999465942383,2026-10-01T23:11:23.693897+05:30,WAITING FOR 0.786,2025-10-27,40.5,2026-03-30,23.850000381469727,,36.93690008163452,32.17500019073486,44.82899990081787,22.0021187423168,6.0,2.0,4.0,0.0,6.0,33.33333333333333,1.610959619829612,1.610959619829612,15.666666666666666,17.5,17.5,14.0,50.0,50.0,50.0,0.1028272097763582,44.35,D,C,SLOW,FAR,LOW PRIORITY,30.27
ORIENTPPR.NS,16.229999542236328,2026-10-01T23:11:23.693897+05:30,WAITING FOR 0.786,2025-10-06,27.59000015258789,2026-03-30,13.25,,24.521240119934085,20.420000076293945,31.318400192260743,33.81248475666428,9.0,2.0,5.0,2.0,7.0,28.57142857142857,-3.0187430397512585,-3.0187430397512585,24.88888888888889,8.0,8.0,16.8,50.0,50.0,100.0,-0.1212887828471487,43.21,D,C,MEDIUM,FAR,LOW PRIORITY,30.27
RUCHIRA.NS,101.30999755859376,2026-10-01T23:11:23.693897+05:30,WAITING FOR 0.786,2025-10-03,151.25,2026-03-30,95.16999816894533,,139.2488796081543,123.20999908447266,165.83080047607422,27.245376879383443,10.0,3.0,6.0,1.0,9.0,33.33333333333333,0.6281837891775636,0.6281837891775636,18.0,19.33333333333333,18.0,9.833333333333334,33.33333333333333,33.33333333333333,66.66666666666666,0.0348990993987535,42.15,D,C,SLOW,FAR,LOW PRIORITY,30.03
MMTC.NS,56.290000915527344,2026-10-01T23:11:23.693897+05:30,WAITING FOR 0.786,2026-06-17,78.3499984741211,2026-10-01,55.11000061035156,,73.37663893127441,66.72999954223633,84.39239791870116,23.28620970463181,5.0,3.0,2.0,0.0,5.0,60.0,11.536201608659075,11.536201608659075,18.6,27.0,35.0,5.5,0.0,33.33333333333333,33.33333333333333,0.62022589293866,,INSUFFICIENT,C,SLOW,FAR,LOW PRIORITY,30.0
KHAICHEM.NS,49.220001220703125,2026-10-01T23:11:23.693897+05:30,WAITING FOR 0.786,2025-10-28,132.89999389648438,2026-03-30,42.91999816894531,,113.64427481079102,87.90999603271484,156.29479278564452,56.68941413665524,4.0,3.0,1.0,0.0,4.0,75.0,4.777757036413661,4.777757036413661,24.5,14.333333333333334,11.0,55.0,33.33333333333333,33.33333333333333,66.66666666666666,0.1950104912821902,,INSUFFICIENT,C,MEDIUM,FAR,LOW PRIORITY,29.92
SURAJEST.NS,200.1499938964844,2026-10-01T23:11:23.693897+05:30,WAITING FOR 0.786,2025-10-28,319.0,2026-09-17,165.0,,286.044,242.0,359.04,30.028249536265616,5.0,3.0,2.0,0.0,5.0,60.0,5.949873125363164,5.949873125363164,7.6,9.666666666666666,10.0,4.5,0.0,66.66666666666666,100.0,0.7828780428109426,,INSUFFICIENT,C,MEDIUM,FAR,LOW PRIORITY,29.92
CYBERMEDIA.NS,17.959999084472656,2026-10-01T23:11:23.693897+05:30,WAITING FOR 0.786,2026-09-07,28.989999771118164,2026-10-01,17.639999389648438,,26.56109968948364,23.3149995803833,31.940999870300296,32.382321159753886,6.0,1.0,5.0,0.0,6.0,16.666666666666664,-7.694156886095146,-7.694156886095146,5.5,1.0,1.0,5.6,100.0,100.0,100.0,-1.398937615653663,39.14,D,C,FAST,FAR,LOW PRIORITY,29.87
HPIL.NS,114.44000244140624,2026-10-01T23:11:23.693897+05:30,WAITING FOR 0.786,2026-04-22,152.0,2026-10-01,112.0,,143.44,132.0,162.4,20.21751084676084,10.0,2.0,7.0,1.0,9.0,22.22222222222222,-3.550435201941126,-3.550435201941126,10.5,8.0,8.0,3.571428571428572,50.0,50.0,100.0,-0.3381366858991548,40.84,D,C,MEDIUM,FAR,LOW PRIORITY,29.85
ASTERDM.NS,708.9000244140625,2026-10-01T23:11:23.693897+05:30,WAITING FOR 0.786,2026-08-10,891.2999877929688,2026-10-01,684.25,,846.9912904052735,787.7749938964844,945.1329846191406,16.30374096587655,16.0,5.0,10.0,1.0,15.0,33.33333333333333,0.8129774047670346,0.8129774047670346,17.1875,35.8,38.0,2.9,0.0,20.0,20.0,0.047300503550082,35.1,D,C,SLOW,FAR,LOW PRIORITY,29.84
BALKRISHNA.NS,15.9399995803833,2026-10-01T23:11:23.693897+05:30,WAITING FOR 0.786,2025-09-26,25.489999771118164,2026-03-10,12.0,,22.60313982009888,18.74499988555908,28.997399711608885,29.4788259186481,9.0,2.0,7.0,0.0,9.0,22.22222222222222,-2.9700366476364817,-2.9700366476364817,4.666666666666667,8.5,8.5,3.0,50.0,50.0,100.0,-0.6364364244935318,40.75,D,C,MEDIUM,FAR,LOW PRIORITY,29.82
INTLCONV.NS,80.02999877929688,2026-10-01T23:11:23.693897+05:30,WAITING FOR 0.786,2025-10-07,114.54000091552734,2026-03-30,60.0,,102.8684407196045,87.27000045776367,128.72040115356447,22.20160214400441,6.0,1.0,5.0,0.0,6.0,16.666666666666664,-7.783320910862933,-7.783320910862933,13.833333333333334,0.0,0.0,15.8,100.0,100.0,100.0,-0.56264970439973,39.01,D,C,FAST,FAR,LOW PRIORITY,29.82
BOMDYEING.NS,102.62999725341795,2026-10-01T23:11:23.693897+05:30,WAITING FOR 0.786,2025-10-06,180.75,2026-03-30,92.0,,161.7575,136.375,203.825,36.55317543024715,10.0,1.0,8.0,1.0,9.0,11.11111111111111,-2.679437208246779,-2.679437208246779,8.5,6.0,6.0,1.625,0.0,100.0,100.0,-0.3152279068525622,42.76,D,C,FAST,FAR,LOW PRIORITY,29.74
YASHO.NS,4036.0,2026-10-01T23:11:23.693897+05:30,WAITING FOR 0.786,2026-08-18,4994.0,2026-09-11,3773.0,,4732.706,4383.5,5311.46,14.721091908096554,6.0,1.0,4.0,1.0,5.0,20.0,-1.110431187844678,-1.110431187844678,12.666666666666666,6.0,6.0,1.5,0.0,100.0,100.0,-0.0876656200930009,47.76,C,C,FAST,FAR,LOW PRIORITY,29.72
COSMOFIRST.NS,826.8499755859375,2026-10-01T23:11:23.693897+05:30,WAITING FOR 0.786,2026-09-01,996.0,2026-10-01,815.0499877929688,,957.2766973876952,905.5249938964844,1043.0470031738282,13.624767233724402,5.0,3.0,1.0,1.0,4.0,75.0,1.2767975313129618,1.2767975313129618,16.4,7.0,4.0,0.0,66.66666666666666,66.66666666666666,100.0,0.0778535080068879,,INSUFFICIENT,C,FAST,FAR,LOW PRIORITY,29.67
INDIAGLYCO.NS,298.79998779296875,2026-10-01T23:11:23.693897+05:30,WAITING FOR 0.786,2026-08-25,1219.0,2026-09-17,245.0,,1010.564,732.0,1472.24,70.43235383479238,13.0,4.0,9.0,0.0,13.0,30.76923076923077,1.7629690032863374,1.7629690032863374,10.153846153846152,24.75,28.5,3.0,25.0,25.0,25.0,0.1736257351721393,38.06,D,C,SLOW,FAR,LOW PRIORITY,29.66
GALLANTT.NS,530.1500244140625,2026-10-01T23:11:23.693897+05:30,WAITING FOR 0.786,2026-05-11,938.0,2026-07-24,513.0999755859375,,847.0713947753907,725.5499877929688,1048.474006347656,37.413773185595886,16.0,4.0,12.0,0.0,16.0,25.0,-1.627083782226003,-1.627083782226003,8.125,19.5,17.5,3.8333333333333335,0.0,50.0,50.0,-0.2002564655047388,37.96,D,C,SLOW,FAR,LOW PRIORITY,29.54
GARUDA.NS,172.17999267578125,2026-10-01T23:11:23.693897+05:30,WAITING FOR 0.786,2025-11-07,249.3000030517578,2026-03-30,130.0,,223.76980239868163,189.6500015258789,280.31800384521483,23.054857791305057,4.0,2.0,2.0,0.0,4.0,50.0,7.357423725490765,7.357423725490765,4.5,8.0,8.0,0.0,0.0,100.0,100.0,1.634983050109059,,INSUFFICIENT,C,MEDIUM,FAR,LOW PRIORITY,29.54
ARTNIRMAN.NS,40.0,2026-10-01T23:11:23.693897+05:30,WAITING FOR 0.786,2025-10-27,66.97000122070312,2026-03-30,29.38999938964844,,58.92788082885743,48.18000030517578,76.74080169677734,32.12041662219134,9.0,1.0,8.0,0.0,9.0,11.11111111111111,-10.010041603738802,-10.010041603738802,12.333333333333334,3.0,3.0,13.125,100.0,100.0,100.0,-0.8116249948977406,36.44,D,C,FAST,FAR,LOW PRIORITY,29.53
IFGLEXPOR.NS,189.57000732421875,2026-10-01T23:11:23.693897+05:30,WAITING FOR 0.786,2025-10-06,338.0,2026-03-30,119.68000030517578,,291.2795200653076,228.8400001525879,394.7631999206543,34.918181929949846,6.0,2.0,4.0,0.0,6.0,33.33333333333333,1.2455096996632289,1.2455096996632289,9.0,19.0,19.0,3.25,50.0,50.0,50.0,0.1383899666292476,43.78,D,C,SLOW,FAR,LOW PRIORITY,29.52
ACCELYA.NS,1094.199951171875,2026-10-01T23:11:23.693897+05:30,WAITING FOR 0.786,2025-10-21,1527.0,2026-03-30,1012.4000244140624,,1416.8756052246094,1269.7000122070312,1660.795993652344,22.77374618229682,6.0,2.0,3.0,1.0,5.0,40.0,0.9343938993561992,0.9343938993561992,15.666666666666666,15.5,15.5,0.0,50.0,50.0,50.0,0.0596421637886935,45.96,C,C,SLOW,FAR,LOW PRIORITY,29.49
SPCENET.NS,3.240000009536743,2026-10-01T23:11:23.693897+05:30,WAITING FOR 0.786,2025-10-28,11.239999771118164,2026-03-30,3.0,,9.476639820098878,7.119999885559082,13.382399711608889,65.81066632220136,7.0,1.0,6.0,0.0,7.0,14.285714285714285,-6.7342266812536025,-6.7342266812536025,7.571428571428571,1.0,1.0,8.166666666666666,100.0,100.0,100.0,-0.889426165448589,39.69,D,C,FAST,FAR,LOW PRIORITY,29.46
GVPIL.NS,679.5,2026-10-01T23:11:23.693897+05:30,WAITING FOR 0.786,2026-06-22,1084.0,2026-09-16,597.75,,979.9425,840.875,1210.425,30.659196840630955,6.0,1.0,4.0,1.0,5.0,20.0,-5.37542627888454,-5.37542627888454,17.166666666666668,5.0,5.0,9.0,100.0,100.0,100.0,-0.3131316278961867,44.1,D,C,FAST,FAR,LOW PRIORITY,29.43
CSBBANK.NS,304.75,2026-10-01T23:11:23.693897+05:30,WAITING FOR 0.786,2026-01-05,574.4000244140625,2026-09-15,295.0,,514.6084191894531,434.7000122070313,647.0440307617188,40.78021489038129,8.0,1.0,6.0,1.0,7.0,14.285714285714285,-1.23693371587853,-1.23693371587853,11.375,6.0,6.0,3.5,0.0,100.0,100.0,-0.1087414255717389,45.28,C,C,FAST,FAR,LOW PRIORITY,29.42
HITECH.NS,71.41999816894531,2026-10-01T23:11:23.693897+05:30,WAITING FOR 0.786,2025-10-09,123.8000030517578,2026-10-01,69.86000061035156,,112.25684252929688,96.83000183105467,137.82440368652345,36.37804470555452,10.0,1.0,8.0,1.0,9.0,11.11111111111111,-3.551116088708264,-3.551116088708264,11.0,7.0,7.0,4.875,0.0,100.0,100.0,-0.3228287353371148,41.4,D,C,FAST,FAR,LOW PRIORITY,29.27
NETWORK18.NS,25.43000030517578,2026-10-01T23:11:23.693897+05:30,WAITING FOR 0.786,2025-09-29,54.209999084472656,2026-10-01,25.020000457763672,,47.963339378356935,39.61499977111816,61.79939872741699,46.9803382442323,6.0,1.0,4.0,1.0,5.0,20.0,-5.83301023800394,-5.83301023800394,12.833333333333334,4.0,4.0,1.75,100.0,100.0,100.0,-0.4545202782860212,43.39,D,C,FAST,FAR,LOW PRIORITY,29.19
TAINWALCHM.NS,203.2899932861328,2026-10-01T23:11:23.693897+05:30,WAITING FOR 0.786,2026-07-14,257.0,2026-07-29,194.9900054931641,,243.7298611755371,225.99500274658203,273.12259857177736,16.592085883263614,12.0,1.0,11.0,0.0,12.0,8.333333333333332,-5.482153375997593,-5.482153375997593,10.916666666666666,7.0,7.0,10.909090909090908,0.0,100.0,100.0,-0.5021819886410009,37.27,D,C,FAST,FAR,LOW PRIORITY,29.13
GENUSPAPER.NS,10.529999732971191,2026-10-01T23:11:23.693897+05:30,WAITING FOR 0.786,2025-09-26,17.899999618530273,2026-03-30,8.670000076293945,,15.9247797164917,13.28499984741211,20.29979949951172,33.876638041866755,7.0,1.0,6.0,0.0,7.0,14.285714285714285,-7.35574080056516,-7.35574080056516,7.571428571428571,1.0,1.0,8.333333333333334,100.0,100.0,100.0,-0.9715129359237004,38.72,D,C,FAST,FAR,LOW PRIORITY,29.12
ASHAPURMIN.NS,489.9500122070313,2026-10-01T23:11:23.693897+05:30,WAITING FOR 0.786,2026-01-07,924.9000244140624,2026-03-30,455.1000061035156,,824.3628204956055,690.0000152587891,1047.0480291748047,40.56621671602388,11.0,4.0,7.0,0.0,11.0,36.36363636363637,0.0005155045669069,0.0005155045669069,13.727272727272728,26.75,21.5,5.714285714285714,25.0,50.0,50.0,3.7553312821037246e-05,40.05,D,C,SLOW,FAR,LOW PRIORITY,29.11
FEDERALBNK.NS,318.20001220703125,2026-10-01T23:11:23.693897+05:30,WAITING FOR 0.786,2026-08-03,371.7000122070313,2026-10-01,313.75,,359.2987095947266,342.7250061035156,386.7670153808594,11.438587529037576,13.0,3.0,10.0,0.0,13.0,23.07692307692308,-1.9074623936193456,-1.9074623936193456,14.76923076923077,9.0,12.0,16.2,33.33333333333333,33.33333333333333,100.0,-0.1291510995679765,38.08,D,C,MEDIUM,FAR,LOW PRIORITY,29.1
EXICOM.NS,151.10000610351562,2026-10-01T23:11:23.693897+05:30,WAITING FOR 0.786,2026-09-08,189.1699981689453,2026-10-01,147.1999969482422,,180.18841790771484,168.18499755859375,200.0821984863281,16.143330488143313,2.0,1.0,1.0,0.0,2.0,50.0,4.392190779015673,4.392190779015673,1.5,2.0,2.0,0.0,100.0,100.0,100.0,2.9281271860104483,,INSUFFICIENT,C,FAST,FAR,LOW PRIORITY,29.09
KEI.NS,4502.0,2026-10-01T23:11:23.693897+05:30,WAITING FOR 0.786,2026-08-18,5899.0,2026-10-01,4424.2001953125,,5583.392841796875,5161.60009765625,6282.44794921875,19.36802357343811,13.0,3.0,10.0,0.0,13.0,23.07692307692308,-2.026312286228852,-2.026312286228852,14.538461538461538,22.666666666666668,14.0,11.6,33.33333333333333,33.33333333333333,66.66666666666666,-0.1393759773596564,37.9,D,C,MEDIUM,FAR,LOW PRIORITY,29.03
KKCL.NS,475.6499938964844,2026-10-01T23:11:23.693897+05:30,WAITING FOR 0.786,2026-08-05,568.0499877929688,2026-10-01,441.5499877929688,,540.9789877929687,504.7999877929688,600.9399877929687,12.076068640485827,8.0,2.0,6.0,0.0,8.0,25.0,-0.3284062154393385,-0.3284062154393385,6.75,14.5,14.5,3.6666666666666665,0.0,50.0,50.0,-0.0486527726576797,41.99,D,C,MEDIUM,FAR,LOW PRIORITY,28.95
BANG.NS,31.440000534057617,2026-10-01T23:11:23.693897+05:30,WAITING FOR 0.786,2025-11-19,61.0,2026-06-29,25.84000015258789,,53.47576003265381,43.420000076293945,70.14159996032714,41.20700572584763,12.0,1.0,11.0,0.0,12.0,8.333333333333332,-5.834560141801245,-5.834560141801245,4.333333333333333,6.0,6.0,3.636363636363636,0.0,100.0,100.0,-1.346436955800287,36.72,D,C,FAST,FAR,LOW PRIORITY,28.94
SHOPERSTOP.NS,404.7000122070313,2026-10-01T23:11:23.693897+05:30,WAITING FOR 0.786,2025-10-08,558.0,2026-03-02,275.95001220703125,,497.6413026123047,416.9750061035156,631.3329968261719,18.67636185288278,6.0,2.0,3.0,1.0,5.0,40.0,2.319391903219408,2.319391903219408,22.166666666666668,29.5,29.5,4.0,0.0,50.0,50.0,0.104634221197868,44.12,D,C,SLOW,FAR,LOW PRIORITY,28.92
ITI.NS,241.5399932861328,2026-10-01T23:11:23.693897+05:30,WAITING FOR 0.786,2025-10-08,372.8500061035156,2026-03-30,237.0,,343.7781047973633,304.9250030517578,408.1710076904297,29.73956458672485,9.0,2.0,6.0,1.0,8.0,25.0,-0.3802520943997511,-0.3802520943997511,15.666666666666666,12.5,12.5,8.333333333333334,50.0,50.0,50.0,-0.0242714102808351,41.91,D,C,MEDIUM,FAR,LOW PRIORITY,28.92
GUJRAFFIA.NS,40.27000045776367,2026-10-01T23:11:23.693897+05:30,WAITING FOR 0.786,2025-10-27,88.0,2026-03-17,35.099998474121094,,76.67939967346192,61.54999923706055,101.75400039672851,47.4826346720855,4.0,2.0,2.0,0.0,4.0,50.0,5.5835920869838365,5.5835920869838365,6.0,5.5,5.5,6.5,50.0,100.0,100.0,0.9305986811639728,,INSUFFICIENT,C,FAST,FAR,LOW PRIORITY,28.88
ASTRAZEN.NS,6031.0,2026-10-01T23:11:23.693897+05:30,WAITING FOR 0.786,2025-11-03,9849.5,2026-10-01,5986.0,,9022.711,7917.75,10854.01,33.15756206754267,9.0,2.0,5.0,2.0,7.0,28.57142857142857,0.16966829341843,0.16966829341843,16.555555555555557,12.0,12.0,0.0,0.0,50.0,100.0,0.0102484204078246,44.19,D,C,MEDIUM,FAR,LOW PRIORITY,28.86
ENIL.NS,93.36000061035156,2026-10-01T23:11:23.693897+05:30,WAITING FOR 0.786,2025-09-26,163.99000549316406,2026-10-01,92.5500030517578,,148.70184497070312,128.27000427246094,182.5644061279297,37.216649444568006,6.0,2.0,4.0,0.0,6.0,33.33333333333333,2.5451179615622554,2.5451179615622554,8.666666666666666,24.0,24.0,0.0,50.0,50.0,50.0,0.2936674571033372,41.81,D,C,SLOW,FAR,LOW PRIORITY,28.78
IGARASHI.NS,398.9500122070313,2026-10-01T23:11:23.693897+05:30,WAITING FOR 0.786,2026-09-15,476.8999938964844,2026-10-01,387.0499877929688,,457.672092590332,431.97499084472656,500.26099548339846,12.830601064387734,3.0,1.0,1.0,1.0,2.0,50.0,9.517387715841451,9.517387715841451,30.666666666666668,18.0,18.0,13.0,0.0,0.0,100.0,0.3103495994296126,,INSUFFICIENT,C,SLOW,FAR,LOW PRIORITY,28.78
SMLT.NS,74.18000030517578,2026-10-01T23:11:23.693897+05:30,WAITING FOR 0.786,2025-11-04,121.0,2026-03-30,56.61000061035156,,107.22054013061523,88.80500030517578,137.74139984130858,30.81549466659068,10.0,2.0,8.0,0.0,10.0,20.0,-1.551247281152757,-1.551247281152757,4.5,14.5,14.5,1.125,50.0,50.0,50.0,-0.3447216180339459,39.08,D,C,MEDIUM,FAR,LOW PRIORITY,28.68
JAYSREETEA.NS,83.6500015258789,2026-10-01T23:11:23.693897+05:30,WAITING FOR 0.786,2026-08-26,112.6999969482422,2026-10-01,82.69999694824219,,106.2799969482422,97.6999969482422,120.49999694824218,21.292807745735985,10.0,2.0,8.0,0.0,10.0,20.0,-1.597862758281377,-1.597862758281377,5.8,12.5,12.5,3.375,50.0,50.0,50.0,-0.2754935790140305,39.0,D,C,MEDIUM,FAR,LOW PRIORITY,28.65
JBMA.NS,544.6500244140625,2026-10-01T23:11:23.693897+05:30,WAITING FOR 0.786,2026-06-22,738.5,2026-10-01,533.9500122070312,,694.7263026123047,636.2250061035156,791.6829968261718,21.6022162445738,7.0,2.0,5.0,0.0,7.0,28.57142857142857,1.715311272279732,1.715311272279732,7.0,17.0,17.0,2.2,50.0,50.0,50.0,0.2450444674685331,42.61,D,C,SLOW,FAR,LOW PRIORITY,28.63
SASKEN.NS,1720.5,2026-10-01T23:11:23.693897+05:30,WAITING FOR 0.786,2026-06-19,2780.199951171875,2026-09-29,1611.699951171875,,2530.140951171875,2195.949951171875,3084.009951171875,31.99983585091877,7.0,2.0,5.0,0.0,7.0,28.57142857142857,0.0496769928120056,0.0496769928120056,13.428571428571429,11.5,11.5,13.4,50.0,50.0,50.0,0.0036993505285536,44.01,D,C,MEDIUM,FAR,LOW PRIORITY,28.62
MALLCOM.NS,935.2000122070312,2026-10-01T23:11:23.693897+05:30,WAITING FOR 0.786,2025-10-21,1520.0,2026-09-15,905.1500244140624,,1388.4221052246094,1212.5750122070312,1679.8609936523435,32.642961482110586,7.0,1.0,6.0,0.0,7.0,14.285714285714285,-2.7322619149894662,-2.7322619149894662,3.2857142857142856,7.0,7.0,1.8333333333333333,0.0,100.0,100.0,-0.8315579741272289,42.95,D,C,FAST,FAR,LOW PRIORITY,28.6
IMAGICAA.NS,50.70000076293945,2026-10-01T23:11:23.693897+05:30,WAITING FOR 0.786,2026-08-28,62.0,2026-09-16,49.25,,59.2715,55.625,65.315,14.461417775930338,14.0,2.0,12.0,0.0,14.0,14.285714285714285,-3.867243012272272,-3.867243012272272,4.642857142857143,9.5,9.5,3.5,50.0,50.0,100.0,-0.8329446487971046,37.17,D,C,MEDIUM,FAR,LOW PRIORITY,28.58
HINDOILEXP.NS,167.30999755859375,2026-10-01T23:11:23.693897+05:30,WAITING FOR 0.786,2026-09-09,201.44000244140625,2026-10-01,164.5,,193.5348419189453,182.97000122070312,211.04440307617188,13.550451226417849,5.0,3.0,2.0,0.0,5.0,60.0,7.707781525041329,7.707781525041329,16.0,24.0,20.0,3.5,0.0,0.0,66.66666666666666,0.4817363453150831,,INSUFFICIENT,C,SLOW,FAR,LOW PRIORITY,28.56
CANFINHOME.NS,711.0,2026-10-01T23:11:23.693897+05:30,WAITING FOR 0.786,2026-07-13,940.8499755859376,2026-10-01,700.0,,889.3080808105469,820.4249877929688,1003.4709692382812,20.05020359738895,11.0,1.0,9.0,1.0,10.0,10.0,-4.0968869396843575,-4.0968869396843575,20.181818181818183,8.0,8.0,16.88888888888889,0.0,100.0,100.0,-0.2029989024167924,40.1,D,C,MEDIUM,FAR,LOW PRIORITY,28.54
HBSL.NS,57.02999877929688,2026-10-01T23:11:23.693897+05:30,WAITING FOR 0.786,2025-11-10,108.8000030517578,2026-03-30,42.630001068115234,,94.6396226272583,75.71500205993652,126.00420356750487,39.739828629799526,14.0,1.0,13.0,0.0,14.0,7.142857142857142,-5.740658837697241,-5.740658837697241,7.785714285714286,7.0,7.0,7.230769230769231,0.0,100.0,100.0,-0.7373323277776274,36.39,D,C,FAST,FAR,LOW PRIORITY,28.52
CIEINDIA.NS,376.3500061035156,2026-10-01T23:11:23.693897+05:30,WAITING FOR 0.786,2026-02-23,526.0,2026-09-16,366.8999938964844,,491.9525986938477,446.4499969482422,567.3660015869141,23.498725872627,8.0,2.0,5.0,1.0,7.0,28.57142857142857,-0.0552631219637838,-0.0552631219637838,13.5,14.0,14.0,3.0,50.0,50.0,50.0,-0.0040935645899099,43.84,D,C,MEDIUM,FAR,LOW PRIORITY,28.49
EPL.NS,232.38999938964844,2026-10-01T23:11:23.693897+05:30,WAITING FOR 0.786,2026-08-21,274.0299987792969,2026-10-01,226.69000244140625,,263.89923956298827,250.3600006103516,286.33839782714847,11.93987531965552,7.0,1.0,6.0,0.0,7.0,14.285714285714285,-2.95824252164483,-2.95824252164483,5.0,6.0,6.0,4.666666666666667,0.0,100.0,100.0,-0.591648504328966,42.59,D,C,FAST,FAR,LOW PRIORITY,28.48
SCHAND.NS,143.57000732421875,2026-10-01T23:11:23.693897+05:30,WAITING FOR 0.786,2025-09-30,200.0,2026-09-16,127.7300033569336,,184.53422071838372,163.8650016784668,218.79019912719727,22.19870831257916,7.0,2.0,5.0,0.0,7.0,28.57142857142857,-0.2267391245883995,-0.2267391245883995,5.571428571428571,13.0,13.0,1.8,0.0,50.0,100.0,-0.040696765951764,43.57,D,C,MEDIUM,FAR,LOW PRIORITY,28.39
TCS.NS,2075.0,2026-10-01T23:11:23.693897+05:30,WAITING FOR 0.786,2026-02-03,3350.0,2026-07-01,1976.800048828125,,3056.135210449219,2663.4000244140625,3707.031987304688,32.10378935770327,8.0,2.0,6.0,0.0,8.0,25.0,-1.3761435013692342,-1.3761435013692342,17.0,13.0,13.0,18.33333333333333,0.0,50.0,100.0,-0.080949617727602,40.35,D,C,MEDIUM,FAR,LOW PRIORITY,28.37
KOTARISUG.NS,25.68000030517578,2026-10-01T23:11:23.693897+05:30,WAITING FOR 0.786,2026-08-24,39.93999862670898,2026-10-01,25.1200008392334,,36.76851910018921,32.52999973297119,43.79319805145264,30.15764318600573,8.0,1.0,6.0,1.0,7.0,14.285714285714285,-3.168771662879482,-3.168771662879482,11.0,6.0,6.0,3.5,0.0,100.0,100.0,-0.288070151170862,42.26,D,C,FAST,FAR,LOW PRIORITY,28.36
ASTRAL.NS,1344.0,2026-10-01T23:11:23.693897+05:30,WAITING FOR 0.786,2026-03-11,1768.699951171875,2026-07-09,1311.5999755859375,,1670.8805563964845,1540.1499633789062,1887.5459448242184,19.563370651786947,12.0,1.0,11.0,0.0,12.0,8.333333333333332,-3.2488901578815432,-3.2488901578815432,11.583333333333334,8.0,8.0,11.636363636363637,0.0,100.0,100.0,-0.2804797258602771,40.76,D,C,MEDIUM,FAR,LOW PRIORITY,28.35
CMSINFO.NS,220.69000244140625,2026-10-01T23:11:23.693897+05:30,WAITING FOR 0.786,2025-10-17,393.2999877929688,2026-10-01,215.1199951171875,,355.1694693603516,304.2099914550781,439.6267858886719,37.86346477391156,7.0,2.0,5.0,0.0,7.0,28.57142857142857,-0.3398988362842378,-0.3398988362842378,5.571428571428571,15.0,15.0,1.2,50.0,50.0,50.0,-0.0610074834356324,43.4,D,C,MEDIUM,FAR,LOW PRIORITY,28.33
AWHCL.NS,355.3999938964844,2026-10-01T23:11:23.693897+05:30,WAITING FOR 0.786,2026-01-30,605.0,2026-09-16,337.54998779296875,,547.7656973876954,471.2749938964844,674.5370031738281,35.11824570406773,6.0,2.0,4.0,0.0,6.0,33.33333333333333,3.177505513749175,3.177505513749175,9.666666666666666,23.0,23.0,2.5,0.0,0.0,50.0,0.3287074669395698,37.8,D,C,SLOW,FAR,LOW PRIORITY,28.33
VEDL.NS,252.0500030517578,2026-10-01T23:11:23.693897+05:30,WAITING FOR 0.786,2026-05-29,360.0,2026-10-01,247.25,,335.8715,303.625,389.315,24.956418436289525,9.0,3.0,6.0,0.0,9.0,33.33333333333333,2.09630303772444,2.09630303772444,16.22222222222222,30.0,34.0,8.833333333333334,33.33333333333333,33.33333333333333,33.33333333333333,0.1292241598597257,36.44,D,C,SLOW,FAR,LOW PRIORITY,28.23
DCMSHRIRAM.NS,906.8499755859376,2026-10-01T23:11:23.693897+05:30,WAITING FOR 0.786,2026-07-29,1187.5,2026-10-01,886.2999877929688,,1123.0431973876953,1036.8999938964844,1265.812003173828,19.2506594852846,9.0,3.0,6.0,0.0,9.0,33.33333333333333,-0.3129542052865324,-0.3129542052865324,7.666666666666667,13.333333333333334,18.0,4.5,33.33333333333333,33.33333333333333,66.66666666666666,-0.0408201137330259,39.68,D,C,SLOW,FAR,LOW PRIORITY,28.22
MFSL.NS,1392.0,2026-10-01T23:11:23.693897+05:30,WAITING FOR 0.786,2026-02-23,1892.5,2026-09-30,1344.300048828125,,1775.1852104492186,1618.4000244140625,2035.031987304688,21.585646849336463,7.0,3.0,4.0,0.0,7.0,42.85714285714285,0.7136289577274902,0.7136289577274902,23.857142857142858,31.33333333333333,30.0,17.75,0.0,33.33333333333333,33.33333333333333,0.0299125910424696,41.09,D,C,SLOW,FAR,LOW PRIORITY,28.17
GABRIEL.NS,1315.0,2026-10-01T23:11:23.693897+05:30,WAITING FOR 0.786,2026-08-05,1600.0,2026-09-16,1268.199951171875,,1528.9947895507812,1434.0999755859375,1686.2680126953126,13.99578278573813,15.0,4.0,10.0,1.0,14.0,28.57142857142857,1.2754621952490084,1.2754621952490084,12.933333333333334,27.75,27.0,1.6,25.0,25.0,50.0,0.0986182109728614,37.42,D,C,SLOW,FAR,LOW PRIORITY,28.15
TIJARIA.NS,6.449999809265137,2026-10-01T23:11:23.693897+05:30,WAITING FOR 0.786,2026-09-07,9.800000190734863,2026-09-30,6.25,,9.040300149917602,8.025000095367432,10.723000240325929,28.65281348734947,5.0,2.0,3.0,0.0,5.0,40.0,6.757738886319354,6.757738886319354,3.2,6.5,6.5,0.0,50.0,100.0,100.0,2.111793401974798,,INSUFFICIENT,C,FAST,FAR,LOW PRIORITY,28.14
MURUDCERA.NS,28.059999465942383,2026-10-01T23:11:23.693897+05:30,WAITING FOR 0.786,2025-10-28,46.0,2026-03-30,25.15999984741211,,41.5402399673462,35.579999923706055,51.418400039672846,32.4510414768916,7.0,2.0,5.0,0.0,7.0,28.57142857142857,0.6495836052040985,0.6495836052040985,12.857142857142858,15.0,15.0,11.4,0.0,0.0,100.0,0.0505231692936521,39.94,D,C,MEDIUM,FAR,LOW PRIORITY,28.1
EMAMIREAL.NS,67.13999938964844,2026-10-01T23:11:23.693897+05:30,WAITING FOR 0.786,2026-07-08,85.0,2026-09-28,65.25,,80.7735,75.125,90.135,16.878680025443447,10.0,1.0,9.0,0.0,10.0,10.0,-4.886921217314285,-4.886921217314285,7.0,10.0,10.0,6.333333333333333,0.0,100.0,100.0,-0.6981316024734693,38.86,D,C,MEDIUM,FAR,LOW PRIORITY,28.1
SRF.NS,2486.199951171875,2026-10-01T23:11:23.693897+05:30,WAITING FOR 0.786,2026-07-23,2865.300048828125,2026-09-29,2417.89990234375,,2769.556417480469,2641.599975585937,2981.6240869140624,10.231113709045497,12.0,2.0,8.0,2.0,10.0,20.0,-2.66404164220474,-2.66404164220474,28.0,11.5,11.5,23.875,50.0,50.0,50.0,-0.095144344364455,37.34,D,C,MEDIUM,FAR,LOW PRIORITY,28.07
SPAL.NS,935.5999755859376,2026-10-01T23:11:23.693897+05:30,WAITING FOR 0.786,2026-07-09,1221.9000244140625,2026-08-25,867.7999877929688,,1146.1226165771484,1044.8500061035156,1313.9660339355469,18.368247685394145,14.0,1.0,11.0,2.0,12.0,8.333333333333332,-3.800205462047838,-3.800205462047838,11.214285714285714,8.0,8.0,1.9090909090909087,0.0,100.0,100.0,-0.3388718246412085,39.9,D,C,MEDIUM,FAR,LOW PRIORITY,28.05
SHIVATEX.NS,172.60000610351562,2026-10-01T23:11:23.693897+05:30,WAITING FOR 0.786,2025-11-06,217.9199981689453,2026-03-30,126.05999755859376,,198.26195803833008,171.98999786376953,241.8035983276368,12.943457327226245,4.0,2.0,1.0,1.0,3.0,66.66666666666666,1.56024437804726,1.56024437804726,17.75,4.5,4.5,0.0,50.0,100.0,100.0,0.0879010917209724,,INSUFFICIENT,C,FAST,FAR,LOW PRIORITY,28.01
CHOLAHLDNG.NS,1369.5999755859375,2026-10-01T23:11:23.693897+05:30,WAITING FOR 0.786,2025-11-06,2064.0,2026-03-23,1305.0,,1901.574,1684.5,2261.34,27.97545740602588,6.0,2.0,4.0,0.0,6.0,33.33333333333333,1.3297867360483784,1.3297867360483784,8.833333333333334,16.5,16.5,4.25,0.0,0.0,50.0,0.1505418946469862,38.91,D,C,SLOW,FAR,LOW PRIORITY,27.95
BAJAJHCARE.NS,322.95001220703125,2026-10-01T23:11:23.693897+05:30,WAITING FOR 0.786,2025-09-29,509.8999938964844,2026-05-18,272.3500061035156,,459.0642965087891,391.125,571.6629907226563,29.65037475946506,6.0,1.0,5.0,0.0,6.0,16.666666666666664,-2.175155106460922,-2.175155106460922,16.833333333333332,9.0,9.0,18.0,0.0,100.0,100.0,-0.1292171350372825,44.77,D,C,MEDIUM,FAR,LOW PRIORITY,27.84
GMRAIRPORT.NS,93.16000366210938,2026-10-01T23:11:23.693897+05:30,WAITING FOR 0.786,2026-07-07,115.63999938964844,2026-10-01,91.62999725341795,,110.50185893249513,103.6349983215332,121.88259994506836,15.693722655815018,14.0,3.0,11.0,0.0,14.0,21.428571428571427,-3.1367549007721034,-3.1367549007721034,8.928571428571429,14.0,15.0,7.363636363636363,33.33333333333333,33.33333333333333,66.66666666666666,-0.3513165488864755,35.5,D,C,MEDIUM,FAR,LOW PRIORITY,27.78
LORDSCHLO.NS,138.80999755859375,2026-10-01T23:11:23.693897+05:30,WAITING FOR 0.786,2025-10-21,233.0,2026-03-30,108.0,,206.25,170.5,265.5,32.69818300189394,4.0,2.0,2.0,0.0,4.0,50.0,7.507032799606626,7.507032799606626,11.75,12.0,12.0,11.0,50.0,50.0,50.0,0.6388964084771597,,INSUFFICIENT,C,MEDIUM,FAR,LOW PRIORITY,27.76
DRREDDY.NS,1206.199951171875,2026-10-01T23:11:23.693897+05:30,WAITING FOR 0.786,2026-06-29,1414.9000244140625,2026-07-23,1101.0,,1347.725419189453,1257.9500122070312,1496.5140307617187,10.501060972990633,9.0,2.0,5.0,2.0,7.0,28.57142857142857,-1.4280741452200234,-1.4280741452200234,22.55555555555556,12.0,12.0,11.0,50.0,50.0,100.0,-0.0633136320540897,41.7,D,C,MEDIUM,FAR,LOW PRIORITY,27.74
GLOBUSSPR.NS,786.9000244140625,2026-10-01T23:11:23.693897+05:30,WAITING FOR 0.786,2026-08-06,936.0,2026-10-01,775.0,,901.546,855.5,977.86,12.716597443273836,10.0,2.0,8.0,0.0,10.0,20.0,-3.3479181823584034,-3.3479181823584034,14.4,13.0,13.0,14.5,0.0,50.0,100.0,-0.2324943182193335,36.27,D,C,MEDIUM,FAR,LOW PRIORITY,27.69
MUNJALAU.NS,104.06999969482422,2026-10-01T23:11:23.693897+05:30,WAITING FOR 0.786,2026-08-17,130.60000610351562,2026-09-16,98.95999908447266,,123.82904460144044,114.78000259399414,138.8264079284668,15.956712716482,11.0,2.0,8.0,1.0,10.0,20.0,-3.408827320540341,-3.408827320540341,9.636363636363637,11.0,11.0,2.25,0.0,50.0,100.0,-0.3537462313768278,36.17,D,C,MEDIUM,FAR,LOW PRIORITY,27.66
RAMCOIND.NS,302.29998779296875,2026-10-01T23:11:23.693897+05:30,WAITING FOR 0.786,2026-08-10,395.5,2026-10-01,292.8500061035156,,373.5329013061523,344.1750030517578,422.1889984130859,19.07005066062445,2.0,1.0,0.0,1.0,1.0,100.0,1.751834117399924,1.751834117399924,42.0,24.0,24.0,,0.0,0.0,0.0,0.0417103361285696,,INSUFFICIENT,C,SLOW,FAR,LOW PRIORITY,27.63
HAVELLS.NS,1040.0,2026-10-01T23:11:23.693897+05:30,WAITING FOR 0.786,2026-01-09,1514.699951171875,2026-09-30,1015.0999755859376,,1407.7855563964845,1264.8999633789062,1644.5959448242188,26.125112217936582,8.0,2.0,5.0,1.0,7.0,28.57142857142857,-1.7403242168487787,-1.7403242168487787,18.0,15.0,15.0,10.6,0.0,50.0,50.0,-0.096684678713821,41.21,D,C,MEDIUM,FAR,LOW PRIORITY,27.57
BAJEL.NS,163.6300048828125,2026-10-01T23:11:23.693897+05:30,WAITING FOR 0.786,2026-06-23,211.5,2026-10-01,159.0,,200.265,185.25,225.15,18.293258990431426,8.0,2.0,6.0,0.0,8.0,25.0,-2.915250826175751,-2.915250826175751,13.375,11.0,11.0,13.833333333333334,50.0,50.0,100.0,-0.2179626785925795,37.94,D,C,MEDIUM,FAR,LOW PRIORITY,27.53
BIGBLOC.NS,38.77999877929688,2026-10-01T23:11:23.693897+05:30,WAITING FOR 0.786,2026-01-01,80.0,2026-10-01,36.79999923706055,,70.75519983673095,58.39999961853027,91.23200019836426,45.19130909278399,14.0,2.0,10.0,2.0,12.0,16.666666666666664,-1.2855894953393217,-1.2855894953393217,14.142857142857142,12.5,12.5,4.3,50.0,50.0,100.0,-0.0909002673472247,38.16,D,C,MEDIUM,FAR,LOW PRIORITY,27.52
INDBANK.NS,25.200000762939453,2026-10-01T23:11:23.693897+05:30,WAITING FOR 0.786,2025-10-07,47.150001525878906,2026-09-29,24.209999084472656,,42.24084100341797,35.68000030517578,53.11440216064453,40.34209508068184,8.0,2.0,6.0,0.0,8.0,25.0,-2.942869247217777,-2.942869247217777,9.625,10.5,10.5,8.833333333333334,50.0,50.0,100.0,-0.3057526490615872,37.9,D,C,MEDIUM,FAR,LOW PRIORITY,27.52
MTNL.NS,24.65999984741211,2026-10-01T23:11:23.693897+05:30,WAITING FOR 0.786,2025-11-03,44.66999816894531,2026-03-30,21.26000022888184,,39.66025860977173,32.964999198913574,50.75659763336182,37.821888429804055,4.0,2.0,2.0,0.0,4.0,50.0,11.531338558192743,11.531338558192743,13.0,25.0,25.0,0.0,0.0,50.0,50.0,0.8870260429379033,,INSUFFICIENT,C,SLOW,FAR,LOW PRIORITY,27.5
NECLIFE.NS,10.229999542236328,2026-10-01T23:11:23.693897+05:30,WAITING FOR 0.786,2025-12-23,22.39999961853028,2026-03-30,9.300000190734863,,19.596599740982057,15.849999904632568,25.80599946975708,47.7970684840672,4.0,2.0,2.0,0.0,4.0,50.0,10.733015658164412,10.733015658164412,18.25,35.5,35.5,0.0,0.0,50.0,50.0,0.5881104470227075,,INSUFFICIENT,C,SLOW,FAR,LOW PRIORITY,27.5
PPLPHARMA.NS,197.97000122070312,2026-10-01T23:11:23.693897+05:30,WAITING FOR 0.786,2026-09-08,231.92999267578125,2026-10-01,195.72999572753903,,224.1831933288574,213.82999420166016,241.3419918823242,11.69275525025723,2.0,1.0,1.0,0.0,2.0,50.0,16.92234635195149,16.92234635195149,24.5,48.0,48.0,0.0,0.0,0.0,0.0,0.6907080143653669,,INSUFFICIENT,C,SLOW,FAR,LOW PRIORITY,27.5
COMPUSOFT.NS,13.050000190734863,2026-10-01T23:11:23.693897+05:30,WAITING FOR 0.786,2025-10-03,20.5,2026-03-11,12.0,,18.681,16.25,22.71,30.142924946550703,8.0,2.0,5.0,1.0,7.0,28.57142857142857,-1.945616872887909,-1.945616872887909,11.0,11.5,11.5,0.2,50.0,50.0,100.0,-0.1768742611716281,40.89,D,C,MEDIUM,FAR,LOW PRIORITY,27.45
NARMADA.NS,12.3100004196167,2026-10-01T23:11:23.693897+05:30,WAITING FOR 0.786,2026-07-31,21.670000076293945,2026-10-01,12.050000190734863,,19.6113201007843,16.860000133514404,24.171200046539305,37.23012853619989,17.0,5.0,12.0,0.0,17.0,29.411764705882355,-2.079632098867952,-2.079632098867952,8.411764705882353,21.8,26.0,2.1666666666666665,40.0,40.0,40.0,-0.2472289907745118,34.02,D,C,SLOW,FAR,LOW PRIORITY,27.26
RUBICON.NS,1630.9000244140625,2026-10-01T23:11:23.693897+05:30,WAITING FOR 0.786,2026-08-28,1899.0,2026-09-28,1575.0999755859375,,1829.6853947753907,1737.0499877929688,1983.2140063476563,10.86445631194049,2.0,1.0,1.0,0.0,2.0,50.0,3.164493033338645,3.164493033338645,1.5,2.0,2.0,0.0,100.0,100.0,100.0,2.109662022225763,,INSUFFICIENT,C,FAST,FAR,LOW PRIORITY,27.25
ACC.NS,1182.800048828125,2026-10-01T23:11:23.693897+05:30,WAITING FOR 0.786,2025-11-24,1987.0,2026-10-01,1166.0999755859375,,1811.3273947753903,1576.5499877929688,2200.4340063476566,34.6998200192961,8.0,3.0,5.0,0.0,8.0,37.5,0.8347601092384527,0.8347601092384527,16.5,26.33333333333333,22.0,10.6,0.0,0.0,33.33333333333333,0.0505915217720274,35.8,D,C,SLOW,FAR,LOW PRIORITY,27.16
ESABINDIA.NS,5500.5,2026-10-01T23:11:23.693897+05:30,WAITING FOR 0.786,2026-05-07,7319.5,2026-09-29,5447.0,,6918.785,6383.25,7806.35,20.49904715929169,11.0,4.0,7.0,0.0,11.0,36.36363636363637,-0.3538312655311637,-0.3538312655311637,11.727272727272728,22.0,21.5,5.285714285714286,0.0,0.0,50.0,-0.0301716583011069,34.49,D,C,SLOW,FAR,LOW PRIORITY,27.16
RADIOCITY.NS,5.880000114440918,2026-10-01T23:11:23.693897+05:30,WAITING FOR 0.786,2025-10-21,8.479999542236328,2026-03-30,4.5,,7.6282796401977535,6.489999771118164,9.514799423217774,22.918398488489515,6.0,2.0,4.0,0.0,6.0,33.33333333333333,3.1023748917607907,3.1023748917607907,14.0,36.0,36.0,2.25,0.0,0.0,50.0,0.2215982065543422,34.68,D,C,SLOW,FAR,LOW PRIORITY,27.12
HESTERBIO.NS,2126.800048828125,2026-10-01T23:11:23.693897+05:30,WAITING FOR 0.786,2026-07-30,2683.60009765625,2026-10-01,2075.5,,2553.4666767578124,2379.550048828125,2841.706123046875,16.7093086357185,6.0,1.0,4.0,1.0,5.0,20.0,-2.2964560776603853,-2.2964560776603853,12.0,8.0,8.0,0.25,0.0,100.0,100.0,-0.1913713398050321,45.91,C,C,MEDIUM,FAR,LOW PRIORITY,27.07
BAJAJINDEF.NS,208.5200042724609,2026-10-01T23:11:23.693897+05:30,WAITING FOR 0.786,2025-10-08,442.6000061035156,2026-10-01,201.5,,391.0046047973633,322.0500030517578,505.2860076904297,46.67070369144996,2.0,1.0,1.0,0.0,2.0,50.0,3.039697007033334,3.039697007033334,1.5,1.0,1.0,2.0,100.0,100.0,100.0,2.026464671355556,,INSUFFICIENT,C,FAST,FAR,LOW PRIORITY,27.06
SHREYANIND.NS,126.29000091552734,2026-10-01T23:11:23.693897+05:30,WAITING FOR 0.786,2025-10-06,235.5,2026-08-25,121.76000213623048,,211.15964045715333,178.63000106811523,265.07239944458007,40.19216899493016,9.0,3.0,5.0,1.0,8.0,37.5,1.2732393626847829,1.2732393626847829,23.77777777777778,30.33333333333333,35.0,12.0,0.0,0.0,0.0,0.0535474498325376,33.49,D,C,SLOW,FAR,LOW PRIORITY,27.01
TECHNOE.NS,998.5999755859376,2026-10-01T23:11:23.693897+05:30,WAITING FOR 0.786,2026-05-27,1189.9000244140625,2026-09-16,936.0,,1135.5654191894532,1062.9500122070312,1255.9140307617188,12.061431361768594,16.0,3.0,12.0,1.0,15.0,20.0,-1.6407027168252948,-1.6407027168252948,9.4375,14.333333333333334,17.0,3.1666666666666665,33.33333333333333,33.33333333333333,66.66666666666666,-0.1738492944980444,34.27,D,C,SLOW,FAR,LOW PRIORITY,26.99
BANKBARODA.NS,230.82000732421875,2026-10-01T23:11:23.693897+05:30,WAITING FOR 0.786,2026-02-26,325.5,2026-09-29,223.82000732421875,,303.7404815673828,274.6600036621094,351.9367980957031,24.007492800062323,11.0,2.0,7.0,2.0,9.0,22.22222222222222,0.1006299770280023,0.1006299770280023,18.63636363636364,12.5,12.5,8.142857142857142,0.0,0.0,100.0,0.0053996573039415,37.55,D,C,MEDIUM,FAR,LOW PRIORITY,26.85
KAMOPAINTS.NS,4.099999904632568,2026-10-01T23:11:23.693897+05:30,WAITING FOR 0.786,2025-09-29,9.149999618530272,2026-03-30,3.5999999046325684,,7.962299679756165,6.374999761581421,10.592999544143677,48.50733997042767,6.0,2.0,4.0,0.0,6.0,33.33333333333333,2.429741182941447,2.429741182941447,8.833333333333334,21.5,21.5,1.75,0.0,0.0,50.0,0.275065039578277,36.63,D,C,SLOW,FAR,LOW PRIORITY,26.8
NDGL.NS,2411.0,2026-10-01T23:11:23.693897+05:30,WAITING FOR 0.786,2025-10-31,3950.0,2026-03-27,2100.0,,3554.1000000000004,3025.0,4431.0,32.162854168425206,17.0,2.0,15.0,0.0,17.0,11.76470588235294,-3.592738151249214,-3.592738151249214,6.588235294117647,10.5,10.5,5.4,50.0,50.0,100.0,-0.5453263265288986,33.59,D,C,MEDIUM,FAR,LOW PRIORITY,26.7
GOYALALUM.NS,5.909999847412109,2026-10-01T23:11:23.693897+05:30,WAITING FOR 0.786,2026-01-07,11.369999885559082,2026-09-18,5.300000190734863,,10.0710199508667,8.335000038146973,12.94819980621338,41.3167695402738,2.0,1.0,1.0,0.0,2.0,50.0,2.790472248193068,2.790472248193068,2.0,3.0,3.0,0.0,100.0,100.0,100.0,1.395236124096534,,INSUFFICIENT,C,FAST,FAR,LOW PRIORITY,26.69
DCW.NS,44.619998931884766,2026-10-01T23:11:23.693897+05:30,WAITING FOR 0.786,2025-11-13,72.30000305175781,2026-03-30,37.11000061035156,,64.76934252929688,54.70500183105469,81.44940368652344,31.10938417863055,10.0,2.0,8.0,0.0,10.0,20.0,-2.063270634412162,-2.063270634412162,7.0,12.5,12.5,5.0,0.0,0.0,100.0,-0.294752947773166,33.28,D,C,MEDIUM,FAR,LOW PRIORITY,26.65
DCMNVL.NS,166.47000122070312,2026-10-01T23:11:23.693897+05:30,WAITING FOR 0.786,2026-08-27,198.5800018310547,2026-10-01,164.0,,191.179881439209,181.2900009155273,207.5708023071289,12.924937515647049,4.0,2.0,2.0,0.0,4.0,50.0,3.428833156459908,3.428833156459908,2.25,3.5,3.5,0.0,50.0,100.0,100.0,1.5239258473155146,,INSUFFICIENT,C,FAST,FAR,LOW PRIORITY,26.64
NAM-INDIA.NS,1046.0,2026-10-01T23:11:23.693897+05:30,WAITING FOR 0.786,2026-08-24,1269.5,2026-10-01,1026.4000244140625,,1217.476605224609,1147.9500122070312,1332.7059936523438,14.0845913990252,13.0,2.0,9.0,2.0,11.0,18.181818181818183,1.4404600400214187,1.4404600400214187,17.076923076923077,18.0,18.0,6.777777777777778,0.0,0.0,100.0,0.0843512636048578,34.02,D,C,SLOW,FAR,LOW PRIORITY,26.61
PILITA.NS,7.449999809265137,2026-10-01T23:11:23.693897+05:30,WAITING FOR 0.786,2025-11-06,13.800000190734863,2026-03-30,6.199999809265137,,12.173600109100342,10.0,15.776000289916992,38.80199988090697,10.0,2.0,7.0,1.0,9.0,22.22222222222222,-3.3528453151956583,-3.3528453151956583,11.1,10.5,10.5,3.4285714285714284,50.0,50.0,50.0,-0.3020581365041134,37.15,D,C,MEDIUM,FAR,LOW PRIORITY,26.56
CHOLAFIN.NS,1580.0,2026-10-01T23:11:23.693897+05:30,WAITING FOR 0.786,2026-08-06,1952.5,2026-10-01,1563.199951171875,,1869.1897895507807,1757.8499755859375,2053.7180126953126,15.471397884121856,17.0,5.0,12.0,0.0,17.0,29.411764705882355,-0.3339385249506454,-0.3339385249506454,19.529411764705884,32.4,32.0,13.916666666666666,0.0,20.0,20.0,-0.0170992618197619,31.74,D,C,SLOW,FAR,LOW PRIORITY,26.46
VIVIDHA.NS,0.5,2026-10-01T23:11:23.693897+05:30,WAITING FOR 0.786,2025-09-29,0.9100000262260436,2026-03-30,0.4300000071525574,,0.8072800221443177,0.6700000166893005,1.0348000311851502,38.06362274742198,2.0,1.0,1.0,0.0,2.0,50.0,2.6206951460790093,2.6206951460790093,1.0,0.0,0.0,0.0,100.0,100.0,100.0,2.6206951460790093,,INSUFFICIENT,C,FAST,FAR,LOW PRIORITY,26.43
JAYBARMARU.NS,130.8000030517578,2026-10-01T23:11:23.693897+05:30,WAITING FOR 0.786,2026-07-14,207.0,2026-09-16,108.0999984741211,,185.83539967346192,157.54999923706055,232.7140003967285,29.615130765402498,5.0,2.0,3.0,0.0,5.0,40.0,8.284959287082742,8.284959287082742,6.4,14.5,14.5,0.6666666666666666,0.0,50.0,50.0,1.2945248886066785,,INSUFFICIENT,C,MEDIUM,FAR,LOW PRIORITY,26.43
ABCAPITAL.NS,375.0499877929688,2026-10-01T23:11:23.693897+05:30,WAITING FOR 0.786,2026-08-03,430.7000122070313,2026-10-01,370.2000122070313,,417.7530122070313,400.4500122070313,446.43001220703127,10.222074567088844,13.0,3.0,9.0,1.0,12.0,25.0,1.120399198500518,1.120399198500518,14.76923076923077,19.0,25.0,7.777777777777778,33.33333333333333,33.33333333333333,33.33333333333333,0.0758603623984725,35.58,D,C,SLOW,FAR,LOW PRIORITY,26.38
VIKASECO.NS,1.0099999904632568,2026-10-01T23:11:23.693897+05:30,WAITING FOR 0.786,2025-10-03,2.039999961853028,2026-03-30,0.9900000095367432,,1.8152999720573424,1.5149999856948853,2.3129999494552616,44.36181314327964,4.0,2.0,2.0,0.0,4.0,50.0,2.530856054956129,2.530856054956129,1.75,1.5,1.5,1.5,100.0,100.0,100.0,1.446203459974931,,INSUFFICIENT,C,FAST,FAR,LOW PRIORITY,26.3
GANECOS.NS,976.2000122070312,2026-10-01T23:11:23.693897+05:30,WAITING FOR 0.786,2026-07-21,1268.0,2026-09-17,932.5,,1196.203,1100.25,1355.23,18.391776963690003,13.0,3.0,10.0,0.0,13.0,23.07692307692308,-0.9014306624121258,-0.9014306624121258,8.692307692307692,15.0,20.0,6.2,33.33333333333333,33.33333333333333,66.66666666666666,-0.1037044124898905,35.66,D,C,SLOW,FAR,LOW PRIORITY,26.25
SUPREMEIND.NS,3380.0,2026-10-01T23:11:23.693897+05:30,WAITING FOR 0.786,2025-09-26,4341.7998046875,2026-07-08,3140.0,,4084.614646484375,3740.89990234375,4654.26775390625,17.250455856119412,6.0,2.0,3.0,1.0,5.0,40.0,1.0064072533178272,1.0064072533178272,19.5,21.0,21.0,4.666666666666667,50.0,50.0,50.0,0.0516106283752731,42.07,D,C,SLOW,FAR,LOW PRIORITY,26.23
INDOSTAR.NS,206.3500061035156,2026-10-01T23:11:23.693897+05:30,WAITING FOR 0.786,2026-07-29,292.0,2026-10-01,199.83999633789065,,272.2777592163086,245.9199981689453,315.96160095214844,24.213418423359823,8.0,1.0,7.0,0.0,8.0,12.5,-5.84311260837705,-5.84311260837705,12.25,8.0,8.0,12.428571428571429,0.0,100.0,100.0,-0.4769887843573102,37.37,D,C,MEDIUM,FAR,LOW PRIORITY,26.2
BATLIBOI.NS,82.3499984741211,2026-10-01T23:11:23.693897+05:30,WAITING FOR 0.786,2026-08-06,106.5,2026-09-17,78.11000061035156,,100.42454013061524,92.30500030517578,113.8813998413086,17.99813236185682,2.0,1.0,1.0,0.0,2.0,50.0,2.466184824830129,2.466184824830129,1.0,0.0,0.0,0.0,100.0,100.0,100.0,2.466184824830129,,INSUFFICIENT,C,FAST,FAR,LOW PRIORITY,26.2
LINC.NS,86.54000091552734,2026-10-01T23:11:23.693897+05:30,WAITING FOR 0.786,2025-10-23,133.3800048828125,2026-03-30,85.01000213623047,,123.02882429504396,109.19500350952148,145.95620559692384,29.65875971634926,12.0,2.0,10.0,0.0,12.0,16.666666666666664,-3.909059437790857,-3.909059437790857,4.666666666666667,10.5,10.5,2.8,50.0,50.0,100.0,-0.8376555938123263,34.06,D,C,MEDIUM,FAR,LOW PRIORITY,26.09
EVEREADY.NS,315.8500061035156,2026-10-01T23:11:23.693897+05:30,WAITING FOR 0.786,2026-09-10,369.3999938964844,2026-10-01,310.0,,356.68839520263674,339.6999969482422,384.8439923095703,11.449318129882132,10.0,2.0,7.0,1.0,9.0,22.22222222222222,-4.227099894706814,-4.227099894706814,12.8,11.5,11.5,6.0,50.0,50.0,50.0,-0.3302421792739698,35.78,D,C,MEDIUM,FAR,LOW PRIORITY,26.08
FDC.NS,335.8999938964844,2026-10-01T23:11:23.693897+05:30,WAITING FOR 0.786,2026-07-09,442.0,2026-09-02,328.79998779296875,,417.7751973876953,385.3999938964844,471.4320031738281,19.597909115516675,7.0,2.0,5.0,0.0,7.0,28.57142857142857,0.4577235948820394,0.4577235948820394,10.571428571428571,20.0,20.0,6.2,50.0,50.0,50.0,0.0432981778942469,40.64,D,C,SLOW,FAR,LOW PRIORITY,26.05
TVSELECT.NS,397.3999938964844,2026-10-01T23:11:23.693897+05:30,WAITING FOR 0.786,2025-10-27,739.3499755859375,2026-03-05,336.20001220703125,,653.0758834228516,537.7749938964844,844.1689660644531,39.14949181499984,17.0,4.0,13.0,0.0,17.0,23.52941176470588,-0.7313904619449842,-0.7313904619449842,10.352941176470589,24.25,22.5,5.307692307692308,25.0,50.0,50.0,-0.0706456696196859,34.77,D,C,SLOW,FAR,LOW PRIORITY,26.05
CLEAN.NS,803.0499877929688,2026-10-01T23:11:23.693897+05:30,WAITING FOR 0.786,2025-09-26,1124.300048828125,2026-03-30,652.0,,1023.2278383789062,888.1500244140625,1247.0980615234375,21.517969148959427,2.0,1.0,1.0,0.0,2.0,50.0,2.365857027421069,2.365857027421069,7.5,1.0,1.0,14.0,100.0,100.0,100.0,0.3154476036561426,,INSUFFICIENT,C,FAST,FAR,LOW PRIORITY,26.05
PRAKASH.NS,118.69000244140624,2026-10-01T23:11:23.693897+05:30,WAITING FOR 0.786,2025-11-03,172.89999389648438,2026-01-27,110.23999786376952,,159.4907547454834,141.56999588012695,189.19159286499024,25.58189179629084,6.0,2.0,4.0,0.0,6.0,33.33333333333333,2.540541205989498,2.540541205989498,16.0,36.5,36.5,5.25,0.0,0.0,0.0,0.1587838253743436,33.8,D,C,SLOW,FAR,LOW PRIORITY,25.97
CCCL.NS,13.449999809265137,2026-10-01T23:11:23.693897+05:30,WAITING FOR 0.786,2025-09-30,27.600000381469727,2026-03-30,12.760000228881836,,24.42424034881592,20.18000030517578,31.45840042114257,44.931757888153975,5.0,2.0,2.0,1.0,4.0,50.0,2.3026049996981826,2.3026049996981826,14.0,2.0,2.0,2.0,100.0,100.0,100.0,0.1644717856927273,,INSUFFICIENT,C,FAST,FAR,LOW PRIORITY,25.95
MEDICO.NS,21.86000061035156,2026-10-01T23:11:23.693897+05:30,WAITING FOR 0.786,2026-08-03,51.4900016784668,2026-09-29,20.46999931335449,,44.851721172332766,35.980000495910645,59.55520229339599,51.26162377055861,4.0,2.0,2.0,0.0,4.0,50.0,4.892310984228915,4.892310984228915,6.25,8.5,8.5,3.5,0.0,100.0,100.0,0.7827697574766265,,INSUFFICIENT,C,MEDIUM,FAR,LOW PRIORITY,25.84
HEMIPROP.NS,111.5,2026-10-01T23:11:23.693897+05:30,WAITING FOR 0.786,2025-10-03,190.69000244140625,2026-10-01,109.80999755859376,,173.38168139648437,150.25,211.7188037109375,35.69101470124463,4.0,2.0,2.0,0.0,4.0,50.0,7.530163199889159,7.530163199889159,10.75,17.5,17.5,3.0,50.0,50.0,50.0,0.7004802976641078,,INSUFFICIENT,C,SLOW,FAR,LOW PRIORITY,25.8
AEROENTER.NS,121.93000030517578,2026-10-01T23:11:23.693897+05:30,WAITING FOR 0.786,2026-09-08,159.60000610351562,2026-10-01,118.4800033569336,,150.80032551574706,139.0400047302246,170.29120681762694,19.14473666541028,6.0,2.0,3.0,1.0,5.0,40.0,2.147753204345592,2.147753204345592,28.666666666666668,31.5,31.5,16.333333333333332,0.0,0.0,0.0,0.0749216234074043,35.86,D,C,SLOW,FAR,LOW PRIORITY,25.77
UNITECH.NS,3.930000066757202,2026-10-01T23:11:23.693897+05:30,WAITING FOR 0.786,2025-10-06,7.929999828338623,2026-03-30,3.0999999046325684,,6.896379844665527,5.514999866485596,9.185799808502196,43.01357878659879,5.0,3.0,2.0,0.0,5.0,60.0,0.4325961846859734,0.4325961846859734,4.2,3.333333333333333,3.0,5.5,100.0,100.0,100.0,0.1029990915918984,,INSUFFICIENT,C,FAST,FAR,LOW PRIORITY,25.65
LAGNAM.NS,71.9000015258789,2026-10-01T23:11:23.693897+05:30,WAITING FOR 0.786,2026-07-16,95.9000015258789,2026-09-18,68.0999984741211,,89.95080087280273,82.0,103.12800231933592,20.067413710355986,4.0,2.0,2.0,0.0,4.0,50.0,8.73832679448813,8.73832679448813,15.25,25.5,25.5,4.5,0.0,50.0,50.0,0.5730050357041396,,INSUFFICIENT,C,SLOW,FAR,LOW PRIORITY,25.61
HGM.NS,40.36000061035156,2026-10-01T23:11:23.693897+05:30,WAITING FOR 0.786,2025-12-16,77.0,2026-10-01,39.79999923706055,,69.03919983673096,58.39999961853027,86.67200019836426,41.54045715217167,5.0,2.0,3.0,0.0,5.0,40.0,6.39992914853328,6.39992914853328,5.0,8.0,8.0,2.6666666666666665,50.0,50.0,100.0,1.279985829706656,,INSUFFICIENT,C,MEDIUM,FAR,LOW PRIORITY,25.6
PRECOT.NS,638.3499755859375,2026-10-01T23:11:23.693897+05:30,WAITING FOR 0.786,2026-08-13,899.0,2026-09-29,582.0499877929688,,831.1726973876953,740.5249938964844,981.407003173828,23.198875806169177,15.0,2.0,11.0,2.0,13.0,15.384615384615383,-1.4628270533811376,-1.4628270533811376,15.8,14.5,14.5,7.181818181818182,0.0,0.0,100.0,-0.0925839907203251,33.37,D,C,MEDIUM,FAR,LOW PRIORITY,25.53
GICHSGFIN.NS,132.8800048828125,2026-10-01T23:11:23.693897+05:30,WAITING FOR 0.786,2025-12-26,184.0,2026-03-30,130.0500030517578,,172.45470065307617,157.0250015258789,198.02699920654297,22.947878846094973,6.0,2.0,4.0,0.0,6.0,33.33333333333333,2.284463252229972,2.284463252229972,15.0,36.5,36.5,3.5,0.0,0.0,0.0,0.1522975501486647,33.4,D,C,SLOW,FAR,LOW PRIORITY,25.45
KSCL.NS,715.0999755859375,2026-10-01T23:11:23.693897+05:30,WAITING FOR 0.786,2026-06-22,996.0,2026-09-18,685.0,,929.446,840.5,1076.86,23.061697442784467,10.0,2.0,8.0,0.0,10.0,20.0,-1.32167967322733,-1.32167967322733,6.8,16.5,16.5,3.5,0.0,50.0,50.0,-0.1943646578275485,35.43,D,C,SLOW,FAR,LOW PRIORITY,25.4
ICRA.NS,4318.2998046875,2026-10-01T23:11:23.693897+05:30,WAITING FOR 0.786,2026-01-30,6348.5,2026-09-30,4198.2001953125,,5888.335841796875,5273.35009765625,6907.57794921875,26.66349337557936,10.0,2.0,8.0,0.0,10.0,20.0,-1.3816727310148749,-1.3816727310148749,6.4,19.0,19.0,2.375,50.0,50.0,50.0,-0.2158863642210741,35.34,D,C,SLOW,FAR,LOW PRIORITY,25.37
CENTENKA.NS,537.7999877929688,2026-10-01T23:11:23.693897+05:30,WAITING FOR 0.786,2026-07-29,671.6500244140625,2026-10-01,530.5499877929688,,641.4546165771485,601.1000061035156,708.3360339355469,16.15930825118835,4.0,2.0,2.0,0.0,4.0,50.0,3.2479657517758698,3.2479657517758698,16.5,5.5,5.5,26.5,50.0,50.0,100.0,0.1968464091985375,,INSUFFICIENT,C,FAST,FAR,LOW PRIORITY,25.37
MOIL.NS,232.66000366210932,2026-10-01T23:11:23.693897+05:30,WAITING FOR 0.786,2026-01-29,380.7000122070313,2026-10-01,230.009994506836,,348.45234841918943,305.3550033569336,419.8794168090821,33.2304676040758,9.0,3.0,6.0,0.0,9.0,33.33333333333333,0.135064386894221,0.135064386894221,11.333333333333334,19.33333333333333,29.0,6.666666666666667,33.33333333333333,33.33333333333333,33.33333333333333,0.0119174459024312,36.38,D,C,SLOW,FAR,LOW PRIORITY,25.27
GULPOLY.NS,161.75,2026-10-01T23:11:23.693897+05:30,WAITING FOR 0.786,2026-08-11,203.57000732421875,2026-10-01,158.86000061035156,,194.0020658874512,181.2150039672852,215.19460906982425,16.62459919687761,2.0,1.0,1.0,0.0,2.0,50.0,3.14614100872234,3.14614100872234,6.5,7.0,7.0,6.0,0.0,100.0,100.0,0.4840216936495907,,INSUFFICIENT,C,FAST,FAR,LOW PRIORITY,25.22
LIBERTSHOE.NS,216.77999877929688,2026-10-01T23:11:23.693897+05:30,WAITING FOR 0.786,2025-10-06,348.75,2026-03-30,210.5,,319.1645,279.625,384.695,32.078912667512554,6.0,2.0,4.0,0.0,6.0,33.33333333333333,-0.2674191926638694,-0.2674191926638694,11.5,17.0,17.0,8.25,0.0,0.0,100.0,-0.0232538428403364,36.42,D,C,SLOW,FAR,LOW PRIORITY,25.08
TORNTPOWER.NS,1242.9000244140625,2026-10-01T23:11:23.693897+05:30,WAITING FOR 0.786,2026-04-27,1824.0999755859373,2026-09-01,1199.0,,1690.328580810547,1511.5499877929688,1986.6259692382807,26.46991605513369,12.0,3.0,8.0,1.0,11.0,27.27272727272727,0.0309793729880262,0.0309793729880262,13.25,17.333333333333332,21.0,5.0,33.33333333333333,33.33333333333333,33.33333333333333,0.0023380658858887,34.79,D,C,SLOW,FAR,LOW PRIORITY,25.04
HALEOSLABS.NS,1490.0,2026-10-01T23:11:23.693897+05:30,WAITING FOR 0.786,2026-07-01,1740.0,2026-08-10,1395.0999755859375,,1666.1913947753906,1567.5499877929688,1829.6740063476564,10.57449914384787,9.0,1.0,8.0,0.0,9.0,11.11111111111111,-7.467698346675332,-7.467698346675332,6.333333333333333,8.0,8.0,5.625,0.0,100.0,100.0,-1.1791102652645262,34.28,D,C,MEDIUM,FAR,LOW PRIORITY,24.78
ITCHOTELS.NS,158.50999450683594,2026-10-01T23:11:23.693897+05:30,WAITING FOR 0.786,2025-09-29,237.6300048828125,2026-03-30,137.3000030517578,,216.1593844909668,187.4650039672852,263.7158053588867,26.66985295127911,2.0,1.0,1.0,0.0,2.0,50.0,2.174373536331698,2.174373536331698,2.5,4.0,4.0,0.0,100.0,100.0,100.0,0.8697494145326792,,INSUFFICIENT,C,FAST,FAR,LOW PRIORITY,24.76
KALYANIFRG.NS,944.75,2026-10-01T23:11:23.693897+05:30,WAITING FOR 0.786,2026-09-02,1192.25,2026-09-22,910.0,,1131.8485,1051.125,1265.635,16.5303483637607,10.0,3.0,6.0,1.0,9.0,33.33333333333333,0.2050740827790932,0.2050740827790932,17.4,31.0,43.0,2.5,0.0,33.33333333333333,33.33333333333333,0.0117858668263846,34.49,D,C,SLOW,FAR,LOW PRIORITY,24.71
RANASUG.NS,13.079999923706056,2026-10-01T23:11:23.693897+05:30,WAITING FOR 0.786,2026-08-24,16.450000762939453,2026-10-01,13.050000190734863,,15.72240064048767,14.750000476837158,17.334000911712646,16.806598287395218,4.0,2.0,2.0,0.0,4.0,50.0,1.443510897412755,1.443510897412755,6.75,2.0,2.0,11.5,100.0,100.0,100.0,0.2138534662833711,,INSUFFICIENT,C,FAST,FAR,LOW PRIORITY,24.67
SHREECEM.NS,21900.0,2026-10-01T23:11:23.693897+05:30,WAITING FOR 0.786,2025-10-16,30285.0,2026-10-01,21355.0,,28373.98,25820.0,32606.8,22.816608738005737,7.0,2.0,4.0,1.0,6.0,33.33333333333333,-1.0232235604746525,-1.0232235604746525,24.714285714285715,18.5,18.5,18.5,0.0,0.0,50.0,-0.0414021093833674,35.23,D,C,SLOW,FAR,LOW PRIORITY,24.66
GREENPOWER.NS,8.770000457763672,2026-10-01T23:11:23.693897+05:30,WAITING FOR 0.786,2026-04-28,13.449999809265137,2026-09-29,8.579999923706055,,12.407819833755491,11.014999866485596,14.716199779510498,29.318763688807987,3.0,1.0,1.0,1.0,2.0,50.0,1.427330341929584,1.427330341929584,20.666666666666668,1.0,1.0,0.0,100.0,100.0,100.0,0.0690643713836895,,INSUFFICIENT,C,FAST,FAR,LOW PRIORITY,24.64
SAPPHIRE.NS,209.82000732421875,2026-10-01T23:11:23.693897+05:30,WAITING FOR 0.786,2025-10-31,304.6000061035156,2026-04-02,139.91000366210938,,269.3563455810547,222.2550048828125,347.4194067382813,22.10318755565396,10.0,2.0,8.0,0.0,10.0,20.0,-2.7741538715679086,-2.7741538715679086,11.1,18.0,18.0,8.875,50.0,50.0,50.0,-0.2499237722133251,33.17,D,C,SLOW,FAR,LOW PRIORITY,24.61
BPCL.NS,300.6000061035156,2026-10-01T23:11:23.693897+05:30,WAITING FOR 0.786,2026-02-05,391.6499938964844,2026-04-02,266.6000061035156,,364.8892965087891,329.125,424.1629907226562,17.61884796851664,7.0,2.0,4.0,1.0,6.0,33.33333333333333,0.9653561116743778,0.9653561116743778,22.571428571428573,30.5,30.5,9.0,50.0,50.0,50.0,0.0427689416564597,36.34,D,C,SLOW,FAR,LOW PRIORITY,24.5
MAPMYINDIA.NS,845.75,2026-10-01T23:11:23.693897+05:30,WAITING FOR 0.786,2025-10-14,1998.0,2026-03-30,795.0,,1740.558,1396.5,2310.78,51.409260708347546,4.0,2.0,2.0,0.0,4.0,50.0,7.961660602752916,7.961660602752916,14.75,26.0,26.0,3.0,50.0,50.0,50.0,0.5397736001866383,,INSUFFICIENT,C,SLOW,FAR,LOW PRIORITY,24.44
INGERRAND.NS,4158.7998046875,2026-10-01T23:11:23.693897+05:30,WAITING FOR 0.786,2026-09-02,4955.0,2026-10-01,4075.699951171875,,4766.829789550781,4515.3499755859375,5183.618012695312,12.755437297050648,16.0,2.0,13.0,1.0,15.0,13.333333333333334,-2.7010915925246737,-2.7010915925246737,13.625,18.0,18.0,8.76923076923077,0.0,50.0,50.0,-0.1982452544972237,31.61,D,C,SLOW,FAR,LOW PRIORITY,24.4
JUBLCPL.NS,2037.300048828125,2026-10-01T23:11:23.693897+05:30,WAITING FOR 0.786,2026-09-01,2369.89990234375,2026-09-18,1980.0,,2286.4613232421875,2174.949951171875,2471.273876953125,10.8972442210723,2.0,1.0,1.0,0.0,2.0,50.0,7.933655718279567,7.933655718279567,24.0,47.0,47.0,0.0,0.0,0.0,0.0,0.3305689882616486,,INSUFFICIENT,C,SLOW,FAR,LOW PRIORITY,24.4
WEWORK.NS,659.5999755859375,2026-10-01T23:11:23.693897+05:30,WAITING FOR 0.786,2026-08-06,794.5,2026-09-25,634.9000244140625,,760.3456052246094,714.7000122070312,835.9959936523437,13.249978555332238,2.0,1.0,1.0,0.0,2.0,50.0,7.918974906422191,7.918974906422191,20.5,40.0,40.0,0.0,0.0,0.0,0.0,0.386291458849863,,INSUFFICIENT,C,SLOW,FAR,LOW PRIORITY,24.38
SWELECTES.NS,592.9000244140625,2026-10-01T23:11:23.693897+05:30,WAITING FOR 0.786,2025-10-10,977.0,2026-03-30,483.1000061035156,,871.3054013061524,730.0500030517578,1105.413998413086,31.95267428329255,11.0,2.0,9.0,0.0,11.0,18.181818181818183,-1.9186214019983112,-1.9186214019983112,4.727272727272728,15.5,15.5,1.6666666666666667,50.0,50.0,50.0,-0.4058622196534889,33.77,D,C,SLOW,FAR,LOW PRIORITY,24.36
WIPRO.NS,159.35000610351562,2026-10-01T23:11:23.693897+05:30,WAITING FOR 0.786,2025-12-22,273.1000061035156,2026-09-29,156.7899932861328,,248.2096633605957,214.94499969482425,303.34060943603515,35.80024083429256,3.0,1.0,1.0,1.0,2.0,50.0,1.2366711215779864,1.2366711215779864,25.0,0.0,0.0,14.0,100.0,100.0,100.0,0.0494668448631194,,INSUFFICIENT,C,FAST,FAR,LOW PRIORITY,24.36
ASTEC.NS,708.5999755859375,2026-10-01T23:11:23.693897+05:30,WAITING FOR 0.786,2025-11-26,941.75,2026-03-23,513.4000244140625,,850.0831052246094,727.5750122070312,1053.1209936523437,16.643446831152957,6.0,2.0,4.0,0.0,6.0,33.33333333333333,1.7197557906814842,1.7197557906814842,15.833333333333334,37.0,37.0,4.5,0.0,0.0,0.0,0.1086161552009358,32.52,D,C,SLOW,FAR,LOW PRIORITY,24.29
SHREDIGCEM.NS,66.69000244140625,2026-10-01T23:11:23.693897+05:30,WAITING FOR 0.786,2025-10-17,97.1500015258789,2026-03-30,53.900001525878906,,87.89450152587891,75.5250015258789,108.39500152587893,24.124943786420346,10.0,3.0,6.0,1.0,9.0,33.33333333333333,-2.082281510673652,-2.082281510673652,22.3,22.0,29.0,16.166666666666668,33.33333333333333,33.33333333333333,33.33333333333333,-0.0933758524965763,33.91,D,C,SLOW,FAR,LOW PRIORITY,24.2
INFY.NS,1035.0,2026-10-01T23:11:23.693897+05:30,WAITING FOR 0.786,2026-02-03,1728.0,2026-09-29,980.4000244140624,,1568.0136052246094,1354.2000122070312,1922.375993652344,33.99291966910313,6.0,2.0,4.0,0.0,6.0,33.33333333333333,-1.9356394843492577,-1.9356394843492577,17.833333333333332,15.5,15.5,19.0,0.0,0.0,100.0,-0.1085405318326686,33.81,D,C,SLOW,FAR,LOW PRIORITY,24.17
ABFRL.NS,44.52999877929688,2026-10-01T23:11:23.693897+05:30,WAITING FOR 0.786,2025-10-03,88.98999786376953,2026-10-01,44.040000915527344,,79.3706985168457,66.51499938964844,100.6769970703125,43.896173762606125,6.0,2.0,3.0,1.0,5.0,40.0,-0.0801648704691748,-0.0801648704691748,26.0,22.5,22.5,16.666666666666668,0.0,50.0,50.0,-0.0030832642488144,40.37,D,C,SLOW,FAR,LOW PRIORITY,24.13
VGUARD.NS,294.54998779296875,2026-10-01T23:11:23.693897+05:30,WAITING FOR 0.786,2025-10-29,384.0,2026-07-24,288.79998779296875,,363.6271973876953,336.3999938964844,408.75200317382814,18.99671149214871,5.0,2.0,2.0,1.0,4.0,50.0,1.7531872118820353,1.7531872118820353,15.8,3.5,3.5,5.0,50.0,100.0,100.0,0.1109612159419009,,INSUFFICIENT,C,FAST,FAR,LOW PRIORITY,24.13
AFFLE.NS,1449.5999755859375,2026-10-01T23:11:23.693897+05:30,WAITING FOR 0.786,2025-09-26,2063.60009765625,2026-03-23,1251.300048828125,,1889.767887207032,1657.4500732421875,2274.7981103515626,23.2921680276638,7.0,2.0,5.0,0.0,7.0,28.57142857142857,2.539578590326116,2.539578590326116,16.428571428571427,52.5,52.5,1.4,0.0,0.0,0.0,0.1545830446285462,31.9,D,C,SLOW,FAR,LOW PRIORITY,24.12
ATALREAL.NS,12.779999732971191,2026-10-01T23:11:23.693897+05:30,WAITING FOR 0.786,2026-08-14,36.70000076293945,2026-09-30,11.699999809265137,,31.35000055885315,24.20000028610229,43.20000101089478,59.23445133922922,13.0,3.0,9.0,1.0,12.0,25.0,-0.0886217348329134,-0.0886217348329134,12.307692307692308,24.666666666666668,22.0,2.0,0.0,33.33333333333333,33.33333333333333,-0.0072005159551742,33.69,D,C,SLOW,FAR,LOW PRIORITY,24.04
RITES.NS,209.47999572753903,2026-10-01T23:11:23.693897+05:30,WAITING FOR 0.786,2025-09-26,270.0,2026-03-30,175.0,,249.67,222.5,294.7,16.097250079088777,9.0,2.0,7.0,0.0,9.0,22.22222222222222,-1.1594628576687798,-1.1594628576687798,9.88888888888889,19.5,19.5,6.571428571428571,50.0,50.0,50.0,-0.1172490530226856,35.58,D,C,SLOW,FAR,LOW PRIORITY,24.01
EMAMILTD.NS,372.6499938964844,2026-10-01T23:11:23.693897+05:30,WAITING FOR 0.786,2025-09-26,567.9000244140625,2026-09-01,361.1499938964844,,523.6555178833007,464.52500915527344,621.6550323486329,28.836805653687144,3.0,1.0,1.0,1.0,2.0,50.0,0.9911288069633536,0.9911288069633536,20.666666666666668,1.0,1.0,0.0,100.0,100.0,100.0,0.0479578454982267,,INSUFFICIENT,C,FAST,FAR,LOW PRIORITY,23.99
BIKAJI.NS,504.0499877929688,2026-10-01T23:11:23.693897+05:30,WAITING FOR 0.786,2026-05-21,689.0,2026-10-01,497.6499938964844,,648.0510986938476,593.3249969482422,738.7510015869141,22.220641426442192,6.0,2.0,4.0,0.0,6.0,33.33333333333333,0.1886157890429375,0.1886157890429375,10.0,20.5,20.5,4.25,0.0,50.0,50.0,0.0188615789042937,38.13,D,C,SLOW,FAR,LOW PRIORITY,23.96
BHARATSE.NS,204.6499938964844,2026-10-01T23:11:23.693897+05:30,WAITING FOR 0.786,2026-08-19,240.91000366210932,2026-09-16,198.3600006103516,,231.8043030090332,219.63500213623047,251.9730044555664,11.71432486802916,7.0,2.0,5.0,0.0,7.0,28.57142857142857,-2.216919225591148,-2.216919225591148,9.0,17.5,17.5,5.4,0.0,50.0,50.0,-0.2463243583990164,36.46,D,C,SLOW,FAR,LOW PRIORITY,23.9
RATNAMANI.NS,2619.39990234375,2026-10-01T23:11:23.693897+05:30,WAITING FOR 0.786,2026-05-11,3345.0,2026-08-07,2154.60009765625,,3090.2544208984373,2749.800048828125,3654.5039746093753,15.23675576258199,10.0,2.0,6.0,2.0,8.0,25.0,-0.8483619716808788,-0.8483619716808788,16.1,17.5,17.5,0.0,0.0,0.0,100.0,-0.0526932901665142,33.17,D,C,SLOW,FAR,LOW PRIORITY,23.86
CINELINE.NS,85.95999908447266,2026-10-01T23:11:23.693897+05:30,WAITING FOR 0.786,2026-09-07,104.4000015258789,2026-10-01,85.25,,100.30190119934082,94.82500076293944,109.37900192260742,14.298734065234664,4.0,2.0,2.0,0.0,4.0,50.0,7.528567316313677,7.528567316313677,19.25,32.0,32.0,6.0,0.0,50.0,50.0,0.3910944060422689,,INSUFFICIENT,C,SLOW,FAR,LOW PRIORITY,23.79
APTUS.NS,226.3999938964844,2026-10-01T23:11:23.693897+05:30,WAITING FOR 0.786,2026-07-31,288.3999938964844,2026-10-01,223.27999877929688,,274.46431494140626,255.83999633789065,305.3311926269531,17.512047442372552,6.0,2.0,3.0,1.0,5.0,40.0,-0.7859654013428438,-0.7859654013428438,24.166666666666668,25.0,25.0,11.0,0.0,50.0,50.0,-0.0325227062624625,39.27,D,C,SLOW,FAR,LOW PRIORITY,23.74
RACE.NS,113.18000030517578,2026-10-01T23:11:23.693897+05:30,WAITING FOR 0.786,2025-10-16,240.0,2026-03-30,84.11000061035156,,206.63954013061525,162.05500030517578,280.5313998413086,45.22829452986801,4.0,2.0,2.0,0.0,4.0,50.0,4.785435362077562,4.785435362077562,7.5,14.0,14.0,0.5,0.0,0.0,100.0,0.6380580482770083,,INSUFFICIENT,C,MEDIUM,FAR,LOW PRIORITY,23.68
NAHARSPING.NS,255.5,2026-10-01T23:11:23.693897+05:30,WAITING FOR 0.786,2026-08-06,349.0,2026-10-01,250.0,,327.814,299.5,374.74,22.059460547749644,4.0,2.0,2.0,0.0,4.0,50.0,1.377312771403783,1.377312771403783,3.0,4.5,4.5,1.0,100.0,100.0,100.0,0.4591042571345943,,INSUFFICIENT,C,FAST,FAR,LOW PRIORITY,23.57
BLBLIMITED.NS,16.639999389648438,2026-10-01T23:11:23.693897+05:30,WAITING FOR 0.786,2026-02-23,22.46999931335449,2026-06-30,14.40999984741211,,20.74515942764282,18.4399995803833,24.56559917449951,19.78852007531106,8.0,2.0,6.0,0.0,8.0,25.0,-0.8470562997593256,-0.8470562997593256,10.125,19.5,19.5,6.5,0.0,0.0,50.0,-0.0836598814577111,32.18,D,C,SLOW,FAR,LOW PRIORITY,23.51
ITC.NS,255.8999938964844,2026-10-01T23:11:23.693897+05:30,WAITING FOR 0.786,2025-10-31,426.3999938964844,2026-10-01,254.6499938964844,,389.6454938964844,340.5249938964844,471.0549938964844,34.32491895711019,4.0,2.0,1.0,1.0,3.0,66.66666666666666,4.56352786339008,4.56352786339008,30.5,30.5,30.5,0.0,50.0,50.0,50.0,0.1496238643734452,,INSUFFICIENT,C,SLOW,FAR,LOW PRIORITY,23.51
SIRCA.NS,401.5499877929688,2026-10-01T23:11:23.693897+05:30,WAITING FOR 0.786,2025-11-19,539.0,2026-07-17,385.0,,506.044,462.0,579.04,20.649194972577728,11.0,3.0,8.0,0.0,11.0,27.27272727272727,-0.6498263622508063,-0.6498263622508063,11.363636363636363,26.0,23.0,5.25,0.0,0.0,33.33333333333333,-0.0571847198780709,30.39,D,C,SLOW,FAR,LOW PRIORITY,23.45
PGHH.NS,6639.0,2026-10-01T23:11:23.693897+05:30,WAITING FOR 0.786,2025-10-07,14509.0,2026-10-01,6579.0,,12811.98,10544.0,16570.8,48.18131155371769,3.0,2.0,1.0,0.0,3.0,66.66666666666666,4.521638898119488,4.521638898119488,21.33333333333333,31.5,31.5,0.0,50.0,50.0,50.0,0.2119518233493509,,INSUFFICIENT,C,SLOW,FAR,LOW PRIORITY,23.45
JSFB.NS,482.3999938964844,2026-10-01T23:11:23.693897+05:30,WAITING FOR 0.786,2026-08-21,606.9500122070312,2026-10-01,465.7000122070313,,576.7225122070313,536.3250122070312,643.6750122070313,16.354922222402703,2.0,1.0,1.0,0.0,2.0,50.0,4.511426052646661,4.511426052646661,11.5,12.0,12.0,11.0,0.0,0.0,100.0,0.3922979176214488,,INSUFFICIENT,C,MEDIUM,FAR,LOW PRIORITY,23.27
TARC.NS,125.58000183105467,2026-10-01T23:11:23.693897+05:30,WAITING FOR 0.786,2026-01-07,186.3000030517578,2026-03-30,109.0999984741211,,169.77920207214356,147.70000076293945,206.37200424194336,26.033341953337423,7.0,2.0,5.0,0.0,7.0,28.57142857142857,0.716773002747597,0.716773002747597,10.142857142857142,24.5,24.5,4.0,50.0,50.0,50.0,0.0706677608342701,37.05,D,C,SLOW,FAR,LOW PRIORITY,23.19
LPDC.NS,6.210000038146973,2026-10-01T23:11:23.693897+05:30,WAITING FOR 0.786,2026-08-18,7.860000133514404,2026-09-15,6.019999980926514,,7.466240100860595,6.940000057220459,8.338400173187257,16.825604932914256,4.0,2.0,2.0,0.0,4.0,50.0,1.1166375037339158,1.1166375037339158,5.5,3.5,3.5,7.0,100.0,100.0,100.0,0.2030250006788937,,INSUFFICIENT,C,FAST,FAR,LOW PRIORITY,23.17
THEMISMED.NS,113.19000244140624,2026-10-01T23:11:23.693897+05:30,WAITING FOR 0.786,2026-09-07,140.60000610351562,2026-10-01,110.5,,134.1586047973633,125.5500030517578,148.42600769042969,15.62971110770612,10.0,3.0,7.0,0.0,10.0,30.0,-1.3318078147539207,-1.3318078147539207,18.8,36.66666666666666,48.0,10.857142857142858,0.0,0.0,33.33333333333333,-0.0708408412103149,27.42,D,C,SLOW,FAR,LOW PRIORITY,23.1
FACT.NS,734.9500122070312,2026-10-01T23:11:23.693897+05:30,WAITING FOR 0.786,2026-06-16,1058.5999755859375,2026-10-01,727.9500122070312,,987.8408834228516,893.2749938964844,1144.5689660644532,25.60036494334572,12.0,2.0,7.0,3.0,9.0,22.22222222222222,-0.369661139941861,-0.369661139941861,18.916666666666668,18.5,18.5,0.2857142857142857,0.0,0.0,100.0,-0.0195415580586005,32.81,D,C,SLOW,FAR,LOW PRIORITY,23.04
ELECON.NS,440.0,2026-10-01T23:11:23.693897+05:30,WAITING FOR 0.786,2026-06-16,576.0,2026-09-16,402.3999938964844,,538.8495986938476,489.1999969482422,621.1360015869141,18.34456199530547,14.0,2.0,10.0,2.0,12.0,16.666666666666664,-3.348117734908378,-3.348117734908378,16.857142857142858,18.5,18.5,7.4,50.0,50.0,50.0,-0.1986171537657512,30.94,D,C,SLOW,FAR,LOW PRIORITY,23.0
ESCORTS.NS,2667.300048828125,2026-10-01T23:11:23.693897+05:30,WAITING FOR 0.786,2026-02-12,3697.0,2026-10-01,2550.10009765625,,3451.563420898437,3123.550048828125,3995.193974609375,22.721974839627016,12.0,3.0,9.0,0.0,12.0,25.0,-0.0145901400566491,-0.0145901400566491,10.5,27.0,28.0,4.333333333333333,0.0,0.0,33.33333333333333,-0.0013895371482523,30.48,D,C,SLOW,FAR,LOW PRIORITY,22.92
DLINKINDIA.NS,406.6000061035156,2026-10-01T23:11:23.693897+05:30,WAITING FOR 0.786,2026-07-09,549.2000122070312,2026-10-01,400.8500061035156,,517.4531109008789,475.02500915527344,587.7710137939453,21.422830873384736,14.0,2.0,10.0,2.0,12.0,16.666666666666664,-3.6157523460572736,-3.6157523460572736,17.214285714285715,19.5,19.5,7.6,50.0,50.0,50.0,-0.210043704750215,30.52,D,C,SLOW,FAR,LOW PRIORITY,22.85
KWIL.NS,38.36000061035156,2026-10-01T23:11:23.693897+05:30,WAITING FOR 0.786,2026-08-24,50.68000030517578,2026-10-01,37.61000061035156,,47.8830203704834,44.14500045776367,54.07820022583008,19.88809328745295,2.0,1.0,1.0,0.0,2.0,50.0,1.4883614380849777,1.4883614380849777,8.5,7.0,7.0,10.0,0.0,100.0,100.0,0.1751013456570561,,INSUFFICIENT,C,FAST,FAR,LOW PRIORITY,22.73
REPRO.NS,303.8999938964844,2026-10-01T23:11:23.693897+05:30,WAITING FOR 0.786,2025-11-14,590.0,2026-09-25,276.1000061035156,,522.8254013061523,433.0500030517578,671.6139984130859,41.8735216121359,7.0,2.0,5.0,0.0,7.0,28.57142857142857,1.8471363831554173,1.8471363831554173,12.0,35.5,35.5,1.8,0.0,0.0,0.0,0.1539280319296181,30.81,D,C,SLOW,FAR,LOW PRIORITY,22.7
BALKRISIND.NS,2083.5,2026-10-01T23:11:23.693897+05:30,WAITING FOR 0.786,2026-02-10,2775.0,2026-06-11,1970.0,,2602.73,2372.5,2984.3,19.94943770579353,5.0,2.0,2.0,1.0,4.0,50.0,0.7961734389948979,0.7961734389948979,15.8,4.0,4.0,4.5,100.0,100.0,100.0,0.0503907239870188,,INSUFFICIENT,C,FAST,FAR,LOW PRIORITY,22.69
MASFIN.NS,272.8500061035156,2026-10-01T23:11:23.693897+05:30,WAITING FOR 0.786,2026-05-04,358.8500061035156,2026-10-01,268.95001220703125,,339.611407409668,313.90000915527344,382.2240045166016,19.65817397459183,6.0,1.0,3.0,2.0,4.0,25.0,-1.3392684481444626,-1.3392684481444626,25.5,14.0,14.0,4.666666666666667,0.0,0.0,100.0,-0.0525203312997828,35.41,D,C,MEDIUM,FAR,LOW PRIORITY,22.64
J&KBANK.NS,139.97999572753906,2026-10-01T23:11:23.693897+05:30,WAITING FOR 0.786,2026-07-10,201.75,2026-10-01,136.8000030517578,,187.85070065307616,169.2750015258789,218.63699920654287,25.48337842718245,9.0,2.0,7.0,0.0,9.0,22.22222222222222,2.0508312956162147,2.0508312956162147,12.444444444444445,41.5,41.5,3.4285714285714284,0.0,0.0,0.0,0.1647989433977315,28.59,D,C,SLOW,FAR,LOW PRIORITY,22.64
SAGCEM.NS,150.00999450683594,2026-10-01T23:11:23.693897+05:30,WAITING FOR 0.786,2025-09-26,260.1499938964844,2026-09-16,141.52000427246094,,234.76317611694336,200.83499908447263,290.9937911987305,36.1015654209283,4.0,1.0,1.0,2.0,2.0,50.0,0.0478341092463024,0.0478341092463024,30.5,0.0,0.0,0.0,100.0,100.0,100.0,0.0015683314506984,,INSUFFICIENT,C,FAST,FAR,LOW PRIORITY,22.57
CEINSYS.NS,654.25,2026-10-01T23:11:23.693897+05:30,WAITING FOR 0.786,2026-04-20,1249.9000244140625,2026-10-01,634.9500122070312,,1118.3007218017578,942.4250183105468,1409.7870275878906,41.49605850688349,2.0,1.0,1.0,0.0,2.0,50.0,1.369701648359419,1.369701648359419,3.5,6.0,6.0,0.0,0.0,100.0,100.0,0.3913433281026912,,INSUFFICIENT,C,FAST,FAR,LOW PRIORITY,22.55
GPPL.NS,165.8800048828125,2026-10-01T23:11:23.693897+05:30,WAITING FOR 0.786,2026-01-08,200.08999633789065,2026-03-30,141.5500030517578,,187.5624377746582,170.81999969482422,215.31039459228515,11.560114673864218,12.0,3.0,9.0,0.0,12.0,25.0,-0.7203243015605899,-0.7203243015605899,7.583333333333333,24.0,25.0,1.3333333333333333,0.0,0.0,33.33333333333333,-0.0949878199860118,29.37,D,C,SLOW,FAR,LOW PRIORITY,22.53
BORORENEW.NS,449.6000061035156,2026-10-01T23:11:23.693897+05:30,WAITING FOR 0.786,2026-08-13,585.2000122070312,2026-10-01,437.4500122070313,,553.5815122070312,511.3250122070313,623.6150122070312,18.783413790131785,4.0,2.0,2.0,0.0,4.0,50.0,-1.1159078066531578,-1.1159078066531578,2.0,1.0,1.0,3.0,100.0,100.0,100.0,-0.5579539033265789,,INSUFFICIENT,C,FAST,FAR,LOW PRIORITY,22.5
BIRLACORPN.NS,828.9500122070312,2026-10-01T23:11:23.693897+05:30,WAITING FOR 0.786,2025-10-06,1346.0999755859375,2026-03-16,769.5999755859375,,1222.7289755859374,1057.8499755859375,1495.9899755859374,32.204926131746035,4.0,2.0,2.0,0.0,4.0,50.0,-2.8944299394605206,-2.8944299394605206,16.25,3.0,3.0,29.0,50.0,100.0,100.0,-0.1781187655052628,,INSUFFICIENT,C,FAST,FAR,LOW PRIORITY,22.5
RUBFILA.NS,63.25,2026-10-01T23:11:23.693897+05:30,WAITING FOR 0.786,2026-08-11,79.0999984741211,2026-09-29,61.61000061035156,,75.35713893127442,70.35499954223633,83.64739791870117,16.066346338222992,2.0,1.0,1.0,0.0,2.0,50.0,-2.304866248111177,-2.304866248111177,8.0,1.0,1.0,15.0,100.0,100.0,100.0,-0.2881082810138971,,INSUFFICIENT,C,FAST,FAR,LOW PRIORITY,22.5
LTM.NS,4007.0,2026-10-01T23:11:23.693897+05:30,WAITING FOR 0.786,2026-01-19,6429.5,2026-06-30,3528.0,,5808.579,4978.75,7183.889999999999,31.01583020563205,4.0,1.0,1.0,2.0,2.0,50.0,-1.6886824252244927,-1.6886824252244927,34.75,0.0,0.0,18.0,100.0,100.0,100.0,-0.0485951777043019,,INSUFFICIENT,C,FAST,FAR,LOW PRIORITY,22.5
DYNPRO.NS,224.5800018310547,2026-10-01T23:11:23.693897+05:30,WAITING FOR 0.786,2025-09-30,367.0,2026-03-30,190.8000030517578,,329.29320065307616,278.9000015258789,412.81199920654296,31.79938079934456,2.0,1.0,1.0,0.0,2.0,50.0,-2.4490812356416614,-2.4490812356416614,4.5,0.0,0.0,8.0,100.0,100.0,100.0,-0.5442402745870358,,INSUFFICIENT,C,FAST,FAR,LOW PRIORITY,22.5
FCSSOFT.NS,1.3799999952316284,2026-10-01T23:11:23.693897+05:30,WAITING FOR 0.786,2025-10-23,2.5299999713897705,2026-03-30,1.0499999523162842,,2.2132799673080443,1.7899999618530271,2.9147999763488768,37.6490992727826,2.0,1.0,1.0,0.0,2.0,50.0,-2.146335345436669,-2.146335345436669,2.0,1.0,1.0,3.0,100.0,100.0,100.0,-1.0731676727183346,,INSUFFICIENT,C,FAST,FAR,LOW PRIORITY,22.5
ORICONENT.NS,49.97999954223633,2026-10-01T23:11:23.693897+05:30,WAITING FOR 0.786,2026-04-15,73.12000274658203,2026-09-28,47.040000915527344,,67.53888235473633,60.08000183105469,79.90080322265625,25.99818386137188,15.0,2.0,11.0,2.0,13.0,15.384615384615383,-4.16719302482311,-4.16719302482311,13.533333333333331,19.0,19.0,3.4545454545454546,50.0,50.0,50.0,-0.3079206668588505,30.14,D,C,SLOW,FAR,LOW PRIORITY,22.4
ULTRACEMCO.NS,10710.0,2026-10-01T23:11:23.693897+05:30,WAITING FOR 0.786,2026-02-10,13110.0,2026-03-23,10325.0,,12514.01,11717.5,13834.1,14.415922633911912,13.0,3.0,9.0,1.0,12.0,25.0,-1.2586333193239594,-1.2586333193239594,18.923076923076923,24.0,24.0,12.22222222222222,0.0,0.0,33.33333333333333,-0.0665131428911035,28.53,D,C,SLOW,FAR,LOW PRIORITY,22.24
BUTTERFLY.NS,550.5,2026-10-01T23:11:23.693897+05:30,WAITING FOR 0.786,2026-08-04,736.5,2026-10-01,522.25,,690.6505,629.375,792.2049999999999,20.292535805012808,5.0,2.0,3.0,0.0,5.0,40.0,2.029140458585668,2.029140458585668,4.0,5.0,5.0,2.6666666666666665,50.0,100.0,100.0,0.5072851146464169,,INSUFFICIENT,C,FAST,FAR,LOW PRIORITY,22.04
CAMPUS.NS,205.8300018310547,2026-10-01T23:11:23.693897+05:30,WAITING FOR 0.786,2026-02-10,284.75,2026-10-01,199.5399932861328,,266.5150585632324,242.1449966430664,306.9046017456055,22.76984162145562,3.0,1.0,2.0,0.0,3.0,33.33333333333333,3.109922165426671,3.109922165426671,2.0,4.0,4.0,0.0,100.0,100.0,100.0,1.5549610827133356,,INSUFFICIENT,C,FAST,FAR,LOW PRIORITY,22.0
SBFC.NS,84.19000244140625,2026-10-01T23:11:23.693897+05:30,WAITING FOR 0.786,2025-11-03,123.0,2026-03-30,79.5999984741211,,113.71239967346192,101.29999923706056,134.28400039672852,25.96233771939788,10.0,2.0,8.0,0.0,10.0,20.0,-1.3366162094479148,-1.3366162094479148,8.5,21.0,21.0,5.25,50.0,50.0,50.0,-0.1572489658174017,31.41,D,C,SLOW,FAR,LOW PRIORITY,21.99
PIDILITIND.NS,1464.0,2026-10-01T23:11:23.693897+05:30,WAITING FOR 0.786,2026-08-14,1707.5,2026-10-01,1456.800048828125,,1653.8502104492188,1582.1500244140625,1772.6819873046877,11.479286893681364,7.0,2.0,4.0,1.0,6.0,33.33333333333333,0.0096801778123214,0.0096801778123214,24.285714285714285,21.5,21.5,16.5,0.0,0.0,50.0,0.0003985955569779,32.85,D,C,SLOW,FAR,LOW PRIORITY,21.85
RPSGVENT.NS,829.8499755859375,2026-10-01T23:11:23.693897+05:30,WAITING FOR 0.786,2026-04-07,1179.0,2026-04-29,802.25,,1098.3755,990.625,1276.955,24.447515846271383,3.0,1.0,2.0,0.0,3.0,33.33333333333333,3.527103437164649,3.527103437164649,10.666666666666666,6.0,6.0,13.0,0.0,100.0,100.0,0.3306659472341859,,INSUFFICIENT,C,FAST,FAR,LOW PRIORITY,21.62
DREDGECORP.NS,895.2000122070312,2026-10-01T23:11:23.693897+05:30,WAITING FOR 0.786,2026-08-20,1204.0,2026-10-01,881.0,,1134.878,1042.5,1287.98,21.11927341907841,8.0,2.0,6.0,0.0,8.0,25.0,-1.4887480816828491,-1.4887480816828491,15.5,24.0,24.0,12.333333333333334,0.0,50.0,50.0,-0.0960482633343773,32.17,D,C,SLOW,FAR,LOW PRIORITY,21.51
IVALUE.NS,219.27999877929688,2026-10-01T23:11:23.693897+05:30,WAITING FOR 0.786,2026-08-24,297.6000061035156,2026-09-21,200.8800048828125,,276.90192584228515,249.2400054931641,322.74720642089846,20.809507513432017,2.0,1.0,1.0,0.0,2.0,50.0,-1.6698181345726235,-1.6698181345726235,11.0,5.0,5.0,17.0,100.0,100.0,100.0,-0.1518016485975112,,INSUFFICIENT,C,FAST,FAR,LOW PRIORITY,21.5
AWL.NS,175.42999267578125,2026-10-01T23:11:23.693897+05:30,WAITING FOR 0.786,2025-11-21,282.8999938964844,2026-03-16,171.19000244140625,,258.99405572509767,227.0449981689453,311.94459167480466,32.26485751395517,2.0,1.0,1.0,0.0,2.0,50.0,-1.2716224653502568,-1.2716224653502568,9.0,5.0,5.0,13.0,100.0,100.0,100.0,-0.1412913850389174,,INSUFFICIENT,C,FAST,FAR,LOW PRIORITY,21.5
ORCHASP.NS,1.2799999713897705,2026-10-01T23:11:23.693897+05:30,WAITING FOR 0.786,2025-10-16,4.159999847412109,2026-10-01,1.2200000286102295,,3.530839886188508,2.689999938011169,4.924399800300598,63.74800294975957,2.0,1.0,1.0,0.0,2.0,50.0,-0.0085921625679095,-0.0085921625679095,16.5,4.0,4.0,29.0,100.0,100.0,100.0,-0.0005207371253278,,INSUFFICIENT,C,FAST,FAR,LOW PRIORITY,21.5
SYNGENE.NS,361.2999877929688,2026-10-01T23:11:23.693897+05:30,WAITING FOR 0.786,2026-01-07,678.9500122070312,2026-10-01,353.29998779296875,,609.2609069824218,516.125,763.6190185546875,40.69864262546672,7.0,2.0,5.0,0.0,7.0,28.57142857142857,-0.4195029979031514,-0.4195029979031514,14.571428571428571,25.0,25.0,10.2,0.0,50.0,50.0,-0.028789421424726,35.27,D,C,SLOW,FAR,LOW PRIORITY,21.49
BAJAJCON.NS,497.0499877929688,2026-10-01T23:11:23.693897+05:30,WAITING FOR 0.786,2026-07-13,692.0,2026-08-27,447.8500061035156,,639.7519013061524,569.9250030517578,755.478998413086,22.30582093180741,9.0,2.0,5.0,2.0,7.0,28.57142857142857,-0.5462764442090836,-0.5462764442090836,21.55555555555556,20.5,20.5,5.8,50.0,50.0,50.0,-0.0253427216385657,35.08,D,C,SLOW,FAR,LOW PRIORITY,21.42
AURUM.NS,223.41000366210932,2026-10-01T23:11:23.693897+05:30,WAITING FOR 0.786,2026-07-15,264.6400146484375,2026-08-04,205.3500061035156,,251.9519528198242,234.99501037597656,280.0554168701172,11.328330198784268,11.0,1.0,10.0,0.0,11.0,9.090909090909092,-4.165212113986349,-4.165212113986349,7.909090909090909,11.0,11.0,6.8,0.0,0.0,100.0,-0.5266360144120671,25.63,D,C,MEDIUM,FAR,LOW PRIORITY,21.24
AVANTIFEED.NS,711.5499877929688,2026-10-01T23:11:23.693897+05:30,WAITING FOR 0.786,2026-04-21,1593.800048828125,2026-10-01,700.0,,1402.5268383789062,1146.9000244140625,1826.1880615234368,49.26656885828971,12.0,1.0,9.0,2.0,10.0,10.0,-4.869462076601356,-4.869462076601356,13.916666666666666,12.0,12.0,3.111111111111111,0.0,0.0,100.0,-0.3499014665821334,24.89,D,C,MEDIUM,FAR,LOW PRIORITY,21.21
BANKINDIA.NS,129.47999572753906,2026-10-01T23:11:23.693897+05:30,WAITING FOR 0.786,2026-02-27,178.36000061035156,2026-10-01,126.7300033569336,,167.31118119812012,152.54500198364258,191.78379989624025,22.611271523917807,8.0,2.0,5.0,1.0,7.0,28.57142857142857,0.2236474840075524,0.2236474840075524,22.625,31.5,31.5,11.6,0.0,50.0,50.0,0.009884971668842,33.28,D,C,SLOW,FAR,LOW PRIORITY,21.13
WEIZMANIND.NS,71.44999694824219,2026-10-01T23:11:23.693897+05:30,WAITING FOR 0.786,2025-11-11,114.5,2026-03-30,65.20999908447266,,103.95193980407714,89.85499954223633,127.31540023803711,31.266316835542284,12.0,2.0,9.0,1.0,11.0,18.181818181818183,-2.121359794966137,-2.121359794966137,12.5,30.0,30.0,2.555555555555556,50.0,50.0,50.0,-0.1697087835972909,29.46,D,C,SLOW,FAR,LOW PRIORITY,20.86
GSS.NS,10.329999923706056,2026-10-01T23:11:23.693897+05:30,WAITING FOR 0.786,2025-10-08,27.5,2026-03-30,8.680000305175781,,23.47252006530762,18.09000015258789,32.3931999206543,55.991091306068185,9.0,1.0,8.0,0.0,9.0,11.11111111111111,-2.0112139973713377,-2.0112139973713377,3.4444444444444446,13.0,13.0,1.5,0.0,0.0,100.0,-0.5839008379465174,28.8,D,C,MEDIUM,FAR,LOW PRIORITY,20.86
METROBRAND.NS,833.5,2026-10-01T23:11:23.693897+05:30,WAITING FOR 0.786,2025-10-01,1308.800048828125,2026-10-01,815.0,,1203.1268383789063,1061.9000244140625,1437.1880615234377,30.72218377880604,14.0,1.0,12.0,1.0,13.0,7.6923076923076925,-4.2730076923022375,-4.2730076923022375,12.0,15.0,15.0,7.25,0.0,0.0,100.0,-0.3560839743585198,24.9,D,C,MEDIUM,FAR,LOW PRIORITY,20.64
JMFINANCIL.NS,123.4000015258789,2026-10-01T23:11:23.693897+05:30,WAITING FOR 0.786,2025-10-16,182.5,2026-03-30,112.0,,167.413,147.25,200.83,26.29007214142337,4.0,1.0,1.0,2.0,2.0,50.0,-0.8554500064076823,-0.8554500064076823,36.5,7.0,7.0,19.0,0.0,100.0,100.0,-0.0234369864769228,,INSUFFICIENT,C,FAST,FAR,LOW PRIORITY,20.5
SURANAT&P.NS,15.979999542236328,2026-10-01T23:11:23.693897+05:30,WAITING FOR 0.786,2026-06-19,21.479999542236328,2026-08-27,15.5,,20.20027964019776,18.489999771118164,23.034799423217773,20.892186509949287,8.0,2.0,6.0,0.0,8.0,25.0,-0.243181043789868,-0.243181043789868,10.0,29.5,29.5,3.0,0.0,0.0,50.0,-0.0243181043789868,29.12,D,C,SLOW,FAR,LOW PRIORITY,20.44
RUSHIL.NS,15.899999618530272,2026-10-01T23:11:23.693897+05:30,WAITING FOR 0.786,2025-09-26,30.5,2026-03-30,12.489999771118164,,26.64585995101929,21.49499988555908,35.18260005950928,40.32844258823762,4.0,2.0,2.0,0.0,4.0,50.0,3.9438665314835255,3.9438665314835255,11.0,19.0,19.0,2.5,50.0,50.0,50.0,0.3585333210439568,,INSUFFICIENT,C,SLOW,FAR,LOW PRIORITY,20.42
EMMVEE.NS,305.8999938964844,2026-10-01T23:11:23.693897+05:30,WAITING FOR 0.786,2026-07-16,371.5499877929688,2026-10-01,300.8500061035156,,356.4201917114258,336.1999969482422,389.9319830322266,14.174336636866212,2.0,1.0,1.0,0.0,2.0,50.0,5.254758247427481,5.254758247427481,15.0,29.0,29.0,0.0,0.0,0.0,0.0,0.3503172164951654,,INSUFFICIENT,C,SLOW,FAR,LOW PRIORITY,20.38
ROSSELLIND.NS,50.220001220703125,2026-10-01T23:11:23.693897+05:30,WAITING FOR 0.786,2026-08-27,73.0,2026-10-01,49.959999084472656,,68.06943980407715,61.47999954223633,78.99040023803711,26.222396768284987,10.0,2.0,8.0,0.0,10.0,20.0,-1.154287101606482,-1.154287101606482,8.7,22.0,22.0,4.5,0.0,0.0,50.0,-0.1326766783455726,26.7,D,C,SLOW,FAR,LOW PRIORITY,20.34
TEAMGTY.NS,235.1000061035156,2026-10-01T23:11:23.693897+05:30,WAITING FOR 0.786,2026-05-19,300.0,2026-07-08,210.0,,280.74,255.0,323.4,16.25703280490289,11.0,2.0,9.0,0.0,11.0,18.181818181818183,-3.088290673630979,-3.088290673630979,5.818181818181818,25.5,25.5,0.7777777777777778,50.0,50.0,50.0,-0.5307999595303245,27.95,D,C,SLOW,FAR,LOW PRIORITY,20.33
IMPAL.NS,1009.0999755859376,2026-10-01T23:11:23.693897+05:30,WAITING FOR 0.786,2026-07-07,1238.9000244140625,2026-10-01,998.2999877929688,,1187.4116165771484,1118.6000061035156,1301.4560339355469,15.016834811269142,9.0,2.0,6.0,1.0,8.0,25.0,-0.542224773098502,-0.542224773098502,16.555555555555557,24.5,24.5,5.833333333333333,0.0,0.0,50.0,-0.0327518319321242,28.65,D,C,SLOW,FAR,LOW PRIORITY,20.28
CENTRUM.NS,19.89999961853028,2026-10-01T23:11:23.693897+05:30,WAITING FOR 0.786,2025-11-10,35.900001525878906,2026-10-01,18.709999084472656,,32.22134100341797,27.30500030517578,40.369402160644526,38.23969146281241,6.0,2.0,4.0,0.0,6.0,33.33333333333333,-0.9135295088912572,-0.9135295088912572,17.0,42.5,42.5,4.0,0.0,0.0,0.0,-0.0537370299347798,28.41,D,C,SLOW,FAR,LOW PRIORITY,20.28
NAHARINDUS.NS,127.73999786376952,2026-10-01T23:11:23.693897+05:30,WAITING FOR 0.786,2026-08-25,154.0,2026-09-16,124.0,,147.58,139.0,161.8,13.443557484910205,4.0,2.0,2.0,0.0,4.0,50.0,5.186616648167417,5.186616648167417,11.25,21.5,21.5,0.5,0.0,0.0,50.0,0.4610325909482148,,INSUFFICIENT,C,SLOW,FAR,LOW PRIORITY,20.28
KEC.NS,372.3500061035156,2026-10-01T23:11:23.693897+05:30,WAITING FOR 0.786,2025-10-14,893.0,2026-10-01,367.5,,780.543,630.25,1029.63,52.29602903318386,12.0,2.0,10.0,0.0,12.0,16.666666666666664,-2.1185906607537537,-2.1185906607537537,6.25,21.5,21.5,2.6,0.0,50.0,50.0,-0.3389745057206006,28.86,D,C,SLOW,FAR,LOW PRIORITY,20.27
STCINDIA.NS,105.95999908447266,2026-10-01T23:11:23.693897+05:30,WAITING FOR 0.786,2026-08-20,125.5,2026-09-29,105.0,,121.113,115.25,130.83,12.511456999271212,8.0,2.0,6.0,0.0,8.0,25.0,0.3377846486461324,0.3377846486461324,10.375,33.5,33.5,1.8333333333333333,0.0,0.0,50.0,0.0325575564960127,27.03,D,C,SLOW,FAR,LOW PRIORITY,20.22
SIGNATURE.NS,737.4500122070312,2026-10-01T23:11:23.693897+05:30,WAITING FOR 0.786,2026-02-23,1024.800048828125,2026-04-02,705.2000122070312,,956.4056409912108,865.0000305175781,1107.8960583496091,22.89359445404942,2.0,1.0,1.0,0.0,2.0,50.0,5.087358444630403,5.087358444630403,12.5,24.0,24.0,0.0,0.0,0.0,0.0,0.4069886755704322,,INSUFFICIENT,C,SLOW,FAR,LOW PRIORITY,20.13
NDTV.NS,68.08000183105469,2026-10-01T23:11:23.693897+05:30,WAITING FOR 0.786,2025-09-26,121.94000244140624,2026-03-30,58.75,,108.41734191894533,90.34500122070312,138.36940307617186,37.20561616244707,5.0,2.0,3.0,0.0,5.0,40.0,1.3656351698322844,1.3656351698322844,4.4,7.0,7.0,1.6666666666666667,50.0,50.0,100.0,0.3103716295073373,,INSUFFICIENT,C,FAST,FAR,LOW PRIORITY,20.05
PAR.NS,123.9499969482422,2026-10-01T23:11:23.693897+05:30,WAITING FOR 0.786,2026-09-03,180.0,2026-10-01,122.0,,167.588,151.0,195.08,26.038859018400963,5.0,2.0,3.0,0.0,5.0,40.0,-1.5156528708429282,-1.5156528708429282,10.8,0.5,0.5,16.666666666666668,100.0,100.0,100.0,-0.1403382287817526,,INSUFFICIENT,C,FAST,FAR,LOW PRIORITY,20.0
NEXTMEDIA.NS,3.5799999237060547,2026-10-01T23:11:23.693897+05:30,WAITING FOR 0.786,2025-10-30,8.479999542236328,2026-08-26,3.1600000858306885,,7.341519658565521,5.819999814033508,9.863199400901795,51.23625502345164,5.0,2.0,3.0,0.0,5.0,40.0,-1.4527244588537556,-1.4527244588537556,2.6,1.5,1.5,2.333333333333333,100.0,100.0,100.0,-0.5587401764822136,,INSUFFICIENT,C,FAST,FAR,LOW PRIORITY,20.0
SILINV.NS,424.5499877929688,2026-10-01T23:11:23.693897+05:30,WAITING FOR 0.786,2025-10-17,767.0,2026-03-30,380.0,,684.182,573.5,867.62,37.947799300044615,12.0,2.0,10.0,0.0,12.0,16.666666666666664,-2.712404739530001,-2.712404739530001,5.0,22.5,22.5,0.9,50.0,50.0,50.0,-0.5424809479060002,27.93,D,C,SLOW,FAR,LOW PRIORITY,19.94
ARVEE.NS,215.32000732421875,2026-10-01T23:11:23.693897+05:30,WAITING FOR 0.786,2025-12-19,290.7799987792969,2026-03-30,129.11000061035156,,256.18261917114256,209.94499969482425,332.81419830322267,15.950579309061396,7.0,1.0,5.0,1.0,6.0,16.666666666666664,-4.126516471667377,-4.126516471667377,14.428571428571429,15.0,15.0,4.6,0.0,0.0,100.0,-0.2859961911056597,27.72,D,C,MEDIUM,FAR,LOW PRIORITY,19.87
CIPLA.NS,1344.0,2026-10-01T23:11:23.693897+05:30,WAITING FOR 0.786,2025-10-23,1673.0,2026-04-02,1165.699951171875,,1564.4377895507812,1419.3499755859375,1804.8980126953124,14.090543645975115,7.0,2.0,5.0,0.0,7.0,28.57142857142857,-0.2511400340501438,-0.2511400340501438,14.285714285714286,20.5,20.5,11.8,0.0,0.0,50.0,-0.01757980238351,30.54,D,C,SLOW,FAR,LOW PRIORITY,19.83
RELIANCE.NS,1167.699951171875,2026-10-01T23:11:23.693897+05:30,WAITING FOR 0.786,2026-01-05,1611.800048828125,2026-10-01,1160.800048828125,,1515.2860488281249,1386.300048828125,1729.060048828125,22.93864567188896,6.0,1.0,4.0,1.0,5.0,20.0,-3.1779551036363856,-3.1779551036363856,28.33333333333333,15.0,15.0,23.5,0.0,0.0,100.0,-0.1121631213048136,30.53,D,C,MEDIUM,FAR,LOW PRIORITY,19.69
NIBE.NS,1234.5,2026-10-01T23:11:23.693897+05:30,WAITING FOR 0.786,2026-06-22,1848.0,2026-09-16,1188.0,,1706.76,1518.0,2019.6,27.66997117345145,2.0,1.0,1.0,0.0,2.0,50.0,4.750995671675664,4.750995671675664,46.0,51.0,51.0,41.0,0.0,0.0,0.0,0.1032825146016448,,INSUFFICIENT,C,SLOW,FAR,LOW PRIORITY,19.63
NAVNETEDUL.NS,123.87000274658205,2026-10-01T23:11:23.693897+05:30,WAITING FOR 0.786,2026-07-13,156.0,2026-09-29,120.3499984741211,,148.3708996734619,138.17499923706055,165.26900039672853,16.513276512309364,14.0,2.0,12.0,0.0,14.0,14.285714285714285,-1.6115386595084134,-1.6115386595084134,5.857142857142857,23.5,23.5,2.333333333333333,50.0,50.0,50.0,-0.2751407467453389,28.7,D,C,SLOW,FAR,LOW PRIORITY,19.62
MAITHANALL.NS,927.0,2026-10-01T23:11:23.693897+05:30,WAITING FOR 0.786,2026-09-08,1119.4000244140625,2026-10-01,901.0,,1072.6624191894532,1010.2000122070312,1176.1840307617188,13.57952106679766,3.0,1.0,2.0,0.0,3.0,33.33333333333333,0.8553167317423993,0.8553167317423993,1.3333333333333333,2.0,2.0,0.0,100.0,100.0,100.0,0.6414875488067995,,INSUFFICIENT,C,FAST,FAR,LOW PRIORITY,19.62
AXITA.NS,7.579999923706055,2026-10-01T23:11:23.693897+05:30,WAITING FOR 0.786,2025-12-31,12.199999809265137,2026-06-10,6.570000171661377,,10.995179886817931,9.384999990463257,13.663799715042114,31.06070112783076,5.0,2.0,3.0,0.0,5.0,40.0,1.046869484237431,1.046869484237431,3.4,6.5,6.5,0.0,50.0,50.0,100.0,0.3079027894815974,,INSUFFICIENT,C,FAST,FAR,LOW PRIORITY,19.57
VINEETLAB.NS,35.90999984741211,2026-10-01T23:11:23.693897+05:30,WAITING FOR 0.786,2025-10-30,49.9900016784668,2026-03-09,27.959999084472656,,45.275581123352055,38.97500038146973,55.71780235290528,20.685722951680468,9.0,2.0,7.0,0.0,9.0,22.22222222222222,-3.1004408817056173,-3.1004408817056173,9.22222222222222,25.5,25.5,4.142857142857143,50.0,50.0,50.0,-0.3361923847632597,28.54,D,C,SLOW,FAR,LOW PRIORITY,19.54
GREENPANEL.NS,158.58999633789062,2026-10-01T23:11:23.693897+05:30,WAITING FOR 0.786,2025-10-01,314.3999938964844,2026-09-16,148.50999450683594,,278.8995340270996,231.45499420166016,357.531393737793,43.13723151560338,3.0,1.0,2.0,0.0,3.0,33.33333333333333,0.7832253149495885,0.7832253149495885,1.6666666666666667,3.0,3.0,0.5,100.0,100.0,100.0,0.469935188969753,,INSUFFICIENT,C,FAST,FAR,LOW PRIORITY,19.51
WAAREERTL.NS,808.7999877929688,2026-10-01T23:11:23.693897+05:30,WAITING FOR 0.786,2025-10-27,1358.0,2026-03-30,779.5,,1234.201,1068.75,1508.41,34.467725452096644,2.0,1.0,1.0,0.0,2.0,50.0,1.9942980190321693,1.9942980190321693,7.5,14.0,14.0,0.0,0.0,0.0,100.0,0.2659064025376226,,INSUFFICIENT,C,MEDIUM,FAR,LOW PRIORITY,19.49
PANAMAPET.NS,487.1000061035156,2026-10-01T23:11:23.693897+05:30,WAITING FOR 0.786,2026-08-12,599.5999755859375,2026-09-16,436.8500061035156,,564.7714821166992,518.2249908447266,641.9149676513672,13.752726274719064,8.0,1.0,6.0,1.0,7.0,14.285714285714285,-3.1357931513046537,-3.1357931513046537,16.375,12.0,12.0,9.166666666666666,0.0,0.0,100.0,-0.1914988184002842,28.31,D,C,MEDIUM,FAR,LOW PRIORITY,19.48
AMBER.NS,6500.0,2026-10-01T23:11:23.693897+05:30,WAITING FOR 0.786,2026-05-07,8974.0,2026-10-01,6431.0,,8429.798,7702.5,9635.18,22.89257702260482,9.0,1.0,6.0,2.0,7.0,14.285714285714285,-3.3129930923193887,-3.3129930923193887,19.88888888888889,15.0,15.0,6.666666666666667,0.0,0.0,100.0,-0.1665750716808631,28.04,D,C,MEDIUM,FAR,LOW PRIORITY,19.39
RICOAUTO.NS,121.62999725341795,2026-10-01T23:11:23.693897+05:30,WAITING FOR 0.786,2026-08-05,157.99000549316406,2026-10-01,119.33999633789062,,149.71890353393556,138.66500091552734,168.03900787353516,18.761095371067093,12.0,2.0,9.0,1.0,11.0,18.181818181818183,-1.6387497453563988,-1.6387497453563988,11.833333333333334,29.5,29.5,2.0,0.0,0.0,50.0,-0.1384858939737801,25.21,D,C,SLOW,FAR,LOW PRIORITY,19.37
IFBIND.NS,1166.199951171875,2026-10-01T23:11:23.693897+05:30,WAITING FOR 0.786,2025-10-31,2019.800048828125,2026-03-30,883.2000122070312,,1776.567640991211,1451.500030517578,2315.316058349609,34.35656913568401,6.0,1.0,4.0,1.0,5.0,20.0,2.805425559688946,2.805425559688946,18.83333333333333,48.0,48.0,0.0,0.0,0.0,0.0,0.1489606491870236,28.88,D,C,SLOW,FAR,LOW PRIORITY,19.32
ESTER.NS,95.5199966430664,2026-10-01T23:11:23.693897+05:30,WAITING FOR 0.786,2025-10-07,132.4499969482422,2026-03-30,68.55000305175781,,118.77539825439452,100.5,149.06399536132812,19.57930847052976,8.0,1.0,7.0,0.0,8.0,12.5,-6.229098060020263,-6.229098060020263,9.75,11.0,11.0,9.142857142857142,0.0,0.0,100.0,-0.6388818523097706,22.77,D,C,MEDIUM,FAR,LOW PRIORITY,19.09
SIS.NS,412.8500061035156,2026-10-01T23:11:23.693897+05:30,WAITING FOR 0.786,2026-06-24,480.9500122070313,2026-09-28,378.5,,459.02570959472655,429.7250061035156,507.5870153808594,10.059502665325526,5.0,2.0,3.0,0.0,5.0,40.0,-1.5252063492801562,-1.5252063492801562,12.4,5.0,5.0,16.666666666666668,50.0,100.0,100.0,-0.1230005120387222,,INSUFFICIENT,C,FAST,FAR,LOW PRIORITY,19.0
IRFC.NS,77.05999755859375,2026-10-01T23:11:23.693897+05:30,WAITING FOR 0.786,2025-12-29,137.1699981689453,2026-10-01,76.51000213623047,,124.18875901794434,106.84000015258788,152.94159713745117,37.94929736961204,5.0,2.0,3.0,0.0,5.0,40.0,0.6255808055963392,0.6255808055963392,9.8,5.5,5.5,12.333333333333334,50.0,100.0,100.0,0.063834776081259,,INSUFFICIENT,C,FAST,FAR,LOW PRIORITY,18.94
SUNDARAM.NS,1.0800000429153442,2026-10-01T23:11:23.693897+05:30,WAITING FOR 0.786,2025-10-16,2.200000047683716,2026-09-24,1.0199999809265137,,1.9474800333976745,1.6100000143051147,2.506800065040588,44.54371678301008,3.0,1.0,2.0,0.0,3.0,33.33333333333333,0.3382755582653557,0.3382755582653557,1.3333333333333333,2.0,2.0,0.5,100.0,100.0,100.0,0.2537066686990168,,INSUFFICIENT,C,FAST,FAR,LOW PRIORITY,18.84
VINATIORGA.NS,1208.0999755859375,2026-10-01T23:11:23.693897+05:30,WAITING FOR 0.786,2025-09-29,1849.9000244140625,2026-10-01,1143.5999755859375,,1698.7518139648437,1496.75,2033.538037109375,28.88307958498877,7.0,2.0,5.0,0.0,7.0,28.57142857142857,-0.2522477014455231,-0.2522477014455231,32.285714285714285,38.5,38.5,29.6,0.0,0.0,0.0,-0.0078129819031799,27.53,D,C,SLOW,FAR,LOW PRIORITY,18.78
MITTAL.NS,0.699999988079071,2026-10-01T23:11:23.693897+05:30,WAITING FOR 0.786,2025-09-26,1.6299999952316284,2026-10-01,0.6800000071525574,,1.4266999977827073,1.155000001192093,1.876999992132187,50.93572656010586,6.0,1.0,5.0,0.0,6.0,16.666666666666664,-6.108606074162942,-6.108606074162942,9.666666666666666,12.0,12.0,8.6,0.0,0.0,100.0,-0.6319247662927182,24.62,D,C,MEDIUM,FAR,LOW PRIORITY,18.78
MINDACORP.NS,667.3499755859375,2026-10-01T23:11:23.693897+05:30,WAITING FOR 0.786,2026-08-14,769.0,2026-10-01,649.3499755859375,,743.3948947753906,709.1749877929688,800.1090063476563,10.22941100670719,19.0,2.0,16.0,1.0,18.0,11.11111111111111,-2.086978688531811,-2.086978688531811,10.0,26.0,26.0,4.3125,0.0,0.0,0.0,-0.2086978688531811,22.68,D,C,SLOW,FAR,LOW PRIORITY,18.72
SHK.NS,137.86000061035156,2026-10-01T23:11:23.693897+05:30,WAITING FOR 0.786,2025-09-26,243.97999572753903,2026-03-30,111.9800033569336,,215.7319973602295,177.97999954223633,278.2999937438965,36.09663735688091,4.0,1.0,2.0,1.0,3.0,33.33333333333333,0.2589155429751624,0.2589155429751624,16.25,0.0,0.0,0.0,100.0,100.0,100.0,0.0159332641830869,,INSUFFICIENT,C,FAST,FAR,LOW PRIORITY,18.72
PRUDENT.NS,3119.10009765625,2026-10-01T23:11:23.693897+05:30,WAITING FOR 0.786,2026-08-31,4105.5,2026-09-28,3038.800048828125,,3877.226210449219,3572.1500244140625,4382.841987304688,19.553311353095687,12.0,2.0,10.0,0.0,12.0,16.666666666666664,-1.8121651746440648,-1.8121651746440648,6.75,25.0,25.0,2.3,0.0,0.0,50.0,-0.2684689147620836,24.34,D,C,SLOW,FAR,LOW PRIORITY,18.69
ICICIAMC.NS,3084.39990234375,2026-10-01T23:11:23.693897+05:30,WAITING FOR 0.786,2026-06-19,3568.0,2026-09-07,2933.300048828125,,3432.1742104492187,3250.6500244140625,3733.021987304688,10.132769690031274,3.0,1.0,2.0,0.0,3.0,33.33333333333333,0.2032128896055859,0.2032128896055859,1.3333333333333333,2.0,2.0,0.0,100.0,100.0,100.0,0.1524096672041894,,INSUFFICIENT,C,FAST,FAR,LOW PRIORITY,18.64
JTEKTINDIA.NS,115.83999633789062,2026-10-01T23:11:23.693897+05:30,WAITING FOR 0.786,2026-07-01,159.5,2026-09-29,114.1999969482422,,149.80579934692383,136.8499984741211,171.27800079345704,22.67322303749696,6.0,1.0,4.0,1.0,5.0,20.0,-5.118020403937993,-5.118020403937993,21.0,14.0,14.0,12.5,0.0,0.0,100.0,-0.2437152573303806,27.5,D,C,MEDIUM,FAR,LOW PRIORITY,18.62
INDIGO.NS,4929.89990234375,2026-10-01T23:11:23.693897+05:30,WAITING FOR 0.786,2025-11-24,5970.0,2026-03-23,3895.199951171875,,5525.992789550781,4932.5999755859375,6509.448012695313,10.787073199483642,9.0,2.0,7.0,0.0,9.0,22.22222222222222,-1.6100029080897906,-1.6100029080897906,15.88888888888889,29.5,29.5,11.857142857142858,0.0,0.0,50.0,-0.1013288543553015,25.87,D,C,SLOW,FAR,LOW PRIORITY,18.61
RATEGAIN.NS,840.6500244140625,2026-10-01T23:11:23.693897+05:30,WAITING FOR 0.786,2026-08-06,1050.0,2026-09-28,814.0499877929688,,999.5066973876952,932.0249938964844,1111.3470031738282,15.893507606184098,5.0,1.0,3.0,1.0,4.0,25.0,6.819520651445411,6.819520651445411,19.6,20.0,20.0,5.666666666666667,0.0,0.0,100.0,0.3479347271145617,,INSUFFICIENT,C,SLOW,FAR,LOW PRIORITY,18.48
BIMETAL.NS,640.0,2026-10-01T23:11:23.693897+05:30,WAITING FOR 0.786,2026-07-13,750.75,2026-09-07,575.7999877929688,,713.3106973876953,663.2749938964844,796.2370031738282,10.27752670136248,3.0,1.0,2.0,0.0,3.0,33.33333333333333,0.0933405925945671,0.0933405925945671,1.0,0.0,0.0,0.0,100.0,100.0,100.0,0.0933405925945671,,INSUFFICIENT,C,FAST,FAR,LOW PRIORITY,18.47
ADVENZYMES.NS,274.25,2026-10-01T23:11:23.693897+05:30,WAITING FOR 0.786,2026-05-11,419.0,2026-10-01,270.0,,387.114,344.5,457.74,29.15523592533466,4.0,1.0,2.0,1.0,3.0,33.33333333333333,0.0238336475336766,0.0238336475336766,18.25,3.0,3.0,5.0,100.0,100.0,100.0,0.0013059532895165,,INSUFFICIENT,C,FAST,FAR,LOW PRIORITY,18.37
PSB.NS,20.959999084472656,2026-10-01T23:11:23.693897+05:30,WAITING FOR 0.786,2025-10-31,32.459999084472656,2026-03-30,20.5,,29.90055928039551,26.479999542236328,35.56959884643555,29.9009798180758,5.0,2.0,3.0,0.0,5.0,40.0,4.217052722601933,4.217052722601933,7.4,15.5,15.5,1.3333333333333333,0.0,0.0,100.0,0.5698719895408016,,INSUFFICIENT,C,SLOW,FAR,LOW PRIORITY,18.33
SHIVAMILLS.NS,56.59000015258789,2026-10-01T23:11:23.693897+05:30,WAITING FOR 0.786,2026-08-11,67.0,2026-10-01,56.27000045776367,,64.70378009796143,61.63500022888184,69.78979988098145,12.539885510690857,3.0,1.0,2.0,0.0,3.0,33.33333333333333,-1.2117994559624858,-1.2117994559624858,1.3333333333333333,2.0,2.0,0.0,100.0,100.0,100.0,-0.9088495919718644,,INSUFFICIENT,C,FAST,FAR,LOW PRIORITY,18.33
VIDYAWIRES.NS,90.97000122070312,2026-10-01T23:11:23.693897+05:30,WAITING FOR 0.786,2026-06-23,110.8499984741211,2026-09-16,82.0,,104.67609880065918,96.42499923706056,118.35099807739256,13.093817726296214,3.0,1.0,2.0,0.0,3.0,33.33333333333333,-3.13629359320378,-3.13629359320378,2.0,0.0,0.0,2.5,100.0,100.0,100.0,-1.56814679660189,,INSUFFICIENT,C,FAST,FAR,LOW PRIORITY,18.33
IRMENERGY.NS,257.70001220703125,2026-10-01T23:11:23.693897+05:30,WAITING FOR 0.786,2026-08-07,315.0,2026-10-01,253.0500030517578,,301.74270065307616,284.0250015258789,331.106999206543,14.596107329430408,3.0,1.0,2.0,0.0,3.0,33.33333333333333,-2.250795073941702,-2.250795073941702,10.666666666666666,0.0,0.0,15.0,100.0,100.0,100.0,-0.2110120381820346,,INSUFFICIENT,C,FAST,FAR,LOW PRIORITY,18.33
GROWW.NS,180.11000061035156,2026-10-01T23:11:23.693897+05:30,WAITING FOR 0.786,2026-07-16,220.97999572753903,2026-10-01,178.00999450683594,,211.7844154663086,199.4949951171875,232.15219604492188,14.955970573290791,3.0,1.0,2.0,0.0,3.0,33.33333333333333,-1.23847730607133,-1.23847730607133,2.0,2.0,2.0,1.5,100.0,100.0,100.0,-0.6192386530356649,,INSUFFICIENT,C,FAST,FAR,LOW PRIORITY,18.33
HEALTHX.NS,273.0,2026-10-01T23:11:23.693897+05:30,WAITING FOR 0.786,2026-07-14,347.8500061035156,2026-10-01,270.20001220703125,,331.232907409668,309.02500915527344,368.0390045166016,17.580652799586023,4.0,1.0,2.0,1.0,3.0,33.33333333333333,-3.7811221337328496,-3.7811221337328496,19.25,1.0,1.0,6.0,100.0,100.0,100.0,-0.1964219290250831,,INSUFFICIENT,C,FAST,FAR,LOW PRIORITY,18.33
SCILAL.NS,36.650001525878906,2026-10-01T23:11:23.693897+05:30,WAITING FOR 0.786,2026-06-22,47.33000183105469,2026-09-18,36.20000076293945,,44.94818160247803,41.76500129699707,50.22380210876464,18.461659138935307,3.0,1.0,2.0,0.0,3.0,33.33333333333333,-0.6587330067240416,-0.6587330067240416,1.0,0.0,0.0,0.5,100.0,100.0,100.0,-0.6587330067240416,,INSUFFICIENT,C,FAST,FAR,LOW PRIORITY,18.33
RELCHEMQ.NS,114.36000061035156,2026-10-01T23:11:23.693897+05:30,WAITING FOR 0.786,2025-11-14,163.0,2026-03-30,105.01000213623048,,150.59014045715332,134.00500106811523,178.07739944458007,24.05877286309468,3.0,1.0,2.0,0.0,3.0,33.33333333333333,-6.652488362646693,-6.652488362646693,7.666666666666667,2.0,2.0,10.5,100.0,100.0,100.0,-0.867715873388699,,INSUFFICIENT,C,FAST,FAR,LOW PRIORITY,18.33
IRB.NS,17.0,2026-10-01T23:11:23.693897+05:30,WAITING FOR 0.786,2026-05-21,23.950000762939453,2026-09-29,16.75,,22.40920059967041,20.350000381469727,25.82200096130371,24.13830237099117,4.0,1.0,2.0,1.0,3.0,33.33333333333333,-1.5055143430694655,-1.5055143430694655,28.0,0.0,0.0,25.5,100.0,100.0,100.0,-0.053768369395338,,INSUFFICIENT,C,FAST,FAR,LOW PRIORITY,18.33
IREDA.NS,111.0,2026-10-01T23:11:23.693897+05:30,WAITING FOR 0.786,2025-10-15,158.6999969482422,2026-09-16,107.4000015258789,,147.72179792785644,133.04999923706055,172.03799575805664,24.858753713375755,3.0,1.0,2.0,0.0,3.0,33.33333333333333,-1.7863784582716775,-1.7863784582716775,4.0,3.0,3.0,4.0,100.0,100.0,100.0,-0.4465946145679194,,INSUFFICIENT,C,FAST,FAR,LOW PRIORITY,18.33
IOC.NS,131.33999633789062,2026-10-01T23:11:23.693897+05:30,WAITING FOR 0.786,2026-02-27,188.9600067138672,2026-04-02,130.22000122070312,,176.3896455383301,159.59000396728516,204.23240814208984,25.539849044398704,4.0,1.0,2.0,1.0,3.0,33.33333333333333,-4.400310361206339,-4.400310361206339,28.0,2.0,2.0,24.5,100.0,100.0,100.0,-0.1571539414716549,,INSUFFICIENT,C,FAST,FAR,LOW PRIORITY,18.33
LOVABLE.NS,68.29000091552734,2026-10-01T23:11:23.693897+05:30,WAITING FOR 0.786,2025-10-27,101.9499969482422,2026-03-30,55.0,,91.90269760131837,78.4749984741211,114.15699615478516,25.693148625761648,3.0,1.0,2.0,0.0,3.0,33.33333333333333,-5.758622730945003,-5.758622730945003,10.666666666666666,3.0,3.0,14.0,100.0,100.0,100.0,-0.539870881026094,,INSUFFICIENT,C,FAST,FAR,LOW PRIORITY,18.33
UTKARSHBNK.NS,13.43000030517578,2026-10-01T23:11:23.693897+05:30,WAITING FOR 0.786,2025-10-29,21.07999992370605,2026-03-30,10.119999885559082,,18.734559915542604,15.599999904632568,23.929599933624267,28.314300598895,3.0,1.0,2.0,0.0,3.0,33.33333333333333,-2.062388082131476,-2.062388082131476,1.0,0.0,0.0,0.0,100.0,100.0,100.0,-2.062388082131476,,INSUFFICIENT,C,FAST,FAR,LOW PRIORITY,18.33
AHLADA.NS,37.060001373291016,2026-10-01T23:11:23.693897+05:30,WAITING FOR 0.786,2026-01-09,58.59000015258789,2026-03-30,31.21999931335449,,52.73281997299195,44.90499973297119,65.70620037078857,29.721184279027835,3.0,1.0,2.0,0.0,3.0,33.33333333333333,-2.190733279117359,-2.190733279117359,15.333333333333334,1.0,1.0,22.5,100.0,100.0,100.0,-0.1428739095076538,,INSUFFICIENT,C,FAST,FAR,LOW PRIORITY,18.33
GTLINFRA.NS,1.0700000524520874,2026-10-01T23:11:23.693897+05:30,WAITING FOR 0.786,2026-06-05,1.6699999570846558,2026-10-01,1.0399999618530271,,1.5351799581050871,1.3549999594688416,1.8337999558448792,30.30132742399683,3.0,1.0,2.0,0.0,3.0,33.33333333333333,-8.132565000666768,-8.132565000666768,17.333333333333332,1.0,1.0,25.5,100.0,100.0,100.0,-0.4691864423461597,,INSUFFICIENT,C,FAST,FAR,LOW PRIORITY,18.33
ARENTERP.NS,33.790000915527344,2026-10-01T23:11:23.693897+05:30,WAITING FOR 0.786,2025-12-01,60.790000915527344,2026-09-22,27.600000381469727,,53.68734080123902,44.195000648498535,69.41940105438232,37.06151131488426,3.0,1.0,2.0,0.0,3.0,33.33333333333333,-2.117367527307558,-2.117367527307558,8.0,1.0,1.0,11.0,100.0,100.0,100.0,-0.2646709409134447,,INSUFFICIENT,C,FAST,FAR,LOW PRIORITY,18.33
AKSHAR.NS,0.4099999964237213,2026-10-01T23:11:23.693897+05:30,WAITING FOR 0.786,2025-10-10,0.7599999904632568,2026-03-09,0.3600000143051147,,0.6743999955654145,0.5600000023841858,0.8639999842643737,39.20521958485798,3.0,1.0,2.0,0.0,3.0,33.33333333333333,-0.7490908792218224,-0.7490908792218224,1.0,0.0,0.0,0.5,100.0,100.0,100.0,-0.7490908792218224,,INSUFFICIENT,C,FAST,FAR,LOW PRIORITY,18.33
CELLO.NS,323.1000061035156,2026-10-01T23:11:23.693897+05:30,WAITING FOR 0.786,2025-10-30,673.7999877929688,2026-10-01,314.0,,596.8027904052735,493.8999938964844,767.3479846191406,45.86151216147856,3.0,1.0,2.0,0.0,3.0,33.33333333333333,-1.52445027264236,-1.52445027264236,16.333333333333332,1.0,1.0,23.5,100.0,100.0,100.0,-0.0933336901617771,,INSUFFICIENT,C,FAST,FAR,LOW PRIORITY,18.33
PRAXIS.NS,4.389999866485596,2026-10-01T23:11:23.693897+05:30,WAITING FOR 0.786,2025-10-10,14.4399995803833,2026-09-18,3.910000085830689,,12.186579688549042,9.174999833106996,17.17779944896698,63.97676806224308,3.0,1.0,2.0,0.0,3.0,33.33333333333333,-0.8254702083952864,-0.8254702083952864,2.0,1.0,1.0,2.0,100.0,100.0,100.0,-0.4127351041976432,,INSUFFICIENT,C,FAST,FAR,LOW PRIORITY,18.33
CRAFTSMAN.NS,10266.0,2026-10-01T23:11:23.693897+05:30,WAITING FOR 0.786,2026-09-09,11999.0,2026-10-01,10100.0,,11592.614,11049.5,12492.74,11.443614011473164,15.0,2.0,11.0,2.0,13.0,15.384615384615383,-0.2759269374018768,-0.2759269374018768,16.066666666666666,38.0,38.0,3.4545454545454546,0.0,0.0,50.0,-0.017173875771901,24.22,D,C,SLOW,FAR,LOW PRIORITY,18.32
LANDMARK.NS,463.25,2026-10-01T23:11:23.693897+05:30,WAITING FOR 0.786,2025-10-15,662.0,2026-03-12,339.5,,592.985,500.75,745.85,21.878293717379023,5.0,2.0,3.0,0.0,5.0,40.0,1.5380715741806283,1.5380715741806283,4.4,9.0,9.0,0.6666666666666666,50.0,50.0,100.0,0.3495617214046882,,INSUFFICIENT,C,MEDIUM,FAR,LOW PRIORITY,18.31
INTERARCH.NS,1666.9000244140625,2026-10-01T23:11:23.693897+05:30,WAITING FOR 0.786,2025-11-10,2762.60009765625,2026-05-18,1600.0,,2513.8036767578124,2181.300048828125,3064.876123046875,33.690127044290385,4.0,2.0,2.0,0.0,4.0,50.0,3.695208550086576,3.695208550086576,20.5,20.5,20.5,20.0,50.0,50.0,50.0,0.1802540756139793,,INSUFFICIENT,C,SLOW,FAR,LOW PRIORITY,18.04
VAKRANGEE.NS,5.119999885559082,2026-10-01T23:11:23.693897+05:30,WAITING FOR 0.786,2025-10-27,9.640000343322754,2026-03-30,4.610000133514404,,8.563580298423767,7.125000238418579,10.947800397872925,40.21192413526523,5.0,2.0,3.0,0.0,5.0,40.0,-5.305884893165343,-5.305884893165343,19.6,6.5,6.5,28.0,50.0,50.0,100.0,-0.2707084129165991,,INSUFFICIENT,C,FAST,FAR,LOW PRIORITY,18.0
ROHLTD.NS,298.6499938964844,2026-10-01T23:11:23.693897+05:30,WAITING FOR 0.786,2025-10-06,562.9500122070312,2026-03-30,269.3999938964844,,500.1303082885743,416.1750030517578,639.2730169677734,40.28556379267384,12.0,2.0,10.0,0.0,12.0,16.666666666666664,-3.126493691422226,-3.126493691422226,9.083333333333334,27.5,27.5,5.0,0.0,0.0,50.0,-0.3442011403400615,22.28,D,C,SLOW,FAR,LOW PRIORITY,17.96
LEMONTREE.NS,107.66999816894533,2026-10-01T23:11:23.693897+05:30,WAITING FOR 0.786,2025-10-06,174.1999969482422,2026-03-16,99.61000061035156,,158.2377377319336,136.90499877929688,193.59339599609376,31.956814024132328,15.0,1.0,13.0,1.0,14.0,7.142857142857142,-3.29267103318388,-3.29267103318388,14.4,20.0,20.0,10.0,0.0,0.0,100.0,-0.2286577106377694,23.21,D,C,SLOW,FAR,LOW PRIORITY,17.91
APOLLOTYRE.NS,404.75,2026-10-01T23:11:23.693897+05:30,WAITING FOR 0.786,2026-02-05,532.0,2026-05-20,365.2999877929688,,496.3261973876953,448.6499938964844,575.3420031738281,18.450808736207485,12.0,2.0,10.0,0.0,12.0,16.666666666666664,-3.345487413066377,-3.345487413066377,15.5,20.5,20.5,14.1,0.0,0.0,50.0,-0.2158378976171856,21.94,D,C,SLOW,FAR,LOW PRIORITY,17.85
CGCL.NS,249.22999572753903,2026-10-01T23:11:23.693897+05:30,WAITING FOR 0.786,2026-09-07,287.45001220703125,2026-10-01,244.0599975585937,,278.16454907226563,265.7550048828125,298.731416015625,10.401955763676243,9.0,1.0,7.0,1.0,8.0,12.5,-2.329182325070269,-2.329182325070269,9.555555555555555,19.0,19.0,0.0,0.0,0.0,100.0,-0.2437516386701444,24.86,D,C,SLOW,FAR,LOW PRIORITY,17.83
VMM.NS,99.5,2026-10-01T23:11:23.693897+05:30,WAITING FOR 0.786,2025-10-06,152.17999267578125,2026-09-29,98.0,,140.58547424316407,125.08999633789062,166.26679077148438,29.22455144412748,2.0,1.0,1.0,0.0,2.0,50.0,3.546709948273489,3.546709948273489,27.5,54.0,54.0,0.0,0.0,0.0,0.0,0.1289712708463087,,INSUFFICIENT,C,SLOW,FAR,LOW PRIORITY,17.82
AERONEU.NS,70.55999755859375,2026-10-01T23:11:23.693897+05:30,WAITING FOR 0.786,2026-06-30,105.5,2026-09-16,63.720001220703125,,96.55908026123046,84.61000061035156,116.36279968261718,26.92556995395868,11.0,2.0,9.0,0.0,11.0,18.181818181818183,-2.676118262952532,-2.676118262952532,8.727272727272727,35.5,35.5,2.111111111111111,0.0,0.0,0.0,-0.306638550963311,20.59,D,C,SLOW,FAR,LOW PRIORITY,17.75
HARDWYN.NS,9.1899995803833,2026-10-01T23:11:23.693897+05:30,WAITING FOR 0.786,2026-06-01,20.200000762939453,2026-09-09,7.610000133514404,,17.505740628242492,13.905000448226929,23.473400926589967,47.5029376046117,5.0,2.0,3.0,0.0,5.0,40.0,1.102495616100839,1.102495616100839,5.6,9.5,9.5,2.333333333333333,50.0,50.0,100.0,0.1968742171608641,,INSUFFICIENT,C,MEDIUM,FAR,LOW PRIORITY,17.65
TPLPLASTEH.NS,68.88999938964844,2026-10-01T23:11:23.693897+05:30,WAITING FOR 0.786,2026-07-06,90.33000183105467,2026-09-17,62.810001373291016,,84.44072173309326,76.57000160217285,97.48520195007325,18.4161409617018,11.0,1.0,10.0,0.0,11.0,9.090909090909092,-4.939741820726373,-4.939741820726373,4.363636363636363,16.0,16.0,2.4,0.0,0.0,100.0,-1.132024167249794,20.42,D,C,SLOW,FAR,LOW PRIORITY,17.42
DMART.NS,3813.0,2026-10-01T23:11:23.693897+05:30,WAITING FOR 0.786,2026-06-24,4429.39990234375,2026-09-11,3650.0,,4262.608323242188,4039.699951171875,4632.043876953125,10.547727802966676,3.0,1.0,2.0,0.0,3.0,33.33333333333333,-5.851888629373417,-5.851888629373417,15.666666666666666,5.0,5.0,21.0,100.0,100.0,100.0,-0.3735248061302181,,INSUFFICIENT,C,FAST,FAR,LOW PRIORITY,17.33
MARALOVER.NS,57.70000076293945,2026-10-01T23:11:23.693897+05:30,WAITING FOR 0.786,2026-09-08,68.88999938964844,2026-10-01,56.25,,66.18503952026367,62.56999969482422,72.17639923095703,12.820176309974674,3.0,1.0,2.0,0.0,3.0,33.33333333333333,-0.1033863578136529,-0.1033863578136529,3.333333333333333,5.0,5.0,2.0,100.0,100.0,100.0,-0.0310159073440958,,INSUFFICIENT,C,FAST,FAR,LOW PRIORITY,17.33
TRIGYN.NS,51.79999923706055,2026-10-01T23:11:23.693897+05:30,WAITING FOR 0.786,2025-09-26,93.5,2026-03-30,37.54999923706055,,81.52669983673096,65.52499961853027,108.04700019836426,36.46253394188951,3.0,1.0,2.0,0.0,3.0,33.33333333333333,-1.5432538974807417,-1.5432538974807417,2.0,4.0,4.0,0.5,100.0,100.0,100.0,-0.7716269487403707,,INSUFFICIENT,C,FAST,FAR,LOW PRIORITY,17.33
GOODYEAR.NS,694.2999877929688,2026-10-01T23:11:23.693897+05:30,WAITING FOR 0.786,2026-04-15,1273.699951171875,2026-10-01,690.0,,1148.788161621094,981.8499755859376,1425.4619384765624,39.56240053751785,4.0,1.0,2.0,1.0,3.0,33.33333333333333,-1.599188365081012,-1.599188365081012,16.75,5.0,5.0,0.0,100.0,100.0,100.0,-0.0954739322436425,,INSUFFICIENT,C,FAST,FAR,LOW PRIORITY,17.33
NILAINFRA.NS,6.570000171661377,2026-10-01T23:11:23.693897+05:30,WAITING FOR 0.786,2025-09-29,11.550000190734863,2026-03-30,5.900000095367432,,10.340900170326233,8.725000143051147,13.019000215530395,36.46587759821583,5.0,2.0,3.0,0.0,5.0,40.0,4.830696104015875,4.830696104015875,11.4,26.0,26.0,1.3333333333333333,0.0,0.0,50.0,0.4237452722820942,,INSUFFICIENT,C,SLOW,FAR,LOW PRIORITY,17.25
HDFCLIFE.NS,534.2000122070312,2026-10-01T23:11:23.693897+05:30,WAITING FOR 0.786,2025-11-26,788.5,2026-09-10,508.7000122070313,,728.6228026123047,648.6000061035156,861.2479968261719,26.68359948497584,8.0,1.0,6.0,1.0,7.0,14.285714285714285,-1.1533129089897698,-1.1533129089897698,16.25,17.0,17.0,8.333333333333334,0.0,0.0,100.0,-0.0709731020916781,27.41,D,C,SLOW,FAR,LOW PRIORITY,17.16
TECHM.NS,1533.0,2026-10-01T23:11:23.693897+05:30,WAITING FOR 0.786,2026-02-03,1854.0,2026-03-09,1304.0999755859375,,1736.321394775391,1579.0499877929688,1996.974006347656,11.709893996997726,5.0,2.0,2.0,1.0,4.0,50.0,0.4149156016135322,0.4149156016135322,26.4,14.5,14.5,21.0,0.0,50.0,50.0,0.0157165000611186,,INSUFFICIENT,C,MEDIUM,FAR,LOW PRIORITY,17.12
JINDALPOLY.NS,653.7000122070312,2026-10-01T23:11:23.693897+05:30,WAITING FOR 0.786,2026-03-19,1026.449951171875,2026-07-01,606.0,,936.4736616210936,816.2249755859375,1135.7669384765625,30.195579545137853,4.0,1.0,3.0,0.0,4.0,25.0,0.5252577163140182,0.5252577163140182,1.75,1.0,1.0,1.3333333333333333,100.0,100.0,100.0,0.3001472664651533,,INSUFFICIENT,C,FAST,FAR,LOW PRIORITY,17.04
VINYLINDIA.NS,214.22999572753903,2026-10-01T23:11:23.693897+05:30,WAITING FOR 0.786,2026-07-30,266.8999938964844,2026-09-17,211.25,,254.99089520263672,239.0749969482422,281.3689923095704,15.98523721511927,4.0,2.0,2.0,0.0,4.0,50.0,3.0180189931597794,3.0180189931597794,12.5,20.5,20.5,4.0,0.0,0.0,50.0,0.2414415194527823,,INSUFFICIENT,C,SLOW,FAR,LOW PRIORITY,17.03
RAMCOCEM.NS,830.8499755859375,2026-10-01T23:11:23.693897+05:30,WAITING FOR 0.786,2026-02-09,1214.5,2026-10-01,816.1500244140625,,1129.2531052246095,1015.3250122070312,1318.0709936523438,26.42482258920328,6.0,1.0,4.0,1.0,5.0,20.0,-1.9291367891576208,-1.9291367891576208,27.166666666666668,19.0,19.0,21.0,0.0,0.0,100.0,-0.0710111701530412,28.49,D,C,SLOW,FAR,LOW PRIORITY,16.97
DCMSRIND.NS,37.68999862670898,2026-10-01T23:11:23.693897+05:30,WAITING FOR 0.786,2025-12-10,175.75,2026-03-24,31.89999961853028,,144.9660999183655,103.82499980926514,213.1510000991821,74.0008190549837,7.0,1.0,6.0,0.0,7.0,14.285714285714285,-1.6953837909973486,-1.6953837909973486,5.571428571428571,20.0,20.0,2.5,0.0,0.0,100.0,-0.3042996547943959,26.57,D,C,SLOW,FAR,LOW PRIORITY,16.87
KRITI.NS,60.77000045776367,2026-10-01T23:11:23.693897+05:30,WAITING FOR 0.786,2025-10-01,132.89999389648438,2026-03-24,53.0,,115.80139520263673,92.9499969482422,153.6739923095703,47.52222082348453,5.0,2.0,2.0,1.0,4.0,50.0,2.7471504144108083,2.7471504144108083,26.0,22.0,22.0,12.5,0.0,50.0,50.0,0.1056596313234926,,INSUFFICIENT,C,SLOW,FAR,LOW PRIORITY,16.62
GODAVARIB.NS,227.17999267578125,2026-10-01T23:11:23.693897+05:30,WAITING FOR 0.786,2026-04-24,353.0,2026-10-01,223.8099975585937,,325.35333947753907,288.4049987792969,386.5894006347656,30.174378095951663,2.0,1.0,1.0,0.0,2.0,50.0,-4.04097823008126,-4.04097823008126,24.5,11.0,11.0,38.0,0.0,0.0,100.0,-0.1649378869420922,,INSUFFICIENT,C,MEDIUM,FAR,LOW PRIORITY,16.5
AMBICAAGAR.NS,23.88999938964844,2026-10-01T23:11:23.693897+05:30,WAITING FOR 0.786,2026-09-04,28.350000381469727,2026-10-01,23.670000076293945,,27.34848031616211,26.01000022888184,29.56680046081543,12.64597113452705,4.0,1.0,2.0,1.0,3.0,33.33333333333333,-0.8923929532862402,-0.8923929532862402,17.25,6.0,6.0,0.0,0.0,100.0,100.0,-0.0517329248281878,,INSUFFICIENT,C,FAST,FAR,LOW PRIORITY,16.33
TENNIND.NS,495.3999938964844,2026-10-01T23:11:23.693897+05:30,WAITING FOR 0.786,2026-05-06,657.0,2026-10-01,487.4500122070313,,620.7163026123047,572.2250061035156,701.0829968261719,20.188982984404085,3.0,1.0,2.0,0.0,3.0,33.33333333333333,-0.9054312078151746,-0.9054312078151746,5.666666666666667,7.0,7.0,4.5,0.0,100.0,100.0,-0.1597819778497367,,INSUFFICIENT,C,FAST,FAR,LOW PRIORITY,16.33
HMAAGRO.NS,23.46999931335449,2026-10-01T23:11:23.693897+05:30,WAITING FOR 0.786,2025-11-18,34.2400016784668,2026-09-10,19.09000015258789,,30.99790135192871,26.665000915527344,38.179002075195314,24.285199030436385,3.0,1.0,2.0,0.0,3.0,33.33333333333333,-1.7263131705127297,-1.7263131705127297,7.0,7.0,7.0,6.5,0.0,100.0,100.0,-0.2466161672161042,,INSUFFICIENT,C,FAST,FAR,LOW PRIORITY,16.33
RENUKA.NS,21.34000015258789,2026-10-01T23:11:23.693897+05:30,WAITING FOR 0.786,2026-08-24,27.68000030517578,2026-10-01,20.950000762939453,,26.239780403137207,24.315000534057617,29.429800186157227,18.67309929912181,5.0,1.0,3.0,1.0,4.0,25.0,-3.205537088611783,-3.205537088611783,15.8,1.0,1.0,5.0,100.0,100.0,100.0,-0.2028820942159356,,INSUFFICIENT,C,FAST,FAR,LOW PRIORITY,16.25
NOVARTIND.NS,1965.0,2026-10-01T23:11:23.693897+05:30,WAITING FOR 0.786,2026-09-10,2588.800048828125,2026-10-01,1900.0,,2441.396838378906,2244.4000244140625,2767.888061523437,19.51328972373188,4.0,1.0,3.0,0.0,4.0,25.0,-4.5025146246922105,-4.5025146246922105,12.0,0.0,0.0,15.333333333333334,100.0,100.0,100.0,-0.3752095520576842,,INSUFFICIENT,C,FAST,FAR,LOW PRIORITY,16.25
TIPSFILMS.NS,315.3999938964844,2026-10-01T23:11:23.693897+05:30,WAITING FOR 0.786,2026-07-29,432.3999938964844,2026-09-30,306.3500061035156,,405.4252965087891,369.375,465.1729907226562,22.205151821441184,4.0,1.0,3.0,0.0,4.0,25.0,-2.8315678506349964,-2.8315678506349964,6.0,3.0,3.0,6.333333333333333,100.0,100.0,100.0,-0.4719279751058327,,INSUFFICIENT,C,FAST,FAR,LOW PRIORITY,16.25
INDIASHLTR.NS,645.5999755859375,2026-10-01T23:11:23.693897+05:30,WAITING FOR 0.786,2025-11-18,924.0,2026-09-02,620.1500244140625,,858.9761052246095,772.0750122070312,1003.0009936523438,24.84075265200506,5.0,1.0,3.0,1.0,4.0,25.0,-0.3278528686486963,-0.3278528686486963,19.6,0.0,0.0,11.666666666666666,100.0,100.0,100.0,-0.0167271871759538,,INSUFFICIENT,C,FAST,FAR,LOW PRIORITY,16.25
RCF.NS,106.8000030517578,2026-10-01T23:11:23.693897+05:30,WAITING FOR 0.786,2025-11-18,157.1999969482422,2026-03-30,106.0,,146.24319760131837,131.5999984741211,170.51199615478515,26.970960151656985,5.0,1.0,3.0,1.0,4.0,25.0,-1.85562259419969,-1.85562259419969,21.0,2.0,2.0,13.666666666666666,100.0,100.0,100.0,-0.0883629806761757,,INSUFFICIENT,C,FAST,FAR,LOW PRIORITY,16.25
UEL.NS,183.6699981689453,2026-10-01T23:11:23.693897+05:30,WAITING FOR 0.786,2026-08-11,284.20001220703125,2026-08-26,157.10000610351562,,257.0006109008789,220.65000915527344,317.2460137939453,28.53324452221479,4.0,1.0,3.0,0.0,4.0,25.0,-1.8816162332513668,-1.8816162332513668,1.0,1.0,1.0,0.3333333333333333,100.0,100.0,100.0,-1.8816162332513668,,INSUFFICIENT,C,FAST,FAR,LOW PRIORITY,16.25
SUDARCOLOR.NS,368.1000061035156,2026-10-01T23:11:23.693897+05:30,WAITING FOR 0.786,2025-09-26,598.4000244140625,2026-03-30,268.25,,527.7479191894531,433.3250122070313,684.2390307617188,30.25078968215248,5.0,1.0,3.0,1.0,4.0,25.0,-3.802148073992967,-3.802148073992967,14.0,1.0,1.0,3.0,100.0,100.0,100.0,-0.2715820052852119,,INSUFFICIENT,C,FAST,FAR,LOW PRIORITY,16.25
ISHANCH.NS,47.29999923706055,2026-10-01T23:11:23.693897+05:30,WAITING FOR 0.786,2025-10-13,83.37000274658203,2026-08-26,41.709999084472656,,74.45476196289063,62.540000915527344,94.20160369873048,36.471492232242205,4.0,1.0,3.0,0.0,4.0,25.0,-3.0588870394766587,-3.0588870394766587,1.0,0.0,0.0,0.0,100.0,100.0,100.0,-3.0588870394766587,,INSUFFICIENT,C,FAST,FAR,LOW PRIORITY,16.25
INDOWIND.NS,8.4399995803833,2026-10-01T23:11:23.693897+05:30,WAITING FOR 0.786,2025-12-01,18.940000534057617,2026-03-30,7.0,,16.38484041976929,12.970000267028809,22.0444006729126,48.488972952095786,4.0,1.0,3.0,0.0,4.0,25.0,-7.6718967730329135,-7.6718967730329135,13.75,2.0,2.0,17.333333333333332,100.0,100.0,100.0,-0.5579561289478483,,INSUFFICIENT,C,FAST,FAR,LOW PRIORITY,16.25
GOCOLORS.NS,294.95001220703125,2026-10-01T23:11:23.693897+05:30,WAITING FOR 0.786,2025-10-06,715.4500122070312,2026-03-17,237.0500030517578,,613.0724102478027,476.2500076293945,839.8340145874023,51.8898571723668,5.0,1.0,3.0,1.0,4.0,25.0,-2.953098210956271,-2.953098210956271,22.0,3.0,3.0,15.333333333333334,100.0,100.0,100.0,-0.1342317368616487,,INSUFFICIENT,C,FAST,FAR,LOW PRIORITY,16.25
ASHIMASYN.NS,15.3100004196167,2026-10-01T23:11:23.693897+05:30,WAITING FOR 0.786,2025-10-17,23.5,2026-03-27,11.5,,20.932,17.5,26.62,26.858396619450136,4.0,1.0,2.0,1.0,3.0,33.33333333333333,2.5786211917547623,2.5786211917547623,19.25,12.0,12.0,0.0,0.0,0.0,100.0,0.133954347623624,,INSUFFICIENT,C,MEDIUM,FAR,LOW PRIORITY,16.2
UBL.NS,1188.800048828125,2026-10-01T23:11:23.693897+05:30,WAITING FOR 0.786,2026-03-12,1682.800048828125,2026-10-01,1140.300048828125,,1566.705048828125,1411.550048828125,1823.850048828125,24.121004798105936,12.0,1.0,9.0,2.0,10.0,10.0,-1.930827310525385,-1.930827310525385,15.416666666666666,22.0,22.0,4.0,0.0,0.0,0.0,-0.1252428525746195,21.48,D,C,SLOW,FAR,LOW PRIORITY,16.02
FUSION.NS,171.36000061035156,2026-10-01T23:11:23.693897+05:30,WAITING FOR 0.786,2026-07-13,243.0,2026-09-29,168.35000610351562,,227.0249013061524,205.6750030517578,262.40899841308595,24.51929298307871,5.0,2.0,3.0,0.0,5.0,40.0,-0.0514757664909435,-0.0514757664909435,4.0,8.0,8.0,1.0,0.0,100.0,100.0,-0.0128689416227358,,INSUFFICIENT,C,MEDIUM,FAR,LOW PRIORITY,16.0
ONGC.NS,222.3699951171875,2026-10-01T23:11:23.693897+05:30,WAITING FOR 0.786,2026-04-29,307.5,2026-10-01,220.6000061035156,,288.9034013061523,264.0500030517578,330.093998413086,23.02963754949325,5.0,2.0,2.0,1.0,4.0,50.0,2.301046649734605,2.301046649734605,23.8,28.5,28.5,0.0,50.0,50.0,50.0,0.0966826323417901,,INSUFFICIENT,C,SLOW,FAR,LOW PRIORITY,15.95
KAKATCEM.NS,103.08999633789062,2026-10-01T23:11:23.693897+05:30,WAITING FOR 0.786,2026-06-03,131.0,2026-08-13,102.3499984741211,,124.86889967346193,116.67499923706056,138.4490003967285,17.441415270354867,7.0,1.0,6.0,0.0,7.0,14.285714285714285,-3.798525616532501,-3.798525616532501,10.571428571428571,16.0,16.0,9.166666666666666,0.0,0.0,100.0,-0.3593199907530744,23.28,D,C,SLOW,FAR,LOW PRIORITY,15.72
CESC.NS,131.6199951171875,2026-10-01T23:11:23.693897+05:30,WAITING FOR 0.786,2026-05-04,204.5,2026-10-01,129.75,,188.5035,167.125,223.935,30.176365363408376,8.0,1.0,6.0,1.0,7.0,14.285714285714285,-3.815913655014633,-3.815913655014633,25.5,17.0,17.0,20.83333333333333,0.0,0.0,100.0,-0.1496436727456719,23.25,D,C,SLOW,FAR,LOW PRIORITY,15.71
NSLNISP.NS,40.95000076293945,2026-10-01T23:11:23.693897+05:30,WAITING FOR 0.786,2026-08-28,49.400001525878906,2026-10-01,40.150001525878906,,47.420501525878905,44.775001525878906,51.80500152587891,13.644943757940412,4.0,1.0,3.0,0.0,4.0,25.0,-0.5514145618844708,-0.5514145618844708,4.75,4.0,4.0,4.333333333333333,100.0,100.0,100.0,-0.1160872761862043,,INSUFFICIENT,C,FAST,FAR,LOW PRIORITY,15.25
VIPIND.NS,280.75,2026-10-01T23:11:23.693897+05:30,WAITING FOR 0.786,2025-12-24,435.0,2026-10-01,277.8500061035156,,401.3699013061523,356.4250030517578,475.85899841308594,30.05205445491222,5.0,1.0,3.0,1.0,4.0,25.0,-2.774085875125288,-2.774085875125288,20.8,5.0,5.0,12.666666666666666,100.0,100.0,100.0,-0.1333695132271772,,INSUFFICIENT,C,FAST,FAR,LOW PRIORITY,15.25
GSLSU.NS,29.959999084472656,2026-10-01T23:11:23.693897+05:30,WAITING FOR 0.786,2025-11-19,139.6699981689453,2026-07-22,23.059999465942383,,114.7154584465027,81.36499881744385,169.98859783172608,73.88320677073837,4.0,1.0,3.0,0.0,4.0,25.0,-0.4192206476026525,-0.4192206476026525,2.75,5.0,5.0,1.3333333333333333,100.0,100.0,100.0,-0.15244387185551,,INSUFFICIENT,C,FAST,FAR,LOW PRIORITY,15.25
HCLTECH.NS,1243.0999755859375,2026-10-01T23:11:23.693897+05:30,WAITING FOR 0.786,2026-02-03,1780.0999755859375,2026-07-01,1030.0,,1619.578580810547,1405.0499877929688,1975.1259692382807,23.245467042185386,3.0,1.0,1.0,1.0,2.0,50.0,1.6882341106204075,1.6882341106204075,46.333333333333336,60.0,60.0,19.0,0.0,0.0,0.0,0.036436707423462,,INSUFFICIENT,C,SLOW,FAR,LOW PRIORITY,15.03
PRSMJOHNSN.NS,103.61000061035156,2026-10-01T23:11:23.693897+05:30,WAITING FOR 0.786,2025-12-23,155.74000549316406,2026-08-10,97.0999984741211,,143.19104399108886,126.42000198364258,170.98640731811523,27.642122214850623,8.0,1.0,7.0,0.0,8.0,12.5,-1.2858225237490202,-1.2858225237490202,5.5,25.0,25.0,2.142857142857143,0.0,0.0,0.0,-0.2337859134089127,22.49,D,C,SLOW,FAR,LOW PRIORITY,15.0
JMA.NS,87.63999938964844,2026-10-01T23:11:23.693897+05:30,WAITING FOR 0.786,2026-08-28,103.6999969482422,2026-09-29,85.33999633789062,,99.77095681762697,94.5199966430664,108.4735971069336,12.15880634496961,5.0,1.0,4.0,0.0,5.0,20.0,-3.990298668161624,-3.990298668161624,6.8,3.0,3.0,7.25,100.0,100.0,100.0,-0.586808627670827,,INSUFFICIENT,C,FAST,FAR,LOW PRIORITY,15.0
ORIENTCER.NS,44.119998931884766,2026-10-01T23:11:23.693897+05:30,WAITING FOR 0.786,2026-01-02,56.63999938964844,2026-03-30,34.0,,51.79503952026367,45.31999969482422,62.52639923095703,14.818099685735763,5.0,1.0,4.0,0.0,5.0,20.0,-5.622253179465618,-5.622253179465618,11.2,1.0,1.0,13.5,100.0,100.0,100.0,-0.501986891023716,,INSUFFICIENT,C,FAST,FAR,LOW PRIORITY,15.0
ATHERENERG.NS,1406.0999755859375,2026-10-01T23:11:23.693897+05:30,WAITING FOR 0.786,2026-09-01,1744.0,2026-10-01,1373.5999755859375,,1664.734394775391,1558.7999877929688,1840.304006347656,15.536077106423257,5.0,1.0,4.0,0.0,5.0,20.0,-3.2650081827290025,-3.2650081827290025,7.6,0.0,0.0,8.75,100.0,100.0,100.0,-0.4296063398327635,,INSUFFICIENT,C,FAST,FAR,LOW PRIORITY,15.0
SUNCLAY.NS,1183.0,2026-10-01T23:11:23.693897+05:30,WAITING FOR 0.786,2025-10-06,1728.0,2026-01-27,1112.800048828125,,1596.347210449219,1420.4000244140625,1887.951987304688,25.893314921939897,5.0,1.0,4.0,0.0,5.0,20.0,-2.659793498812365,-2.659793498812365,7.2,0.0,0.0,8.25,100.0,100.0,100.0,-0.3694157637239395,,INSUFFICIENT,C,FAST,FAR,LOW PRIORITY,15.0
USK.NS,18.38999938964844,2026-10-01T23:11:23.693897+05:30,WAITING FOR 0.786,2026-06-08,27.239999771118164,2026-10-01,17.770000457763672,,25.213419918060303,22.50500011444092,29.702199592590333,27.062653739900902,5.0,1.0,4.0,0.0,5.0,20.0,-4.875293006004311,-4.875293006004311,2.6,0.0,0.0,2.5,100.0,100.0,100.0,-1.8751126946170429,,INSUFFICIENT,C,FAST,FAR,LOW PRIORITY,15.0
DIAMINESQ.NS,236.3099975585937,2026-10-01T23:11:23.693897+05:30,WAITING FOR 0.786,2025-09-26,365.2999877929688,2026-03-24,208.009994506836,,331.6399292297364,286.65499114990234,406.1953860473633,28.74501025632076,5.0,1.0,4.0,0.0,5.0,20.0,-2.0363649530808843,-2.0363649530808843,1.6,1.0,1.0,1.0,100.0,100.0,100.0,-1.272728095675553,,INSUFFICIENT,C,FAST,FAR,LOW PRIORITY,15.0
HIMATSEIDE.NS,64.1500015258789,2026-10-01T23:11:23.693897+05:30,WAITING FOR 0.786,2026-02-13,116.5999984741211,2026-09-22,61.09000015258789,,104.720858833313,88.84499931335449,131.0325980377197,38.741906588076986,5.0,1.0,4.0,0.0,5.0,20.0,-9.35552730400481,-9.35552730400481,14.8,3.0,3.0,17.75,100.0,100.0,100.0,-0.6321302232435682,,INSUFFICIENT,C,FAST,FAR,LOW PRIORITY,15.0
HEADSUP.NS,6.400000095367432,2026-10-01T23:11:23.693897+05:30,WAITING FOR 0.786,2025-10-09,12.949999809265137,2026-03-30,5.690000057220459,,11.396359862327577,9.319999933242798,14.837599744796751,43.84171636661265,5.0,1.0,4.0,0.0,5.0,20.0,-5.375488780616303,-5.375488780616303,9.8,1.0,1.0,11.75,100.0,100.0,100.0,-0.5485192633281941,,INSUFFICIENT,C,FAST,FAR,LOW PRIORITY,15.0
MANGALAM.NS,29.14999961853028,2026-10-01T23:11:23.693897+05:30,WAITING FOR 0.786,2025-09-26,75.25,2025-12-29,22.799999237060547,,64.02569983673095,49.02499961853027,88.88700019836426,54.47140805510229,5.0,1.0,4.0,0.0,5.0,20.0,-2.9949758893027445,-2.9949758893027445,3.0,1.0,1.0,2.75,100.0,100.0,100.0,-0.9983252964342482,,INSUFFICIENT,C,FAST,FAR,LOW PRIORITY,15.0
BHARATRAS.NS,998.5999755859376,2026-10-01T23:11:23.693897+05:30,WAITING FOR 0.786,2025-10-24,2987.5,2026-10-01,977.4000244140624,,2557.3386052246096,1982.4500122070312,3510.125993652344,60.95159344383217,5.0,1.0,4.0,0.0,5.0,20.0,-4.651900954298833,-4.651900954298833,11.4,0.0,0.0,13.75,100.0,100.0,100.0,-0.4080614872191959,,INSUFFICIENT,C,FAST,FAR,LOW PRIORITY,15.0
KRSNAA.NS,554.8499755859375,2026-10-01T23:11:23.693897+05:30,WAITING FOR 0.786,2025-11-17,838.0,2026-03-30,515.0,,768.878,676.5,921.98,27.836408950973045,1.0,0.0,0.0,1.0,0.0,,10.827168984854444,10.827168984854444,62.0,,,,,,,0.1746317578202329,,INSUFFICIENT,C,UNKNOWN,FAR,LOW PRIORITY,15.0
HINDWAREAP.NS,170.52999877929688,2026-10-01T23:11:23.693897+05:30,WAITING FOR 0.786,2025-11-11,390.0,2026-09-29,165.0,,341.85,277.5,448.5,50.1155481119506,4.0,1.0,2.0,1.0,3.0,33.33333333333333,0.0756810606014344,0.0756810606014344,17.75,8.0,8.0,1.0,0.0,100.0,100.0,0.0042637217240244,,INSUFFICIENT,C,MEDIUM,FAR,LOW PRIORITY,14.45
SUNDRMFAST.NS,1123.5999755859375,2026-10-01T23:11:23.693897+05:30,WAITING FOR 0.786,2026-09-10,1347.199951171875,2026-10-01,1106.0999755859375,,1295.6045563964844,1226.6499633789062,1409.8859448242188,13.2760092546255,6.0,1.0,4.0,1.0,5.0,20.0,-0.4097638506863704,-0.4097638506863704,19.166666666666668,30.0,30.0,6.0,0.0,0.0,0.0,-0.0213789835140714,26.86,D,C,SLOW,FAR,LOW PRIORITY,14.4
RUSTOMJEE.NS,361.25,2026-10-01T23:11:23.693897+05:30,WAITING FOR 0.786,2025-10-08,634.0,2026-09-11,331.8999938964844,,569.3505986938477,482.9499969482422,712.5460015869141,36.55051898974958,11.0,1.0,10.0,0.0,11.0,9.090909090909092,-2.328474267541373,-2.328474267541373,5.0,42.0,42.0,0.5,0.0,0.0,0.0,-0.4656948535082746,17.5,D,C,SLOW,FAR,LOW PRIORITY,14.4
GUJAPOLLO.NS,324.8500061035156,2026-10-01T23:11:23.693897+05:30,WAITING FOR 0.786,2026-03-20,474.8999938964844,2026-08-14,300.5,,437.5783952026367,387.6999969482422,520.2439923095703,25.76187269184487,12.0,1.0,11.0,0.0,12.0,8.333333333333332,-3.811379937923555,-3.811379937923555,5.416666666666667,21.0,21.0,3.272727272727273,0.0,0.0,0.0,-0.7036393731551178,17.88,D,C,SLOW,FAR,LOW PRIORITY,14.34
ACEINTEG.NS,17.139999389648438,2026-10-01T23:11:23.693897+05:30,WAITING FOR 0.786,2025-10-15,27.290000915527344,2026-03-27,14.199999809265137,,24.48874067878723,20.74500036239624,30.69340120315552,30.008653305330885,3.0,1.0,2.0,0.0,3.0,33.33333333333333,-0.8995257403342686,-0.8995257403342686,5.333333333333333,10.0,10.0,2.5,0.0,100.0,100.0,-0.1686610763126753,,INSUFFICIENT,C,MEDIUM,FAR,LOW PRIORITY,14.33
HONAUT.NS,33470.0,2026-10-01T23:11:23.693897+05:30,WAITING FOR 0.786,2026-07-29,41495.0,2026-10-01,33025.0,,39682.42,37260.0,43697.2,15.655345616522377,5.0,1.0,3.0,1.0,4.0,25.0,-3.1623987756377865,-3.1623987756377865,32.8,7.0,7.0,32.0,0.0,100.0,100.0,-0.0964145968182252,,INSUFFICIENT,C,FAST,FAR,LOW PRIORITY,14.25
MANCREDIT.NS,218.97000122070312,2026-10-01T23:11:23.693897+05:30,WAITING FOR 0.786,2026-08-07,287.2699890136719,2026-09-16,210.9900054931641,,270.9460725402832,249.129997253418,307.102784729004,19.183179454226064,6.0,1.0,5.0,0.0,6.0,16.666666666666664,-1.983729550450599,-1.983729550450599,5.166666666666667,26.0,26.0,0.0,0.0,0.0,0.0,-0.3839476549259223,23.07,D,C,SLOW,FAR,LOW PRIORITY,14.24
WESTLIFE.NS,588.0499877929688,2026-10-01T23:11:23.693897+05:30,WAITING FOR 0.786,2025-09-29,763.7999877929688,2026-03-23,398.3999938964844,,685.6043890991211,581.0999908447266,858.8039862060547,14.22896394148499,6.0,1.0,5.0,0.0,6.0,16.666666666666664,-0.0736271548315141,-0.0736271548315141,10.333333333333334,34.0,34.0,4.8,0.0,0.0,0.0,-0.007125208532082,23.05,D,C,SLOW,FAR,LOW PRIORITY,14.23
JAIPURKURT.NS,26.489999771118164,2026-10-01T23:11:23.693897+05:30,WAITING FOR 0.786,2026-02-10,42.7400016784668,2026-09-16,23.90999984741211,,38.71038128662109,33.32500076293945,47.63580215454101,31.56874489305659,4.0,1.0,2.0,1.0,3.0,33.33333333333333,3.8977312092785534,3.8977312092785534,24.5,26.0,26.0,5.5,0.0,0.0,0.0,0.1590910697664716,,INSUFFICIENT,C,SLOW,FAR,LOW PRIORITY,14.18
GSFC.NS,146.89999389648438,2026-10-01T23:11:23.693897+05:30,WAITING FOR 0.786,2025-11-17,199.3300018310547,2026-03-30,138.8300018310547,,186.38300183105468,169.0800018310547,215.0600018310547,21.18380300064024,5.0,2.0,3.0,0.0,5.0,40.0,0.0869383666909659,0.0869383666909659,8.6,14.5,14.5,4.0,0.0,0.0,100.0,0.0101091124059262,,INSUFFICIENT,C,MEDIUM,FAR,LOW PRIORITY,14.13
RAJMET.NS,3.0799999237060547,2026-10-01T23:11:23.693897+05:30,WAITING FOR 0.786,2025-12-30,5.28000020980835,2026-03-24,2.720000028610229,,4.732160171031952,4.0000001192092896,5.94560025691986,34.91344729706406,5.0,2.0,3.0,0.0,5.0,40.0,-0.4302573699795131,-0.4302573699795131,5.4,12.0,12.0,0.0,0.0,0.0,100.0,-0.0796772907369468,,INSUFFICIENT,C,MEDIUM,FAR,LOW PRIORITY,14.0
SHANTI.NS,5.5,2026-10-01T23:11:23.693897+05:30,WAITING FOR 0.786,2025-10-07,12.260000228881836,2026-03-25,4.699999809265137,,10.642160139083863,8.480000019073486,14.225600337982176,48.31876303194333,5.0,1.0,4.0,0.0,5.0,20.0,-9.521742243642754,-9.521742243642754,10.0,4.0,4.0,11.25,100.0,100.0,100.0,-0.9521742243642752,,INSUFFICIENT,C,FAST,FAR,LOW PRIORITY,14.0
SJS.NS,2159.800048828125,2026-10-01T23:11:23.693897+05:30,WAITING FOR 0.786,2026-08-06,2590.0,2026-10-01,2090.800048828125,,2483.171210449219,2340.4000244140625,2719.791987304688,13.022507681320707,12.0,1.0,10.0,1.0,11.0,9.090909090909092,-3.667328724818089,-3.667328724818089,13.833333333333334,33.0,33.0,6.9,0.0,0.0,0.0,-0.2651081005892594,15.41,D,C,SLOW,FAR,LOW PRIORITY,13.67
AYMSYNTEX.NS,279.95001220703125,2026-10-01T23:11:23.693897+05:30,WAITING FOR 0.786,2026-09-08,330.0,2026-10-01,271.6499938964844,,317.51309869384767,300.8249969482422,345.17100158691403,11.83040530968314,4.0,1.0,3.0,0.0,4.0,25.0,4.92764949393507,4.92764949393507,12.75,48.0,48.0,0.0,0.0,0.0,0.0,0.3864823132498094,,INSUFFICIENT,C,SLOW,FAR,LOW PRIORITY,13.64
JKCEMENT.NS,4952.0,2026-10-01T23:11:23.693897+05:30,WAITING FOR 0.786,2025-10-14,6764.5,2026-06-12,4671.5,,6316.598,5718.0,7308.68,21.60336940865953,6.0,1.0,3.0,2.0,4.0,25.0,-3.528014124005686,-3.528014124005686,32.5,32.0,32.0,13.666666666666666,0.0,0.0,0.0,-0.1085542807386364,20.99,D,C,SLOW,FAR,LOW PRIORITY,13.6
ADVANIHOTR.NS,46.97999954223633,2026-10-01T23:11:23.693897+05:30,WAITING FOR 0.786,2026-01-23,65.5,2026-09-16,46.75,,61.4875,56.125,70.375,23.59422721327696,8.0,1.0,7.0,0.0,8.0,12.5,-1.9423056015429696,-1.9423056015429696,5.0,32.0,32.0,0.4285714285714285,0.0,0.0,0.0,-0.3884611203085939,18.47,D,C,SLOW,FAR,LOW PRIORITY,13.59
BRNL.NS,16.030000686645508,2026-10-01T23:11:23.693897+05:30,WAITING FOR 0.786,2025-11-06,26.489999771118164,2026-09-30,15.670000076293944,,24.17451983642578,21.07999992370605,29.303199691772463,33.69051052467334,4.0,1.0,3.0,0.0,4.0,25.0,4.881186702557928,4.881186702557928,6.25,22.0,22.0,0.0,0.0,0.0,0.0,0.7809898724092684,,INSUFFICIENT,C,SLOW,FAR,LOW PRIORITY,13.57
SINDHUTRAD.NS,22.229999542236328,2026-10-01T23:11:23.693897+05:30,WAITING FOR 0.786,2026-07-21,27.950000762939453,2026-10-01,21.93000030517578,,26.661720664978027,24.940000534057617,29.51520088195801,16.62203718368059,10.0,1.0,9.0,0.0,10.0,10.0,-6.748569592357368,-6.748569592357368,8.1,27.0,27.0,5.555555555555555,0.0,0.0,0.0,-0.833156739797206,13.96,D,C,SLOW,FAR,LOW PRIORITY,13.39
UNIENTER.NS,87.0199966430664,2026-10-01T23:11:23.693897+05:30,WAITING FOR 0.786,2025-11-12,158.0,2026-10-01,86.5999984741211,,142.7203996734619,122.29999923706056,176.56400039672852,39.02763946698273,21.0,0.0,21.0,0.0,21.0,0.0,-5.136833556511808,-5.136833556511808,3.857142857142857,,,3.238095238095238,,,,-1.3317716627993574,9.47,D,C,UNKNOWN,FAR,LOW PRIORITY,13.31
PIIND.NS,2236.0,2026-10-01T23:11:23.693897+05:30,WAITING FOR 0.786,2025-11-10,3832.89990234375,2026-09-11,2191.0,,3481.533323242188,3011.949951171875,4259.793876953125,35.77542443518195,10.0,1.0,8.0,1.0,9.0,11.11111111111111,-4.135225308988231,-4.135225308988231,17.7,26.0,26.0,11.125,0.0,0.0,0.0,-0.2336285485304085,18.48,D,C,SLOW,FAR,LOW PRIORITY,13.25
JKLAKSHMI.NS,476.6000061035156,2026-10-01T23:11:23.693897+05:30,WAITING FOR 0.786,2025-11-03,884.9500122070312,2026-10-01,471.6000061035156,,796.493110900879,678.2750091552734,992.4210137939452,40.16269574956475,6.0,1.0,4.0,1.0,5.0,20.0,-2.5777795557810834,-2.5777795557810834,18.5,29.0,29.0,4.5,0.0,0.0,0.0,-0.1393394354476261,23.47,D,C,SLOW,FAR,LOW PRIORITY,13.21
HYUNDAI.NS,2024.0,2026-10-01T23:11:23.693897+05:30,WAITING FOR 0.786,2025-09-26,2725.39990234375,2026-04-06,1658.0,,2496.9763232421874,2191.699951171875,3002.923876953125,18.94196267860696,5.0,1.0,4.0,0.0,5.0,20.0,-2.205496835013661,-2.205496835013661,7.8,6.0,6.0,8.0,0.0,100.0,100.0,-0.2827560044889308,,INSUFFICIENT,C,FAST,FAR,LOW PRIORITY,13.0
BIRLAMONEY.NS,112.81999969482422,2026-10-01T23:11:23.693897+05:30,WAITING FOR 0.786,2026-07-17,141.89999389648438,2026-10-01,110.0999984741211,,135.09479487609863,125.99999618530272,150.16799270629883,16.48827047829904,12.0,1.0,11.0,0.0,12.0,8.333333333333332,-4.67754864387014,-4.67754864387014,12.833333333333334,62.0,62.0,7.818181818181818,0.0,0.0,0.0,-0.3644843099119589,13.52,D,C,SLOW,FAR,LOW PRIORITY,12.82
GROBTEA.NS,878.5,2026-10-01T23:11:23.693897+05:30,WAITING FOR 0.786,2025-11-03,1225.0,2026-03-30,805.0,,1135.12,1015.0,1334.2,22.607301430685737,23.0,0.0,23.0,0.0,23.0,0.0,-6.188713690054546,-6.188713690054546,2.9130434782608696,,,2.1739130434782608,,,,-2.1244838040485754,7.83,D,C,UNKNOWN,FAR,LOW PRIORITY,12.74
EUROBOND.NS,148.2899932861328,2026-10-01T23:11:23.693897+05:30,WAITING FOR 0.786,2025-11-10,225.0,2026-03-30,126.3000030517578,,203.8782006530762,175.6500015258789,250.661999206543,27.26540021879708,10.0,1.0,8.0,1.0,9.0,11.11111111111111,-3.1980504681045394,-3.1980504681045394,16.3,42.0,42.0,6.75,0.0,0.0,0.0,-0.1961994152211373,16.95,D,C,SLOW,FAR,LOW PRIORITY,12.71
SUPERHOUSE.NS,154.66000366210938,2026-10-01T23:11:23.693897+05:30,WAITING FOR 0.786,2026-09-09,189.0,2026-10-01,151.05999755859375,,180.88083947753907,170.02999877929688,198.8644006347656,14.496193124250553,7.0,1.0,6.0,0.0,7.0,14.285714285714285,-3.178046964238644,-3.178046964238644,7.857142857142857,23.0,23.0,4.666666666666667,0.0,0.0,0.0,-0.4044787045394637,20.25,D,C,SLOW,FAR,LOW PRIORITY,12.66
LINCOLN.NS,582.0499877929688,2026-10-01T23:11:23.693897+05:30,WAITING FOR 0.786,2026-05-27,770.0,2026-07-30,569.7000122070312,,727.1358026123047,669.8500061035156,822.0779968261719,19.953056127631363,8.0,1.0,6.0,1.0,7.0,14.285714285714285,-1.2710440734400517,-1.2710440734400517,15.125,44.0,44.0,1.8333333333333333,0.0,0.0,0.0,-0.0840359717976893,20.23,D,C,SLOW,FAR,LOW PRIORITY,12.65
SHALBY.NS,133.5500030517578,2026-10-01T23:11:23.693897+05:30,WAITING FOR 0.786,2025-10-06,273.0,2026-03-30,125.81999969482422,,241.5034799346924,199.4099998474121,311.26680007934567,44.70058854312471,7.0,1.0,6.0,0.0,7.0,14.285714285714285,-1.445791510740934,-1.445791510740934,17.0,59.0,59.0,9.5,0.0,0.0,0.0,-0.085046559455349,19.96,D,C,SLOW,FAR,LOW PRIORITY,12.56
NKIND.NS,59.959999084472656,2026-10-01T23:11:23.693897+05:30,WAITING FOR 0.786,2026-04-17,76.9000015258789,2026-08-25,49.65999984741211,,71.07064116668701,63.28000068664551,83.98240196228028,15.6332374378835,19.0,1.0,18.0,0.0,19.0,5.263157894736842,-7.2922623215313775,-7.2922623215313775,5.578947368421052,34.0,34.0,3.388888888888889,0.0,0.0,0.0,-1.3071036236707188,9.21,D,C,SLOW,FAR,LOW PRIORITY,12.54
TCI.NS,877.0999755859375,2026-10-01T23:11:23.693897+05:30,WAITING FOR 0.786,2025-10-29,1242.0,2026-09-22,797.0,,1146.77,1019.5,1357.7,23.51561554749972,11.0,1.0,8.0,2.0,9.0,11.11111111111111,-3.5382388871447104,-3.5382388871447104,15.727272727272728,35.0,35.0,1.375,0.0,0.0,0.0,-0.2249747269282764,16.42,D,C,SLOW,FAR,LOW PRIORITY,12.52
PUNJABCHEM.NS,1040.9000244140625,2026-10-01T23:11:23.693897+05:30,WAITING FOR 0.786,2025-11-03,1533.9000244140625,2026-03-30,876.5999755859375,,1393.2378139648438,1205.25,1704.798037109375,25.289134849714323,2.0,1.0,1.0,0.0,2.0,50.0,-5.629052731890157,-5.629052731890157,17.5,27.0,27.0,8.0,0.0,0.0,0.0,-0.3216601561080089,,INSUFFICIENT,C,SLOW,FAR,LOW PRIORITY,12.5
NATCOPHARM.NS,821.2999877929688,2026-10-01T23:11:23.693897+05:30,WAITING FOR 0.786,2026-05-12,1226.800048828125,2026-09-16,801.0,,1135.6788383789062,1013.9000244140624,1337.5080615234374,27.68202065248385,3.0,1.0,1.0,1.0,2.0,50.0,-0.1399781342988726,-0.1399781342988726,35.0,42.0,42.0,2.0,0.0,0.0,0.0,-0.003999375265682,,INSUFFICIENT,C,SLOW,FAR,LOW PRIORITY,12.5
HATHWAY.NS,9.31999969482422,2026-10-01T23:11:23.693897+05:30,WAITING FOR 0.786,2025-10-06,14.380000114440918,2026-03-30,8.760000228881836,,13.177320138931275,11.570000171661375,15.841200084686278,29.27241960761756,3.0,1.0,1.0,1.0,2.0,50.0,-2.059786549014292,-2.059786549014292,36.0,33.0,33.0,12.0,0.0,0.0,0.0,-0.0572162930281747,,INSUFFICIENT,C,SLOW,FAR,LOW PRIORITY,12.5
LAOPALA.NS,156.11000061035156,2026-10-01T23:11:23.693897+05:30,WAITING FOR 0.786,2025-10-06,250.8999938964844,2026-09-29,153.00999450683594,,229.95153402709963,201.95499420166016,276.351393737793,32.111781175613245,8.0,1.0,6.0,1.0,7.0,14.285714285714285,-1.731495979070235,-1.731495979070235,12.75,36.0,36.0,0.0,0.0,0.0,0.0,-0.135803606201587,19.51,D,C,SLOW,FAR,LOW PRIORITY,12.4
BAYERCROP.NS,3554.199951171875,2026-10-01T23:11:23.693897+05:30,WAITING FOR 0.786,2026-05-04,4832.7998046875,2026-10-01,3513.0,,4550.362646484375,4172.89990234375,5175.94775390625,21.8919407683284,4.0,1.0,2.0,1.0,3.0,33.33333333333333,-0.2115512778700092,-0.2115512778700092,21.75,11.0,11.0,6.5,0.0,0.0,100.0,-0.0097264955342533,,INSUFFICIENT,C,MEDIUM,FAR,LOW PRIORITY,12.33
KSHINTL.NS,1028.199951171875,2026-10-01T23:11:23.693897+05:30,WAITING FOR 0.786,2026-09-09,1198.0,2026-09-28,975.5999755859376,,1150.4063947753907,1086.7999877929688,1255.8240063476562,10.622893280020032,4.0,1.0,3.0,0.0,4.0,25.0,-0.2613611400074774,-0.2613611400074774,2.75,8.0,8.0,0.0,0.0,100.0,100.0,-0.0950404145481736,,INSUFFICIENT,C,MEDIUM,FAR,LOW PRIORITY,12.25
MEDIASSIST.NS,298.5,2026-10-01T23:11:23.693897+05:30,WAITING FOR 0.786,2025-11-03,575.5499877929688,2026-10-01,291.25,,514.7097904052735,433.3999938964844,649.4679846191407,42.00615462065208,4.0,1.0,3.0,0.0,4.0,25.0,-0.7122162452521472,-0.7122162452521472,4.5,10.0,10.0,2.0,0.0,100.0,100.0,-0.1582702767226994,,INSUFFICIENT,C,MEDIUM,FAR,LOW PRIORITY,12.25
HEXT.NS,490.4500122070313,2026-10-01T23:11:23.693897+05:30,WAITING FOR 0.786,2025-12-04,807.75,2026-03-12,400.2000122070313,,720.5343026123047,603.9750061035156,913.712996826172,31.93245478682978,1.0,0.0,0.0,1.0,0.0,,8.115960308652966,8.115960308652966,62.0,,,,,,,0.1309025856234349,,INSUFFICIENT,C,UNKNOWN,FAR,LOW PRIORITY,12.17
AGIIL.NS,260.0,2026-10-01T23:11:23.693897+05:30,WAITING FOR 0.786,2026-05-04,434.3999938964844,2026-09-15,255.8000030517578,,396.1795958557129,345.0999984741211,480.83599151611327,34.37319773159368,9.0,1.0,8.0,0.0,9.0,11.11111111111111,-3.920413491064585,-3.920413491064585,6.666666666666667,43.0,43.0,1.375,0.0,0.0,0.0,-0.5880620236596876,14.82,D,C,SLOW,FAR,LOW PRIORITY,11.96
NCC.NS,130.05999755859375,2026-10-01T23:11:23.693897+05:30,WAITING FOR 0.786,2025-11-03,217.25,2026-09-29,126.6500015258789,,197.8616003265381,171.95000076293945,240.8059996032715,34.26718608160903,8.0,1.0,6.0,1.0,7.0,14.285714285714285,-2.783457659945854,-2.783457659945854,23.625,41.0,41.0,14.5,0.0,0.0,0.0,-0.1178183136485017,17.87,D,C,SLOW,FAR,LOW PRIORITY,11.83
SPIC.NS,62.22999954223633,2026-10-01T23:11:23.693897+05:30,WAITING FOR 0.786,2025-10-06,96.83000183105467,2026-03-30,55.09999847412109,,87.8997811126709,75.96500015258789,107.67980270385742,29.203464724821966,6.0,1.0,5.0,0.0,6.0,16.666666666666664,-4.506407779287333,-4.506407779287333,9.333333333333334,34.0,34.0,4.0,0.0,0.0,0.0,-0.4828294049236427,16.13,D,C,SLOW,FAR,LOW PRIORITY,11.81
MANALIPETC.NS,78.1500015258789,2026-10-01T23:11:23.693897+05:30,WAITING FOR 0.786,2026-09-08,93.0,2026-10-01,75.55999755859375,,89.26783947753907,84.27999877929688,97.53440063476565,12.454471864368974,3.0,1.0,2.0,0.0,3.0,33.33333333333333,0.9265855331367424,0.9265855331367424,8.333333333333334,19.0,19.0,3.0,0.0,0.0,100.0,0.111190263976409,,INSUFFICIENT,C,SLOW,FAR,LOW PRIORITY,11.72
ITDC.NS,665.5999755859375,2026-10-01T23:11:23.693897+05:30,WAITING FOR 0.786,2026-07-20,822.0,2026-09-09,627.0999755859375,,780.2913947753907,724.5499877929688,872.6740063476562,14.698536977005556,13.0,1.0,12.0,0.0,13.0,7.6923076923076925,-6.465882729521131,-6.465882729521131,12.846153846153848,54.0,54.0,8.666666666666666,0.0,0.0,0.0,-0.503332188525597,10.47,D,C,SLOW,FAR,LOW PRIORITY,11.59
ADANIENSOL.NS,1326.4000244140625,2026-10-01T23:11:23.693897+05:30,WAITING FOR 0.786,2026-07-21,1789.0,2026-09-29,1275.199951171875,,1679.046789550781,1532.0999755859375,1922.5880126953125,21.002795593985045,3.0,1.0,2.0,0.0,3.0,33.33333333333333,2.13082446032988,2.13082446032988,19.33333333333333,21.0,21.0,18.5,0.0,0.0,0.0,0.1102150582929248,,INSUFFICIENT,C,SLOW,FAR,LOW PRIORITY,11.53
CENTRALBK.NS,30.0,2026-10-01T23:11:23.693897+05:30,WAITING FOR 0.786,2026-02-26,40.91999816894531,2026-06-02,29.31999969482422,,38.4375984954834,35.119998931884766,43.9359977722168,21.95141951044329,5.0,1.0,4.0,0.0,5.0,20.0,-1.562651323147623,-1.562651323147623,3.0,10.0,10.0,1.0,0.0,100.0,100.0,-0.5208837743825409,,INSUFFICIENT,C,MEDIUM,FAR,LOW PRIORITY,11.0
NELCAST.NS,121.02999877929688,2026-10-01T23:11:23.693897+05:30,WAITING FOR 0.786,2026-05-08,173.1999969482422,2026-09-16,102.31999969482422,,158.03167753601076,137.7599983215332,191.62879623413085,23.41408971519795,9.0,1.0,6.0,2.0,7.0,14.285714285714285,-4.588443356139255,-4.588443356139255,22.77777777777778,49.0,49.0,5.166666666666667,0.0,0.0,0.0,-0.2014438546597721,15.04,D,C,SLOW,FAR,LOW PRIORITY,10.84
AGROPHOS.NS,23.0,2026-10-01T23:11:23.693897+05:30,WAITING FOR 0.786,2026-01-02,42.0,2026-09-09,21.0,,37.506,31.5,47.46,38.67647843011785,4.0,1.0,3.0,0.0,4.0,25.0,1.4201344105698572,1.4201344105698572,5.0,17.0,17.0,0.6666666666666666,0.0,0.0,100.0,0.2840268821139714,,INSUFFICIENT,C,SLOW,FAR,LOW PRIORITY,10.38
TINNARUBR.NS,938.8499755859376,2026-10-01T23:11:23.693897+05:30,WAITING FOR 0.786,2026-07-21,1322.0,2026-10-01,911.0499877929688,,1234.0566973876953,1116.5249938964844,1428.8470031738282,23.921649825868148,4.0,1.0,3.0,0.0,4.0,25.0,2.725069877189476,2.725069877189476,9.25,28.0,28.0,2.333333333333333,0.0,0.0,0.0,0.2946021488853487,,INSUFFICIENT,C,SLOW,FAR,LOW PRIORITY,10.34
MANAKALUCO.NS,33.7599983215332,2026-10-01T23:11:23.693897+05:30,WAITING FOR 0.786,2026-01-20,68.12000274658203,2026-03-30,21.729999542236328,,58.192542060852055,44.92500114440918,80.18140357971191,41.98569588826295,4.0,1.0,3.0,0.0,4.0,25.0,-3.2905348161258896,-3.2905348161258896,4.5,14.0,14.0,0.6666666666666666,0.0,0.0,100.0,-0.7312299591390866,,INSUFFICIENT,C,MEDIUM,FAR,LOW PRIORITY,10.25
ARVINDFASN.NS,379.7000122070313,2026-10-01T23:11:23.693897+05:30,WAITING FOR 0.786,2025-11-03,569.0,2026-03-30,366.2000122070313,,525.6008026123047,467.6000061035156,621.7279968261719,27.75885989521467,16.0,0.0,15.0,1.0,15.0,0.0,-6.467918521097356,-6.467918521097356,12.375,,,8.8,,,,-0.5226600825129177,6.39,D,C,UNKNOWN,FAR,LOW PRIORITY,10.24
SALONA.NS,254.3500061035156,2026-10-01T23:11:23.693897+05:30,WAITING FOR 0.786,2026-07-23,309.79998779296875,2026-08-07,238.1000061035156,,294.4561917114258,273.9499969482422,328.4419830322266,13.620425291384327,16.0,0.0,16.0,0.0,16.0,0.0,-7.212731902348533,-7.212731902348533,3.1875,,,2.5625,,,,-2.262817851717186,5.23,D,C,UNKNOWN,FAR,LOW PRIORITY,9.83
AKI.NS,6.159999847412109,2026-10-01T23:11:23.693897+05:30,WAITING FOR 0.786,2025-09-26,9.829999923706056,2026-03-25,3.799999952316284,,8.539579929828644,6.814999938011169,11.397799916267395,27.86530604514505,5.0,1.0,4.0,0.0,5.0,20.0,1.8777526403876288,1.8777526403876288,4.8,20.0,20.0,0.0,0.0,0.0,100.0,0.3911984667474228,,INSUFFICIENT,C,SLOW,FAR,LOW PRIORITY,9.82
ICICIPRULI.NS,448.0499877929688,2026-10-01T23:11:23.693897+05:30,WAITING FOR 0.786,2026-01-13,706.7999877929688,2026-10-01,441.7999877929688,,650.0899877929687,574.2999877929688,775.6999877929687,31.07877429183585,2.0,0.0,1.0,1.0,1.0,0.0,6.489339532649932,6.489339532649932,31.5,,,0.0,,,,0.2060107788142835,,INSUFFICIENT,C,UNKNOWN,FAR,LOW PRIORITY,9.73
HINDUNILVR.NS,1836.0,2026-10-01T23:11:23.693897+05:30,WAITING FOR 0.786,2025-10-23,2667.199951171875,2026-10-01,1826.9000244140625,,2487.375766845704,2247.0499877929688,2885.677932128906,26.18726834633945,5.0,1.0,2.0,2.0,3.0,33.33333333333333,0.6375444256213827,0.6375444256213827,40.2,43.0,43.0,18.5,0.0,0.0,0.0,0.0158593140701836,,INSUFFICIENT,C,SLOW,FAR,LOW PRIORITY,9.29
UTIAMC.NS,883.7000122070312,2026-10-01T23:11:23.693897+05:30,WAITING FOR 0.786,2025-10-17,1409.0,2026-09-01,866.0,,1292.798,1137.5,1550.1799999999998,31.644385881860025,6.0,0.0,4.0,2.0,4.0,0.0,2.024534734935304,2.024534734935304,23.5,,,3.75,,,,0.0861504142525661,17.66,D,C,UNKNOWN,FAR,LOW PRIORITY,9.22
FIVESTAR.NS,506.25,2026-10-01T23:11:23.693897+05:30,WAITING FOR 0.786,2025-10-31,666.0,2026-03-23,338.1499938964844,,595.8400986938477,502.0749969482422,751.2410015869141,15.035929755355482,5.0,1.0,4.0,0.0,5.0,20.0,-2.464522140937285,-2.464522140937285,14.0,12.0,12.0,14.25,0.0,0.0,100.0,-0.1760372957812346,,INSUFFICIENT,C,MEDIUM,FAR,LOW PRIORITY,9.0
SWSOLAR.NS,164.82000732421875,2026-10-01T23:11:23.693897+05:30,WAITING FOR 0.786,2026-06-23,260.79998779296875,2026-10-01,163.02000427246094,,239.8750713195801,211.90999603271484,286.2227835083008,31.28923050756165,4.0,1.0,3.0,0.0,4.0,25.0,1.3481210060711688,1.3481210060711688,8.25,22.0,22.0,3.333333333333333,0.0,0.0,0.0,0.1634086067965053,,INSUFFICIENT,C,SLOW,FAR,LOW PRIORITY,8.27
EPACK.NS,171.58999633789062,2026-10-01T23:11:23.693897+05:30,WAITING FOR 0.786,2025-09-29,368.2999877929688,2026-10-01,168.61000061035156,,325.5663305358887,268.45499420166016,420.2193844604492,47.29491957738687,4.0,1.0,3.0,0.0,4.0,25.0,-1.1369014826879575,-1.1369014826879575,7.75,16.0,16.0,4.666666666666667,0.0,0.0,100.0,-0.1466969655081235,,INSUFFICIENT,C,SLOW,FAR,LOW PRIORITY,8.25
AIROLAM.NS,89.58000183105469,2026-10-01T23:11:23.693897+05:30,WAITING FOR 0.786,2026-06-25,111.77999877929688,2026-09-15,83.52999877929688,,105.73449877929689,97.65499877929688,119.12499877929687,15.278359603294664,13.0,0.0,12.0,1.0,12.0,0.0,-6.122376016121771,-6.122376016121771,7.538461538461538,,,2.25,,,,-0.8121519205059492,5.93,D,C,UNKNOWN,FAR,LOW PRIORITY,8.08
BANARBEADS.NS,116.0,2026-10-01T23:11:23.693897+05:30,WAITING FOR 0.786,2025-10-30,164.6999969482422,2026-06-10,96.0500030517578,,150.00889825439452,130.375,182.5489953613281,22.67125393902973,15.0,0.0,14.0,1.0,14.0,0.0,-6.834438016164454,-6.834438016164454,6.4,,,1.7857142857142858,,,,-1.067880940025696,5.82,D,C,UNKNOWN,FAR,LOW PRIORITY,8.04
DVL.NS,278.70001220703125,2026-10-01T23:11:23.693897+05:30,WAITING FOR 0.786,2025-10-06,375.8999938964844,2026-03-30,186.9900054931641,,335.4732563781738,281.4449996948242,425.01659088134767,16.92332938371187,10.0,0.0,10.0,0.0,10.0,0.0,-7.012774206844476,-7.012774206844476,7.5,,,6.8,,,,-0.9350365609125968,4.54,D,C,UNKNOWN,FAR,LOW PRIORITY,7.59
DHANBANK.NS,26.96999931335449,2026-10-01T23:11:23.693897+05:30,WAITING FOR 0.786,2026-07-07,36.84999847412109,2026-10-01,26.0,,34.52809880065918,31.424999237060547,39.67099807739258,21.889706499450803,4.0,1.0,3.0,0.0,4.0,25.0,0.7440093378942512,0.7440093378942512,9.5,33.0,33.0,1.6666666666666667,0.0,0.0,0.0,0.0783167724099211,,INSUFFICIENT,C,SLOW,FAR,LOW PRIORITY,7.37
DOLATALGO.NS,62.86000061035156,2026-10-01T23:11:23.693897+05:30,WAITING FOR 0.786,2026-01-05,95.76000213623048,2026-10-01,62.150001525878906,,88.56746200561524,78.95500183105469,104.49860229492188,29.02585307641965,5.0,1.0,4.0,0.0,5.0,20.0,1.4813765628204227,1.4813765628204227,7.6,27.0,27.0,2.5,0.0,0.0,0.0,0.1949179687921609,,INSUFFICIENT,C,SLOW,FAR,LOW PRIORITY,7.22
GOKUL.NS,38.65999984741211,2026-10-01T23:11:23.693897+05:30,WAITING FOR 0.786,2026-09-08,44.400001525878906,2026-10-01,38.040000915527344,,43.03896139526367,41.220001220703125,46.05360168457031,10.174412685370829,11.0,0.0,11.0,0.0,11.0,0.0,-7.829361362337516,-7.829361362337516,5.545454545454546,,,5.090909090909091,,,,-1.4118520489461093,3.27,D,C,UNKNOWN,FAR,LOW PRIORITY,7.14
DANGEE.NS,2.900000095367432,2026-10-01T23:11:23.693897+05:30,WAITING FOR 0.786,2026-04-24,3.9800000190734863,2026-09-01,2.539999961853028,,3.671840006828308,3.259999990463257,4.354400033950806,21.02052131970703,8.0,0.0,8.0,0.0,8.0,0.0,-3.588625602255529,-3.588625602255529,1.25,,,0.375,,,,-2.870900481804424,8.89,D,C,UNKNOWN,FAR,LOW PRIORITY,7.11
GREAVESCOT.NS,225.97999572753903,2026-10-01T23:11:23.693897+05:30,WAITING FOR 0.786,2026-07-14,271.8999938964844,2026-09-16,178.7100067138672,,251.9573366394043,225.30500030517572,296.1293905639649,10.310214125276069,5.0,1.0,4.0,0.0,5.0,20.0,-1.854856959841925,-1.854856959841925,10.4,20.0,20.0,7.5,0.0,0.0,100.0,-0.1783516307540312,,INSUFFICIENT,C,SLOW,FAR,LOW PRIORITY,7.0
RKEC.NS,21.940000534057617,2026-10-01T23:11:23.693897+05:30,WAITING FOR 0.786,2025-09-26,77.9000015258789,2026-09-22,17.399999618530273,,64.9530011177063,47.65000057220459,93.63000202178956,66.22172931732828,5.0,1.0,4.0,0.0,5.0,20.0,-4.284486057950055,-4.284486057950055,9.4,16.0,16.0,7.5,0.0,0.0,100.0,-0.4557963891436228,,INSUFFICIENT,C,SLOW,FAR,LOW PRIORITY,7.0
SEAMECLTD.NS,1594.699951171875,2026-10-01T23:11:23.693897+05:30,WAITING FOR 0.786,2026-09-11,1849.0,2026-10-01,1559.199951171875,,1786.9827895507813,1704.0999755859375,1924.3480126953125,10.760195313758064,7.0,0.0,5.0,2.0,5.0,0.0,0.9040249118392216,0.9040249118392216,18.142857142857142,,,0.4,,,,0.0498281447470437,15.91,D,C,UNKNOWN,FAR,LOW PRIORITY,6.92
JUBLINGREA.NS,638.0,2026-10-01T23:11:23.693897+05:30,WAITING FOR 0.786,2026-07-22,795.0,2026-09-18,612.0,,755.838,703.5,842.58,15.590377832286809,10.0,0.0,9.0,1.0,9.0,0.0,-4.773856018754885,-4.773856018754885,13.6,,,7.777777777777778,,,,-0.3510188249084474,8.04,D,C,UNKNOWN,FAR,LOW PRIORITY,6.81
INTENTECH.NS,81.9800033569336,2026-10-01T23:11:23.693897+05:30,WAITING FOR 0.786,2025-11-24,134.0500030517578,2026-03-30,66.30000305175781,,119.5515030517578,100.1750030517578,151.66500305175782,31.42704084494719,5.0,1.0,3.0,1.0,4.0,25.0,0.3756635858837654,0.3756635858837654,21.4,36.0,36.0,2.6666666666666665,0.0,0.0,0.0,0.0175543731721385,,INSUFFICIENT,C,SLOW,FAR,LOW PRIORITY,6.81
NIRAJISPAT.NS,300.0,2026-10-01T23:11:23.693897+05:30,WAITING FOR 0.786,2026-09-02,429.6499938964844,2026-09-23,249.0,,390.9908952026367,339.3249969482422,476.61899230957033,23.27187060340097,1.0,0.0,0.0,1.0,0.0,,4.486285382309927,4.486285382309927,62.0,,,,,,,0.0723594416501601,,INSUFFICIENT,C,UNKNOWN,FAR,LOW PRIORITY,6.73
GRMOVER.NS,77.87000274658203,2026-10-01T23:11:23.693897+05:30,WAITING FOR 0.786,2026-05-18,175.60000610351562,2026-10-01,77.0,,154.4996047973633,126.3000030517578,201.2360076904297,49.598574799777765,2.0,0.0,1.0,1.0,1.0,0.0,4.335279579528016,4.335279579528016,32.5,,,3.0,,,,0.1333932178316312,,INSUFFICIENT,C,UNKNOWN,FAR,LOW PRIORITY,6.5
PFC.NS,318.0,2026-10-01T23:11:23.693897+05:30,WAITING FOR 0.786,2026-04-28,486.5,2026-10-01,313.3500061035156,,449.44590130615234,399.9250030517578,531.5189984130859,29.24621204112714,9.0,0.0,8.0,1.0,8.0,0.0,-4.748158259799769,-4.748158259799769,18.0,,,12.25,,,,-0.263786569988876,7.08,D,C,UNKNOWN,FAR,LOW PRIORITY,6.48
SNOWMAN.NS,34.11000061035156,2026-10-01T23:11:23.693897+05:30,WAITING FOR 0.786,2025-10-03,55.18999862670898,2026-03-30,30.5,,49.906338920593264,42.84499931335449,61.60939826965332,31.651967769816768,9.0,0.0,8.0,1.0,8.0,0.0,-5.02412078994634,-5.02412078994634,12.666666666666666,,,6.0,,,,-0.3966411149957637,6.65,D,C,UNKNOWN,FAR,LOW PRIORITY,6.33
EXIDEIND.NS,409.4500122070313,2026-10-01T23:11:23.693897+05:30,WAITING FOR 0.786,2026-08-11,496.3999938964844,2026-09-29,403.1499938964844,,476.4444938964844,449.7749938964844,520.6449938964844,14.06134031302475,5.0,1.0,3.0,1.0,4.0,25.0,-2.1154203157718703,-2.1154203157718703,18.4,24.0,24.0,1.6666666666666667,0.0,0.0,0.0,-0.1149684954223842,,INSUFFICIENT,C,SLOW,FAR,LOW PRIORITY,6.25
CORALFINAC.NS,31.25,2026-10-01T23:11:23.693897+05:30,WAITING FOR 0.786,2025-12-02,46.540000915527344,2026-03-30,25.01000022888184,,41.9325807685852,35.77500057220459,52.13780109405518,25.475610069266985,4.0,1.0,3.0,0.0,4.0,25.0,-0.5657358974890698,-0.5657358974890698,7.75,28.0,28.0,0.0,0.0,0.0,0.0,-0.0729981803211703,,INSUFFICIENT,C,SLOW,FAR,LOW PRIORITY,6.25
TTL.NS,7.849999904632568,2026-10-01T23:11:23.693897+05:30,WAITING FOR 0.786,2026-02-18,10.170000076293944,2026-08-11,5.5,,9.17062005996704,7.835000038146973,11.384200096130373,14.40055467022825,10.0,0.0,9.0,1.0,9.0,0.0,-6.371133019611468,-6.371133019611468,11.5,,,5.444444444444445,,,,-0.5540115669227363,5.55,D,C,UNKNOWN,FAR,LOW PRIORITY,5.94
JSWDULUX.NS,3020.60009765625,2026-10-01T23:11:23.693897+05:30,WAITING FOR 0.786,2025-12-02,3745.0,2026-03-09,2667.0,,3514.308,3206.0,4025.28,14.04850975906921,8.0,0.0,7.0,1.0,7.0,0.0,-2.900777364532628,-2.900777364532628,13.375,,,6.142857142857143,,,,-0.2168805506192619,9.97,D,C,UNKNOWN,FAR,LOW PRIORITY,5.49
SOUTHWEST.NS,181.6999969482422,2026-10-01T23:11:23.693897+05:30,WAITING FOR 0.786,2026-06-01,275.0,2026-10-01,177.5399932861328,,254.14355856323243,226.2699966430664,300.3396017456055,28.504976488304685,8.0,0.0,8.0,0.0,8.0,0.0,-6.868568482287503,-6.868568482287503,8.0,,,7.5,,,,-0.8585710602859379,3.77,D,C,UNKNOWN,FAR,LOW PRIORITY,5.32
ALPHAGEO.NS,258.20001220703125,2026-10-01T23:11:23.693897+05:30,WAITING FOR 0.786,2026-08-18,368.0,2026-10-01,244.0,,341.464,306.0,400.24,24.384411766092107,5.0,1.0,4.0,0.0,5.0,20.0,-5.212822116319877,-5.212822116319877,8.6,27.0,27.0,3.25,0.0,0.0,0.0,-0.606142106548823,,INSUFFICIENT,C,SLOW,FAR,LOW PRIORITY,5.0
MODTHREAD.NS,45.65999984741211,2026-10-01T23:11:23.693897+05:30,WAITING FOR 0.786,2026-08-18,65.6500015258789,2026-09-23,45.0,,61.23090119934082,55.32500076293945,71.01900192260743,25.42980920897558,8.0,0.0,8.0,0.0,8.0,0.0,-7.467311364407546,-7.467311364407546,7.25,,,6.75,,,,-1.0299739812975923,2.83,D,C,UNKNOWN,FAR,LOW PRIORITY,4.99
DISHTV.NS,2.150000095367432,2026-10-01T23:11:23.693897+05:30,WAITING FOR 0.786,2025-09-26,5.170000076293945,2026-03-30,1.820000052452088,,4.453100071191788,3.4950000643730164,6.041000082492828,51.71902582481096,8.0,0.0,8.0,0.0,8.0,0.0,-7.858217924311292,-7.858217924311292,3.25,,,2.5,,,,-2.4179132074803977,2.22,D,C,UNKNOWN,FAR,LOW PRIORITY,4.78
RIIL.NS,666.8499755859375,2026-10-01T23:11:23.693897+05:30,WAITING FOR 0.786,2026-08-21,814.0,2026-10-01,657.5499877929688,,780.5196973876953,735.7749938964844,854.6770031738281,14.563338014683874,8.0,0.0,6.0,2.0,6.0,0.0,-4.233820729922863,-4.233820729922863,17.125,,,2.0,,,,-0.2472304075867365,7.88,D,C,UNKNOWN,FAR,LOW PRIORITY,4.76
ASAL.NS,426.8999938964844,2026-10-01T23:11:23.693897+05:30,WAITING FOR 0.786,2025-09-26,654.6500244140625,2026-03-30,374.5,,594.6979191894532,514.5750122070312,727.4890307617188,28.215657038395207,2.0,0.0,1.0,1.0,1.0,0.0,3.170910477071982,3.170910477071982,32.5,,,5.0,,,,0.0975664762175994,,INSUFFICIENT,C,UNKNOWN,FAR,LOW PRIORITY,4.76
OSWALGREEN.NS,19.280000686645508,2026-10-01T23:11:23.693897+05:30,WAITING FOR 0.786,2025-09-30,43.790000915527344,2026-09-16,18.549999237060547,,38.388640556335446,31.170000076293945,50.35240135192871,49.776807911829934,9.0,0.0,9.0,0.0,9.0,0.0,-8.368145611540418,-8.368145611540418,3.4444444444444446,,,2.7777777777777777,,,,-2.429461629156896,2.0,D,C,UNKNOWN,FAR,LOW PRIORITY,4.7
FIBERWEB.NS,26.549999237060547,2026-10-01T23:11:23.693897+05:30,WAITING FOR 0.786,2026-05-15,35.0,2026-09-16,25.06999969482422,,32.874979934692384,30.03499984741211,37.581800079345705,19.23949675466477,9.0,0.0,8.0,1.0,8.0,0.0,-8.518842455200767,-8.518842455200767,12.22222222222222,,,5.625,,,,-0.6969962008800628,2.0,D,C,UNKNOWN,FAR,LOW PRIORITY,4.7
HDFCBANK.NS,721.2000122070312,2026-10-01T23:11:23.693897+05:30,WAITING FOR 0.786,2025-10-23,1020.5,2026-09-11,681.9000244140625,,948.0396052246094,851.2000122070312,1108.5359936523437,23.92722748791021,7.0,0.0,7.0,0.0,7.0,0.0,-4.593562481013494,-4.593562481013494,25.571428571428573,,,25.571428571428573,,,,-0.1796365216038796,7.32,D,C,UNKNOWN,FAR,LOW PRIORITY,4.56
APOLLOPIPE.NS,512.5999755859375,2026-10-01T23:11:23.693897+05:30,WAITING FOR 0.786,2026-08-25,668.7999877929688,2026-09-16,496.5,,631.9277904052734,582.6499938964844,713.5979846191406,18.883140863738177,7.0,0.0,6.0,1.0,6.0,0.0,-4.899895172405811,-4.899895172405811,16.428571428571427,,,8.833333333333334,,,,-0.2982544887551364,6.84,D,C,UNKNOWN,FAR,LOW PRIORITY,4.39
DOLLAR.NS,272.1000061035156,2026-10-01T23:11:23.693897+05:30,WAITING FOR 0.786,2026-04-28,319.2699890136719,2026-06-11,243.0500030517578,,302.9589120178223,281.15999603271484,339.08718536376955,10.18583863692094,7.0,0.0,6.0,1.0,6.0,0.0,-5.145645207152997,-5.145645207152997,9.428571428571429,,,0.0,,,,-0.5457502492434997,6.46,D,C,UNKNOWN,FAR,LOW PRIORITY,4.26
VOLTAS.NS,1053.199951171875,2026-10-01T23:11:23.693897+05:30,WAITING FOR 0.786,2026-07-16,1403.0,2026-10-01,1040.5999755859375,,1325.446394775391,1221.7999877929688,1497.2240063476563,20.53998144901593,3.0,0.0,2.0,1.0,2.0,0.0,2.675566075807037,2.675566075807037,24.0,,,5.5,,,,0.1114819198252932,,INSUFFICIENT,C,UNKNOWN,FAR,LOW PRIORITY,4.01
SRGHFL.NS,135.77000427246094,2026-10-01T23:11:23.693897+05:30,WAITING FOR 0.786,2026-07-24,335.0,2026-09-17,118.5999984741211,,288.6903996734619,226.7999992370605,391.2640003967285,52.9703778074953,7.0,0.0,7.0,0.0,7.0,0.0,-5.767450568702701,-5.767450568702701,1.0,,,0.0,,,,-5.767450568702701,5.49,D,C,UNKNOWN,FAR,LOW PRIORITY,3.92
NCLIND.NS,170.02999877929688,2026-10-01T23:11:23.693897+05:30,WAITING FOR 0.786,2026-01-08,214.8000030517578,2026-03-30,147.5,,200.39780239868165,181.1500015258789,232.29800384521485,15.15376079772048,7.0,0.0,7.0,0.0,7.0,0.0,-6.027434555022496,-6.027434555022496,13.428571428571429,,,13.142857142857142,,,,-0.4488515094165688,5.08,D,C,UNKNOWN,FAR,LOW PRIORITY,3.78
TNPETRO.NS,123.18000030517578,2026-10-01T23:11:23.693897+05:30,WAITING FOR 0.786,2026-09-08,146.99000549316406,2026-10-01,118.5,,140.89314431762696,132.74500274658203,154.39740692138673,12.572041101246906,8.0,0.0,7.0,1.0,7.0,0.0,-6.165477825119237,-6.165477825119237,20.875,,,14.857142857142858,,,,-0.2953522311434365,4.87,D,C,UNKNOWN,FAR,LOW PRIORITY,3.7
ZODIACLOTH.NS,66.70999908447266,2026-10-01T23:11:23.693897+05:30,WAITING FOR 0.786,2025-10-23,104.0,2026-03-30,58.5,,94.263,81.25,115.83,29.229921512711616,6.0,0.0,6.0,0.0,6.0,0.0,-6.418321650213385,-6.418321650213385,4.833333333333333,,,4.166666666666667,,,,-1.327928617285528,4.47,D,C,UNKNOWN,FAR,LOW PRIORITY,3.56
VHL.NS,3435.300048828125,2026-10-01T23:11:23.693897+05:30,WAITING FOR 0.786,2025-10-27,4275.0,2026-03-30,2870.0,,3974.33,3572.5,4640.3,13.562787971101416,7.0,0.0,7.0,0.0,7.0,0.0,-6.428922337211206,-6.428922337211206,1.2857142857142858,,,0.5714285714285714,,,,-5.000272928942048,4.45,D,C,UNKNOWN,FAR,LOW PRIORITY,3.56
SURYODAY.NS,143.5500030517578,2026-10-01T23:11:23.693897+05:30,WAITING FOR 0.786,2026-07-24,218.0,2026-10-01,141.08999633789062,,201.5412592163086,179.5449981689453,237.99660095214844,28.77388798206842,7.0,0.0,6.0,1.0,6.0,0.0,-6.764072580470551,-6.764072580470551,23.714285714285715,,,17.5,,,,-0.2852319762849027,3.93,D,C,UNKNOWN,FAR,LOW PRIORITY,3.38
DEN.NS,25.40999984741211,2026-10-01T23:11:23.693897+05:30,WAITING FOR 0.786,2026-06-29,31.32999992370605,2026-10-01,25.1200008392334,,30.001060119628907,28.225000381469727,32.94459968566895,15.302993473930565,4.0,0.0,3.0,1.0,3.0,0.0,2.1853098197647234,2.1853098197647234,15.75,,,0.0,,,,0.1387498298263316,,INSUFFICIENT,C,UNKNOWN,FAR,LOW PRIORITY,3.28
MCLOUD.NS,24.25,2026-10-01T23:11:23.693897+05:30,WAITING FOR 0.786,2025-09-26,80.38999938964844,2026-03-30,19.39999961853028,,67.33813943862916,49.89499950408936,96.24739933013916,63.98771899229405,2.0,0.0,1.0,1.0,1.0,0.0,2.1477363513170333,2.1477363513170333,31.0,,,0.0,,,,0.0692818177844204,,INSUFFICIENT,C,UNKNOWN,FAR,LOW PRIORITY,3.22
PODDARMENT.NS,253.6499938964844,2026-10-01T23:11:23.693897+05:30,WAITING FOR 0.786,2026-09-08,333.3999938964844,2026-10-01,250.3999938964844,,315.6379938964844,291.8999938964844,354.9799938964844,19.63895386444808,6.0,0.0,5.0,1.0,5.0,0.0,-3.571610889584551,-3.571610889584551,13.333333333333334,,,2.8,,,,-0.2678708167188413,8.92,D,C,UNKNOWN,FAR,LOW PRIORITY,3.12
DABUR.NS,374.25,2026-10-01T23:11:23.693897+05:30,WAITING FOR 0.786,2026-01-05,534.0,2026-09-09,368.0499877929688,,498.48669738769536,451.0249938964844,577.1470031738281,24.92277086605401,1.0,0.0,0.0,1.0,0.0,,2.0710095799545645,2.0710095799545645,61.0,,,,,,,0.0339509767205666,,INSUFFICIENT,C,UNKNOWN,FAR,LOW PRIORITY,3.11
PAKKA.NS,72.26000213623047,2026-10-01T23:11:23.693897+05:30,WAITING FOR 0.786,2025-10-03,160.3000030517578,2026-07-17,69.0999984741211,,140.78320207214355,114.70000076293944,184.01200424194337,48.67285224894854,6.0,0.0,6.0,0.0,6.0,0.0,-7.394372788775416,-7.394372788775416,6.166666666666667,,,5.666666666666667,,,,-1.1990874792608783,2.95,D,C,UNKNOWN,FAR,LOW PRIORITY,3.03
RESPONIND.NS,162.58999633789062,2026-10-01T23:11:23.693897+05:30,WAITING FOR 0.786,2026-07-20,240.8999938964844,2026-09-08,142.97999572753906,,219.94511428833007,191.9399948120117,266.3591934204102,26.07701386594638,7.0,0.0,7.0,0.0,7.0,0.0,-7.62125851974565,-7.62125851974565,5.571428571428571,,,5.142857142857143,,,,-1.3679181958517834,2.59,D,C,UNKNOWN,FAR,LOW PRIORITY,2.91
DEEPAKNTR.NS,1492.800048828125,2026-10-01T23:11:23.693897+05:30,WAITING FOR 0.786,2026-08-05,1851.0,2026-10-01,1473.0999755859375,,1770.129394775391,1662.0499877929688,1949.2540063476563,15.667179290158934,2.0,0.0,1.0,1.0,1.0,0.0,1.939085643532121,1.939085643532121,31.5,,,1.0,,,,0.0615582743978451,,INSUFFICIENT,C,UNKNOWN,FAR,LOW PRIORITY,2.91
BERGEPAINT.NS,452.3999938964844,2026-10-01T23:11:23.693897+05:30,WAITING FOR 0.786,2026-08-13,565.9000244140625,2026-09-29,441.1000061035156,,539.1928204956055,503.50001525878906,598.3480291748047,16.096806800829512,7.0,0.0,4.0,3.0,4.0,0.0,-4.103546051320462,-4.103546051320462,34.42857142857143,,,14.25,,,,-0.1191901342707188,8.09,D,C,UNKNOWN,FAR,LOW PRIORITY,2.83
SEPC.NS,5.079999923706055,2026-10-01T23:11:23.693897+05:30,WAITING FOR 0.786,2025-09-26,12.479999542236328,2026-03-23,4.650000095367432,,10.804379660606385,8.56499981880188,14.51579939842224,52.982030590537896,7.0,0.0,6.0,1.0,6.0,0.0,-7.918417638878294,-7.918417638878294,12.428571428571429,,,3.8333333333333335,,,,-0.6371140628982536,2.13,D,C,UNKNOWN,FAR,LOW PRIORITY,2.75
SHRADHA.NS,29.88999938964844,2026-10-01T23:11:23.693897+05:30,WAITING FOR 0.786,2025-10-07,51.810001373291016,2026-03-30,26.34000015258789,,46.35942111206055,39.07500076293945,58.43220169067383,35.52551202613601,8.0,0.0,7.0,1.0,7.0,0.0,-8.825043337932048,-8.825043337932048,11.375,,,4.0,,,,-0.775827985752268,2.0,D,C,UNKNOWN,FAR,LOW PRIORITY,2.7
SGL.NS,8.5,2026-10-01T23:11:23.693897+05:30,WAITING FOR 0.786,2025-09-29,16.84000015258789,2026-03-30,8.399999618530273,,15.03384003829956,12.619999885559082,19.03440029144287,43.46088571951167,7.0,0.0,7.0,0.0,7.0,0.0,-10.901615332787276,-10.901615332787276,3.857142857142857,,,3.4285714285714284,,,,-2.8263447159078123,2.0,D,C,UNKNOWN,FAR,LOW PRIORITY,2.7
BALAJITELE.NS,90.04000091552734,2026-10-01T23:11:23.693897+05:30,WAITING FOR 0.786,2026-05-13,115.4800033569336,2026-07-30,80.94999694824219,,108.09058198547363,98.21500015258788,124.45780502319336,16.699494755585757,7.0,0.0,6.0,1.0,6.0,0.0,-8.59052581999134,-8.59052581999134,12.857142857142858,,,4.5,,,,-0.6681520082215486,2.0,D,C,UNKNOWN,FAR,LOW PRIORITY,2.7
TECILCHEM.NS,9.25,2026-10-01T23:11:23.693897+05:30,WAITING FOR 0.786,2025-12-30,21.3799991607666,2026-08-26,8.0,,18.51667934036255,14.6899995803833,24.85879894256592,50.04503869202453,6.0,0.0,6.0,0.0,6.0,0.0,-9.367997932834026,-9.367997932834026,8.333333333333334,,,7.833333333333333,,,,-1.124159751940083,2.0,D,C,UNKNOWN,FAR,LOW PRIORITY,2.7
HPAL.NS,33.810001373291016,2026-10-01T23:11:23.693897+05:30,WAITING FOR 0.786,2026-08-12,42.59999847412109,2026-10-01,33.16999816894531,,40.58197840881348,37.8849983215332,45.0517985534668,16.687153512584153,6.0,0.0,5.0,1.0,5.0,0.0,-4.503119964376833,-4.503119964376833,16.0,,,6.4,,,,-0.2814449977735521,7.46,D,C,UNKNOWN,FAR,LOW PRIORITY,2.61
BSOFT.NS,269.75,2026-10-01T23:11:23.693897+05:30,WAITING FOR 0.786,2026-04-24,385.9500122070313,2026-10-01,267.04998779296875,,360.50540698242185,326.5,416.8640185546875,25.174492594183768,2.0,0.0,1.0,1.0,1.0,0.0,1.1893765208105431,1.1893765208105431,30.5,,,0.0,,,,0.038995951501985,,INSUFFICIENT,C,UNKNOWN,FAR,LOW PRIORITY,1.78
SANOFI.NS,3037.39990234375,2026-10-01T23:11:23.693897+05:30,WAITING FOR 0.786,2025-09-26,4900.0,2026-10-01,3001.10009765625,,4493.635420898438,3950.550048828125,5393.713974609374,32.406623638896235,2.0,0.0,1.0,1.0,1.0,0.0,1.032078860385667,1.032078860385667,36.5,,,13.0,,,,0.0282761331612511,,INSUFFICIENT,C,UNKNOWN,FAR,LOW PRIORITY,1.55
RISHABH.NS,698.7999877929688,2026-10-01T23:11:23.693897+05:30,WAITING FOR 0.786,2026-09-09,852.0,2026-10-01,668.5499877929688,,812.7416973876954,760.2749938964844,899.6970031738281,14.019424616819428,4.0,0.0,3.0,1.0,3.0,0.0,0.8445566436101437,0.8445566436101437,17.75,,,3.0,,,,0.0475806559780362,,INSUFFICIENT,C,UNKNOWN,FAR,LOW PRIORITY,1.27
MUTHOOTCAP.NS,218.0800018310547,2026-10-01T23:11:23.693897+05:30,WAITING FOR 0.786,2025-11-14,303.0,2026-03-23,175.25,,275.6615,239.125,336.21500000000003,20.888480316963125,2.0,0.0,1.0,1.0,1.0,0.0,0.5916487895881306,0.5916487895881306,34.0,,,8.0,,,,0.0174014349878861,,INSUFFICIENT,C,UNKNOWN,FAR,LOW PRIORITY,0.89
MAHEPC.NS,96.3000030517578,2026-10-01T23:11:23.693897+05:30,WAITING FOR 0.786,2025-10-01,154.0,2026-03-30,91.91000366210938,,140.7127407836914,122.95500183105467,170.14339904785157,31.562698220914065,6.0,0.0,5.0,1.0,5.0,0.0,-8.243832723714421,-8.243832723714421,14.166666666666666,,,4.0,,,,-0.5819176040269003,2.0,D,C,UNKNOWN,FAR,LOW PRIORITY,0.7
SECMARK.NS,137.47999572753906,2026-10-01T23:11:23.693897+05:30,WAITING FOR 0.786,2026-08-31,179.5,2026-09-17,128.8000030517578,,168.65020065307618,154.1500015258789,192.68199920654297,18.4821629650214,5.0,0.0,5.0,0.0,5.0,0.0,-9.986421600267985,-9.986421600267985,3.0,,,2.6,,,,-3.328807200089328,,INSUFFICIENT,C,UNKNOWN,FAR,LOW PRIORITY,0.0
SAGILITY.NS,43.16999816894531,2026-10-01T23:11:23.693897+05:30,WAITING FOR 0.786,2025-10-30,57.88999938964844,2026-03-23,35.83000183105469,,53.16915991210938,46.86000061035156,63.625598754882816,18.806318850425804,5.0,0.0,5.0,0.0,5.0,0.0,-5.682903053087607,-5.682903053087607,5.8,,,5.4,,,,-0.9798108712220012,,INSUFFICIENT,C,UNKNOWN,FAR,LOW PRIORITY,0.0
MADHAV.NS,34.4900016784668,2026-10-01T23:11:23.693897+05:30,WAITING FOR 0.786,2025-10-13,46.790000915527344,2026-03-30,29.0,,42.98294071960449,37.89500045776367,51.41540115356445,19.758859908028747,5.0,0.0,5.0,0.0,5.0,0.0,-8.328796988684934,-8.328796988684934,8.2,,,7.8,,,,-1.015706949839626,,INSUFFICIENT,C,UNKNOWN,FAR,LOW PRIORITY,0.0
EMBDL.NS,56.130001068115234,2026-10-01T23:11:23.693897+05:30,WAITING FOR 0.786,2025-10-03,99.20999908447266,2026-03-30,39.459999084472656,,86.42349908447267,69.33499908447266,114.74499908447264,35.05238544755952,5.0,0.0,5.0,0.0,5.0,0.0,-9.367635433332474,-9.367635433332474,10.6,,,9.8,,,,-0.8837391918238183,,INSUFFICIENT,C,UNKNOWN,FAR,LOW PRIORITY,0.0
GUJENERGY.NS,230.07000732421875,2026-10-01T23:11:23.693897+05:30,WAITING FOR 0.786,2026-06-02,423.8999938964844,2026-10-01,225.5,,381.4423952026367,324.6999969482422,475.4839923095704,39.68420652298054,5.0,0.0,5.0,0.0,5.0,0.0,-6.369673689333548,-6.369673689333548,8.2,,,7.8,,,,-0.7767894743089694,,INSUFFICIENT,C,UNKNOWN,FAR,LOW PRIORITY,0.0
RHETAN.NS,16.639999389648438,2026-10-01T23:11:23.693897+05:30,WAITING FOR 0.786,2026-08-11,34.869998931884766,2026-09-28,14.420000076293944,,30.49369917678833,24.644999504089355,40.18699863433838,45.431351922318655,5.0,0.0,5.0,0.0,5.0,0.0,-3.8451712669551847,-3.8451712669551847,1.4,,,0.8,,,,-2.746550904967989,,INSUFFICIENT,C,UNKNOWN,FAR,LOW PRIORITY,0.0
NIITMTS.NS,191.0800018310547,2026-10-01T23:11:23.693897+05:30,WAITING FOR 0.786,2025-12-26,443.8999938964844,2026-10-01,185.0,,388.4953952026367,314.4499969482422,511.2139923095703,50.81537537108037,5.0,0.0,5.0,0.0,5.0,0.0,-6.931910853743001,-6.931910853743001,5.2,,,4.8,,,,-1.3330597795659618,,INSUFFICIENT,C,UNKNOWN,FAR,LOW PRIORITY,0.0
MAWANASUG.NS,138.83999633789062,2026-10-01T23:11:23.693897+05:30,WAITING FOR 0.786,2026-08-24,164.0,2026-09-16,122.80999755859376,,155.18533947753906,143.40499877929688,174.7094006347656,10.532788209684073,4.0,0.0,4.0,0.0,4.0,0.0,-5.582732424311342,-5.582732424311342,2.75,,,2.25,,,,-2.030084517931397,,INSUFFICIENT,C,UNKNOWN,FAR,LOW PRIORITY,0.0
LAXMIINDIA.NS,119.0199966430664,2026-10-01T23:11:23.693897+05:30,WAITING FOR 0.786,2026-08-12,143.0,2026-09-29,114.51000213623048,,136.9031404571533,128.75500106811523,150.40739944458008,13.062624972933918,4.0,0.0,4.0,0.0,4.0,0.0,-8.942491632355411,-8.942491632355411,8.0,,,7.5,,,,-1.1178114540444264,,INSUFFICIENT,C,UNKNOWN,FAR,LOW PRIORITY,0.0
HATSUN.NS,1118.0999755859375,2026-10-01T23:11:23.693897+05:30,WAITING FOR 0.786,2026-09-15,1349.699951171875,2026-10-01,1078.300048828125,,1291.6203720703124,1214.0,1420.26392578125,13.43431864629408,5.0,0.0,4.0,1.0,4.0,0.0,-5.745139249575817,-5.745139249575817,14.8,,,2.25,,,,-0.3881850844307984,,INSUFFICIENT,C,UNKNOWN,FAR,LOW PRIORITY,0.0
TRAVELFOOD.NS,1208.0999755859375,2026-10-01T23:11:23.693897+05:30,WAITING FOR 0.786,2026-08-07,1470.9000244140625,2026-09-29,1171.0,,1406.7214191894532,1320.9500122070312,1548.8740307617188,14.119458259046096,4.0,0.0,4.0,0.0,4.0,0.0,-4.685571904952202,-4.685571904952202,10.0,,,9.5,,,,-0.4685571904952202,,INSUFFICIENT,C,UNKNOWN,FAR,LOW PRIORITY,0.0
GATEWAY.NS,51.880001068115234,2026-10-01T23:11:23.693897+05:30,WAITING FOR 0.786,2026-07-03,63.25,2026-10-01,51.29999923706055,,60.69269983673096,57.27499961853027,66.35700019836426,14.520195661624394,5.0,0.0,4.0,1.0,4.0,0.0,-1.4594430528690991,-1.4594430528690991,15.6,,,4.0,,,,-0.0935540418505832,,INSUFFICIENT,C,UNKNOWN,FAR,LOW PRIORITY,0.0
POLYPLEX.NS,1028.0,2026-10-01T23:11:23.693897+05:30,WAITING FOR 0.786,2026-08-12,1264.0,2026-10-01,1010.0,,1209.644,1137.0,1330.04,15.016318850835454,4.0,0.0,4.0,0.0,4.0,0.0,-4.108035368879103,-4.108035368879103,4.25,,,3.5,,,,-0.9665965573833184,,INSUFFICIENT,C,UNKNOWN,FAR,LOW PRIORITY,0.0
BORANA.NS,272.95001220703125,2026-10-01T23:11:23.693897+05:30,WAITING FOR 0.786,2026-04-23,377.9500122070313,2026-10-01,268.1000061035156,,354.4421109008789,323.02500915527344,406.5110137939453,22.991652568234823,4.0,0.0,4.0,0.0,4.0,0.0,-6.002002894783022,-6.002002894783022,1.75,,,1.25,,,,-3.4297159398760124,,INSUFFICIENT,C,UNKNOWN,FAR,LOW PRIORITY,0.0
GODIGIT.NS,256.29998779296875,2026-10-01T23:11:23.693897+05:30,WAITING FOR 0.786,2025-10-29,374.0,2026-09-21,231.6499938964844,,343.53709869384767,302.8249969482422,411.01100158691406,25.39379625448331,5.0,0.0,4.0,1.0,4.0,0.0,-4.595471997022188,-4.595471997022188,13.2,,,0.0,,,,-0.3481418179562264,,INSUFFICIENT,C,UNKNOWN,FAR,LOW PRIORITY,0.0
ACI.NS,475.0499877929688,2026-10-01T23:11:23.693897+05:30,WAITING FOR 0.786,2025-09-26,705.5,2026-09-16,446.0,,649.967,575.75,772.97,26.91167585539439,4.0,0.0,4.0,0.0,4.0,0.0,-7.683961326944224,-7.683961326944224,12.0,,,11.75,,,,-0.6403301105786853,,INSUFFICIENT,C,UNKNOWN,FAR,LOW PRIORITY,0.0
MASTEK.NS,1555.5999755859375,2026-10-01T23:11:23.693897+05:30,WAITING FOR 0.786,2025-11-17,2369.0,2026-03-30,1334.199951171875,,2147.552789550781,1851.5999755859373,2638.0480126953125,27.56406347006104,5.0,0.0,4.0,1.0,4.0,0.0,-4.390333254911058,-4.390333254911058,24.0,,,14.75,,,,-0.1829305522879607,,INSUFFICIENT,C,UNKNOWN,FAR,LOW PRIORITY,0.0
PLATIND.NS,202.0,2026-10-01T23:11:23.693897+05:30,WAITING FOR 0.786,2025-09-26,316.0,2026-03-30,183.5,,287.645,249.75,350.45,29.77454848858836,4.0,0.0,4.0,0.0,4.0,0.0,-5.584921894285758,-5.584921894285758,12.0,,,11.75,,,,-0.4654101578571465,,INSUFFICIENT,C,UNKNOWN,FAR,LOW PRIORITY,0.0
NBIFIN.NS,1857.9000244140625,2026-10-01T23:11:23.693897+05:30,WAITING FOR 0.786,2025-10-01,2991.0,2026-03-30,1539.0,,2680.272,2265.0,3368.52,30.68240744170508,5.0,0.0,4.0,1.0,4.0,0.0,-4.772199513350546,-4.772199513350546,12.8,,,0.0,,,,-0.3728280869805113,,INSUFFICIENT,C,UNKNOWN,FAR,LOW PRIORITY,0.0
THEINVEST.NS,90.33000183105467,2026-10-01T23:11:23.693897+05:30,WAITING FOR 0.786,2025-09-26,153.99000549316406,2026-03-30,89.0,,140.08214431762696,121.49500274658205,170.8874069213867,35.51640555541653,4.0,0.0,4.0,0.0,4.0,0.0,-9.715564601592783,-9.715564601592783,11.5,,,11.25,,,,-0.8448317044863289,,INSUFFICIENT,C,UNKNOWN,FAR,LOW PRIORITY,0.0
TRACXN.NS,31.709999084472656,2026-10-01T23:11:23.693897+05:30,WAITING FOR 0.786,2025-10-17,55.900001525878906,2026-03-30,25.38999938964844,,49.37086106872559,40.64500045776367,63.83260208129883,35.771833024480834,4.0,0.0,4.0,0.0,4.0,0.0,-8.544489001048174,-8.544489001048174,7.75,,,7.25,,,,-1.1025147098126675,,INSUFFICIENT,C,UNKNOWN,FAR,LOW PRIORITY,0.0
AROGRANITE.NS,22.350000381469727,2026-10-01T23:11:23.693897+05:30,WAITING FOR 0.786,2025-10-03,40.0,2026-03-30,18.670000076293945,,35.4353800163269,29.335000038146973,45.54579998016358,36.92744265428526,4.0,0.0,4.0,0.0,4.0,0.0,-4.402428558002761,-4.402428558002761,1.0,,,0.0,,,,-4.402428558002761,,INSUFFICIENT,C,UNKNOWN,FAR,LOW PRIORITY,0.0
EUREKAFORB.NS,352.5,2026-10-01T23:11:23.693897+05:30,WAITING FOR 0.786,2025-11-28,668.2999877929688,2026-10-01,348.0,,599.7557904052735,508.1499938964844,751.5779846191406,41.2260780739099,4.0,0.0,4.0,0.0,4.0,0.0,-5.646051522931717,-5.646051522931717,12.75,,,12.25,,,,-0.442827570426017,,INSUFFICIENT,C,UNKNOWN,FAR,LOW PRIORITY,0.0
SAURASHCEM.NS,53.369998931884766,2026-10-01T23:11:23.693897+05:30,WAITING FOR 0.786,2025-10-03,112.25,2026-03-30,47.650001525878906,,98.42560032653807,79.95000076293945,129.04599960327147,45.77630336536049,4.0,0.0,4.0,0.0,4.0,0.0,-4.959390031823858,-4.959390031823858,4.25,,,4.0,,,,-1.1669153016056135,,INSUFFICIENT,C,UNKNOWN,FAR,LOW PRIORITY,0.0
RNBDENIMS.NS,9.029999732971191,2026-10-01T23:11:23.693897+05:30,WAITING FOR 0.786,2026-02-25,67.66666412353516,2026-08-21,7.71999979019165,,54.83807795619965,37.6933319568634,83.25279685020446,83.53334020899922,4.0,0.0,4.0,0.0,4.0,0.0,-5.98464421797113,-5.98464421797113,1.0,,,0.0,,,,-5.98464421797113,,INSUFFICIENT,C,UNKNOWN,FAR,LOW PRIORITY,0.0
CHEVIOT.NS,1167.0,2026-10-01T23:11:23.693897+05:30,WAITING FOR 0.786,2026-05-07,1370.5,2026-07-31,1044.0,,1300.629,1207.25,1455.39,10.274182722359711,4.0,0.0,3.0,1.0,3.0,0.0,-2.64710124437988,-2.64710124437988,15.75,,,0.0,,,,-0.1680699202780876,,INSUFFICIENT,C,UNKNOWN,FAR,LOW PRIORITY,0.0
ATUL.NS,5861.0,2026-10-01T23:11:23.693897+05:30,WAITING FOR 0.786,2026-08-18,6770.5,2026-10-01,5798.0,,6562.385,6284.25,7023.35,10.68795872232428,3.0,0.0,3.0,0.0,3.0,0.0,-6.114860927607668,-6.114860927607668,18.33333333333333,,,18.33333333333333,,,,-0.3335378687786001,,INSUFFICIENT,C,UNKNOWN,FAR,LOW PRIORITY,0.0
SAATVIKGL.NS,405.5499877929688,2026-10-01T23:11:23.693897+05:30,WAITING FOR 0.786,2026-07-15,485.5499877929688,2026-08-17,384.7000122070313,,463.9680930175781,435.125,511.7709814453125,12.590974703598013,3.0,0.0,3.0,0.0,3.0,0.0,-6.144833106042415,-6.144833106042415,13.333333333333334,,,13.0,,,,-0.4608624829531811,,INSUFFICIENT,C,UNKNOWN,FAR,LOW PRIORITY,0.0
METROGLOBL.NS,131.52000427246094,2026-10-01T23:11:23.693897+05:30,WAITING FOR 0.786,2026-08-18,157.0,2026-09-28,126.98999786376952,,150.57785954284668,141.99499893188477,164.80260055541993,12.656479065544737,3.0,0.0,3.0,0.0,3.0,0.0,-5.070096931716943,-5.070096931716943,1.0,,,0.3333333333333333,,,,-5.070096931716943,,INSUFFICIENT,C,UNKNOWN,FAR,LOW PRIORITY,0.0
NIPPOBATRY.NS,314.45001220703125,2026-10-01T23:11:23.693897+05:30,WAITING FOR 0.786,2026-06-17,373.9500122070313,2026-10-01,311.29998779296875,,360.5429069824218,342.625,390.2390185546875,12.784302196142736,4.0,0.0,3.0,1.0,3.0,0.0,-6.458157332574444,-6.458157332574444,22.5,,,8.666666666666666,,,,-0.2870292147810864,,INSUFFICIENT,C,UNKNOWN,FAR,LOW PRIORITY,0.0
ORTINGLOBE.NS,14.520000457763672,2026-10-01T23:11:23.693897+05:30,WAITING FOR 0.786,2026-09-16,17.3799991607666,2026-10-01,14.109999656677246,,16.68021926689148,15.744999408721924,18.23019903182984,12.95078184862726,3.0,0.0,3.0,0.0,3.0,0.0,-6.8983297899874,-6.8983297899874,1.0,,,0.0,,,,-6.8983297899874,,INSUFFICIENT,C,UNKNOWN,FAR,LOW PRIORITY,0.0
SILLYMONKS.NS,22.049999237060547,2026-10-01T23:11:23.693897+05:30,WAITING FOR 0.786,2025-11-06,28.450000762939453,2026-09-11,14.350000381469728,,25.432600681304933,21.40000057220459,32.11600086212158,13.30025775433528,3.0,0.0,3.0,0.0,3.0,0.0,-10.87314405918265,-10.87314405918265,4.0,,,3.333333333333333,,,,-2.7182860147956625,,INSUFFICIENT,C,UNKNOWN,FAR,LOW PRIORITY,0.0
SINGERIND.NS,74.66000366210938,2026-10-01T23:11:23.693897+05:30,WAITING FOR 0.786,2026-08-12,91.3000030517578,2026-09-10,69.0,,86.52780239868164,80.1500015258789,97.09800384521483,13.715590142796795,3.0,0.0,3.0,0.0,3.0,0.0,-5.280360164614044,-5.280360164614044,2.0,,,1.3333333333333333,,,,-2.640180082307022,,INSUFFICIENT,C,UNKNOWN,FAR,LOW PRIORITY,0.0
AARTIDRUGS.NS,421.0,2026-10-01T23:11:23.693897+05:30,WAITING FOR 0.786,2025-11-10,534.0,2026-03-30,318.95001220703125,,487.9793026123047,426.4750061035156,589.9129968261718,13.725849078791605,4.0,0.0,3.0,1.0,3.0,0.0,-5.274664808617231,-5.274664808617231,28.0,,,17.0,,,,-0.1883808860220439,,INSUFFICIENT,C,UNKNOWN,FAR,LOW PRIORITY,0.0
EQUITASBNK.NS,68.41000366210938,2026-10-01T23:11:23.693897+05:30,WAITING FOR 0.786,2026-07-15,83.9000015258789,2026-09-28,64.62999725341797,,79.77622061157227,74.26499938964844,88.91020263671875,14.247625247634408,4.0,0.0,3.0,1.0,3.0,0.0,-1.080813424980533,-1.080813424980533,19.0,,,4.0,,,,-0.0568849171042385,,INSUFFICIENT,C,UNKNOWN,FAR,LOW PRIORITY,0.0
FINPIPE.NS,150.49000549316406,2026-10-01T23:11:23.693897+05:30,WAITING FOR 0.786,2026-06-25,184.07000732421875,2026-09-16,148.0500030517578,,176.3617264099121,166.06000518798828,193.4352084350586,14.669691345964262,4.0,0.0,3.0,1.0,3.0,0.0,-4.968289704978634,-4.968289704978634,15.75,,,0.0,,,,-0.3154469653954688,,INSUFFICIENT,C,UNKNOWN,FAR,LOW PRIORITY,0.0
AVL.NS,572.2999877929688,2026-10-01T23:11:23.693897+05:30,WAITING FOR 0.786,2026-06-25,705.0,2026-10-01,560.9000244140625,,674.1626052246094,632.9500122070312,742.4659936523437,15.109502758270498,3.0,0.0,3.0,0.0,3.0,0.0,-7.943770833969622,-7.943770833969622,9.0,,,8.666666666666666,,,,-0.8826412037744025,,INSUFFICIENT,C,UNKNOWN,FAR,LOW PRIORITY,0.0
BANDHANBNK.NS,176.0,2026-10-01T23:11:23.693897+05:30,WAITING FOR 0.786,2026-07-15,220.759994506836,2026-09-02,159.24000549316406,,207.59471685791016,190.0,236.75519165039063,15.219422409258812,3.0,0.0,3.0,0.0,3.0,0.0,-6.020011271571591,-6.020011271571591,12.0,,,12.0,,,,-0.5016676059642993,,INSUFFICIENT,C,UNKNOWN,FAR,LOW PRIORITY,0.0
IDEA.NS,12.640000343322754,2026-10-01T23:11:23.693897+05:30,WAITING FOR 0.786,2026-09-09,15.789999961853027,2026-10-01,12.5,,15.08593997001648,14.144999980926514,16.645399951934813,16.21337239545607,4.0,0.0,3.0,1.0,3.0,0.0,-2.4353036657836062,-2.4353036657836062,19.25,,,5.333333333333333,,,,-0.1265092813394081,,INSUFFICIENT,C,UNKNOWN,FAR,LOW PRIORITY,0.0
BAIDFIN.NS,10.3100004196167,2026-10-01T23:11:23.693897+05:30,WAITING FOR 0.786,2026-09-08,12.949999809265137,2026-10-01,10.149999618530272,,12.350799768447876,11.549999713897703,13.6779998588562,16.523621037438648,3.0,0.0,3.0,0.0,3.0,0.0,-6.394708945883045,-6.394708945883045,1.0,,,0.0,,,,-6.394708945883045,,INSUFFICIENT,C,UNKNOWN,FAR,LOW PRIORITY,0.0
PNGSREVA.NS,504.3999938964844,2026-10-01T23:11:23.693897+05:30,WAITING FOR 0.786,2026-08-12,644.0,2026-09-16,481.7000122070313,,609.2678026123046,562.8500061035156,686.1979968261719,17.21210414635201,3.0,0.0,3.0,0.0,3.0,0.0,-6.1543234455223415,-6.1543234455223415,1.3333333333333333,,,0.6666666666666666,,,,-4.615742584141756,,INSUFFICIENT,C,UNKNOWN,FAR,LOW PRIORITY,0.0
SAMMAANCAP.NS,132.47999572753906,2026-10-01T23:11:23.693897+05:30,WAITING FOR 0.786,2026-08-06,169.36000061035156,2026-10-01,130.0,,160.93696047973634,149.68000030517578,179.59360076904298,17.682056792529217,3.0,0.0,3.0,0.0,3.0,0.0,-4.203427672876577,-4.203427672876577,1.0,,,0.0,,,,-4.203427672876577,,INSUFFICIENT,C,UNKNOWN,FAR,LOW PRIORITY,0.0
PYRAMID.NS,154.33999633789062,2026-10-01T23:11:23.693897+05:30,WAITING FOR 0.786,2026-07-28,198.69000244140625,2026-09-09,150.0,,188.2703419189453,174.34500122070312,211.34940307617188,18.02214052156047,3.0,0.0,3.0,0.0,3.0,0.0,-6.70320458699194,-6.70320458699194,4.333333333333333,,,3.6666666666666665,,,,-1.5468933662289093,,INSUFFICIENT,C,UNKNOWN,FAR,LOW PRIORITY,0.0
MPHASIS.NS,2250.199951171875,2026-10-01T23:11:23.693897+05:30,WAITING FOR 0.786,2026-02-03,2975.0,2026-03-30,2013.0,,2769.132,2494.0,3225.12,18.739881263447355,5.0,0.0,3.0,2.0,3.0,0.0,-5.165906370943757,-5.165906370943757,30.0,,,8.333333333333334,,,,-0.1721968790314585,,INSUFFICIENT,C,UNKNOWN,FAR,LOW PRIORITY,0.0
ADVAIT.NS,1863.0,2026-10-01T23:11:23.693897+05:30,WAITING FOR 0.786,2026-08-07,2442.0,2026-10-01,1830.4000244140625,,2311.117605224609,2136.2000122070312,2601.015993652344,19.38964958821549,3.0,0.0,3.0,0.0,3.0,0.0,-5.483426526251839,-5.483426526251839,6.333333333333333,,,6.333333333333333,,,,-0.8658041883555536,,INSUFFICIENT,C,UNKNOWN,FAR,LOW PRIORITY,0.0
SANOFICONR.NS,3787.199951171875,2026-10-01T23:11:23.693897+05:30,WAITING FOR 0.786,2026-05-14,5255.0,2026-10-01,3691.0,,4920.304,4473.0,5661.64,23.029147158958573,3.0,0.0,3.0,0.0,3.0,0.0,-3.9892728645083246,-3.9892728645083246,11.666666666666666,,,11.333333333333334,,,,-0.3419376741007136,,INSUFFICIENT,C,UNKNOWN,FAR,LOW PRIORITY,0.0
DDEVPLSTIK.NS,247.6100006103516,2026-10-01T23:11:23.693897+05:30,WAITING FOR 0.786,2025-10-06,360.0,2026-03-30,185.1499938964844,,322.5820986938477,272.5749969482422,405.4610015869141,23.24124568197125,3.0,0.0,3.0,0.0,3.0,0.0,-6.674081831430672,-6.674081831430672,9.666666666666666,,,9.333333333333334,,,,-0.6904222584238626,,INSUFFICIENT,C,UNKNOWN,FAR,LOW PRIORITY,0.0
PICCADIL.NS,581.0499877929688,2026-10-01T23:11:23.693897+05:30,WAITING FOR 0.786,2026-08-11,809.7000122070312,2026-10-01,571.0,,758.6182095947265,690.3500061035156,871.7620153808593,23.406796667406564,3.0,0.0,3.0,0.0,3.0,0.0,-6.22122816629846,-6.22122816629846,9.666666666666666,,,9.0,,,,-0.6435753275481166,,INSUFFICIENT,C,UNKNOWN,FAR,LOW PRIORITY,0.0
ARKADE.NS,118.69000244140624,2026-10-01T23:11:23.693897+05:30,WAITING FOR 0.786,2025-10-16,180.0,2026-03-30,92.62000274658205,,161.30068058776857,136.31000137329102,202.71879928588868,26.416923965287648,3.0,0.0,3.0,0.0,3.0,0.0,-7.295438856110059,-7.295438856110059,7.666666666666667,,,7.333333333333333,,,,-0.9515789812317468,,INSUFFICIENT,C,UNKNOWN,FAR,LOW PRIORITY,0.0
AJOONI.NS,3.0999999046325684,2026-10-01T23:11:23.693897+05:30,WAITING FOR 0.786,2026-03-06,4.75,2026-09-21,3.0199999809265137,,4.379779995918274,3.884999990463257,5.199800004959107,29.22019125340528,3.0,0.0,3.0,0.0,3.0,0.0,-3.737815943541587,-3.737815943541587,1.0,,,0.0,,,,-3.737815943541587,,INSUFFICIENT,C,UNKNOWN,FAR,LOW PRIORITY,0.0
RUPA.NS,130.5800018310547,2026-10-01T23:11:23.693897+05:30,WAITING FOR 0.786,2025-11-13,206.0,2026-03-30,109.20999908447266,,185.28693980407715,157.60499954223633,231.1654002380371,29.52552297040996,3.0,0.0,3.0,0.0,3.0,0.0,-6.126874210505366,-6.126874210505366,7.0,,,6.666666666666667,,,,-0.8752677443579094,,INSUFFICIENT,C,UNKNOWN,FAR,LOW PRIORITY,0.0
IPL.NS,130.67999267578125,2026-10-01T23:11:23.693897+05:30,WAITING FOR 0.786,2025-09-26,216.4499969482422,2026-03-30,125.0,,196.8796976013184,170.7249984741211,240.2269961547852,33.6244446390768,4.0,0.0,3.0,1.0,3.0,0.0,-5.021302631807391,-5.021302631807391,18.0,,,3.0,,,,-0.2789612573226328,,INSUFFICIENT,C,UNKNOWN,FAR,LOW PRIORITY,0.0
DENTA.NS,260.6499938964844,2026-10-01T23:11:23.693897+05:30,WAITING FOR 0.786,2025-10-07,479.6000061035156,2026-03-09,222.0,,424.4736047973633,350.8000030517578,546.5760076904296,38.59453427712793,3.0,0.0,3.0,0.0,3.0,0.0,-6.920924765018576,-6.920924765018576,4.0,,,3.333333333333333,,,,-1.730231191254644,,INSUFFICIENT,C,UNKNOWN,FAR,LOW PRIORITY,0.0
PIONEEREMB.NS,20.06999969482422,2026-10-01T23:11:23.693897+05:30,WAITING FOR 0.786,2025-10-10,38.5,2026-03-30,19.61000061035156,,34.45754013061524,29.05500030517578,43.411399841308594,41.75440377128897,3.0,0.0,3.0,0.0,3.0,0.0,-12.297913420335172,-12.297913420335172,7.0,,,6.333333333333333,,,,-1.756844774333596,,INSUFFICIENT,C,UNKNOWN,FAR,LOW PRIORITY,0.0
ATAM.NS,55.34999847412109,2026-10-01T23:11:23.693897+05:30,WAITING FOR 0.786,2025-11-03,111.0,2026-03-25,48.5,,97.625,79.75,127.25,43.30345866927417,4.0,0.0,3.0,1.0,3.0,0.0,-4.738468483582913,-4.738468483582913,19.75,,,5.0,,,,-0.2399224548649576,,INSUFFICIENT,C,UNKNOWN,FAR,LOW PRIORITY,0.0
IXIGO.NS,161.89999389648438,2026-10-01T23:11:23.693897+05:30,WAITING FOR 0.786,2025-10-16,339.1499938964844,2026-06-08,151.27000427246094,,298.9436761169434,245.20999908447263,387.9987911987305,45.84264300237248,4.0,0.0,3.0,1.0,3.0,0.0,-3.904892269540112,-3.904892269540112,16.75,,,1.0,,,,-0.2331278966889619,,INSUFFICIENT,C,UNKNOWN,FAR,LOW PRIORITY,0.0
SPENCERS.NS,26.239999771118164,2026-10-01T23:11:23.693897+05:30,WAITING FOR 0.786,2025-10-06,61.400001525878906,2026-03-30,24.3799991607666,,53.47772101974488,42.890000343322754,71.0252021408081,50.93283844046026,3.0,0.0,3.0,0.0,3.0,0.0,-10.21163919081456,-10.21163919081456,12.333333333333334,,,11.666666666666666,,,,-0.8279707452011805,,INSUFFICIENT,C,UNKNOWN,FAR,LOW PRIORITY,0.0
DAVANGERE.NS,2.259999990463257,2026-10-01T23:11:23.693897+05:30,WAITING FOR 0.786,2026-01-22,5.5,2026-09-09,1.7400000095367432,,4.695360002040863,3.620000004768372,6.477599997520447,51.867375675540615,3.0,0.0,3.0,0.0,3.0,0.0,-7.3130869930981,-7.3130869930981,5.333333333333333,,,5.0,,,,-1.3712038112058935,,INSUFFICIENT,C,UNKNOWN,FAR,LOW PRIORITY,0.0
NILKAMAL.NS,1871.800048828125,2026-10-01T23:11:23.693897+05:30,WAITING FOR 0.786,2026-09-03,2149.5,2026-09-21,1832.0999755859373,,2081.576394775391,1990.7999877929688,2232.0240063476563,10.077763490871128,2.0,0.0,2.0,0.0,2.0,0.0,-8.49472380406121,-8.49472380406121,12.5,,,12.0,,,,-0.6795779043248967,,INSUFFICIENT,C,UNKNOWN,FAR,LOW PRIORITY,0.0
QUESS.NS,336.20001220703125,2026-10-01T23:11:23.693897+05:30,WAITING FOR 0.786,2026-08-31,388.75,2026-10-01,326.6000061035156,,375.4499013061524,357.6750030517578,404.908998413086,10.4540949305286,3.0,0.0,2.0,1.0,2.0,0.0,-7.899014404703135,-7.899014404703135,21.33333333333333,,,0.0,,,,-0.3702663002204595,,INSUFFICIENT,C,UNKNOWN,FAR,LOW PRIORITY,0.0
SAHLIBHFI.NS,78.73999786376953,2026-10-01T23:11:23.693897+05:30,WAITING FOR 0.786,2026-09-03,91.9499969482422,2026-09-22,74.5,,88.21569760131835,83.2249984741211,96.48699615478516,10.741511992993876,2.0,0.0,2.0,0.0,2.0,0.0,-5.3015239678366495,-5.3015239678366495,1.0,,,0.0,,,,-5.3015239678366495,,INSUFFICIENT,C,UNKNOWN,FAR,LOW PRIORITY,0.0
RAJPALAYAM.NS,738.0,2026-10-01T23:11:23.693897+05:30,WAITING FOR 0.786,2026-07-15,860.0,2026-10-01,730.0,,832.1800000000001,795.0,893.8,11.3172630921195,2.0,0.0,2.0,0.0,2.0,0.0,-2.6239261762221573,-2.6239261762221573,1.0,,,0.0,,,,-2.6239261762221573,,INSUFFICIENT,C,UNKNOWN,FAR,LOW PRIORITY,0.0
MUNJALSHOW.NS,124.52999877929688,2026-10-01T23:11:23.693897+05:30,WAITING FOR 0.786,2026-08-03,147.10000610351562,2026-10-01,121.9000015258789,,141.70720512390136,134.5000038146973,153.65200729370116,12.121618184188756,3.0,0.0,2.0,1.0,2.0,0.0,-2.883918766746041,-2.883918766746041,20.666666666666668,,,0.0,,,,-0.1395444564554535,,INSUFFICIENT,C,UNKNOWN,FAR,LOW PRIORITY,0.0
MERCURYEV.NS,37.060001373291016,2026-10-01T23:11:23.693897+05:30,WAITING FOR 0.786,2026-09-11,44.04999923706055,2026-09-29,36.27000045776367,,42.38507949829101,40.15999984741211,46.07279891967774,12.563567623400845,2.0,0.0,2.0,0.0,2.0,0.0,-3.7253918387890654,-3.7253918387890654,1.0,,,0.0,,,,-3.7253918387890654,,INSUFFICIENT,C,UNKNOWN,FAR,LOW PRIORITY,0.0
AEPL.NS,15.34000015258789,2026-10-01T23:11:23.693897+05:30,WAITING FOR 0.786,2026-09-08,18.5,2026-09-30,14.260000228881836,,17.592640048980712,16.380000114440918,19.602399940490724,12.80444487081594,2.0,0.0,2.0,0.0,2.0,0.0,-8.516028523792876,-8.516028523792876,17.5,,,17.0,,,,-0.4866302013595929,,INSUFFICIENT,C,UNKNOWN,FAR,LOW PRIORITY,0.0
SAYAJIHOTL.NS,304.0,2026-10-01T23:11:23.693897+05:30,WAITING FOR 0.786,2026-08-28,365.2000122070313,2026-09-29,302.0,,351.67520959472654,333.6000061035156,381.63201538085934,13.556602312021893,2.0,0.0,2.0,0.0,2.0,0.0,-3.799824270756596,-3.799824270756596,1.0,,,0.5,,,,-3.799824270756596,,INSUFFICIENT,C,UNKNOWN,FAR,LOW PRIORITY,0.0
OMNI.NS,608.6500244140625,2026-10-01T23:11:23.693897+05:30,WAITING FOR 0.786,2026-08-06,764.8499755859375,2026-09-07,513.0,,710.9540808105469,638.9249877929688,830.3309692382812,14.389685516658016,2.0,0.0,2.0,0.0,2.0,0.0,-3.830296953348044,-3.830296953348044,1.0,,,0.0,,,,-3.830296953348044,,INSUFFICIENT,C,UNKNOWN,FAR,LOW PRIORITY,0.0
JKIPL.NS,96.51000213623048,2026-10-01T23:11:23.693897+05:30,WAITING FOR 0.786,2026-06-18,119.6999969482422,2026-09-11,89.41999816894531,,113.22007720947266,104.55999755859376,127.57279663085936,14.75893276624981,2.0,0.0,2.0,0.0,2.0,0.0,-12.954255380517251,-12.954255380517251,11.0,,,11.0,,,,-1.177659580047023,,INSUFFICIENT,C,UNKNOWN,FAR,LOW PRIORITY,0.0
CARRARO.NS,518.0999755859375,2026-10-01T23:11:23.693897+05:30,WAITING FOR 0.786,2026-04-16,667.5499877929688,2026-08-11,492.25,,630.0357904052735,579.8999938964844,713.1279846191406,17.766580331465416,2.0,0.0,2.0,0.0,2.0,0.0,-12.17705245813056,-12.17705245813056,13.0,,,12.5,,,,-0.93669634293312,,INSUFFICIENT,C,UNKNOWN,FAR,LOW PRIORITY,0.0
PACEDIGITK.NS,167.35000610351562,2026-10-01T23:11:23.693897+05:30,WAITING FOR 0.786,2026-07-13,219.94000244140625,2026-09-16,150.25,,205.0263419189453,185.09500122070312,238.05940307617183,18.37633909028361,2.0,0.0,2.0,0.0,2.0,0.0,-7.733694720845949,-7.733694720845949,3.5,,,3.0,,,,-2.2096270630988424,,INSUFFICIENT,C,UNKNOWN,FAR,LOW PRIORITY,0.0
SUYOG.NS,689.9000244140625,2026-10-01T23:11:23.693897+05:30,WAITING FOR 0.786,2026-07-07,921.1500244140624,2026-09-28,623.5,,857.4529191894532,772.3250122070312,998.5390307617188,19.540769064472688,2.0,0.0,2.0,0.0,2.0,0.0,-4.226174340924439,-4.226174340924439,4.0,,,3.5,,,,-1.0565435852311098,,INSUFFICIENT,C,UNKNOWN,FAR,LOW PRIORITY,0.0
AMBALALSA.NS,37.88999938964844,2026-10-01T23:11:23.693897+05:30,WAITING FOR 0.786,2026-08-10,49.97999954223633,2026-09-16,37.150001525878906,,47.23437996673584,43.56500053405762,53.31579902648926,19.783006749888653,2.0,0.0,2.0,0.0,2.0,0.0,-5.492807758146094,-5.492807758146094,1.0,,,0.0,,,,-5.492807758146094,,INSUFFICIENT,C,UNKNOWN,FAR,LOW PRIORITY,0.0
SAIPARENT.NS,523.6500244140625,2026-10-01T23:11:23.693897+05:30,WAITING FOR 0.786,2026-07-02,706.0,2026-08-27,471.25,,655.7635,588.625,767.0350000000001,20.14651251341948,2.0,0.0,2.0,0.0,2.0,0.0,-2.716182237386449,-2.716182237386449,1.0,,,0.0,,,,-2.716182237386449,,INSUFFICIENT,C,UNKNOWN,FAR,LOW PRIORITY,0.0
ASHOKAMET.NS,14.529999732971191,2026-10-01T23:11:23.693897+05:30,WAITING FOR 0.786,2026-09-15,19.39999961853028,2026-10-01,14.399999618530272,,18.32999961853028,16.899999618530273,20.69999961853028,20.73104181473939,2.0,0.0,2.0,0.0,2.0,0.0,-14.625988575312377,-14.625988575312377,6.5,,,6.5,,,,-2.2501520885095965,,INSUFFICIENT,C,UNKNOWN,FAR,LOW PRIORITY,0.0
PROTEAN.NS,639.75,2026-10-01T23:11:23.693897+05:30,WAITING FOR 0.786,2025-10-03,909.5,2026-03-30,444.0,,809.883,676.75,1030.53,21.00710843418124,2.0,0.0,2.0,0.0,2.0,0.0,-4.489273776308856,-4.489273776308856,4.5,,,4.0,,,,-0.9976163947353014,,INSUFFICIENT,C,UNKNOWN,FAR,LOW PRIORITY,0.0
BIOFILCHEM.NS,29.309999465942383,2026-10-01T23:11:23.693897+05:30,WAITING FOR 0.786,2026-05-27,39.9900016784668,2026-10-01,29.01000022888184,,37.640281368255614,34.50000095367432,42.84480205535888,22.131295515071987,2.0,0.0,2.0,0.0,2.0,0.0,-5.864885555205838,-5.864885555205838,1.0,,,0.0,,,,-5.864885555205838,,INSUFFICIENT,C,UNKNOWN,FAR,LOW PRIORITY,0.0
MOSCHIP.NS,198.02999877929688,2026-10-01T23:11:23.693897+05:30,WAITING FOR 0.786,2025-10-08,288.45001220703125,2026-03-30,146.8000030517578,,258.13691024780275,217.62500762939453,325.27901458740234,23.284896147089253,2.0,0.0,2.0,0.0,2.0,0.0,-7.911633082963851,-7.911633082963851,25.0,,,24.5,,,,-0.316465323318554,,INSUFFICIENT,C,UNKNOWN,FAR,LOW PRIORITY,0.0
ORIENTELEC.NS,154.4600067138672,2026-10-01T23:11:23.693897+05:30,WAITING FOR 0.786,2025-10-31,217.509994506836,2026-03-30,149.0500030517578,,202.8595563354492,183.27999877929688,235.30959228515627,23.858649055481703,2.0,0.0,2.0,0.0,2.0,0.0,-4.494576553242336,-4.494576553242336,1.0,,,0.0,,,,-4.494576553242336,,INSUFFICIENT,C,UNKNOWN,FAR,LOW PRIORITY,0.0
EKC.NS,106.01000213623048,2026-10-01T23:11:23.693897+05:30,WAITING FOR 0.786,2025-10-27,154.5500030517578,2026-03-30,90.25,,140.78980239868164,122.4000015258789,171.26800384521485,24.703351854961376,2.0,0.0,2.0,0.0,2.0,0.0,-4.7694474031148,-4.7694474031148,6.5,,,6.0,,,,-0.7337611389407385,,INSUFFICIENT,C,UNKNOWN,FAR,LOW PRIORITY,0.0
RUDRA.NS,18.229999542236328,2026-10-01T23:11:23.693897+05:30,WAITING FOR 0.786,2026-08-17,25.950000762939453,2026-09-30,18.0,,24.24870059967041,21.975000381469727,28.01700096130371,24.82071578514145,2.0,0.0,2.0,0.0,2.0,0.0,-14.856173562159103,-14.856173562159103,1.0,,,0.0,,,,-14.856173562159103,,INSUFFICIENT,C,UNKNOWN,FAR,LOW PRIORITY,0.0
SICAGEN.NS,50.959999084472656,2026-10-01T23:11:23.693897+05:30,WAITING FOR 0.786,2026-08-07,74.05999755859375,2026-09-29,50.5,,69.0181580810547,62.27999877929688,80.18559692382813,26.164359494170498,2.0,0.0,2.0,0.0,2.0,0.0,-5.369985421062925,-5.369985421062925,1.0,,,0.0,,,,-5.369985421062925,,INSUFFICIENT,C,UNKNOWN,FAR,LOW PRIORITY,0.0
MOL.NS,55.130001068115234,2026-10-01T23:11:23.693897+05:30,WAITING FOR 0.786,2025-10-06,85.3499984741211,2026-03-30,36.5,,74.89609880065919,60.92499923706055,98.05099807739258,26.39135822701888,2.0,0.0,2.0,0.0,2.0,0.0,-11.011396469224076,-11.011396469224076,18.5,,,18.5,,,,-0.5952106199580581,,INSUFFICIENT,C,UNKNOWN,FAR,LOW PRIORITY,0.0
AAVAS.NS,1190.9000244140625,2026-10-01T23:11:23.693897+05:30,WAITING FOR 0.786,2025-11-13,1771.9000244140625,2026-03-23,1060.4000244140625,,1619.6390244140623,1416.1500244140625,1956.8900244140625,26.471268815908232,2.0,0.0,2.0,0.0,2.0,0.0,-4.935173614524496,-4.935173614524496,11.0,,,10.5,,,,-0.4486521467749542,,INSUFFICIENT,C,UNKNOWN,FAR,LOW PRIORITY,0.0
HGS.NS,367.0499877929688,2026-10-01T23:11:23.693897+05:30,WAITING FOR 0.786,2025-10-27,545.0,2026-03-09,342.04998779296875,,501.56869738769535,443.5249938964844,597.7670031738281,26.819598251512943,2.0,0.0,2.0,0.0,2.0,0.0,-3.5363464298888525,-3.5363464298888525,6.0,,,6.0,,,,-0.5893910716481421,,INSUFFICIENT,C,UNKNOWN,FAR,LOW PRIORITY,0.0
TANLA.NS,487.75,2026-10-01T23:11:23.693897+05:30,WAITING FOR 0.786,2025-10-09,748.4500122070312,2026-03-30,365.8999938964844,,666.5843082885742,557.1750030517578,847.9130169677735,26.828460566034533,2.0,0.0,2.0,0.0,2.0,0.0,-4.264392979877334,-4.264392979877334,3.0,,,2.5,,,,-1.421464326625778,,INSUFFICIENT,C,UNKNOWN,FAR,LOW PRIORITY,0.0
GSPCROP.NS,454.3500061035156,2026-10-01T23:11:23.693897+05:30,WAITING FOR 0.786,2026-08-25,667.9500122070312,2026-10-01,452.0,,621.7367095947266,559.9750061035156,724.0970153808594,26.92244175196289,2.0,0.0,2.0,0.0,2.0,0.0,-4.501900931816435,-4.501900931816435,2.0,,,1.5,,,,-2.2509504659082173,,INSUFFICIENT,C,UNKNOWN,FAR,LOW PRIORITY,0.0
AKG.NS,9.710000038146973,2026-10-01T23:11:23.693897+05:30,WAITING FOR 0.786,2026-02-23,14.899999618530272,2026-08-05,8.0600004196167,,13.43623978996277,11.480000019073486,16.678399410247803,27.73275715575869,3.0,0.0,2.0,1.0,2.0,0.0,-4.629595276519717,-4.629595276519717,20.666666666666668,,,0.0,,,,-0.2240126746703088,,INSUFFICIENT,C,UNKNOWN,FAR,LOW PRIORITY,0.0
MARSONS.NS,114.26000213623048,2026-10-01T23:11:23.693897+05:30,WAITING FOR 0.786,2026-05-07,175.39999389648438,2026-08-12,100.25,,159.31789520263672,137.8249969482422,194.93899230957032,28.281752661304644,2.0,0.0,2.0,0.0,2.0,0.0,-4.877233906164997,-4.877233906164997,1.0,,,0.0,,,,-4.877233906164997,,INSUFFICIENT,C,UNKNOWN,FAR,LOW PRIORITY,0.0
HCL-INSYS.NS,10.039999961853027,2026-10-01T23:11:23.693897+05:30,WAITING FOR 0.786,2025-11-07,16.09000015258789,2026-03-30,9.010000228881836,,14.574880168914795,12.550000190734863,17.930800132751465,31.1143567185803,2.0,0.0,2.0,0.0,2.0,0.0,-5.647266819722123,-5.647266819722123,1.0,,,0.0,,,,-5.647266819722123,,INSUFFICIENT,C,UNKNOWN,FAR,LOW PRIORITY,0.0
HEIDELBERG.NS,130.57000732421875,2026-10-01T23:11:23.693897+05:30,WAITING FOR 0.786,2025-09-29,208.0,2026-10-01,128.4499969482422,,190.97629934692384,168.2249984741211,228.68300079345704,31.63025581146705,2.0,0.0,2.0,0.0,2.0,0.0,-9.510342284489978,-9.510342284489978,9.5,,,9.0,,,,-1.0010886615252608,,INSUFFICIENT,C,UNKNOWN,FAR,LOW PRIORITY,0.0
ATL.NS,23.59000015258789,2026-10-01T23:11:23.693897+05:30,WAITING FOR 0.786,2025-10-03,40.400001525878906,2026-03-30,18.200000762939453,,35.649201362609865,29.30000114440918,46.17200172424316,33.82740916790941,2.0,0.0,2.0,0.0,2.0,0.0,-7.023890676307318,-7.023890676307318,4.5,,,4.0,,,,-1.5608645947349595,,INSUFFICIENT,C,UNKNOWN,FAR,LOW PRIORITY,0.0
HAVISHA.NS,1.350000023841858,2026-10-01T23:11:23.693897+05:30,WAITING FOR 0.786,2025-10-21,2.4200000762939453,2026-03-30,1.0299999713897705,,2.122540053844452,1.725000023841858,2.781400103569031,36.39695885141627,2.0,0.0,2.0,0.0,2.0,0.0,-6.488674912707356,-6.488674912707356,1.0,,,0.5,,,,-6.488674912707356,,INSUFFICIENT,C,UNKNOWN,FAR,LOW PRIORITY,0.0
NATCAPSUQ.NS,162.16000366210938,2026-10-01T23:11:23.693897+05:30,WAITING FOR 0.786,2025-09-26,296.0,2026-03-27,136.36000061035156,,261.83704013061526,216.18000030517572,337.5063998413086,38.06834832030748,2.0,0.0,2.0,0.0,2.0,0.0,-9.267702091701164,-9.267702091701164,7.0,,,6.5,,,,-1.323957441671595,,INSUFFICIENT,C,UNKNOWN,FAR,LOW PRIORITY,0.0
FABTECH.NS,142.00999450683594,2026-10-01T23:11:23.693897+05:30,WAITING FOR 0.786,2025-12-11,256.95001220703125,2026-03-23,132.6999969482422,,230.3605089416504,194.82500457763672,289.25501617431644,38.35315125874868,2.0,0.0,2.0,0.0,2.0,0.0,-4.108975645915801,-4.108975645915801,1.0,,,0.5,,,,-4.108975645915801,,INSUFFICIENT,C,UNKNOWN,FAR,LOW PRIORITY,0.0
SURAJLTD.NS,193.509994506836,2026-10-01T23:11:23.693897+05:30,WAITING FOR 0.786,2025-10-20,348.6499938964844,2026-10-01,190.0,,314.6988952026367,269.3249969482422,389.8989923095703,38.509477644580365,2.0,0.0,2.0,0.0,2.0,0.0,-4.376830473674453,-4.376830473674453,1.0,,,0.0,,,,-4.376830473674453,,INSUFFICIENT,C,UNKNOWN,FAR,LOW PRIORITY,0.0
INDOUS.NS,76.75,2026-10-01T23:11:23.693897+05:30,WAITING FOR 0.786,2026-03-05,142.38999938964844,2026-09-04,70.0,,126.89853952026368,106.19499969482422,161.21139923095703,39.51861046616361,2.0,0.0,2.0,0.0,2.0,0.0,-9.697349039974815,-9.697349039974815,2.0,,,1.5,,,,-4.848674519987409,,INSUFFICIENT,C,UNKNOWN,FAR,LOW PRIORITY,0.0
DIGISPICE.NS,14.789999961853027,2026-10-01T23:11:23.693897+05:30,WAITING FOR 0.786,2025-10-06,28.979999542236328,2026-10-01,14.399999618530272,,25.859879558563232,21.6899995803833,32.7707995223999,42.807158369167766,2.0,0.0,2.0,0.0,2.0,0.0,-13.656303858906904,-13.656303858906904,9.0,,,8.5,,,,-1.5173670954341003,,INSUFFICIENT,C,UNKNOWN,FAR,LOW PRIORITY,0.0
YATRA.NS,98.83000183105467,2026-10-01T23:11:23.693897+05:30,WAITING FOR 0.786,2025-11-17,202.0,2026-03-30,89.9000015258789,,178.0106003265381,145.95000076293945,231.1459996032715,44.48083336061816,3.0,0.0,2.0,1.0,2.0,0.0,-7.663468760032213,-7.663468760032213,21.33333333333333,,,0.0,,,,-0.35922509812651,,INSUFFICIENT,C,UNKNOWN,FAR,LOW PRIORITY,0.0
BELLACASA.NS,241.22000122070312,2026-10-01T23:11:23.693897+05:30,WAITING FOR 0.786,2025-10-15,497.3500061035156,2026-08-14,214.67999267578125,,436.8586232299805,356.01499938964844,570.8442095947266,44.78305145101487,2.0,0.0,2.0,0.0,2.0,0.0,-5.014040235037856,-5.014040235037856,2.0,,,1.5,,,,-2.507020117518928,,INSUFFICIENT,C,UNKNOWN,FAR,LOW PRIORITY,0.0
GTPL.NS,55.38999938964844,2026-10-01T23:11:23.693897+05:30,WAITING FOR 0.786,2025-10-14,118.25,2026-08-17,50.84999847412109,,103.8263996734619,84.54999923706055,135.77400039672852,46.65133379963848,2.0,0.0,2.0,0.0,2.0,0.0,-5.442838616008709,-5.442838616008709,1.0,,,0.5,,,,-5.442838616008709,,INSUFFICIENT,C,UNKNOWN,FAR,LOW PRIORITY,0.0
SADBHAV.NS,6.800000190734863,2026-10-01T23:11:23.693897+05:30,WAITING FOR 0.786,2025-12-23,14.699999809265137,2026-02-06,6.050000190734863,,12.84889989089966,10.375,16.948999710083008,47.077179770456304,2.0,0.0,2.0,0.0,2.0,0.0,-5.197187910287763,-5.197187910287763,1.0,,,0.5,,,,-5.197187910287763,,INSUFFICIENT,C,UNKNOWN,FAR,LOW PRIORITY,0.0
FIRSTCRY.NS,174.75,2026-10-01T23:11:23.693897+05:30,WAITING FOR 0.786,2025-10-07,389.6499938964844,2026-09-18,163.3699951171875,,341.22607415771483,276.50999450683594,448.4827935791016,48.78761817034226,2.0,0.0,2.0,0.0,2.0,0.0,-4.018675771713425,-4.018675771713425,1.0,,,0.0,,,,-4.018675771713425,,INSUFFICIENT,C,UNKNOWN,FAR,LOW PRIORITY,0.0
LASA.NS,5.599999904632568,2026-10-01T23:11:23.693897+05:30,WAITING FOR 0.786,2026-01-05,12.479999542236328,2026-09-28,5.599999904632568,,11.007679619789124,9.039999723434448,14.268799448013306,49.126427203012575,2.0,0.0,2.0,0.0,2.0,0.0,-7.893733782519025,-7.893733782519025,1.0,,,0.0,,,,-7.893733782519025,,INSUFFICIENT,C,UNKNOWN,FAR,LOW PRIORITY,0.0
TURTLEMINT.NS,69.79000091552734,2026-10-01T23:11:23.693897+05:30,WAITING FOR 0.786,2026-08-28,160.0,2026-10-01,69.25,,140.5795,114.625,183.595,50.355492148195616,2.0,0.0,2.0,0.0,2.0,0.0,-5.646001559951664,-5.646001559951664,2.0,,,1.5,,,,-2.823000779975832,,INSUFFICIENT,C,UNKNOWN,FAR,LOW PRIORITY,0.0
TOLINS.NS,84.58999633789062,2026-10-01T23:11:23.693897+05:30,WAITING FOR 0.786,2025-11-04,197.69000244140625,2026-03-30,83.04000091552734,,173.15490211486815,140.3650016784668,227.4990028381348,51.14779003959414,2.0,0.0,2.0,0.0,2.0,0.0,-13.68659174090093,-13.68659174090093,30.5,,,30.5,,,,-0.4487407128164239,,INSUFFICIENT,C,UNKNOWN,FAR,LOW PRIORITY,0.0
ALOKINDS.NS,7.059999942779541,2026-10-01T23:11:23.693897+05:30,WAITING FOR 0.786,2025-10-16,18.450000762939453,2026-10-01,6.920000076293945,,15.982580615997314,12.6850004196167,21.447800941467285,55.826908605028194,3.0,0.0,2.0,1.0,2.0,0.0,-6.506271487804088,-6.506271487804088,21.33333333333333,,,1.5,,,,-0.3049814759908166,,INSUFFICIENT,C,UNKNOWN,FAR,LOW PRIORITY,0.0
SUPREME.NS,31.07999992370605,2026-10-01T23:11:23.693897+05:30,WAITING FOR 0.786,2025-10-13,97.83999633789062,2026-09-29,29.059999465942383,,83.1210770072937,63.4499979019165,115.72279552459716,62.60876176931773,2.0,0.0,2.0,0.0,2.0,0.0,-7.56266185339455,-7.56266185339455,1.0,,,0.0,,,,-7.56266185339455,,INSUFFICIENT,C,UNKNOWN,FAR,LOW PRIORITY,0.0
NIMBSPROJ.NS,189.4499969482422,2026-10-01T23:11:23.693897+05:30,WAITING FOR 0.786,2026-05-22,231.22999572753903,2026-09-09,141.0399932861328,,211.92933520507813,186.134994506836,254.6793963623047,10.60699701392604,1.0,0.0,1.0,0.0,1.0,0.0,-6.159886188191983,-6.159886188191983,1.0,,,0.0,,,,-6.159886188191983,,INSUFFICIENT,C,UNKNOWN,FAR,LOW PRIORITY,0.0
HONASA.NS,427.8999938964844,2026-10-01T23:11:23.693897+05:30,WAITING FOR 0.786,2026-08-14,509.7999877929688,2026-10-01,413.8500061035156,,489.2666917114258,461.8249969482422,534.7469830322266,12.542586457354036,2.0,0.0,1.0,1.0,1.0,0.0,-0.4036161811519685,-0.4036161811519685,30.5,,,0.0,,,,-0.0132333174148186,,INSUFFICIENT,C,UNKNOWN,FAR,LOW PRIORITY,0.0
AARTIIND.NS,465.1000061035156,2026-10-01T23:11:23.693897+05:30,WAITING FOR 0.786,2026-08-25,551.75,2026-09-16,459.5499877929688,,532.0191973876953,505.6499938964844,575.7220031738282,12.578341460752592,1.0,0.0,1.0,0.0,1.0,0.0,-6.901196418667293,-6.901196418667293,9.0,,,9.0,,,,-0.7667996020741437,,INSUFFICIENT,C,UNKNOWN,FAR,LOW PRIORITY,0.0
TRUALT.NS,444.2999877929688,2026-10-01T23:11:23.693897+05:30,WAITING FOR 0.786,2026-06-10,542.0,2026-09-15,400.0,,511.612,471.0,578.92,13.15684780791523,1.0,0.0,1.0,0.0,1.0,0.0,-13.18598613284753,-13.18598613284753,32.0,,,32.0,,,,-0.4120620666514853,,INSUFFICIENT,C,UNKNOWN,FAR,LOW PRIORITY,0.0
GTL.NS,6.820000171661377,2026-10-01T23:11:23.693897+05:30,WAITING FOR 0.786,2026-08-07,8.199999809265137,2026-09-29,6.650000095367432,,7.868299870491028,7.424999952316284,8.60299973487854,13.323077616311426,1.0,0.0,1.0,0.0,1.0,0.0,-6.999511953217461,-6.999511953217461,5.0,,,5.0,,,,-1.3999023906434922,,INSUFFICIENT,C,UNKNOWN,FAR,LOW PRIORITY,0.0
OMPOWER.NS,157.74000549316406,2026-10-01T23:11:23.693897+05:30,WAITING FOR 0.786,2026-06-08,195.75,2026-09-30,153.5,,186.7085,174.625,206.735,15.515359240118126,1.0,0.0,1.0,0.0,1.0,0.0,-4.373022915382038,-4.373022915382038,2.0,,,2.0,,,,-2.186511457691019,,INSUFFICIENT,C,UNKNOWN,FAR,LOW PRIORITY,0.0
NITTAGELA.NS,1664.300048828125,2026-10-01T23:11:23.693897+05:30,WAITING FOR 0.786,2026-07-10,2087.199951171875,2026-08-19,1546.199951171875,,1971.425951171875,1816.699951171875,2227.859951171875,15.578870825007918,1.0,0.0,1.0,0.0,1.0,0.0,-4.879403116154505,-4.879403116154505,1.0,,,0.0,,,,-4.879403116154505,,INSUFFICIENT,C,UNKNOWN,FAR,LOW PRIORITY,0.0
NIVABUPA.NS,72.9800033569336,2026-10-01T23:11:23.693897+05:30,WAITING FOR 0.786,2026-07-31,91.4000015258789,2026-09-29,71.9800033569336,,87.24412191772461,81.69000244140625,96.44920104980469,16.34966144107997,1.0,0.0,1.0,0.0,1.0,0.0,-2.554836721484379,-2.554836721484379,1.0,,,0.0,,,,-2.554836721484379,,INSUFFICIENT,C,UNKNOWN,FAR,LOW PRIORITY,0.0
JNKINDIA.NS,432.7000122070313,2026-10-01T23:11:23.693897+05:30,WAITING FOR 0.786,2026-07-15,558.0,2026-08-13,380.3500061035156,,519.9829013061524,469.1750030517578,604.188998413086,16.785722930479828,1.0,0.0,1.0,0.0,1.0,0.0,-6.908782390441064,-6.908782390441064,1.0,,,0.0,,,,-6.908782390441064,,INSUFFICIENT,C,UNKNOWN,FAR,LOW PRIORITY,0.0
ATLASCYCLE.NS,91.73999786376952,2026-10-01T23:11:23.693897+05:30,WAITING FOR 0.786,2026-09-09,116.0,2026-09-28,90.0999984741211,,110.45739967346192,103.04999923706056,122.73400039672852,16.945357997766944,1.0,0.0,1.0,0.0,1.0,0.0,-18.51372993864909,-18.51372993864909,20.0,,,20.0,,,,-0.9256864969324544,,INSUFFICIENT,C,UNKNOWN,FAR,LOW PRIORITY,0.0
AMBIKCO.NS,1505.800048828125,2026-10-01T23:11:23.693897+05:30,WAITING FOR 0.786,2026-08-07,1931.0,2026-10-01,1491.0,,1836.84,1711.0,2045.4,18.02225295463269,1.0,0.0,1.0,0.0,1.0,0.0,-8.022970078331387,-8.022970078331387,13.0,,,13.0,,,,-0.6171515444870297,,INSUFFICIENT,C,UNKNOWN,FAR,LOW PRIORITY,0.0
JETFREIGHT.NS,19.59000015258789,2026-10-01T23:11:23.693897+05:30,WAITING FOR 0.786,2026-07-16,25.950000762939453,2026-09-17,16.510000228881836,,23.929840648651123,21.230000495910645,28.404400901794432,18.13568489561948,1.0,0.0,1.0,0.0,1.0,0.0,-9.171509987659167,-9.171509987659167,3.0,,,3.0,,,,-3.05716999588639,,INSUFFICIENT,C,UNKNOWN,FAR,LOW PRIORITY,0.0
SINCLAIR.NS,76.70999908447266,2026-10-01T23:11:23.693897+05:30,WAITING FOR 0.786,2025-10-07,101.12999725341795,2026-03-16,68.81999969482422,,94.21565777587892,84.9749984741211,109.53059661865234,18.58041338845065,1.0,0.0,1.0,0.0,1.0,0.0,-11.63841756833954,-11.63841756833954,1.0,,,0.0,,,,-11.63841756833954,,INSUFFICIENT,C,UNKNOWN,FAR,LOW PRIORITY,0.0
RELAXO.NS,285.3500061035156,2026-10-01T23:11:23.693897+05:30,WAITING FOR 0.786,2026-08-27,369.6000061035156,2026-10-01,280.5,,350.5326047973633,325.0500030517578,392.76600769042966,18.59530263426668,1.0,0.0,1.0,0.0,1.0,0.0,-2.478521343044259,-2.478521343044259,1.0,,,0.0,,,,-2.478521343044259,,INSUFFICIENT,C,UNKNOWN,FAR,LOW PRIORITY,0.0
DALBHARAT.NS,1682.0999755859375,2026-10-01T23:11:23.693897+05:30,WAITING FOR 0.786,2026-02-10,2219.89990234375,2026-06-11,1605.0,,2088.3113232421874,1912.449951171875,2379.773876953125,19.451666192452112,3.0,0.0,1.0,2.0,1.0,0.0,-4.31804182204107,-4.31804182204107,45.0,,,15.0,,,,-0.095956484934246,,INSUFFICIENT,C,UNKNOWN,FAR,LOW PRIORITY,0.0
DELHIVERY.NS,400.0,2026-10-01T23:11:23.693897+05:30,WAITING FOR 0.786,2026-07-10,524.0,2026-10-01,397.0,,496.822,460.5,557.02,19.48826742777091,1.0,0.0,1.0,0.0,1.0,0.0,-7.899521129784347,-7.899521129784347,1.0,,,0.0,,,,-7.899521129784347,,INSUFFICIENT,C,UNKNOWN,FAR,LOW PRIORITY,0.0
EXPLEOSOL.NS,848.75,2026-10-01T23:11:23.693897+05:30,WAITING FOR 0.786,2025-11-14,1175.0999755859375,2026-03-30,640.0,,1060.5885808105468,907.5499877929688,1314.225969238281,19.97368109023489,2.0,0.0,1.0,1.0,1.0,0.0,-2.1172995799861742,-2.1172995799861742,30.5,,,0.0,,,,-0.0694196583602024,,INSUFFICIENT,C,UNKNOWN,FAR,LOW PRIORITY,0.0
LANCORHOL.NS,31.59000015258789,2026-10-01T23:11:23.693897+05:30,WAITING FOR 0.786,2026-09-07,41.75,2026-10-01,31.36000061035156,,39.52654013061523,36.55500030517578,44.45139984130859,20.07901514223377,1.0,0.0,1.0,0.0,1.0,0.0,-5.151940292388979,-5.151940292388979,3.0,,,3.0,,,,-1.7173134307963265,,INSUFFICIENT,C,UNKNOWN,FAR,LOW PRIORITY,0.0
SHILCTECH.NS,4033.0,2026-10-01T23:11:23.693897+05:30,WAITING FOR 0.786,2026-04-28,5399.0,2026-06-11,3769.60009765625,,5050.308420898437,4584.300048828125,5822.643974609375,20.14349097351684,1.0,0.0,1.0,0.0,1.0,0.0,-10.628645737039134,-10.628645737039134,51.0,,,51.0,,,,-0.2084048183733163,,INSUFFICIENT,C,UNKNOWN,FAR,LOW PRIORITY,0.0
SANSTAR.NS,103.0,2026-10-01T23:11:23.693897+05:30,WAITING FOR 0.786,2026-06-24,137.49000549316406,2026-10-01,101.20999908447266,,129.7260841217041,119.35000228881836,146.92280715942383,20.60193545704401,1.0,0.0,1.0,0.0,1.0,0.0,-4.188908048169119,-4.188908048169119,1.0,,,0.0,,,,-4.188908048169119,,INSUFFICIENT,C,UNKNOWN,FAR,LOW PRIORITY,0.0
WAAREEENER.NS,2340.0,2026-10-01T23:11:23.693897+05:30,WAITING FOR 0.786,2026-05-29,3180.0,2026-10-01,2301.10009765625,,2991.9154208984373,2740.550048828125,3408.513974609375,21.78923295574561,3.0,0.0,1.0,2.0,1.0,0.0,-1.410011101777928,-1.410011101777928,44.66666666666666,,,13.0,,,,-0.0315674127263715,,INSUFFICIENT,C,UNKNOWN,FAR,LOW PRIORITY,0.0
BCPL.NS,67.25,2026-10-01T23:11:23.693897+05:30,WAITING FOR 0.786,2026-05-04,92.0,2026-09-30,65.4000015258789,,86.30760032653808,78.70000076293945,98.91599960327147,22.08102212833532,1.0,0.0,1.0,0.0,1.0,0.0,-4.464185510917027,-4.464185510917027,1.0,,,0.0,,,,-4.464185510917027,,INSUFFICIENT,C,UNKNOWN,FAR,LOW PRIORITY,0.0
JUNIPER.NS,214.9900054931641,2026-10-01T23:11:23.693897+05:30,WAITING FOR 0.786,2025-09-26,299.8999938964844,2026-03-30,188.5,,276.0603952026368,244.1999969482422,328.86399230957034,22.12211196200207,1.0,0.0,1.0,0.0,1.0,0.0,-2.351812062973538,-2.351812062973538,1.0,,,0.0,,,,-2.351812062973538,,INSUFFICIENT,C,UNKNOWN,FAR,LOW PRIORITY,0.0
MAFATIND.NS,114.37999725341795,2026-10-01T23:11:23.693897+05:30,WAITING FOR 0.786,2026-06-24,157.77000427246094,2026-09-25,113.4000015258789,,148.2748236846924,135.58500289916992,169.30620498657223,22.859461632779983,1.0,0.0,1.0,0.0,1.0,0.0,-4.483924400315982,-4.483924400315982,1.0,,,0.0,,,,-4.483924400315982,,INSUFFICIENT,C,UNKNOWN,FAR,LOW PRIORITY,0.0
CMPDI.NS,204.3800048828125,2026-10-01T23:11:23.693897+05:30,WAITING FOR 0.786,2026-07-03,283.69000244140625,2026-10-01,196.47000122070312,,265.0249221801758,240.0800018310547,306.36720275878906,22.88272242417042,1.0,0.0,1.0,0.0,1.0,0.0,-4.808753556875249,-4.808753556875249,1.0,,,0.0,,,,-4.808753556875249,,INSUFFICIENT,C,UNKNOWN,FAR,LOW PRIORITY,0.0
PRINCEPIPE.NS,246.8999938964844,2026-10-01T23:11:23.693897+05:30,WAITING FOR 0.786,2025-10-07,352.20001220703125,2026-03-30,205.0,,320.69920959472654,278.6000061035156,390.4720153808594,23.011973054596417,1.0,0.0,1.0,0.0,1.0,0.0,-3.250925681555101,-3.250925681555101,1.0,,,0.0,,,,-3.250925681555101,,INSUFFICIENT,C,UNKNOWN,FAR,LOW PRIORITY,0.0
JUBLFOOD.NS,443.3999938964844,2026-10-01T23:11:23.693897+05:30,WAITING FOR 0.786,2025-11-14,622.9500122070312,2026-07-24,408.5499877929688,,577.068406982422,515.75,678.6940185546875,23.1633566261078,1.0,0.0,1.0,0.0,1.0,0.0,-2.4301063228010533,-2.4301063228010533,1.0,,,0.0,,,,-2.4301063228010533,,INSUFFICIENT,C,UNKNOWN,FAR,LOW PRIORITY,0.0
BHARATCOAL.NS,31.75,2026-10-01T23:11:23.693897+05:30,WAITING FOR 0.786,2026-06-18,44.400001525878906,2026-10-01,31.18000030517578,,41.57092126464844,37.790000915527344,47.83720184326173,23.624497523464964,1.0,0.0,1.0,0.0,1.0,0.0,-10.50135055686814,-10.50135055686814,13.0,,,13.0,,,,-0.8077961966821646,,INSUFFICIENT,C,UNKNOWN,FAR,LOW PRIORITY,0.0
MOKSH.NS,9.1899995803833,2026-10-01T23:11:23.693897+05:30,WAITING FOR 0.786,2026-06-18,12.949999809265137,2026-10-01,9.029999732971191,,12.111119792938233,10.989999771118164,13.969199829101562,24.11932391469022,1.0,0.0,1.0,0.0,1.0,0.0,-9.905564735649769,-9.905564735649769,6.0,,,6.0,,,,-1.6509274559416278,,INSUFFICIENT,C,UNKNOWN,FAR,LOW PRIORITY,0.0
MANORG.NS,436.7999877929688,2026-10-01T23:11:23.693897+05:30,WAITING FOR 0.786,2026-05-05,635.0,2026-08-18,429.1000061035156,,590.9374013061523,532.0500030517578,688.533998413086,26.08354339605054,1.0,0.0,1.0,0.0,1.0,0.0,-11.67834714065159,-11.67834714065159,14.0,,,14.0,,,,-0.834167652903685,,INSUFFICIENT,C,UNKNOWN,FAR,LOW PRIORITY,0.0
TVTODAY.NS,101.6500015258789,2026-10-01T23:11:23.693897+05:30,WAITING FOR 0.786,2026-01-08,151.0,2026-03-23,93.5,,138.695,122.25,165.95,26.70968562249619,1.0,0.0,1.0,0.0,1.0,0.0,-3.437775462777473,-3.437775462777473,1.0,,,0.0,,,,-3.437775462777473,,INSUFFICIENT,C,UNKNOWN,FAR,LOW PRIORITY,0.0
VOGL.NS,31.979999542236328,2026-10-01T23:11:23.693897+05:30,WAITING FOR 0.786,2026-07-03,47.59999847412109,2026-10-01,31.38999938964844,,44.13105867004394,39.494998931884766,51.81459823608398,27.534030440234424,1.0,0.0,1.0,0.0,1.0,0.0,-5.346104499726256,-5.346104499726256,1.0,,,0.0,,,,-5.346104499726256,,INSUFFICIENT,C,UNKNOWN,FAR,LOW PRIORITY,0.0
PROSTARM.NS,135.41000366210938,2026-10-01T23:11:23.693897+05:30,WAITING FOR 0.786,2025-12-02,208.6499938964844,2026-03-30,114.63999938964844,,188.53185507202147,161.6449966430664,233.09259246826173,28.17659190252963,1.0,0.0,1.0,0.0,1.0,0.0,-2.993685823021611,-2.993685823021611,1.0,,,0.0,,,,-2.993685823021611,,INSUFFICIENT,C,UNKNOWN,FAR,LOW PRIORITY,0.0
IEX.NS,105.9800033569336,2026-10-01T23:11:23.693897+05:30,WAITING FOR 0.786,2026-01-09,160.27000427246094,2026-10-01,104.18000030517578,,148.26674342346192,132.22500228881836,174.85340530395507,28.52071819352904,1.0,0.0,1.0,0.0,1.0,0.0,-8.061882943439477,-8.061882943439477,1.0,,,0.0,,,,-8.061882943439477,,INSUFFICIENT,C,UNKNOWN,FAR,LOW PRIORITY,0.0
XELPMOC.NS,93.66999816894533,2026-10-01T23:11:23.693897+05:30,WAITING FOR 0.786,2026-01-27,147.5,2026-09-22,71.0999984741211,,131.15039967346192,109.29999923706056,167.3640003967285,28.57818321395532,1.0,0.0,1.0,0.0,1.0,0.0,-3.0941856511390657,-3.0941856511390657,1.0,,,0.0,,,,-3.0941856511390657,,INSUFFICIENT,C,UNKNOWN,FAR,LOW PRIORITY,0.0
GLOBE.NS,2.109999895095825,2026-10-01T23:11:23.693897+05:30,WAITING FOR 0.786,2026-01-05,3.289999961853028,2026-09-16,1.75,,2.96043997001648,2.5199999809265137,3.690399951934815,28.72681370113782,1.0,0.0,1.0,0.0,1.0,0.0,-4.781709659317389,-4.781709659317389,4.0,,,4.0,,,,-1.1954274148293471,,INSUFFICIENT,C,UNKNOWN,FAR,LOW PRIORITY,0.0
ZEEL.NS,71.91999816894531,2026-10-01T23:11:23.693897+05:30,WAITING FOR 0.786,2026-08-24,110.62999725341795,2026-10-01,71.63999938964844,,102.2861377105713,91.1349983215332,120.76739669799804,29.68744369598739,1.0,0.0,1.0,0.0,1.0,0.0,-6.404568679160523,-6.404568679160523,4.0,,,4.0,,,,-1.601142169790131,,INSUFFICIENT,C,UNKNOWN,FAR,LOW PRIORITY,0.0
WAKEFIT.NS,139.8800048828125,2026-10-01T23:11:23.693897+05:30,WAITING FOR 0.786,2026-02-12,224.0,2026-06-08,111.4000015258789,,199.90360032653808,167.70000076293945,253.2759996032715,30.02627033514073,1.0,0.0,1.0,0.0,1.0,0.0,-5.782759141222947,-5.782759141222947,1.0,,,0.0,,,,-5.782759141222947,,INSUFFICIENT,C,UNKNOWN,FAR,LOW PRIORITY,0.0
INDIAMART.NS,1620.300048828125,2026-10-01T23:11:23.693897+05:30,WAITING FOR 0.786,2025-11-13,2525.89990234375,2026-10-01,1590.0999755859375,,2325.638718017578,2057.999938964844,2769.2078833007813,30.32881520783667,1.0,0.0,1.0,0.0,1.0,0.0,-3.482168552011161,-3.482168552011161,1.0,,,1.0,,,,-3.482168552011161,,INSUFFICIENT,C,UNKNOWN,FAR,LOW PRIORITY,0.0
MEDPLUS.NS,654.2999877929688,2026-10-01T23:11:23.693897+05:30,WAITING FOR 0.786,2026-05-21,1022.2000122070312,2026-10-01,642.5999755859375,,940.9656043701171,832.3999938964844,1120.8960217285155,30.46504731371585,1.0,0.0,1.0,0.0,1.0,0.0,-3.512765734281938,-3.512765734281938,1.0,,,0.0,,,,-3.512765734281938,,INSUFFICIENT,C,UNKNOWN,FAR,LOW PRIORITY,0.0
RADIANTCMS.NS,35.88999938964844,2026-10-01T23:11:23.693897+05:30,WAITING FOR 0.786,2025-10-08,57.4900016784668,2026-03-30,32.33000183105469,,52.10576171112061,44.91000175476074,64.03160163879394,31.12086224048297,1.0,0.0,1.0,0.0,1.0,0.0,-7.649876660701475,-7.649876660701475,1.0,,,0.0,,,,-7.649876660701475,,INSUFFICIENT,C,UNKNOWN,FAR,LOW PRIORITY,0.0
ROSSARI.NS,427.5499877929688,2026-10-01T23:11:23.693897+05:30,WAITING FOR 0.786,2025-10-16,690.2999877929688,2026-03-30,375.0,,622.8257904052734,532.6499938964844,772.2779846191406,31.353197895873663,1.0,0.0,1.0,0.0,1.0,0.0,-2.975993718404648,-2.975993718404648,1.0,,,0.0,,,,-2.975993718404648,,INSUFFICIENT,C,UNKNOWN,FAR,LOW PRIORITY,0.0
AAKASH.NS,8.34000015258789,2026-10-01T23:11:23.693897+05:30,WAITING FOR 0.786,2026-03-06,13.399999618530272,2026-04-02,7.599999904632568,,12.158799679756164,10.49999976158142,14.907999544143678,31.40770164612875,1.0,0.0,1.0,0.0,1.0,0.0,-13.48329449230129,-13.48329449230129,3.0,,,3.0,,,,-4.494431497433763,,INSUFFICIENT,C,UNKNOWN,FAR,LOW PRIORITY,0.0
BOROSCI.NS,112.72000122070312,2026-10-01T23:11:23.693897+05:30,WAITING FOR 0.786,2026-06-29,180.8000030517578,2026-10-01,110.0,,165.64880239868165,145.4000015258789,199.20800384521485,31.95242006675671,1.0,0.0,1.0,0.0,1.0,0.0,-6.574111523178256,-6.574111523178256,1.0,,,1.0,,,,-6.574111523178256,,INSUFFICIENT,C,UNKNOWN,FAR,LOW PRIORITY,0.0
IRCTC.NS,454.1000061035156,2026-10-01T23:11:23.693897+05:30,WAITING FOR 0.786,2025-10-29,735.75,2026-09-16,446.5,,673.8505,591.125,810.9549999999999,32.61116433043893,1.0,0.0,1.0,0.0,1.0,0.0,-18.366411480446448,-18.366411480446448,13.0,,,13.0,,,,-1.4128008831112653,,INSUFFICIENT,C,UNKNOWN,FAR,LOW PRIORITY,0.0
GRINFRA.NS,790.2000122070312,2026-10-01T23:11:23.693897+05:30,WAITING FOR 0.786,2025-10-09,1309.800048828125,2026-10-01,775.0,,1195.3528383789062,1042.4000244140625,1448.8480615234375,33.89399457329506,1.0,0.0,1.0,0.0,1.0,0.0,-2.664069767507464,-2.664069767507464,1.0,,,0.0,,,,-2.664069767507464,,INSUFFICIENT,C,UNKNOWN,FAR,LOW PRIORITY,0.0
RKSWAMY.NS,86.45999908447266,2026-10-01T23:11:23.693897+05:30,WAITING FOR 0.786,2025-09-26,151.8000030517578,2026-03-30,67.1500015258789,,133.68490272521973,109.47500228881836,173.80900344848632,35.32553241095194,1.0,0.0,1.0,0.0,1.0,0.0,-7.237658152057835,-7.237658152057835,7.0,,,7.0,,,,-1.0339511645796908,,INSUFFICIENT,C,UNKNOWN,FAR,LOW PRIORITY,0.0
TTML.NS,34.81999969482422,2026-10-01T23:11:23.693897+05:30,WAITING FOR 0.786,2025-10-07,60.08000183105469,2026-03-30,31.21999931335449,,53.90396129226684,45.65000057220459,67.58360248565674,35.40363479776475,1.0,0.0,1.0,0.0,1.0,0.0,-3.8409885288864265,-3.8409885288864265,1.0,,,0.0,,,,-3.8409885288864265,,INSUFFICIENT,C,UNKNOWN,FAR,LOW PRIORITY,0.0
EXXARO.NS,6.039999961853027,2026-10-01T23:11:23.693897+05:30,WAITING FOR 0.786,2025-11-07,10.329999923706056,2026-08-03,5.989999771118164,,9.401239891052246,8.15999984741211,11.458399963378906,35.75315562789035,1.0,0.0,1.0,0.0,1.0,0.0,-4.387849053989954,-4.387849053989954,1.0,,,0.0,,,,-4.387849053989954,,INSUFFICIENT,C,UNKNOWN,FAR,LOW PRIORITY,0.0
SBICARD.NS,563.2000122070312,2026-10-01T23:11:23.693897+05:30,WAITING FOR 0.786,2025-10-23,965.0,2026-10-01,560.1500244140625,,878.3621052246094,762.5750122070312,1070.2609936523438,35.88065686610955,1.0,0.0,1.0,0.0,1.0,0.0,-3.985625904522743,-3.985625904522743,13.0,,,13.0,,,,-0.306586608040211,,INSUFFICIENT,C,UNKNOWN,FAR,LOW PRIORITY,0.0
UNIECOM.NS,82.58000183105469,2026-10-01T23:11:23.693897+05:30,WAITING FOR 0.786,2025-10-03,147.0,2026-03-30,78.51000213623047,,132.3431404571533,112.75500106811523,164.80739944458008,37.60160024478916,1.0,0.0,1.0,0.0,1.0,0.0,-8.437904240360194,-8.437904240360194,1.0,,,0.0,,,,-8.437904240360194,,INSUFFICIENT,C,UNKNOWN,FAR,LOW PRIORITY,0.0
INVENTURE.NS,0.8500000238418579,2026-10-01T23:11:23.693897+05:30,WAITING FOR 0.786,2025-09-29,1.5800000429153442,2026-08-20,0.7200000286102295,,1.3959600398540497,1.1500000357627869,1.803600046634674,39.110003182417245,1.0,0.0,1.0,0.0,1.0,0.0,-11.604452516908053,-11.604452516908053,1.0,,,0.0,,,,-11.604452516908053,,INSUFFICIENT,C,UNKNOWN,FAR,LOW PRIORITY,0.0
COASTCORP.NS,35.81999969482422,2026-10-01T23:11:23.693897+05:30,WAITING FOR 0.786,2026-05-15,66.69999694824219,2026-09-17,35.20000076293945,,59.95899776458741,50.94999885559082,74.8899959564209,40.259175386050245,1.0,0.0,1.0,0.0,1.0,0.0,-7.704422167526914,-7.704422167526914,3.0,,,3.0,,,,-2.5681407225089714,,INSUFFICIENT,C,UNKNOWN,FAR,LOW PRIORITY,0.0
CPEDU.NS,176.36000061035156,2026-10-01T23:11:23.693897+05:30,WAITING FOR 0.786,2025-10-29,338.75,2026-03-30,141.0,,296.4315,239.875,390.165,40.505647810589785,1.0,0.0,1.0,0.0,1.0,0.0,-5.54685684982814,-5.54685684982814,1.0,,,0.0,,,,-5.54685684982814,,INSUFFICIENT,C,UNKNOWN,FAR,LOW PRIORITY,0.0
HERANBA.NS,172.1199951171875,2026-10-01T23:11:23.693897+05:30,WAITING FOR 0.786,2025-10-14,327.0,2026-03-30,155.3800048828125,,290.2733210449219,241.19000244140625,371.6211987304688,40.70416306342163,1.0,0.0,1.0,0.0,1.0,0.0,-3.3811941978054283,-3.3811941978054283,1.0,,,0.0,,,,-3.3811941978054283,,INSUFFICIENT,C,UNKNOWN,FAR,LOW PRIORITY,0.0
GLOBECIVIL.NS,41.4900016784668,2026-10-01T23:11:23.693897+05:30,WAITING FOR 0.786,2025-11-27,80.0,2026-03-30,33.5,,70.049,56.75,92.09,40.7700300097549,1.0,0.0,1.0,0.0,1.0,0.0,-3.72999559465753,-3.72999559465753,1.0,,,0.0,,,,-3.72999559465753,,INSUFFICIENT,C,UNKNOWN,FAR,LOW PRIORITY,0.0
CIFL.NS,20.76000022888184,2026-10-01T23:11:23.693897+05:30,WAITING FOR 0.786,2026-01-14,39.68999862670898,2026-09-16,18.559999465942383,,35.16817880630494,29.124999046325684,45.1837984085083,40.96936226575375,1.0,0.0,1.0,0.0,1.0,0.0,-3.702623883748636,-3.702623883748636,1.0,,,1.0,,,,-3.702623883748636,,INSUFFICIENT,C,UNKNOWN,FAR,LOW PRIORITY,0.0
VIKRAN.NS,58.27000045776367,2026-10-01T23:11:23.693897+05:30,WAITING FOR 0.786,2025-11-20,118.4000015258789,2026-03-30,51.09999847412109,,103.99780087280274,84.75,135.89800231933594,43.96996862555552,1.0,0.0,1.0,0.0,1.0,0.0,-5.765199024690952,-5.765199024690952,1.0,,,0.0,,,,-5.765199024690952,,INSUFFICIENT,C,UNKNOWN,FAR,LOW PRIORITY,0.0
IGCL.NS,54.619998931884766,2026-10-01T23:11:23.693897+05:30,WAITING FOR 0.786,2025-10-23,111.4000015258789,2026-03-27,49.459999084472656,,98.14484100341798,80.43000030517578,127.50440216064452,44.34755981724747,1.0,0.0,1.0,0.0,1.0,0.0,-5.876049412378396,-5.876049412378396,4.0,,,4.0,,,,-1.4690123530945989,,INSUFFICIENT,C,UNKNOWN,FAR,LOW PRIORITY,0.0
BATAINDIA.NS,613.0,2026-10-01T23:11:23.693897+05:30,WAITING FOR 0.786,2025-10-07,1238.0,2026-03-30,605.0,,1102.538,921.5,1402.58,44.4010093076157,1.0,0.0,1.0,0.0,1.0,0.0,-2.332937483161976,-2.332937483161976,3.0,,,3.0,,,,-0.7776458277206585,,INSUFFICIENT,C,UNKNOWN,FAR,LOW PRIORITY,0.0
SECURKLOUD.NS,16.770000457763672,2026-10-01T23:11:23.693897+05:30,WAITING FOR 0.786,2025-11-24,34.18000030517578,2026-09-11,15.600000381469728,,30.203880321502687,24.89000034332276,39.01080028533936,44.47733112680623,1.0,0.0,1.0,0.0,1.0,0.0,-4.8802845653963765,-4.8802845653963765,1.0,,,0.0,,,,-4.8802845653963765,,INSUFFICIENT,C,UNKNOWN,FAR,LOW PRIORITY,0.0
EUROPRATIK.NS,190.4199981689453,2026-10-01T23:11:23.693897+05:30,WAITING FOR 0.786,2025-11-17,390.0,2026-10-01,184.7100067138672,,346.0679414367676,287.3550033569336,443.37539825439455,44.97612307618553,1.0,0.0,1.0,0.0,1.0,0.0,-2.925765470746407,-2.925765470746407,3.0,,,3.0,,,,-0.9752551569154688,,INSUFFICIENT,C,UNKNOWN,FAR,LOW PRIORITY,0.0
MIDWESTLTD.NS,904.1500244140624,2026-10-01T23:11:23.693897+05:30,WAITING FOR 0.786,2026-01-08,1859.9000244140625,2026-10-01,860.0,,1645.921419189453,1359.9500122070312,2119.874030761719,45.06724234384662,1.0,0.0,1.0,0.0,1.0,0.0,-2.407510165445688,-2.407510165445688,1.0,,,0.0,,,,-2.407510165445688,,INSUFFICIENT,C,UNKNOWN,FAR,LOW PRIORITY,0.0
JAINREC.NS,282.5,2026-10-01T23:11:23.693897+05:30,WAITING FOR 0.786,2026-05-08,593.9500122070312,2026-09-21,271.0,,524.8387095947265,432.4750061035156,677.9170153808593,46.17393975796055,1.0,0.0,1.0,0.0,1.0,0.0,-6.621996015856081,-6.621996015856081,33.0,,,33.0,,,,-0.2006665459350327,,INSUFFICIENT,C,UNKNOWN,FAR,LOW PRIORITY,0.0
CHEMPLASTS.NS,191.5599975585937,2026-10-01T23:11:23.693897+05:30,WAITING FOR 0.786,2025-11-04,412.5,2026-09-16,161.0,,358.679,286.75,477.89,46.59291523657817,1.0,0.0,1.0,0.0,1.0,0.0,-4.291556595422839,-4.291556595422839,1.0,,,0.0,,,,-4.291556595422839,,INSUFFICIENT,C,UNKNOWN,FAR,LOW PRIORITY,0.0
SVPGLOB.NS,3.0999999046325684,2026-10-01T23:11:23.693897+05:30,WAITING FOR 0.786,2025-11-28,6.889999866485596,2026-03-30,2.180000066757202,,5.88205990934372,4.534999966621399,8.114599814414978,47.29737621835197,1.0,0.0,1.0,0.0,1.0,0.0,-3.7492927815419415,-3.7492927815419415,1.0,,,0.0,,,,-3.7492927815419415,,INSUFFICIENT,C,UNKNOWN,FAR,LOW PRIORITY,0.0
STANLEY.NS,136.22000122070312,2026-10-01T23:11:23.693897+05:30,WAITING FOR 0.786,2025-10-09,304.0,2026-03-30,123.0,,265.266,213.5,351.06,48.647771964479766,1.0,0.0,1.0,0.0,1.0,0.0,-2.4270009961562127,-2.4270009961562127,1.0,,,0.0,,,,-2.4270009961562127,,INSUFFICIENT,C,UNKNOWN,FAR,LOW PRIORITY,0.0
VIRINCHI.NS,13.289999961853027,2026-10-01T23:11:23.693897+05:30,WAITING FOR 0.786,2025-10-16,29.46999931335449,2026-10-01,13.0,,25.94541946029664,21.23499965667725,33.75219913482666,48.7770857503759,1.0,0.0,1.0,0.0,1.0,0.0,-3.9361407650406224,-3.9361407650406224,1.0,,,0.0,,,,-3.9361407650406224,,INSUFFICIENT,C,UNKNOWN,FAR,LOW PRIORITY,0.0
AWFIS.NS,235.259994506836,2026-10-01T23:11:23.693897+05:30,WAITING FOR 0.786,2025-11-11,639.4000244140625,2026-03-30,229.0500030517578,,551.5851198425294,434.22501373291016,746.0910299682618,57.34837905453293,1.0,0.0,1.0,0.0,1.0,0.0,-5.717986393147548,-5.717986393147548,1.0,,,0.0,,,,-5.717986393147548,,INSUFFICIENT,C,UNKNOWN,FAR,LOW PRIORITY,0.0
ELIN.NS,79.7300033569336,2026-10-01T23:11:23.693897+05:30,WAITING FOR 0.786,2025-11-10,222.9900054931641,2026-10-01,78.30999755859375,,192.02848379516604,150.6500015258789,260.6068075561524,58.48011618839817,1.0,0.0,1.0,0.0,1.0,0.0,-16.971029559233468,-16.971029559233468,29.0,,,29.0,,,,-0.5852079158356368,,INSUFFICIENT,C,UNKNOWN,FAR,LOW PRIORITY,0.0
KALAMANDIR.NS,74.37000274658203,2026-10-01T23:11:23.693897+05:30,WAITING FOR 0.786,2025-10-28,223.02999877929688,2026-10-01,73.0999984741211,,190.9449787139893,148.06499862670898,262.0117988586426,61.051605940380014,1.0,0.0,1.0,0.0,1.0,0.0,-3.5881472773210223,-3.5881472773210223,1.0,,,0.0,,,,-3.5881472773210223,,INSUFFICIENT,C,UNKNOWN,FAR,LOW PRIORITY,0.0
FILATFASH.NS,0.1800000071525573,2026-10-01T23:11:23.693897+05:30,WAITING FOR 0.786,2025-09-26,0.6000000238418579,2026-03-30,0.1400000005960464,,0.5015600188672542,0.3700000122189522,0.7196000298857689,64.11197057551009,1.0,0.0,1.0,0.0,1.0,0.0,-4.756146119715039,-4.756146119715039,1.0,,,0.0,,,,-4.756146119715039,,INSUFFICIENT,C,UNKNOWN,FAR,LOW PRIORITY,0.0
TAKE.NS,12.649999618530272,2026-10-01T23:11:23.693897+05:30,WAITING FOR 0.786,2026-05-04,42.68999862670898,2026-09-04,12.520000457763672,,36.23361901855469,27.604999542236328,50.534198150634765,65.08767282657469,2.0,0.0,1.0,1.0,1.0,0.0,-10.67570885273193,-10.67570885273193,30.5,,,0.0,,,,-0.350023241073178,,INSUFFICIENT,C,UNKNOWN,FAR,LOW PRIORITY,0.0
FISCHER.NS,33.459999084472656,2026-10-01T23:11:23.693897+05:30,WAITING FOR 0.786,2025-10-29,121.6999969482422,2026-06-09,31.049999237060547,,102.30089743804932,76.37499809265137,145.26899635314942,67.2925654393842,1.0,0.0,1.0,0.0,1.0,0.0,-8.066742355153462,-8.066742355153462,5.0,,,5.0,,,,-1.6133484710306925,,INSUFFICIENT,C,UNKNOWN,FAR,LOW PRIORITY,0.0
HDBFS.NS,618.2000122070312,2026-10-01T23:11:23.693897+05:30,WAITING FOR 0.786,2026-08-20,712.0999755859375,2026-10-01,602.5999755859375,,688.6669755859375,657.3499755859375,740.5699755859375,10.232371505683274,0.0,0.0,0.0,0.0,0.0,,,,,,,,,,,,,INSUFFICIENT,C,UNKNOWN,FAR,LOW PRIORITY,0.0
STARHEALTH.NS,537.7000122070312,2026-10-01T23:11:23.693897+05:30,WAITING FOR 0.786,2026-07-30,624.9000244140625,2026-09-24,513.0,,600.9534191894531,568.9500122070312,653.9940307617187,10.525509126437134,0.0,0.0,0.0,0.0,0.0,,,,,,,,,,,,,INSUFFICIENT,C,UNKNOWN,FAR,LOW PRIORITY,0.0
CAPITALSFB.NS,277.5,2026-10-01T23:11:23.693897+05:30,WAITING FOR 0.786,2026-05-08,323.70001220703125,2026-06-02,263.8999938964844,,310.9028082885742,293.8000030517578,339.2480169677734,10.743810412149871,0.0,0.0,0.0,0.0,0.0,,,,,,,,,,,,,INSUFFICIENT,C,UNKNOWN,FAR,LOW PRIORITY,0.0
MAMATA.NS,399.8999938964844,2026-10-01T23:11:23.693897+05:30,WAITING FOR 0.786,2025-09-26,491.6499938964844,2026-03-30,297.0,,449.9948952026367,394.3249969482422,542.2589923095703,11.132326575303516,0.0,0.0,0.0,0.0,0.0,,,,,,,,,,,,,INSUFFICIENT,C,UNKNOWN,FAR,LOW PRIORITY,0.0
VAIBHAVGBL.NS,203.52999877929688,2026-10-01T23:11:23.693897+05:30,WAITING FOR 0.786,2026-08-12,238.3999938964844,2026-10-01,196.8800048828125,,229.5147162475586,217.63999938964844,249.19519104003905,11.321591004314577,0.0,0.0,0.0,0.0,0.0,,,,,,,,,,,,,INSUFFICIENT,C,UNKNOWN,FAR,LOW PRIORITY,0.0
HIKAL.NS,218.13999938964844,2026-10-01T23:11:23.693897+05:30,WAITING FOR 0.786,2026-09-07,257.0,2026-09-29,207.2100067138672,,246.3449414367676,232.1050033569336,269.94539825439455,11.449369279766136,0.0,0.0,0.0,0.0,0.0,,,,,,,,,,,,,INSUFFICIENT,C,UNKNOWN,FAR,LOW PRIORITY,0.0
EIEL.NS,184.0,2026-10-01T23:11:23.693897+05:30,WAITING FOR 0.786,2026-09-10,215.7400054931641,2026-10-01,182.9499969482422,,208.7229436645508,199.34500122070312,224.2654077148437,11.844861532944009,0.0,0.0,0.0,0.0,0.0,,,,,,,,,,,,,INSUFFICIENT,C,UNKNOWN,FAR,LOW PRIORITY,0.0
CMRGREEN.NS,223.3800048828125,2026-10-01T23:11:23.693897+05:30,WAITING FOR 0.786,2026-06-10,268.9599914550781,2026-08-19,205.25,,255.3260532836914,237.10499572753903,285.52458923339844,12.511863944171738,0.0,0.0,0.0,0.0,0.0,,,,,,,,,,,,,INSUFFICIENT,C,UNKNOWN,FAR,LOW PRIORITY,0.0
DBL.NS,399.1000061035156,2026-10-01T23:11:23.693897+05:30,WAITING FOR 0.786,2026-08-05,474.7000122070313,2026-09-07,390.0,,456.57420959472654,432.3500061035156,496.7220153808594,12.588140609656271,0.0,0.0,0.0,0.0,0.0,,,,,,,,,,,,,INSUFFICIENT,C,UNKNOWN,FAR,LOW PRIORITY,0.0
HAWKINCOOK.NS,8026.0,2026-10-01T23:11:23.693897+05:30,WAITING FOR 0.786,2026-07-21,9600.0,2026-09-30,7828.5,,9220.899,8714.25,10060.59,12.9585954688366,0.0,0.0,0.0,0.0,0.0,,,,,,,,,,,,,INSUFFICIENT,C,UNKNOWN,FAR,LOW PRIORITY,0.0
RBA.NS,92.22000122070312,2026-10-01T23:11:23.693897+05:30,WAITING FOR 0.786,2026-08-24,111.1500015258789,2026-10-01,89.5,,106.51690119934082,100.32500076293944,116.77900192260742,13.422189171539824,0.0,0.0,0.0,0.0,0.0,,,,,,,,,,,,,INSUFFICIENT,C,UNKNOWN,FAR,LOW PRIORITY,0.0
ALKYLAMINE.NS,1741.4000244140625,2026-10-01T23:11:23.693897+05:30,WAITING FOR 0.786,2026-08-24,2115.0,2026-10-01,1706.5999755859375,,2027.6023947753904,1910.7999877929688,2221.184006347656,14.115310333958863,0.0,0.0,0.0,0.0,0.0,,,,,,,,,,,,,INSUFFICIENT,C,UNKNOWN,FAR,LOW PRIORITY,0.0
JSWCEMENT.NS,111.5999984741211,2026-10-01T23:11:23.693897+05:30,WAITING FOR 0.786,2026-08-07,136.39999389648438,2026-10-01,109.62000274658205,,130.66907579040526,123.0099983215332,143.362791595459,14.593412558355576,0.0,0.0,0.0,0.0,0.0,,,,,,,,,,,,,INSUFFICIENT,C,UNKNOWN,FAR,LOW PRIORITY,0.0
KALPATARU.NS,273.5,2026-10-01T23:11:23.693897+05:30,WAITING FOR 0.786,2026-06-16,342.0,2026-09-16,250.0,,322.312,296.0,365.92,15.14433219985604,0.0,0.0,0.0,0.0,0.0,,,,,,,,,,,,,INSUFFICIENT,C,UNKNOWN,FAR,LOW PRIORITY,0.0
ZFSTEERING.NS,708.4000244140625,2026-10-01T23:11:23.693897+05:30,WAITING FOR 0.786,2026-04-22,894.97998046875,2026-06-03,620.6500244140625,,836.2733698730469,757.8150024414062,966.3057690429688,15.290854649406883,0.0,0.0,0.0,0.0,0.0,,,,,,,,,,,,,INSUFFICIENT,C,UNKNOWN,FAR,LOW PRIORITY,0.0
DCMSIL.NS,80.25,2026-10-01T23:11:23.693897+05:30,WAITING FOR 0.786,2026-03-19,105.2699966430664,2026-06-02,58.0,,95.1542173614502,81.6349983215332,117.56019577026368,15.663223107427225,0.0,0.0,0.0,0.0,0.0,,,,,,,,,,,,,INSUFFICIENT,C,UNKNOWN,FAR,LOW PRIORITY,0.0
IGIL.NS,311.95001220703125,2026-10-01T23:11:23.693897+05:30,WAITING FOR 0.786,2026-05-26,388.2999877929688,2026-09-11,307.04998779296875,,370.9124877929688,347.67498779296875,409.4249877929688,15.896600283473994,0.0,0.0,0.0,0.0,0.0,,,,,,,,,,,,,INSUFFICIENT,C,UNKNOWN,FAR,LOW PRIORITY,0.0
SEJALLTD.NS,656.5,2026-10-01T23:11:23.693897+05:30,WAITING FOR 0.786,2026-06-19,839.25,2026-09-16,587.4500122070312,,785.3648026123046,713.3500061035156,904.717996826172,16.408273223305976,0.0,0.0,0.0,0.0,0.0,,,,,,,,,,,,,INSUFFICIENT,C,UNKNOWN,FAR,LOW PRIORITY,0.0
GLOSTERLTD.NS,539.0,2026-10-01T23:11:23.693897+05:30,WAITING FOR 0.786,2026-08-11,676.9500122070312,2026-09-29,536.2000122070312,,646.8295122070313,606.5750122070312,713.5450122070313,16.67046882865762,0.0,0.0,0.0,0.0,0.0,,,,,,,,,,,,,INSUFFICIENT,C,UNKNOWN,FAR,LOW PRIORITY,0.0
TATATECH.NS,698.7999877929688,2026-10-01T23:11:23.693897+05:30,WAITING FOR 0.786,2026-08-11,891.0,2026-09-29,683.7000122070312,,846.6378026123047,787.3500061035156,944.897996826172,17.4617545263372,0.0,0.0,0.0,0.0,0.0,,,,,,,,,,,,,INSUFFICIENT,C,UNKNOWN,FAR,LOW PRIORITY,0.0
BALAMINES.NS,2052.199951171875,2026-10-01T23:11:23.693897+05:30,WAITING FOR 0.786,2026-09-07,2629.800048828125,2026-10-01,2011.5,,2497.4838383789065,2320.6500244140625,2790.5580615234376,17.829300048486445,0.0,0.0,0.0,0.0,0.0,,,,,,,,,,,,,INSUFFICIENT,C,UNKNOWN,FAR,LOW PRIORITY,0.0
SIGNPOST.NS,259.3999938964844,2026-10-01T23:11:23.693897+05:30,WAITING FOR 0.786,2026-07-14,336.79998779296875,2026-09-03,240.1499938964844,,316.11688909912107,288.47499084472656,361.9289862060547,17.941747865566473,0.0,0.0,0.0,0.0,0.0,,,,,,,,,,,,,INSUFFICIENT,C,UNKNOWN,FAR,LOW PRIORITY,0.0
VCL.NS,1.3700000047683716,2026-10-01T23:11:23.693897+05:30,WAITING FOR 0.786,2026-09-11,1.809999942779541,2026-09-30,1.2000000476837158,,1.6794599652290343,1.5049999952316284,1.968599915504456,18.426158816977853,0.0,0.0,0.0,0.0,0.0,,,,,,,,,,,,,INSUFFICIENT,C,UNKNOWN,FAR,LOW PRIORITY,0.0
EPACKPEB.NS,242.07000732421875,2026-10-01T23:11:23.693897+05:30,WAITING FOR 0.786,2025-11-07,344.0,2026-03-30,132.1699981689453,,298.6683796081543,238.08499908447263,399.0758004760742,18.95023917770982,0.0,0.0,0.0,0.0,0.0,,,,,,,,,,,,,INSUFFICIENT,C,UNKNOWN,FAR,LOW PRIORITY,0.0
NTPCGREEN.NS,91.08999633789062,2026-10-01T23:11:23.693897+05:30,WAITING FOR 0.786,2026-04-27,119.9499969482422,2026-09-16,85.16000366210938,,112.50493838500977,102.55500030517578,128.99539520263673,19.03466848169261,0.0,0.0,0.0,0.0,0.0,,,,,,,,,,,,,INSUFFICIENT,C,UNKNOWN,FAR,LOW PRIORITY,0.0
NUVOCO.NS,322.1000061035156,2026-10-01T23:11:23.693897+05:30,WAITING FOR 0.786,2025-10-10,439.8500061035156,2026-03-24,276.25,,404.8396047973633,358.0500030517578,482.38600769042966,20.4376246082104,0.0,0.0,0.0,0.0,0.0,,,,,,,,,,,,,INSUFFICIENT,C,UNKNOWN,FAR,LOW PRIORITY,0.0
VAML.NS,402.75,2026-10-01T23:11:23.693897+05:30,WAITING FOR 0.786,2026-06-15,537.0,2026-10-01,398.75,,507.4145,467.875,572.9449999999999,20.62702189235821,0.0,0.0,0.0,0.0,0.0,,,,,,,,,,,,,INSUFFICIENT,C,UNKNOWN,FAR,LOW PRIORITY,0.0
IDEAFORGE.NS,735.0,2026-10-01T23:11:23.693897+05:30,WAITING FOR 0.786,2026-06-08,992.25,2026-09-16,684.0,,926.2845,838.125,1072.395,20.65072879876539,0.0,0.0,0.0,0.0,0.0,,,,,,,,,,,,,INSUFFICIENT,C,UNKNOWN,FAR,LOW PRIORITY,0.0
BAJAJHFL.NS,82.91000366210938,2026-10-01T23:11:23.693897+05:30,WAITING FOR 0.786,2025-10-06,113.4499969482422,2026-03-30,72.6500015258789,,104.71879792785646,93.04999923706056,124.05799575805663,20.82605482233642,0.0,0.0,0.0,0.0,0.0,,,,,,,,,,,,,INSUFFICIENT,C,UNKNOWN,FAR,LOW PRIORITY,0.0
ELLEN.NS,341.70001220703125,2026-10-01T23:11:23.693897+05:30,WAITING FOR 0.786,2025-09-29,502.0,2026-03-17,175.0,,432.022,338.5,587.02,20.906802846375587,0.0,0.0,0.0,0.0,0.0,,,,,,,,,,,,,INSUFFICIENT,C,UNKNOWN,FAR,LOW PRIORITY,0.0
ELCIDIN.NS,102155.0,2026-10-01T23:11:23.693897+05:30,WAITING FOR 0.786,2026-04-20,137000.0,2026-10-01,101110.0,,129319.54,119055.0,146331.4,21.00575056174806,0.0,0.0,0.0,0.0,0.0,,,,,,,,,,,,,INSUFFICIENT,C,UNKNOWN,FAR,LOW PRIORITY,0.0
ROML.NS,43.34000015258789,2026-10-01T23:11:23.693897+05:30,WAITING FOR 0.786,2025-10-24,60.5,2026-03-30,35.11000061035156,,55.06654013061524,47.80500030517578,67.10139984130859,21.29521838527089,0.0,0.0,0.0,0.0,0.0,,,,,,,,,,,,,INSUFFICIENT,C,UNKNOWN,FAR,LOW PRIORITY,0.0
XTGLOBAL.NS,28.690000534057617,2026-10-01T23:11:23.693897+05:30,WAITING FOR 0.786,2026-03-05,39.400001525878906,2026-03-30,25.81999969482422,,36.4938811340332,32.61000061035156,42.930802001953126,21.38407962505774,0.0,0.0,0.0,0.0,0.0,,,,,,,,,,,,,INSUFFICIENT,C,UNKNOWN,FAR,LOW PRIORITY,0.0
HLEGLAS.NS,442.0499877929688,2026-10-01T23:11:23.693897+05:30,WAITING FOR 0.786,2025-11-03,661.9500122070312,2026-03-30,250.0,,573.7927095947266,455.9750061035156,769.0570153808594,22.95998530458997,0.0,0.0,0.0,0.0,0.0,,,,,,,,,,,,,INSUFFICIENT,C,UNKNOWN,FAR,LOW PRIORITY,0.0
CAPILLARY.NS,554.7000122070312,2026-10-01T23:11:23.693897+05:30,WAITING FOR 0.786,2025-11-26,798.9500122070312,2026-09-09,438.1499938964844,,721.7388082885742,618.5500030517578,892.7580169677734,23.14393990779494,0.0,0.0,0.0,0.0,0.0,,,,,,,,,,,,,INSUFFICIENT,C,UNKNOWN,FAR,LOW PRIORITY,0.0
CROMPTON.NS,202.6999969482422,2026-10-01T23:11:23.693897+05:30,WAITING FOR 0.786,2026-06-22,281.5,2026-10-01,201.1000061035156,,264.29440130615234,241.3000030517578,302.403998413086,23.30522479988544,1.0,0.0,0.0,1.0,0.0,,-8.871941108947327,-8.871941108947327,62.0,,,,,,,-0.1430958243378601,,INSUFFICIENT,C,UNKNOWN,FAR,LOW PRIORITY,0.0
BIRLANU.NS,1391.199951171875,2026-10-01T23:11:23.693897+05:30,WAITING FOR 0.786,2025-10-03,1999.0,2026-03-30,1190.0999755859375,,1825.8953947753907,1594.5499877929688,2209.314006347656,23.807247931472496,0.0,0.0,0.0,0.0,0.0,,,,,,,,,,,,,INSUFFICIENT,C,UNKNOWN,FAR,LOW PRIORITY,0.0
RVTH.NS,776.7000122070312,2026-10-01T23:11:23.693897+05:30,WAITING FOR 0.786,2025-09-29,1169.699951171875,2026-03-16,491.1000061035156,,1024.4795629272462,830.3999786376953,1346.1359368896483,24.1858949350082,0.0,0.0,0.0,0.0,0.0,,,,,,,,,,,,,INSUFFICIENT,C,UNKNOWN,FAR,LOW PRIORITY,0.0
ORKLAINDIA.NS,537.2000122070312,2026-10-01T23:11:23.693897+05:30,WAITING FOR 0.786,2025-11-06,760.0,2026-10-01,530.0499877929688,,710.7906973876953,645.0249938964844,819.7870031738281,24.42219429976309,0.0,0.0,0.0,0.0,0.0,,,,,,,,,,,,,INSUFFICIENT,C,UNKNOWN,FAR,LOW PRIORITY,0.0
VISL.NS,31.170000076293945,2026-10-01T23:11:23.693897+05:30,WAITING FOR 0.786,2026-07-03,44.77999877929688,2026-07-29,29.25,,41.45657904052735,37.01499938964844,48.81779846191407,24.812898705842056,0.0,0.0,0.0,0.0,0.0,,,,,,,,,,,,,INSUFFICIENT,C,UNKNOWN,FAR,LOW PRIORITY,0.0
WCIL.NS,93.01000213623048,2026-10-01T23:11:23.693897+05:30,WAITING FOR 0.786,2025-10-31,137.0,2026-03-30,77.0199966430664,,124.16427928161622,107.0099983215332,152.59480087280275,25.09117543760306,0.0,0.0,0.0,0.0,0.0,,,,,,,,,,,,,INSUFFICIENT,C,UNKNOWN,FAR,LOW PRIORITY,0.0
GLOBALE.NS,10.56999969482422,2026-10-01T23:11:23.693897+05:30,WAITING FOR 0.786,2026-04-22,15.399999618530272,2026-10-01,9.850000381469728,,14.212299781799317,12.625,16.842999420166016,25.627802276163163,0.0,0.0,0.0,0.0,0.0,,,,,,,,,,,,,INSUFFICIENT,C,UNKNOWN,FAR,LOW PRIORITY,0.0
VSTL.NS,108.8499984741211,2026-10-01T23:11:23.693897+05:30,WAITING FOR 0.786,2025-10-06,158.8000030517578,2026-03-02,100.8000030517578,,146.3880030517578,129.8000030517578,173.8800030517578,25.642814844850747,0.0,0.0,0.0,0.0,0.0,,,,,,,,,,,,,INSUFFICIENT,C,UNKNOWN,FAR,LOW PRIORITY,0.0
PFIZER.NS,3858.89990234375,2026-10-01T23:11:23.693897+05:30,WAITING FOR 0.786,2025-10-13,5578.5,2026-10-01,3792.10009765625,,5196.210420898437,4685.300048828125,6042.963974609374,25.736265667306508,2.0,0.0,0.0,2.0,0.0,,-0.7741170290982615,-0.7741170290982615,61.5,,,,,,,-0.0125872687658253,,INSUFFICIENT,C,UNKNOWN,FAR,LOW PRIORITY,0.0
SCODATUBES.NS,123.0,2026-10-01T23:11:23.693897+05:30,WAITING FOR 0.786,2025-11-13,181.47999572753903,2026-03-16,110.0,,166.1832766418457,145.73999786376953,200.0647946166992,25.985332287624395,0.0,0.0,0.0,0.0,0.0,,,,,,,,,,,,,INSUFFICIENT,C,UNKNOWN,FAR,LOW PRIORITY,0.0
MOBIKWIK.NS,196.22999572753903,2026-10-01T23:11:23.693897+05:30,WAITING FOR 0.786,2025-10-07,296.70001220703125,2026-03-30,151.4600067138672,,265.6186510314941,224.0800094604492,334.46241363525394,26.12341228091236,0.0,0.0,0.0,0.0,0.0,,,,,,,,,,,,,INSUFFICIENT,C,UNKNOWN,FAR,LOW PRIORITY,0.0
OLAELEC.NS,37.08000183105469,2026-10-01T23:11:23.693897+05:30,WAITING FOR 0.786,2025-10-17,57.95000076293945,2026-03-16,22.25,,50.31020059967041,40.10000038146973,67.23200096130371,26.29724908849279,0.0,0.0,0.0,0.0,0.0,,,,,,,,,,,,,INSUFFICIENT,C,UNKNOWN,FAR,LOW PRIORITY,0.0
AMRUTANJAN.NS,513.2000122070312,2026-10-01T23:11:23.693897+05:30,WAITING FOR 0.786,2025-10-29,760.1500244140625,2026-09-16,476.5,,699.4489191894531,618.3250122070312,833.8990307617187,26.627949786276588,0.0,0.0,0.0,0.0,0.0,,,,,,,,,,,,,INSUFFICIENT,C,UNKNOWN,FAR,LOW PRIORITY,0.0
ARSSBL.NS,521.0499877929688,2026-10-01T23:11:23.693897+05:30,WAITING FOR 0.786,2025-11-18,794.8499755859375,2026-03-30,416.0,,713.7760808105469,605.4249877929688,893.3509692382813,27.00091782267669,0.0,0.0,0.0,0.0,0.0,,,,,,,,,,,,,INSUFFICIENT,C,UNKNOWN,FAR,LOW PRIORITY,0.0
NATHBIOGEN.NS,137.74000549316406,2026-10-01T23:11:23.693897+05:30,WAITING FOR 0.786,2026-04-30,204.0,2026-10-01,135.6999969482422,,189.38379934692384,169.8499984741211,221.75800079345703,27.26938314251252,0.0,0.0,0.0,0.0,0.0,,,,,,,,,,,,,INSUFFICIENT,C,UNKNOWN,FAR,LOW PRIORITY,0.0
KANSAINER.NS,175.27000427246094,2026-10-01T23:11:23.693897+05:30,WAITING FOR 0.786,2025-12-24,264.0,2026-03-23,157.91000366210938,,241.2967407836914,210.9550018310547,291.5833990478516,27.36329396608785,0.0,0.0,0.0,0.0,0.0,,,,,,,,,,,,,INSUFFICIENT,C,UNKNOWN,FAR,LOW PRIORITY,0.0
STUDDS.NS,399.8500061035156,2026-10-01T23:11:23.693897+05:30,WAITING FOR 0.786,2025-11-18,600.0,2026-10-01,389.1499938964844,,554.8780986938477,494.5749969482422,654.821001586914,27.93912626129228,0.0,0.0,0.0,0.0,0.0,,,,,,,,,,,,,INSUFFICIENT,C,UNKNOWN,FAR,LOW PRIORITY,0.0
VEDPOWER.NS,32.77000045776367,2026-10-01T23:11:23.693897+05:30,WAITING FOR 0.786,2026-07-03,49.880001068115234,2026-09-18,30.440000534057617,,45.7198409538269,40.160000801086426,54.934401206970215,28.324334087560484,0.0,0.0,0.0,0.0,0.0,,,,,,,,,,,,,INSUFFICIENT,C,UNKNOWN,FAR,LOW PRIORITY,0.0
MUTHOOTMF.NS,174.08999633789062,2026-10-01T23:11:23.693897+05:30,WAITING FOR 0.786,2026-07-27,262.7699890136719,2026-10-01,171.57000732421875,,243.2531929321289,217.1699981689453,286.4819842529297,28.43259558510124,0.0,0.0,0.0,0.0,0.0,,,,,,,,,,,,,INSUFFICIENT,C,UNKNOWN,FAR,LOW PRIORITY,0.0
PARKHOTELS.NS,103.5500030517578,2026-10-01T23:11:23.693897+05:30,WAITING FOR 0.786,2025-10-09,158.36000061035156,2026-03-30,95.0999984741211,,144.82236015319825,126.72999954223631,174.80760116577147,28.498608265865204,0.0,0.0,0.0,0.0,0.0,,,,,,,,,,,,,INSUFFICIENT,C,UNKNOWN,FAR,LOW PRIORITY,0.0
TIGERLOGS.NS,25.690000534057617,2026-10-01T23:11:23.693897+05:30,WAITING FOR 0.786,2026-06-25,39.0,2026-10-01,24.799999237060547,,35.961199836730955,31.89999961853028,42.692000198364255,28.561892676846345,0.0,0.0,0.0,0.0,0.0,,,,,,,,,,,,,INSUFFICIENT,C,UNKNOWN,FAR,LOW PRIORITY,0.0
FLAIR.NS,226.57000732421875,2026-10-01T23:11:23.693897+05:30,WAITING FOR 0.786,2026-05-08,345.0,2026-10-01,216.82000732421875,,317.5694815673828,280.9100036621094,378.3267980957031,28.654980886082253,0.0,0.0,0.0,0.0,0.0,,,,,,,,,,,,,INSUFFICIENT,C,UNKNOWN,FAR,LOW PRIORITY,0.0
DEVX.NS,36.27999877929688,2026-10-01T23:11:23.693897+05:30,WAITING FOR 0.786,2025-09-26,56.68999862670898,2026-03-30,29.950000762939453,,50.96763908386231,43.31999969482422,63.642398071289065,28.81758026970476,0.0,0.0,0.0,0.0,0.0,,,,,,,,,,,,,INSUFFICIENT,C,UNKNOWN,FAR,LOW PRIORITY,0.0
BMWVENTLTD.NS,50.83000183105469,2026-10-01T23:11:23.693897+05:30,WAITING FOR 0.786,2025-10-01,78.0,2026-03-30,48.0,,71.58,63.0,85.8,28.988541728059943,0.0,0.0,0.0,0.0,0.0,,,,,,,,,,,,,INSUFFICIENT,C,UNKNOWN,FAR,LOW PRIORITY,0.0
BRIGHOTEL.NS,56.93999862670898,2026-10-01T23:11:23.693897+05:30,WAITING FOR 0.786,2025-10-27,87.79000091552734,2026-03-30,54.36000061035156,,80.63598085021972,71.07500076293945,96.48180099487304,29.38636322602154,0.0,0.0,0.0,0.0,0.0,,,,,,,,,,,,,INSUFFICIENT,C,UNKNOWN,FAR,LOW PRIORITY,0.0
IGL.NS,142.7899932861328,2026-10-01T23:11:23.693897+05:30,WAITING FOR 0.786,2025-10-08,223.5,2026-09-29,139.1999969482422,,205.45979934692383,181.3499984741211,245.41800079345705,30.502222945799502,1.0,0.0,0.0,1.0,0.0,,-2.224616558055783,-2.224616558055783,62.0,,,,,,,-0.0358809122267061,,INSUFFICIENT,C,UNKNOWN,FAR,LOW PRIORITY,0.0
APCL.NS,94.76000213623048,2026-10-01T23:11:23.693897+05:30,WAITING FOR 0.786,2026-02-03,148.77999877929688,2026-09-30,92.0,,136.62907904052736,120.38999938964844,163.54279846191406,30.644338085509272,0.0,0.0,0.0,0.0,0.0,,,,,,,,,,,,,INSUFFICIENT,C,UNKNOWN,FAR,LOW PRIORITY,0.0
MONEYBOXX.NS,54.0,2026-10-01T23:11:23.693897+05:30,WAITING FOR 0.786,2025-10-20,91.5,2026-09-10,35.849998474121094,,79.5908996734619,63.67499923706055,105.96900039672852,32.1530473690508,0.0,0.0,0.0,0.0,0.0,,,,,,,,,,,,,INSUFFICIENT,C,UNKNOWN,FAR,LOW PRIORITY,0.0
WHIRLPOOL.NS,861.6500244140625,2026-10-01T23:11:23.693897+05:30,WAITING FOR 0.786,2025-10-31,1437.0,2026-09-18,706.0,,1280.566,1071.5,1627.06,32.71334516033828,1.0,0.0,0.0,1.0,0.0,,-11.707737550229686,-11.707737550229686,60.0,,,,,,,-0.1951289591704947,,INSUFFICIENT,C,UNKNOWN,FAR,LOW PRIORITY,0.0
MFML.NS,18.71999931335449,2026-10-01T23:11:23.693897+05:30,WAITING FOR 0.786,2025-11-04,30.96999931335449,2026-09-28,16.75,,27.92691946029663,23.85999965667725,34.66719913482666,32.96790453394441,0.0,0.0,0.0,0.0,0.0,,,,,,,,,,,,,INSUFFICIENT,C,UNKNOWN,FAR,LOW PRIORITY,0.0
CRAMC.NS,216.5200042724609,2026-10-01T23:11:23.693897+05:30,WAITING FOR 0.786,2025-10-27,353.3999938964844,2026-03-09,214.1999969482422,,323.61119454956054,283.7999954223633,389.5919931030273,33.092548119715545,0.0,0.0,0.0,0.0,0.0,,,,,,,,,,,,,INSUFFICIENT,C,UNKNOWN,FAR,LOW PRIORITY,0.0
MUFTI.NS,70.23999786376953,2026-10-01T23:11:23.693897+05:30,WAITING FOR 0.786,2025-10-10,116.81999969482422,2026-03-30,63.060001373291016,,105.31536005401612,89.94000053405762,130.79759925842285,33.30507740965466,0.0,0.0,0.0,0.0,0.0,,,,,,,,,,,,,INSUFFICIENT,C,UNKNOWN,FAR,LOW PRIORITY,0.0
PINELABS.NS,167.58999633789062,2026-10-01T23:11:23.693897+05:30,WAITING FOR 0.786,2025-11-14,284.0,2026-05-27,134.72999572753906,,252.05621908569336,209.3649978637696,322.81020111083984,33.5108663671124,0.0,0.0,0.0,0.0,0.0,,,,,,,,,,,,,INSUFFICIENT,C,UNKNOWN,FAR,LOW PRIORITY,0.0
GEMAROMA.NS,155.27999877929688,2026-10-01T23:11:23.693897+05:30,WAITING FOR 0.786,2025-10-03,263.67999267578125,2025-12-09,133.0,,235.7144742431641,198.33999633789065,297.65679077148434,34.123689570667025,0.0,0.0,0.0,0.0,0.0,,,,,,,,,,,,,INSUFFICIENT,C,UNKNOWN,FAR,LOW PRIORITY,0.0
ALLTIME.NS,188.0399932861328,2026-10-01T23:11:23.693897+05:30,WAITING FOR 0.786,2025-11-04,314.70001220703125,2026-10-01,182.0,,286.30220959472655,248.3500061035156,349.2020153808594,34.32115192114244,0.0,0.0,0.0,0.0,0.0,,,,,,,,,,,,,INSUFFICIENT,C,UNKNOWN,FAR,LOW PRIORITY,0.0
ICDSLTD.NS,46.5,2026-10-01T23:11:23.693897+05:30,WAITING FOR 0.786,2026-09-07,77.69000244140625,2026-10-01,46.43999862670898,,71.00250162506103,62.06500053405762,85.81500343322753,34.509349761294374,0.0,0.0,0.0,0.0,0.0,,,,,,,,,,,,,INSUFFICIENT,C,UNKNOWN,FAR,LOW PRIORITY,0.0
KPEL.NS,218.0,2026-10-01T23:11:23.693897+05:30,WAITING FOR 0.786,2026-05-26,378.7000122070313,2026-09-16,206.5200042724609,,341.85349050903324,292.6100082397461,423.46681427001954,36.22999148688245,0.0,0.0,0.0,0.0,0.0,,,,,,,,,,,,,INSUFFICIENT,C,UNKNOWN,FAR,LOW PRIORITY,0.0
LAXMIDENTL.NS,193.8699951171875,2026-10-01T23:11:23.693897+05:30,WAITING FOR 0.786,2025-11-11,344.79998779296875,2026-03-30,155.8800048828125,,304.3711114501953,250.33999633789065,393.9191833496094,36.30473201169398,0.0,0.0,0.0,0.0,0.0,,,,,,,,,,,,,INSUFFICIENT,C,UNKNOWN,FAR,LOW PRIORITY,0.0
RAMAPHO.NS,120.0500030517578,2026-10-01T23:11:23.693897+05:30,WAITING FOR 0.786,2025-11-10,217.19000244140625,2026-03-30,103.5,,192.86034191894527,160.34500122070312,246.7494030761719,37.75288280769926,1.0,0.0,0.0,1.0,0.0,,-7.887796822011603,-7.887796822011603,60.0,,,,,,,-0.13146328036686,,INSUFFICIENT,C,UNKNOWN,FAR,LOW PRIORITY,0.0
EXCELSOFT.NS,78.33000183105469,2026-10-01T23:11:23.693897+05:30,WAITING FOR 0.786,2025-11-26,142.58999633789062,2026-03-30,66.4000015258789,,126.28533744812012,104.49499893188477,162.39939498901367,37.97379536382535,0.0,0.0,0.0,0.0,0.0,,,,,,,,,,,,,INSUFFICIENT,C,UNKNOWN,FAR,LOW PRIORITY,0.0
BPL.NS,45.290000915527344,2026-10-01T23:11:23.693897+05:30,WAITING FOR 0.786,2025-10-03,82.69999694824219,2026-03-30,37.61000061035156,,73.0507377319336,60.15499877929688,94.42339599609376,38.001993789955726,0.0,0.0,0.0,0.0,0.0,,,,,,,,,,,,,INSUFFICIENT,C,UNKNOWN,FAR,LOW PRIORITY,0.0
PVSL.NS,89.86000061035156,2026-10-01T23:11:23.693897+05:30,WAITING FOR 0.786,2025-10-16,163.0,2026-03-16,82.41000366210938,,145.7537407836914,122.70500183105467,183.9533990478516,38.34806562960878,0.0,0.0,0.0,0.0,0.0,,,,,,,,,,,,,INSUFFICIENT,C,UNKNOWN,FAR,LOW PRIORITY,0.0
HAPPSTMNDS.NS,304.70001220703125,2026-10-01T23:11:23.693897+05:30,WAITING FOR 0.786,2025-09-26,553.9500122070312,2026-10-01,300.0,,499.60470959472656,426.9750061035156,619.9770153808594,39.01178144333341,0.0,0.0,0.0,0.0,0.0,,,,,,,,,,,,,INSUFFICIENT,C,UNKNOWN,FAR,LOW PRIORITY,0.0
CEWATER.NS,253.4499969482422,2026-10-01T23:11:23.693897+05:30,WAITING FOR 0.786,2026-01-08,464.8500061035156,2026-03-16,235.0,,415.6621047973633,349.9250030517578,524.6110076904297,39.02499313190941,0.0,0.0,0.0,0.0,0.0,,,,,,,,,,,,,INSUFFICIENT,C,UNKNOWN,FAR,LOW PRIORITY,0.0
FINKURVE.NS,70.52999877929688,2026-10-01T23:11:23.693897+05:30,WAITING FOR 0.786,2025-10-06,134.89999389648438,2026-03-30,48.02000045776367,,116.30767530059816,91.45999717712402,157.48879219055175,39.35911916645956,0.0,0.0,0.0,0.0,0.0,,,,,,,,,,,,,INSUFFICIENT,C,UNKNOWN,FAR,LOW PRIORITY,0.0
MEIL.NS,262.1000061035156,2026-10-01T23:11:23.693897+05:30,WAITING FOR 0.786,2025-10-21,495.0,2026-03-30,206.259994506836,,433.2096388244629,350.629997253418,570.0724014282226,39.49811301181161,0.0,0.0,0.0,0.0,0.0,,,,,,,,,,,,,INSUFFICIENT,C,UNKNOWN,FAR,LOW PRIORITY,0.0
INNOVISION.NS,253.0,2026-10-01T23:11:23.693897+05:30,WAITING FOR 0.786,2026-03-23,470.0,2026-08-28,246.1999969482422,,422.1067993469238,358.0999984741211,528.188000793457,40.06256227299889,0.0,0.0,0.0,0.0,0.0,,,,,,,,,,,,,INSUFFICIENT,C,UNKNOWN,FAR,LOW PRIORITY,0.0
VMSTMT.NS,46.650001525878906,2026-10-01T23:11:23.693897+05:30,WAITING FOR 0.786,2025-09-26,89.91999816894531,2026-03-30,33.5,,77.84611856079101,61.709999084472656,104.5891976928711,40.07408154916634,0.0,0.0,0.0,0.0,0.0,,,,,,,,,,,,,INSUFFICIENT,C,UNKNOWN,FAR,LOW PRIORITY,0.0
DIGIDRIVE.NS,17.610000610351562,2026-10-01T23:11:23.693897+05:30,WAITING FOR 0.786,2025-09-29,33.38999938964844,2026-03-27,16.100000381469727,,29.6899396018982,24.74499988555908,37.8853991317749,40.68697731798119,0.0,0.0,0.0,0.0,0.0,,,,,,,,,,,,,INSUFFICIENT,C,UNKNOWN,FAR,LOW PRIORITY,0.0
HILINFRA.NS,45.060001373291016,2026-10-01T23:11:23.693897+05:30,WAITING FOR 0.786,2025-10-06,86.3499984741211,2026-09-15,40.09999847412109,,76.45249847412109,63.22499847412109,98.3749984741211,41.06144040728286,0.0,0.0,0.0,0.0,0.0,,,,,,,,,,,,,INSUFFICIENT,C,UNKNOWN,FAR,LOW PRIORITY,0.0
DAMCAPITAL.NS,146.55999755859375,2026-10-01T23:11:23.693897+05:30,WAITING FOR 0.786,2025-11-07,286.0,2026-03-16,119.22000122070312,,250.3090802612305,202.6100006103516,329.36279968261715,41.448389564757655,0.0,0.0,0.0,0.0,0.0,,,,,,,,,,,,,INSUFFICIENT,C,UNKNOWN,FAR,LOW PRIORITY,0.0
ROUTE.NS,436.3999938964844,2026-10-01T23:11:23.693897+05:30,WAITING FOR 0.786,2025-09-26,842.0,2026-03-30,410.7000122070313,,749.7018026123046,626.3500061035156,954.1379968261718,41.7901901294799,0.0,0.0,0.0,0.0,0.0,,,,,,,,,,,,,INSUFFICIENT,C,UNKNOWN,FAR,LOW PRIORITY,0.0
BAJAJELEC.NS,299.79998779296875,2026-10-01T23:11:23.693897+05:30,WAITING FOR 0.786,2025-09-29,575.0,2026-10-01,296.0,,515.294,435.5,647.54,41.81962378894985,0.0,0.0,0.0,0.0,0.0,,,,,,,,,,,,,INSUFFICIENT,C,UNKNOWN,FAR,LOW PRIORITY,0.0
RAYMONDLSL.NS,627.7000122070312,2026-10-01T23:11:23.693897+05:30,WAITING FOR 0.786,2025-12-10,1210.0,2026-10-01,615.0,,1082.67,912.5,1364.7,42.02296062447179,0.0,0.0,0.0,0.0,0.0,,,,,,,,,,,,,INSUFFICIENT,C,UNKNOWN,FAR,LOW PRIORITY,0.0
MASTERTR.NS,81.66000366210938,2026-10-01T23:11:23.693897+05:30,WAITING FOR 0.786,2025-10-06,164.5,2026-03-30,55.59999847412109,,141.1953996734619,110.04999923706056,192.8140003967285,42.165251948036655,0.0,0.0,0.0,0.0,0.0,,,,,,,,,,,,,INSUFFICIENT,C,UNKNOWN,FAR,LOW PRIORITY,0.0
SWIGGY.NS,238.0,2026-10-01T23:11:23.693897+05:30,WAITING FOR 0.786,2025-10-16,459.9500122070313,2026-10-01,235.5,,411.9177095947266,347.7250061035156,518.3070153808594,42.2214693720838,0.0,0.0,0.0,0.0,0.0,,,,,,,,,,,,,INSUFFICIENT,C,UNKNOWN,FAR,LOW PRIORITY,0.0
SRD.NS,38.08000183105469,2026-10-01T23:11:23.693897+05:30,WAITING FOR 0.786,2025-11-11,74.9000015258789,2026-08-07,36.0,,66.57540119934082,55.45000076293945,85.01400192260742,42.80169380123581,0.0,0.0,0.0,0.0,0.0,,,,,,,,,,,,,INSUFFICIENT,C,UNKNOWN,FAR,LOW PRIORITY,0.0
EFCIL.NS,171.1999969482422,2026-10-01T23:11:23.693897+05:30,WAITING FOR 0.786,2025-10-09,335.8500061035156,2026-10-01,167.0500030517578,,299.72680545043943,251.45000457763672,379.7380068969727,42.88131930977707,0.0,0.0,0.0,0.0,0.0,,,,,,,,,,,,,INSUFFICIENT,C,UNKNOWN,FAR,LOW PRIORITY,0.0
AFCONS.NS,242.38999938964844,2026-10-01T23:11:23.693897+05:30,WAITING FOR 0.786,2025-10-10,479.3999938964844,2026-09-16,225.3500061035156,,425.0332965087891,352.375,545.4529907226563,42.97152684727698,0.0,0.0,0.0,0.0,0.0,,,,,,,,,,,,,INSUFFICIENT,C,UNKNOWN,FAR,LOW PRIORITY,0.0
SRTL.NS,36.400001525878906,2026-10-01T23:11:23.693897+05:30,WAITING FOR 0.786,2026-03-04,73.36000061035156,2026-09-21,35.75,,65.31146047973633,54.55500030517578,83.13860076904297,44.267053196318514,0.0,0.0,0.0,0.0,0.0,,,,,,,,,,,,,INSUFFICIENT,C,UNKNOWN,FAR,LOW PRIORITY,0.0
SUVIDHAA.NS,2.069999933242798,2026-10-01T23:11:23.693897+05:30,WAITING FOR 0.786,2025-10-20,4.25,2026-09-02,1.7699999809265137,,3.7192799959182734,3.009999990463257,4.894800004959107,44.34406832735044,0.0,0.0,0.0,0.0,0.0,,,,,,,,,,,,,INSUFFICIENT,C,UNKNOWN,FAR,LOW PRIORITY,0.0
INDOFARM.NS,131.77000427246094,2026-10-01T23:11:23.693897+05:30,WAITING FOR 0.786,2025-10-20,271.69000244140625,2026-03-30,110.6999969482422,,237.2381412658692,191.19499969482425,313.5474038696289,44.4566528934366,1.0,0.0,0.0,1.0,0.0,,-10.507205444429614,-10.507205444429614,60.0,,,,,,,-0.1751200907404935,,INSUFFICIENT,C,UNKNOWN,FAR,LOW PRIORITY,0.0
ABLBL.NS,74.44000244140625,2026-10-01T23:11:23.693897+05:30,WAITING FOR 0.786,2025-10-06,150.7899932861328,2026-10-01,73.41000366210938,,134.2306755065918,112.0999984741211,170.9087905883789,44.54322593515471,0.0,0.0,0.0,0.0,0.0,,,,,,,,,,,,,INSUFFICIENT,C,UNKNOWN,FAR,LOW PRIORITY,0.0
GKENERGY.NS,114.76000213623048,2026-10-01T23:11:23.693897+05:30,WAITING FOR 0.786,2025-10-23,239.6000061035156,2026-04-02,87.19999694824219,,206.98640414428712,163.4000015258789,279.2240084838867,44.55674390273818,0.0,0.0,0.0,0.0,0.0,,,,,,,,,,,,,INSUFFICIENT,C,UNKNOWN,FAR,LOW PRIORITY,0.0
GANESHCP.NS,148.85000610351562,2026-10-01T23:11:23.693897+05:30,WAITING FOR 0.786,2025-10-06,309.95001220703125,2026-10-01,146.75,,275.02520959472656,228.3500061035156,352.38201538085934,45.87768651358943,0.0,0.0,0.0,0.0,0.0,,,,,,,,,,,,,INSUFFICIENT,C,UNKNOWN,FAR,LOW PRIORITY,0.0
BALAJEE.NS,25.200000762939453,2026-10-01T23:11:23.693897+05:30,WAITING FOR 0.786,2025-10-10,54.47999954223633,2026-03-30,21.100000381469727,,47.33667972183228,37.78999996185303,63.15879932403565,46.76432544271395,0.0,0.0,0.0,0.0,0.0,,,,,,,,,,,,,INSUFFICIENT,C,UNKNOWN,FAR,LOW PRIORITY,0.0
ACL.NS,39.33000183105469,2026-10-01T23:11:23.693897+05:30,WAITING FOR 0.786,2025-11-12,83.83999633789062,2026-09-29,38.400001525878906,,74.11583744812012,61.119998931884766,95.65439498901368,46.93441619871725,0.0,0.0,0.0,0.0,0.0,,,,,,,,,,,,,INSUFFICIENT,C,UNKNOWN,FAR,LOW PRIORITY,0.0
JARO.NS,408.3999938964844,2026-10-01T23:11:23.693897+05:30,WAITING FOR 0.786,2025-09-30,890.0,2026-03-30,383.5,,781.609,636.75,1021.69,47.74881124750555,0.0,0.0,0.0,0.0,0.0,,,,,,,,,,,,,INSUFFICIENT,C,UNKNOWN,FAR,LOW PRIORITY,0.0
TCC.NS,47.470001220703125,2026-10-01T23:11:23.693897+05:30,WAITING FOR 0.786,2026-02-25,105.27999877929688,2026-09-08,39.369998931884766,,91.17525881195068,72.32499885559082,122.41659873962402,47.93543573195642,0.0,0.0,0.0,0.0,0.0,,,,,,,,,,,,,INSUFFICIENT,C,UNKNOWN,FAR,LOW PRIORITY,0.0
LATENTVIEW.NS,234.47999572753903,2026-10-01T23:11:23.693897+05:30,WAITING FOR 0.786,2025-12-08,517.5,2026-10-01,230.0,,455.975,373.75,592.25,48.57612901419178,0.0,0.0,0.0,0.0,0.0,,,,,,,,,,,,,INSUFFICIENT,C,UNKNOWN,FAR,LOW PRIORITY,0.0
ODIGMA.NS,21.11000061035156,2026-10-01T23:11:23.693897+05:30,WAITING FOR 0.786,2025-10-01,47.36000061035156,2026-06-04,20.0,,41.504960479736326,33.68000030517578,54.47360076904297,49.1386080932231,0.0,0.0,0.0,0.0,0.0,,,,,,,,,,,,,INSUFFICIENT,C,UNKNOWN,FAR,LOW PRIORITY,0.0
VIKRAMSOLR.NS,154.35000610351562,2026-10-01T23:11:23.693897+05:30,WAITING FOR 0.786,2025-10-17,354.3999938964844,2026-10-01,151.60000610351562,,311.0007965087891,253.0,407.12799072265625,50.36990006578533,0.0,0.0,0.0,0.0,0.0,,,,,,,,,,,,,INSUFFICIENT,C,UNKNOWN,FAR,LOW PRIORITY,0.0
FINOPB.NS,128.22000122070312,2026-10-01T23:11:23.693897+05:30,WAITING FOR 0.786,2025-12-08,324.0,2026-03-25,110.02999877929688,,278.2104197387696,217.01499938964844,379.6322003173828,53.91258122499599,0.0,0.0,0.0,0.0,0.0,,,,,,,,,,,,,INSUFFICIENT,C,UNKNOWN,FAR,LOW PRIORITY,0.0
RMC.NS,202.57000732421875,2026-10-01T23:11:23.693897+05:30,WAITING FOR 0.786,2026-04-23,530.0,2026-09-16,194.1000061035156,,458.1174013061524,362.0500030517578,617.333998413086,55.78207534866275,0.0,0.0,0.0,0.0,0.0,,,,,,,,,,,,,INSUFFICIENT,C,UNKNOWN,FAR,LOW PRIORITY,0.0
ADVENTHTL.NS,123.7699966430664,2026-10-01T23:11:23.693897+05:30,WAITING FOR 0.786,2025-11-14,345.04998779296875,2026-06-11,120.0199966430664,,296.8935696868897,232.5349922180176,403.5577854919434,58.31166138977113,0.0,0.0,0.0,0.0,0.0,,,,,,,,,,,,,INSUFFICIENT,C,UNKNOWN,FAR,LOW PRIORITY,0.0
OSWALPUMPS.NS,264.25,2026-10-01T23:11:23.693897+05:30,WAITING FOR 0.786,2025-10-10,790.0,2026-10-01,259.20001220703125,,676.4088026123047,524.6000061035156,928.0079968261718,60.93338836226538,0.0,0.0,0.0,0.0,0.0,,,,,,,,,,,,,INSUFFICIENT,C,UNKNOWN,FAR,LOW PRIORITY,0.0
SOLARWORLD.NS,125.5500030517578,2026-10-01T23:11:23.693897+05:30,WAITING FOR 0.786,2025-09-30,388.5,2026-10-01,123.3499984741211,,331.7578996734619,255.9249992370605,457.43900039672855,62.156137600541705,0.0,0.0,0.0,0.0,0.0,,,,,,,,,,,,,INSUFFICIENT,C,UNKNOWN,FAR,LOW PRIORITY,0.0
GRADIENTE.NS,2.359999895095825,2026-10-01T23:11:23.693897+05:30,WAITING FOR 0.786,2026-05-08,9.399999618530272,2026-09-28,1.950000047683716,,7.80569971036911,5.674999833106995,11.33699950695038,69.76568427349574,0.0,0.0,0.0,0.0,0.0,,,,,,,,,,,,,INSUFFICIENT,C,UNKNOWN,FAR,LOW PRIORITY,0.0
CMLL.NS,523.0499877929688,2026-10-01T23:11:23.693897+05:30,WAITING FOR 0.786,2026-07-27,624.4000244140625,2026-09-11,460.0,,589.2184191894531,542.2000122070312,667.1440307617188,11.229864722747076,,,,,,,,,,,,,,,,,,,INSUFFICIENT,UNKNOWN,FAR,LOW PRIORITY,0.0
MANIPALHOS.NS,696.0,2026-10-01T23:11:23.693897+05:30,WAITING FOR 0.786,2026-08-28,815.0,2026-10-01,683.0,,786.752,749.0,849.3199999999999,11.535019930041482,,,,,,,,,,,,,,,,,,,INSUFFICIENT,UNKNOWN,FAR,LOW PRIORITY,0.0
VOEPL.NS,493.0,2026-10-01T23:11:23.693897+05:30,WAITING FOR 0.786,2026-08-26,593.4500122070312,2026-09-17,464.0499877929688,,565.7584069824219,528.75,627.0940185546875,12.860331562811844,,,,,,,,,,,,,,,,,,,INSUFFICIENT,UNKNOWN,FAR,LOW PRIORITY,0.0
CPL.NS,62.459999084472656,2026-10-01T23:11:23.693897+05:30,WAITING FOR 0.786,2026-07-27,75.73999786376953,2026-10-01,59.97999954223633,,72.36735822296143,67.85999870300293,79.83759742736817,13.690370053255954,,,,,,,,,,,,,,,,,,,INSUFFICIENT,UNKNOWN,FAR,LOW PRIORITY,0.0
KNACK.NS,180.6699981689453,2026-10-01T23:11:23.693897+05:30,WAITING FOR 0.786,2026-08-10,222.0,2026-09-16,171.10000610351562,,211.10740130615235,196.5500030517578,235.233998413086,14.417970639061624,,,,,,,,,,,,,,,,,,,INSUFFICIENT,UNKNOWN,FAR,LOW PRIORITY,0.0
GYFTR.NS,156.7899932861328,2026-10-01T23:11:23.693897+05:30,WAITING FOR 0.786,2026-09-03,193.8999938964844,2026-09-29,153.41000366210938,,185.2351359863281,173.65499877929688,204.42739135742187,15.3562349544175,,,,,,,,,,,,,,,,,,,INSUFFICIENT,UNKNOWN,FAR,LOW PRIORITY,0.0
SBIFUNDS.NS,500.3500061035156,2026-10-01T23:11:23.693897+05:30,WAITING FOR 0.786,2026-07-21,624.9500122070312,2026-10-01,497.0,,597.5687095947266,560.9750061035156,658.2170153808594,16.26904185748699,,,,,,,,,,,,,,,,,,,INSUFFICIENT,UNKNOWN,FAR,LOW PRIORITY,0.0
LASERPOWER.NS,262.75,2026-10-01T23:11:23.693897+05:30,WAITING FOR 0.786,2026-08-25,343.5,2026-10-01,254.1499938964844,,324.37909869384765,298.8249969482422,366.7310015869141,18.99909671800828,,,,,,,,,,,,,,,,,,,INSUFFICIENT,UNKNOWN,FAR,LOW PRIORITY,0.0
AGL.NS,12.59000015258789,2026-10-01T23:11:23.693897+05:30,WAITING FOR 0.786,2026-07-03,22.0,2026-07-30,12.100000381469728,,19.88140008163452,17.050000190734863,24.57399990081787,36.674479156938624,,,,,,,,,,,,,,,,,,,INSUFFICIENT,UNKNOWN,FAR,LOW PRIORITY,0.0
ALPINETEX.NS,46.630001068115234,2026-10-01T23:11:23.693897+05:30,WAITING FOR 0.786,2026-07-21,105.0,2026-10-01,45.5,,92.267,75.25,120.47,49.46188662456216,,,,,,,,,,,,,,,,,,,INSUFFICIENT,UNKNOWN,FAR,LOW PRIORITY,0.0
AASTHA.NS,32.45000076293945,2026-10-01T23:11:23.693897+05:30,WAITING FOR 0.786,2026-07-06,136.5,2026-10-01,32.45000076293945,,114.23330016326904,84.47500038146973,163.55299980163574,71.5932213141352,,,,,,,,,,,,,,,,,,,INSUFFICIENT,UNKNOWN,FAR,LOW PRIORITY,0.0
ORIENTHOT.NS,140.0,2026-10-01T23:11:23.693897+05:30,OPEN,2025-10-03,140.39999389648438,2026-03-16,80.0,2026-06-23,127.47439520263671,110.1999969482422,156.10399230957032,9.82597703440934,15.0,4.0,11.0,0.0,15.0,26.666666666666668,-1.2446515900555777,-1.2446515900555777,9.4,15.75,17.5,6.545454545454546,25.0,25.0,75.0,-0.1324097436229337,36.72,D,C,SLOW,EXTENDED,LOW PRIORITY,25.52
JYOTICNC.NS,1032.0999755859375,2026-10-01T23:11:23.693897+05:30,OPEN,2025-12-29,1025.0,2026-06-02,580.0999755859375,2026-08-18,929.7913947753908,802.5499877929688,1140.6740063476564,11.003390802004729,5.0,1.0,4.0,0.0,5.0,20.0,-5.559407525722968,-5.559407525722968,24.4,4.0,4.0,29.5,100.0,100.0,100.0,-0.2278445707263511,,INSUFFICIENT,C,FAST,EXTENDED,LOW PRIORITY,10.0
STOVEKRAFT.NS,809.1500244140625,2026-10-01T23:11:23.693897+05:30,OPEN,2025-11-03,813.9500122070312,2026-03-30,447.0499877929688,2026-06-22,735.433406982422,630.5,909.3440185546876,10.023561172466902,3.0,0.0,3.0,0.0,3.0,0.0,-10.04229491946274,-10.04229491946274,18.666666666666668,,,18.0,,,,-0.5379800849712182,,INSUFFICIENT,C,UNKNOWN,EXTENDED,LOW PRIORITY,-4.0
RETAIL.NS,34.93000030517578,2026-10-01T23:11:23.693897+05:30,OPEN,2025-12-02,35.79999923706055,2026-03-30,15.8100004196167,2026-09-30,31.522139490127564,25.804999828338623,40.997398929595946,10.811007343316676,1.0,0.0,1.0,0.0,1.0,0.0,-10.676195730440009,-10.676195730440009,7.0,,,7.0,,,,-1.5251708186342867,,INSUFFICIENT,C,UNKNOWN,EXTENDED,LOW PRIORITY,-4.0
AEROPLANE.NS,208.13999938964844,2026-10-01T23:11:23.693897+05:30,OPEN,2026-04-02,200.0,2026-06-11,117.1999969482422,2026-07-13,182.28079934692383,158.5999984741211,221.528000793457,14.186464035363583,0.0,0.0,0.0,0.0,0.0,,,,,,,,,,,,,INSUFFICIENT,C,UNKNOWN,EXTENDED,LOW PRIORITY,-4.0
ETERNAL.NS,313.8999938964844,2026-10-01T23:11:23.693897+05:30,OPEN,2025-10-16,368.4500122070313,2026-03-16,212.6000061035156,2026-09-21,335.0981109008789,290.52500915527344,408.9710137939453,-6.325943452025272,6.0,4.0,1.0,1.0,5.0,80.0,11.539725387538477,11.539725387538477,30.5,20.5,16.0,40.0,25.0,50.0,50.0,0.3783516520504418,73.0,A,C,SLOW,BELOW ENTRY,LOW PRIORITY,57.55
MUKKA.NS,25.700000762939453,2026-10-01T23:11:23.693897+05:30,OPEN,2025-12-04,30.26000022888184,2026-03-30,18.270000457763672,2026-08-13,27.69414027786255,24.26500034332276,33.37740016937256,-7.20058284862926,1.0,1.0,0.0,0.0,1.0,100.0,16.141459024081097,16.141459024081097,1.0,1.0,1.0,,100.0,100.0,100.0,16.141459024081097,,INSUFFICIENT,C,FAST,BELOW ENTRY,LOW PRIORITY,45.0
NIITLTD.NS,84.94000244140625,2026-10-01T23:11:23.693897+05:30,OPEN,2025-10-03,110.9000015258789,2026-03-30,49.0,2026-06-09,97.65340119934082,79.95000076293945,126.99400192260742,-13.018900111817496,2.0,2.0,0.0,0.0,2.0,100.0,12.72521472944528,12.72521472944528,6.0,6.0,6.0,,50.0,100.0,100.0,2.1208691215742133,,INSUFFICIENT,C,FAST,BELOW ENTRY,LOW PRIORITY,43.0
DEEPAKFERT.NS,1300.9000244140625,2026-10-01T23:11:23.693897+05:30,OPEN,2025-10-06,1593.5999755859375,2026-03-23,866.4000244140625,2026-05-22,1437.9791860351563,1230.0,1782.6719628906249,-9.532763961560043,10.0,3.0,5.0,2.0,8.0,37.5,2.7363972608707963,2.7363972608707963,19.5,19.0,7.0,2.8,0.0,66.66666666666666,66.66666666666666,0.1403280646600408,58.44,B,B,FAST,BELOW ENTRY,LOW PRIORITY,40.93
SUDARSCHEM.NS,1241.5,2026-10-01T23:11:23.693897+05:30,OPEN,2025-09-26,1425.0,2026-03-30,726.4000244140625,2026-09-01,1275.4996052246092,1075.7000122070312,1606.6359936523436,-2.665591199349848,9.0,3.0,5.0,1.0,8.0,37.5,2.821176148916693,2.821176148916693,17.666666666666668,19.666666666666668,8.0,7.0,33.33333333333333,66.66666666666666,66.66666666666666,0.1596892159764166,57.57,B,B,MEDIUM,BELOW ENTRY,LOW PRIORITY,38.76
PFOCUS.NS,301.54998779296875,2026-10-01T23:11:23.693897+05:30,OPEN,2026-04-17,367.0,2026-06-24,202.5399932861328,2026-09-16,331.80555856323247,284.7699966430664,409.75960174560544,-9.11846410930391,14.0,4.0,8.0,2.0,12.0,33.33333333333333,-1.2044944445028063,-1.2044944445028063,12.428571428571429,8.5,3.0,1.625,75.0,75.0,75.0,-0.0969133461094211,54.45,C,C,FAST,BELOW ENTRY,LOW PRIORITY,38.39
PROZONER.NS,52.52999877929688,2026-10-01T23:11:23.693897+05:30,OPEN,2026-05-04,59.59000015258789,2026-08-14,40.68999862670898,2026-09-24,55.5453998260498,50.13999938964844,64.5040005493164,-5.428714270121715,13.0,4.0,9.0,0.0,13.0,30.76923076923077,-3.246183301316337,-3.246183301316337,10.307692307692308,15.5,1.5,7.222222222222222,75.0,75.0,75.0,-0.3149282307247192,50.24,C,C,FAST,BELOW ENTRY,LOW PRIORITY,36.28
GANESHHOU.NS,699.0999755859375,2026-10-01T23:11:23.693897+05:30,OPEN,2025-11-28,860.0,2026-03-30,500.0,2026-06-05,782.96,680.0,953.6,-10.71063967687526,21.0,4.0,17.0,0.0,21.0,19.047619047619047,-2.123612059013921,-2.123612059013921,5.666666666666667,16.0,3.5,2.588235294117647,50.0,75.0,75.0,-0.3747550692377507,49.3,C,C,FAST,BELOW ENTRY,LOW PRIORITY,36.02
WORTHPERI.NS,143.74000549316406,2026-10-01T23:11:23.693897+05:30,OPEN,2025-10-14,166.49000549316406,2026-03-27,109.0,2026-08-04,154.18714431762697,137.74500274658203,181.43740692138672,-6.7756224883066,12.0,3.0,9.0,0.0,12.0,25.0,-1.6848610909351265,-1.6848610909351265,5.333333333333333,5.0,4.0,4.777777777777778,66.66666666666666,100.0,100.0,-0.3159114545503362,52.87,C,C,FAST,BELOW ENTRY,LOW PRIORITY,34.75
GILLANDERS.NS,112.72000122070312,2026-10-01T23:11:23.693897+05:30,OPEN,2025-11-17,127.0500030517578,2026-03-23,76.0,2026-09-30,116.12530239868164,101.5250015258789,140.32300384521483,-2.9324368657292514,12.0,3.0,8.0,1.0,11.0,27.27272727272727,-3.1108312301484475,-3.1108312301484475,8.416666666666666,5.0,3.0,2.5,66.66666666666666,66.66666666666666,100.0,-0.3696037105126868,48.22,C,C,FAST,BELOW ENTRY,LOW PRIORITY,34.7
UMIYA-MRO.NS,91.76000213623048,2026-10-01T23:11:23.693897+05:30,OPEN,2025-10-16,110.9000015258789,2026-01-21,70.0,2026-09-02,102.14740119934082,90.45000076293944,121.53400192260742,-10.169029207937776,12.0,3.0,9.0,0.0,12.0,25.0,-3.918782781412812,-3.918782781412812,5.75,0.3333333333333333,0.0,6.888888888888889,100.0,100.0,100.0,-0.6815274402457064,49.38,C,C,FAST,BELOW ENTRY,LOW PRIORITY,34.53
RANEHOLDIN.NS,1518.699951171875,2026-10-01T23:11:23.693897+05:30,OPEN,2025-10-06,1798.0,2026-03-30,981.0,2026-06-17,1623.162,1389.5,2010.42,-6.4357130605648125,13.0,4.0,9.0,0.0,13.0,30.76923076923077,-0.0391559812792162,-0.0391559812792162,9.153846153846152,10.75,7.0,7.888888888888889,50.0,50.0,75.0,-0.0042775441733597,49.75,C,C,FAST,BELOW ENTRY,LOW PRIORITY,34.1
CRISIL.NS,4428.60009765625,2026-10-01T23:11:23.693897+05:30,OPEN,2026-02-10,4770.0,2026-04-02,3686.0,2026-07-22,4538.024,4228.0,5051.84,-2.411267598931833,8.0,3.0,5.0,0.0,8.0,37.5,0.1356970401243153,0.1356970401243153,7.375,9.0,9.0,5.8,33.33333333333333,66.66666666666666,100.0,0.0183995986609241,53.38,C,C,MEDIUM,BELOW ENTRY,LOW PRIORITY,33.26
SUPRIYA.NS,931.0,2026-10-01T23:11:23.693897+05:30,OPEN,2026-06-01,1085.0,2026-08-14,740.4500122070312,2026-09-29,1011.2663026123048,912.7250061035156,1174.582996826172,-7.937207282093811,8.0,2.0,5.0,1.0,7.0,28.57142857142857,0.2037747346210054,0.2037747346210054,17.0,3.5,3.5,13.4,50.0,100.0,100.0,0.0119867490953532,56.25,B,B,FAST,BELOW ENTRY,LOW PRIORITY,33.14
PDSL.NS,347.54998779296875,2026-10-01T23:11:23.693897+05:30,OPEN,2026-02-03,384.8999938964844,2026-03-23,246.0500030517578,2026-06-23,355.1860958557129,315.4749984741211,421.0009915161133,-2.149889354296728,17.0,3.0,14.0,0.0,17.0,17.647058823529413,-3.755936820448674,-3.755936820448674,2.294117647058824,4.0,1.0,1.0714285714285714,66.66666666666666,66.66666666666666,100.0,-1.6372032294263452,44.36,D,C,FAST,BELOW ENTRY,LOW PRIORITY,32.94
IIFL.NS,583.7999877929688,2026-10-01T23:11:23.693897+05:30,OPEN,2026-01-06,675.0,2026-04-27,409.1000061035156,2026-07-30,618.0974013061524,542.0500030517578,744.1339984130859,-5.548868744749122,12.0,4.0,8.0,0.0,12.0,33.33333333333333,-2.534934458755416,-2.534934458755416,9.75,14.25,7.5,6.875,50.0,75.0,75.0,-0.2599932778210683,49.37,C,C,MEDIUM,BELOW ENTRY,LOW PRIORITY,32.61
SPLPETRO.NS,780.4500122070312,2026-10-01T23:11:23.693897+05:30,OPEN,2025-09-29,979.0,2026-01-21,462.2999877929688,2026-09-18,868.4261973876953,720.6499938964844,1113.3420031738283,-10.130531004857335,6.0,2.0,3.0,1.0,5.0,40.0,-1.0669571542319725,-1.0669571542319725,16.666666666666668,6.5,6.5,8.666666666666666,0.0,100.0,100.0,-0.0640174292539183,55.83,B,C,FAST,BELOW ENTRY,LOW PRIORITY,32.54
GAIL.NS,171.22000122070312,2026-10-01T23:11:23.693897+05:30,OPEN,2025-11-27,186.8699951171875,2026-03-23,134.36000061035156,2026-06-15,175.63285629272465,160.61499786376953,200.52259368896483,-2.512545297712782,10.0,2.0,7.0,1.0,9.0,22.22222222222222,-2.054807526793648,-2.054807526793648,8.3,2.5,2.5,2.2857142857142856,100.0,100.0,100.0,-0.2475671719028491,51.18,C,C,FAST,BELOW ENTRY,LOW PRIORITY,32.47
JKPAPER.NS,382.6000061035156,2026-10-01T23:11:23.693897+05:30,OPEN,2025-10-03,444.7999877929688,2026-03-30,304.8500061035156,2026-07-23,414.8506917114258,374.8249969482422,481.1869830322265,-7.774046482811231,9.0,2.0,7.0,0.0,9.0,22.22222222222222,-2.3128104538686056,-2.3128104538686056,10.0,3.0,3.0,11.714285714285714,100.0,100.0,100.0,-0.2312810453868605,49.78,C,C,FAST,BELOW ENTRY,LOW PRIORITY,31.98
KRONOX.NS,205.7700042724609,2026-10-01T23:11:23.693897+05:30,OPEN,2026-08-21,223.4199981689453,2026-09-16,163.85000610351562,2026-09-28,210.6720198669433,193.63500213623047,238.90819610595705,-2.3268470096685987,3.0,2.0,1.0,0.0,3.0,66.66666666666666,6.77717369094925,6.77717369094925,1.3333333333333333,1.0,1.0,0.0,100.0,100.0,100.0,5.082880268211938,,INSUFFICIENT,C,FAST,BELOW ENTRY,LOW PRIORITY,31.83
BLUEJET.NS,541.7999877929688,2026-10-01T23:11:23.693897+05:30,OPEN,2025-10-10,692.9000244140625,2026-03-30,325.0,2026-07-10,614.1694191894532,508.9500122070313,788.5540307617188,-11.783301013585726,9.0,2.0,7.0,0.0,9.0,22.22222222222222,-2.814854895229785,-2.814854895229785,7.555555555555555,1.5,1.5,8.714285714285714,100.0,100.0,100.0,-0.372554324368648,48.99,C,C,FAST,BELOW ENTRY,LOW PRIORITY,31.7
CHOICEIN.NS,719.4000244140625,2026-10-01T23:11:23.693897+05:30,OPEN,2026-02-19,814.4000244140625,2026-03-23,568.7000122070312,2026-07-01,761.8202218017578,691.5500183105469,878.2820275878906,-5.568268756028636,9.0,4.0,5.0,0.0,9.0,44.44444444444444,1.7322282694269693,1.7322282694269693,11.88888888888889,18.0,16.0,6.2,0.0,25.0,75.0,0.1457014432228291,46.48,C,C,SLOW,BELOW ENTRY,LOW PRIORITY,30.98
STARPAPER.NS,151.80999755859375,2026-10-01T23:11:23.693897+05:30,OPEN,2025-10-03,177.8000030517578,2026-03-30,119.0500030517578,2026-09-07,165.22750305175782,148.4250030517578,193.07500305175785,-8.120624741851248,8.0,3.0,5.0,0.0,8.0,37.5,2.257084247711028,2.257084247711028,15.125,21.0,16.0,11.2,0.0,0.0,66.66666666666666,0.1492287105924646,42.03,D,C,SLOW,BELOW ENTRY,LOW PRIORITY,28.47
ENDURANCE.NS,2601.39990234375,2026-10-01T23:11:23.693897+05:30,OPEN,2025-10-07,3011.0,2026-04-02,2142.800048828125,2026-07-30,2825.2052104492186,2576.9000244140625,3236.731987304687,-7.921736349547603,5.0,3.0,1.0,1.0,4.0,75.0,8.403105140512894,8.403105140512894,20.0,12.333333333333334,18.0,0.0,33.33333333333333,33.33333333333333,100.0,0.4201552570256447,,INSUFFICIENT,C,SLOW,BELOW ENTRY,LOW PRIORITY,28.35
TOTAL.NS,70.23999786376953,2026-10-01T23:11:23.693897+05:30,OPEN,2025-12-04,87.88999938964844,2026-07-21,45.0,2026-09-09,78.71153952026367,66.44499969482422,99.04139923095704,-10.762769611834624,6.0,1.0,5.0,0.0,6.0,16.666666666666664,-3.139001757250884,-3.139001757250884,4.166666666666667,1.0,1.0,4.4,100.0,100.0,100.0,-0.7533604217402119,46.26,C,C,FAST,BELOW ENTRY,LOW PRIORITY,27.36
BANSALWIRE.NS,323.04998779296875,2026-10-01T23:11:23.693897+05:30,OPEN,2025-09-26,362.0,2026-03-30,222.5,2026-06-29,332.147,292.25,398.27,-2.7388512336499327,3.0,2.0,1.0,0.0,3.0,66.66666666666666,5.091887644777351,5.091887644777351,4.0,5.5,5.5,1.0,50.0,100.0,100.0,1.2729719111943376,,INSUFFICIENT,C,FAST,BELOW ENTRY,LOW PRIORITY,27.3
AIIL.NS,539.2999877929688,2026-10-01T23:11:23.693897+05:30,OPEN,2026-01-21,595.0,2026-03-09,400.0,2026-06-15,553.27,497.5,645.7,-2.5249900061509267,7.0,1.0,5.0,1.0,6.0,16.666666666666664,-3.385599066188122,-3.385599066188122,16.0,0.0,0.0,10.2,100.0,100.0,100.0,-0.2115999416367576,45.88,C,C,FAST,BELOW ENTRY,LOW PRIORITY,27.22
SURYALAXMI.NS,56.06999969482422,2026-10-01T23:11:23.693897+05:30,OPEN,2026-02-24,63.79999923706055,2026-03-30,43.0,2026-04-17,59.34879940032959,53.39999961853027,69.20799903869629,-5.524626847779438,8.0,1.0,7.0,0.0,8.0,12.5,-5.318757083490578,-5.318757083490578,8.875,2.0,2.0,9.428571428571429,100.0,100.0,100.0,-0.5992965727876707,41.19,D,C,FAST,BELOW ENTRY,LOW PRIORITY,26.54
BANKA.NS,68.51000213623047,2026-10-01T23:11:23.693897+05:30,OPEN,2025-10-21,94.0,2026-03-30,41.0,2026-05-04,82.658,67.5,107.78,-17.116307996527297,9.0,1.0,8.0,0.0,9.0,11.11111111111111,-4.560715165118256,-4.560715165118256,5.222222222222222,3.0,3.0,4.75,100.0,100.0,100.0,-0.8733284358737086,41.82,D,C,FAST,BELOW ENTRY,LOW PRIORITY,26.41
STARTECK.NS,290.95001220703125,2026-10-01T23:11:23.693897+05:30,OPEN,2026-01-02,349.95001220703125,2026-03-30,215.1000061035156,2026-09-29,321.0921109008789,282.52500915527344,385.0110137939453,-9.387368194527983,9.0,1.0,8.0,0.0,9.0,11.11111111111111,-6.764066612135249,-6.764066612135249,4.777777777777778,2.0,2.0,4.5,100.0,100.0,100.0,-1.4157348723073775,38.38,D,C,FAST,BELOW ENTRY,LOW PRIORITY,25.21
ELGIRUBCO.NS,51.380001068115234,2026-10-01T23:11:23.693897+05:30,OPEN,2025-11-06,68.2699966430664,2026-03-30,32.720001220703125,2026-07-06,60.66229762268067,50.494998931884766,77.51299545288086,-15.301590804063,15.0,3.0,12.0,0.0,15.0,20.0,-3.1563919871967925,-3.1563919871967925,5.533333333333333,14.666666666666666,14.0,2.6666666666666665,33.33333333333333,33.33333333333333,66.66666666666666,-0.5704322868427938,35.9,D,C,MEDIUM,BELOW ENTRY,LOW PRIORITY,24.56
SARLAPOLY.NS,92.0199966430664,2026-10-01T23:11:23.693897+05:30,OPEN,2025-10-06,104.27999877929688,2026-03-30,68.4000015258789,2026-04-22,96.60167936706544,86.34000015258789,113.60879806518554,-4.742860325015285,12.0,2.0,9.0,1.0,11.0,18.181818181818183,-2.126240931252468,-2.126240931252468,10.166666666666666,10.5,10.5,3.7777777777777777,0.0,50.0,100.0,-0.2091384522543411,37.45,D,C,MEDIUM,BELOW ENTRY,LOW PRIORITY,22.65
APLAPOLLO.NS,2115.699951171875,2026-10-01T23:11:23.693897+05:30,OPEN,2026-02-12,2301.39990234375,2026-06-02,1736.0,2026-08-27,2180.404323242188,2018.699951171875,2448.403876953125,-2.967540074131713,13.0,4.0,9.0,0.0,13.0,30.76923076923077,-1.0603834538871617,-1.0603834538871617,19.615384615384617,31.0,30.5,14.555555555555555,0.0,0.0,0.0,-0.054058764315816,28.15,D,C,SLOW,BELOW ENTRY,LOW PRIORITY,18.54
NAUKRI.NS,1200.0,2026-10-01T23:11:23.693897+05:30,OPEN,2026-01-22,1388.0,2026-05-25,908.2999877929688,2026-08-10,1285.3441973876952,1148.1499938964844,1512.7220031738282,-6.639793260135833,3.0,1.0,1.0,1.0,2.0,50.0,5.440627153023229,5.440627153023229,26.0,17.0,17.0,0.0,0.0,0.0,100.0,0.2092548905008934,,INSUFFICIENT,C,SLOW,BELOW ENTRY,LOW PRIORITY,17.66
EMUDHRA.NS,580.0,2026-10-01T23:11:23.693897+05:30,OPEN,2025-09-30,690.9000244140625,2026-03-30,364.5499877929688,2026-09-16,621.0611165771484,527.7250061035156,775.751033935547,-6.611445392596519,9.0,2.0,7.0,0.0,9.0,22.22222222222222,0.6666783558827437,0.6666783558827437,8.333333333333334,25.0,25.0,2.857142857142857,50.0,50.0,50.0,0.0800014027059292,34.43,D,C,SLOW,BELOW ENTRY,LOW PRIORITY,17.61
TTKHLTCARE.NS,1013.0,2026-10-01T23:11:23.693897+05:30,OPEN,2025-10-28,1216.0,2026-03-30,735.0,2026-07-27,1113.066,975.5,1341.06,-8.990122777984416,10.0,2.0,7.0,1.0,9.0,22.22222222222222,-0.6743978288579002,-0.6743978288579002,13.0,23.0,23.0,2.7142857142857144,0.0,50.0,50.0,-0.0518767560659923,33.34,D,C,SLOW,BELOW ENTRY,LOW PRIORITY,16.22
KIRLOSIND.NS,3471.39990234375,2026-10-01T23:11:23.693897+05:30,OPEN,2025-10-03,4199.89990234375,2026-03-30,2463.0,2026-06-18,3828.2033232421873,3331.449951171875,4651.493876953125,-9.320388463490827,13.0,3.0,10.0,0.0,13.0,23.07692307692308,-0.8934751187016409,-0.8934751187016409,11.461538461538462,37.0,34.0,3.1,0.0,0.0,0.0,-0.0779542049873914,25.33,D,C,SLOW,BELOW ENTRY,LOW PRIORITY,15.63
GODREJAGRO.NS,631.9000244140625,2026-10-01T23:11:23.693897+05:30,OPEN,2025-09-29,727.0,2026-01-27,506.1000061035156,2026-09-01,679.7274013061524,616.5500030517578,784.4339984130859,-7.036258476587178,3.0,1.0,2.0,0.0,3.0,33.33333333333333,3.892175479841848,3.892175479841848,10.0,14.0,14.0,7.5,0.0,0.0,100.0,0.3892175479841847,,INSUFFICIENT,C,MEDIUM,BELOW ENTRY,LOW PRIORITY,13.17
CARTRADE.NS,2806.60009765625,2026-10-01T23:11:23.693897+05:30,OPEN,2025-11-17,3290.5,2026-04-30,1600.0,2026-07-14,2928.733,2445.25,3730.03,-4.170161716474332,5.0,1.0,3.0,1.0,4.0,25.0,1.733497601011209,1.733497601011209,16.6,6.0,6.0,4.333333333333333,0.0,100.0,100.0,0.1044275663259764,,INSUFFICIENT,C,FAST,BELOW ENTRY,LOW PRIORITY,11.85
21STCENMGM.NS,38.0,2026-10-01T23:11:23.693897+05:30,OPEN,2026-01-14,46.09000015258789,2026-04-06,28.25,2026-08-05,42.27224011993408,37.170000076293945,50.72840019226074,-10.106490944915516,1.0,0.0,0.0,1.0,0.0,,14.275100692418818,14.275100692418818,62.0,,,,,,,0.2302435595551422,,INSUFFICIENT,C,UNKNOWN,BELOW ENTRY,LOW PRIORITY,10.0
DELTACORP.NS,73.4800033569336,2026-10-01T23:11:23.693897+05:30,OPEN,2026-05-27,86.4000015258789,2026-09-16,51.65999984741211,2026-09-28,78.96564116668702,69.03000068664551,95.43240196228028,-6.946866673537041,3.0,1.0,2.0,0.0,3.0,33.33333333333333,-0.6144707796175458,-0.6144707796175458,11.666666666666666,10.0,10.0,12.5,0.0,100.0,100.0,-0.0526689239672182,,INSUFFICIENT,C,MEDIUM,BELOW ENTRY,LOW PRIORITY,9.33
GUJTHEM.NS,381.7999877929688,2026-10-01T23:11:23.693897+05:30,OPEN,2026-01-07,436.2000122070313,2026-03-30,225.0500030517578,2026-05-07,391.0139102478028,330.62500762939453,491.0990145874024,-2.3564180744860805,8.0,1.0,6.0,1.0,7.0,14.285714285714285,-1.919951236002209,-1.919951236002209,13.0,28.0,28.0,2.0,0.0,0.0,0.0,-0.1476885566155545,22.21,D,C,SLOW,BELOW ENTRY,LOW PRIORITY,8.34
JAYAGROGN.NS,211.22000122070312,2026-10-01T23:11:23.693897+05:30,OPEN,2025-10-01,248.77999877929688,2026-03-30,147.25999450683594,2026-05-14,227.05471786499024,198.0199966430664,275.1751998901367,-6.973965039432761,10.0,0.0,10.0,0.0,10.0,0.0,-6.9923464951552265,-6.9923464951552265,10.3,,,9.8,,,,-0.6788685917626434,4.57,D,C,UNKNOWN,BELOW ENTRY,LOW PRIORITY,2.6
SUNTV.NS,599.9000244140625,2026-10-01T23:11:23.693897+05:30,OPEN,2026-04-20,660.7000122070312,2026-09-21,447.2000122070313,2026-09-30,615.0110122070313,553.9500122070312,716.2100122070312,-2.4570271902516714,4.0,1.0,3.0,0.0,4.0,25.0,-1.4651952702381814,-1.4651952702381814,10.5,36.0,36.0,1.3333333333333333,0.0,0.0,0.0,-0.1395424066893506,,INSUFFICIENT,C,SLOW,BELOW ENTRY,LOW PRIORITY,1.25
KRBL.NS,375.8999938964844,2026-10-01T23:11:23.693897+05:30,OPEN,2025-11-17,443.8999938964844,2026-03-20,274.6499938964844,2026-08-19,407.6804938964844,359.2749938964844,487.9049938964844,-7.795442871512395,5.0,1.0,4.0,0.0,5.0,20.0,-1.321282007429753,-1.321282007429753,16.2,21.0,21.0,14.5,0.0,0.0,0.0,-0.0815606177425773,,INSUFFICIENT,C,SLOW,BELOW ENTRY,LOW PRIORITY,0.0
STYLEBAAZA.NS,368.3500061035156,2026-10-01T23:11:23.693897+05:30,OPEN,2026-05-13,427.0,2026-06-30,252.6999969482422,2026-08-18,389.69979934692384,339.8499984741211,472.318000793457,-5.478523027003643,4.0,0.0,3.0,1.0,3.0,0.0,-8.767948178037772,-8.767948178037772,15.75,,,0.3333333333333333,,,,-0.5566951224150967,,INSUFFICIENT,C,UNKNOWN,BELOW ENTRY,LOW PRIORITY,-5.0
VERANDA.NS,213.8000030517578,2026-10-01T23:11:23.693897+05:30,OPEN,2025-10-28,272.5,2026-03-19,130.02000427246094,2026-05-13,242.00928091430663,201.26000213623047,309.5447988891601,-11.656279360847115,3.0,0.0,2.0,1.0,2.0,0.0,-5.509410234667747,-5.509410234667747,34.333333333333336,,,21.5,,,,-0.1604682592621674,,INSUFFICIENT,C,UNKNOWN,BELOW ENTRY,LOW PRIORITY,-5.0
SMARTWORKS.NS,510.6499938964844,2026-10-01T23:11:23.693897+05:30,OPEN,2025-11-04,619.0,2026-03-30,361.5,2026-08-25,563.895,490.25,685.95,-9.442361805569409,2.0,0.0,2.0,0.0,2.0,0.0,-3.364589010099472,-3.364589010099472,1.0,,,0.0,,,,-3.364589010099472,,INSUFFICIENT,C,UNKNOWN,BELOW ENTRY,LOW PRIORITY,-5.0
AFIL.NS,7.860000133514404,2026-10-01T23:11:23.693897+05:30,OPEN,2025-10-01,9.670000076293944,2026-02-02,3.920000076293945,2026-03-11,8.439500076293946,6.795000076293945,11.165000076293946,-6.8665197883856015,3.0,0.0,2.0,1.0,2.0,0.0,-9.510852379690908,-9.510852379690908,21.33333333333333,,,1.5,,,,-0.4458212052980113,,INSUFFICIENT,C,UNKNOWN,BELOW ENTRY,LOW PRIORITY,-5.0
INDIQUBE.NS,197.4900054931641,2026-10-01T23:11:23.693897+05:30,OPEN,2025-12-01,226.6499938964844,2026-03-27,131.14999389648438,2026-09-08,206.2129938964844,178.89999389648438,251.4799938964844,-4.230086687795776,1.0,0.0,1.0,0.0,1.0,0.0,-3.185239876451761,-3.185239876451761,1.0,,,0.0,,,,-3.185239876451761,,INSUFFICIENT,C,UNKNOWN,BELOW ENTRY,LOW PRIORITY,-5.0
GALAPREC.NS,1157.800048828125,2026-10-01T23:11:23.693897+05:30,OPEN,2026-07-06,1260.0,2026-08-10,961.0999755859376,2026-09-30,1196.0353947753906,1110.5499877929688,1337.7140063476563,-3.196840671629624,1.0,0.0,1.0,0.0,1.0,0.0,-8.077135893152928,-8.077135893152928,1.0,,,0.0,,,,-8.077135893152928,,INSUFFICIENT,C,UNKNOWN,BELOW ENTRY,LOW PRIORITY,-5.0
INDIGOPNTS.NS,1053.5,2026-10-01T23:11:23.693897+05:30,OPEN,2025-11-18,1345.9000244140625,2026-03-30,708.0499877929688,2026-08-14,1209.4001165771483,1026.9750061035156,1511.741033935547,-12.890697994835488,0.0,0.0,0.0,0.0,0.0,,,,,,,,,,,,,INSUFFICIENT,C,UNKNOWN,BELOW ENTRY,LOW PRIORITY,-5.0
KOHINOOR.NS,30.030000686645508,2026-10-01T23:11:23.693897+05:30,OPEN,2025-10-09,35.45000076293945,2026-03-30,19.200000762939453,2026-08-19,31.97250076293945,27.325000762939453,39.675000762939455,-6.075533755387606,0.0,0.0,0.0,0.0,0.0,,,,,,,,,,,,,INSUFFICIENT,C,UNKNOWN,BELOW ENTRY,LOW PRIORITY,-5.0
MATRIMONY.NS,497.0,2026-10-01T23:11:23.693897+05:30,OPEN,2026-01-23,573.0,2026-03-16,364.0499877929688,2026-08-11,528.2846973876954,468.5249938964844,627.3270031738282,-5.921938973889353,0.0,0.0,0.0,0.0,0.0,,,,,,,,,,,,,INSUFFICIENT,C,UNKNOWN,BELOW ENTRY,LOW PRIORITY,-5.0
STYL.NS,366.0,2026-10-01T23:11:23.693897+05:30,OPEN,2025-09-30,437.4500122070313,2026-03-30,209.1100006103516,2026-07-14,388.5852497253418,323.2800064086914,496.818415222168,-5.812173709965933,0.0,0.0,0.0,0.0,0.0,,,,,,,,,,,,,INSUFFICIENT,C,UNKNOWN,BELOW ENTRY,LOW PRIORITY,-5.0
PLAZACABLE.NS,57.119998931884766,2026-10-01T23:11:23.693897+05:30,OPEN,2026-05-08,65.0,2026-07-24,40.54999923706055,2026-09-02,59.76769983673096,52.77499961853027,71.35700019836426,-4.429986283693342,0.0,0.0,0.0,0.0,0.0,,,,,,,,,,,,,INSUFFICIENT,C,UNKNOWN,BELOW ENTRY,LOW PRIORITY,-5.0
IKIO.NS,190.9600067138672,2026-10-01T23:11:23.693897+05:30,OPEN,2025-10-06,222.0,2026-03-30,103.52999877929688,2026-07-03,196.6474197387696,162.76499938964844,252.8022003173828,-2.89218797401849,0.0,0.0,0.0,0.0,0.0,,,,,,,,,,,,,INSUFFICIENT,C,UNKNOWN,BELOW ENTRY,LOW PRIORITY,-5.0
URBANCO.NS,156.33999633789062,2026-10-01T23:11:23.693897+05:30,OPEN,2025-09-26,176.3000030517578,2026-03-04,100.6999969482422,2026-08-24,160.12160174560546,138.5,195.95600463867183,-2.3617084556291736,0.0,0.0,0.0,0.0,0.0,,,,,,,,,,,,,INSUFFICIENT,C,UNKNOWN,BELOW ENTRY,LOW PRIORITY,-5.0
